year,state,place,share_poverty_exposure,share_poverty_exposure_quality
2016,01,03076,0.32982074283049523,1
2018,01,03076,0.4137109677939719,1
2021,01,03076,0.45095418860239755,1
2023,01,03076,0.46678525825176675,1
2016,01,07000,0.3360418158989046,1
2018,01,07000,0.31196645217757224,1
2021,01,07000,0.34103599964754,1
2023,01,07000,0.19675005788055755,1
2016,01,35896,0,1
2018,01,35896,0,1
2021,01,35896,0,1
2023,01,35896,0,1
2016,01,37000,0.29157102046357936,1
2018,01,37000,0.2963911356702031,1
2021,01,37000,0.2131821456131633,1
2023,01,37000,0.08087511980233514,1
2016,01,50000,0.2358891394398799,1
2018,01,50000,0.2560559097177988,1
2021,01,50000,0.15580133160704684,1
2023,01,50000,0.16388491919041281,1
2016,01,51000,0.2717348565399063,1
2018,01,51000,0.17494165101672057,1
2021,01,51000,0.27052087745298437,1
2023,01,51000,0.18381522565320949,1
2016,01,77256,0.33595297184775846,1
2018,01,77256,0.3820714260971881,1
2021,01,77256,0.260855858015889,1
2023,01,77256,0.29147863804929264,1
2016,02,03000,0,1
2018,02,03000,0,1
2021,02,03000,0.08903063173172408,1
2023,02,03000,0.09631663234957676,1
2016,04,04720,0.22980421802659567,1
2018,04,04720,0.06655857817692076,1
2021,04,04720,0,1
2023,04,04720,0,1
2016,04,07940,0.010398249302798349,1
2018,04,07940,0,1
2021,04,07940,0,2
2023,04,07940,0.0032516483748243597,2
2016,04,12000,5.389448510758393e-4,1
2018,04,12000,5.700455215551693e-4,1
2021,04,12000,1.953268099778169e-4,1
2023,04,12000,0,1
2016,04,23620,0.2448052229176002,1
2018,04,23620,0.2811971823572942,1
2021,04,23620,0.36703579985771256,1
2023,04,23620,0.34051221634668255,1
2016,04,27400,0,1
2018,04,27400,0,1
2021,04,27400,0,1
2023,04,27400,0,1
2016,04,27820,0.3345762178746808,1
2018,04,27820,0.21721115773642333,1
2021,04,27820,0.03328511803046015,1
2023,04,27820,0.12441759335041772,1
2016,04,28380,0,1
2018,04,28380,0,1
2021,04,28380,0,2
2023,04,28380,3.0950107961714096e-6,1
2016,04,46000,0.0526928083286516,1
2018,04,46000,0.08595454051002632,1
2021,04,46000,0.11436208986077882,1
2023,04,46000,0.005247149793047931,1
2016,04,54050,0,1
2018,04,54050,0,1
2021,04,54050,0,1
2023,04,54050,0,1
2016,04,55000,0.31770008041061776,1
2018,04,55000,0.20461456355781907,1
2021,04,55000,0.08829036991385546,1
2023,04,55000,0.06338406837925528,1
2016,04,65000,0.07796439107296703,1
2018,04,65000,0,1
2021,04,65000,0,1
2023,04,65000,0,1
2016,04,71510,0,1
2018,04,71510,0,1
2021,04,71510,0,1
2023,04,71510,0,1
2016,04,73000,0.36214509649904214,1
2018,04,73000,0.32784734002023813,1
2021,04,73000,0.05725891022837336,1
2023,04,73000,0.13149427641628425,1
2016,04,77000,0.20957319336957952,1
2018,04,77000,0.1482298912179692,1
2021,04,77000,0.08051017473170434,1
2023,04,77000,0.10295792772083527,1
2016,04,85540,0.3610267048681993,1
2018,04,85540,0.18708376827233317,1
2021,04,85540,0.11709017691495421,1
2023,04,85540,0.1419067441200479,1
2016,05,23290,0.41936807949333677,1
2018,05,23290,0.3080015851954206,1
2021,05,23290,0.21138409196569077,1
2023,05,23290,0.40653458238969137,1
2016,05,24550,0.2267957983753158,1
2018,05,24550,0.21891284794462357,1
2021,05,24550,0,1
2023,05,24550,0,1
2016,05,35710,0.17648213319709088,1
2018,05,35710,0.14380183092626614,1
2021,05,35710,0.21258457257341565,1
2023,05,35710,0.21259519009354189,1
2016,05,41000,0.17003338088379638,1
2018,05,41000,0.10011912385766644,1
2021,05,41000,0.09242745898663707,1
2023,05,41000,0.17870907583970766,1
2016,05,66080,0,1
2018,05,66080,0,1
2021,05,66080,0.11540553525391804,1
2023,05,66080,0.14465630244540675,1
2016,06,00562,0,1
2018,06,00562,0,1
2021,06,00562,0,1
2023,06,00562,0,1
2016,06,00884,0,1
2018,06,00884,0,1
2021,06,00884,0,1
2023,06,00884,0,1
2016,06,02000,0,1
2018,06,02000,0,1
2021,06,02000,0,1
2023,06,02000,0,1
2016,06,02252,0,1
2018,06,02252,0,1
2021,06,02252,0,1
2023,06,02252,0,1
2016,06,02364,0.21174896597714882,1
2018,06,02364,0,1
2021,06,02364,0.18628457914421767,1
2023,06,02364,0,1
2016,06,03526,0.31120770938664183,1
2018,06,03526,0.2939417423901709,1
2021,06,03526,0.2598131211034019,1
2023,06,03526,0.2562531362119135,1
2016,06,04982,0,1
2018,06,04982,0,1
2021,06,04982,0,1
2023,06,04982,0,1
2016,06,06000,0.38991279754890407,1
2018,06,06000,0.42535392535392536,1
2021,06,06000,0.4599189851828163,1
2023,06,06000,0.41559441328494445,1
2016,06,08786,0,1
2018,06,08786,0,1
2021,06,08786,0,1
2023,06,08786,0,1
2016,06,08954,0,1
2018,06,08954,0,1
2021,06,08954,0,1
2023,06,08954,0,1
2016,06,11194,0,1
2018,06,11194,0,2
2021,06,11194,0,2
2023,06,11194,0,2
2016,06,11530,0,1
2018,06,11530,0,1
2021,06,11530,0,1
2023,06,11530,0,1
2016,06,13014,0.41198657419732865,1
2018,06,13014,0.3310562270907944,1
2021,06,13014,0.41956004516871875,1
2023,06,13014,0.2899069270420526,1
2016,06,13210,0,1
2018,06,13210,0,1
2021,06,13210,4.440734161710845e-4,1
2023,06,13210,0.0021117371724674906,1
2016,06,13214,0,1
2018,06,13214,0,2
2021,06,13214,0,2
2023,06,13214,0,2
2016,06,13392,0,1
2018,06,13392,0,1
2021,06,13392,0,1
2023,06,13392,0,1
2016,06,13588,0,1
2018,06,13588,0,1
2021,06,13588,0,1
2023,06,13588,0,1
2016,06,14218,0,1
2018,06,14218,0,1
2021,06,14218,0,1
2023,06,14218,0,1
2016,06,15044,0.053603148998903734,1
2018,06,15044,0,1
2021,06,15044,0,1
2023,06,15044,0,1
2016,06,16000,0,1
2018,06,16000,0,1
2021,06,16000,0,1
2023,06,16000,0,1
2016,06,16350,0,1
2018,06,16350,0,1
2021,06,16350,0,1
2023,06,16350,0,1
2016,06,16532,0,1
2018,06,16532,0,1
2021,06,16532,0,1
2023,06,16532,0,1
2016,06,17918,0,1
2018,06,17918,0,1
2021,06,17918,0,1
2023,06,17918,0,1
2016,06,19766,0,1
2018,06,19766,0,1
2021,06,19766,0,1
2023,06,19766,0,1
2016,06,21712,0,1
2018,06,21712,0.13956758732782318,1
2021,06,21712,0.1311514174336026,1
2023,06,21712,0,1
2016,06,22020,0,1
2018,06,22020,0,1
2021,06,22020,0,1
2023,06,22020,0,1
2016,06,22230,0,1
2018,06,22230,0,1
2021,06,22230,0,1
2023,06,22230,0,1
2016,06,22804,0.0965165690661069,1
2018,06,22804,0,1
2021,06,22804,0,1
2023,06,22804,0,1
2016,06,23182,0,1
2018,06,23182,0,1
2021,06,23182,0,1
2023,06,23182,0,1
2016,06,24638,0,1
2018,06,24638,0,1
2021,06,24638,0,1
2023,06,24638,0,1
2016,06,24680,0,1
2018,06,24680,0,1
2021,06,24680,0,1
2023,06,24680,0,1
2016,06,26000,0,1
2018,06,26000,0,1
2021,06,26000,0,1
2023,06,26000,0,1
2016,06,27000,0.5415185527936193,1
2018,06,27000,0.42011524274112794,1
2021,06,27000,0.27438888481459583,1
2023,06,27000,0.17796753644492458,1
2016,06,28000,0,1
2018,06,28000,0,1
2021,06,28000,0,1
2023,06,28000,0,1
2016,06,29000,0,1
2018,06,29000,0,1
2021,06,29000,0,1
2023,06,29000,0,1
2016,06,30000,0,1
2018,06,30000,0,1
2021,06,30000,0,1
2023,06,30000,0,1
2016,06,32548,0,1
2018,06,32548,0,1
2021,06,32548,0.048517587460379756,1
2023,06,32548,0,1
2016,06,33000,0,1
2018,06,33000,0,1
2021,06,33000,0,1
2023,06,33000,0,1
2016,06,33182,0.06483047981559208,1
2018,06,33182,0.07497437431656677,1
2021,06,33182,0,1
2023,06,33182,0,1
2016,06,33434,0,1
2018,06,33434,0,1
2021,06,33434,0.05032559736592886,1
2023,06,33434,0.05063360696578432,1
2016,06,36000,0,1
2018,06,36000,0,1
2021,06,36000,0,1
2023,06,36000,0,1
2016,06,36448,0.08148206016227913,1
2018,06,36448,0,1
2021,06,36448,0,2
2023,06,36448,0,2
2016,06,36546,0,1
2018,06,36546,0,1
2021,06,36546,0,1
2023,06,36546,0,1
2016,06,36770,0.2292980677606937,1
2018,06,36770,0.2229292684539948,1
2021,06,36770,0.090672755990165,1
2023,06,36770,0,1
2021,06,37692,0,1
2023,06,37692,0,1
2016,06,39496,0,1
2018,06,39496,0,1
2021,06,39496,0,1
2023,06,39496,0,1
2016,06,39892,0,1
2018,06,39892,0,1
2021,06,39892,0,1
2023,06,39892,0,1
2016,06,40130,0.11524334472385658,1
2018,06,40130,0.23584759192153065,1
2021,06,40130,0.05988465612076331,1
2023,06,40130,0,1
2016,06,41992,0,1
2018,06,41992,0,1
2021,06,41992,0,1
2023,06,41992,0,1
2016,06,43000,0.15295382706825159,1
2018,06,43000,0.05382265543967961,1
2021,06,43000,9.165072770036239e-4,1
2023,06,43000,0.016648938561599165,1
2016,06,44000,0.18362700816509875,1
2018,06,44000,0.1366044008974026,1
2021,06,44000,0.07672192535232289,1
2023,06,44000,0.07709102335628393,1
2016,06,45484,0,1
2018,06,45484,0,1
2021,06,45484,0,1
2023,06,45484,0,1
2016,06,46842,0,1
2018,06,46842,0,1
2021,06,46842,0,1
2023,06,46842,0,1
2016,06,46898,0.3645823281682134,1
2018,06,46898,0.25092199842318336,1
2021,06,46898,0.24566779616813958,1
2023,06,46898,0.11290739366428963,1
2016,06,47766,0,1
2018,06,47766,0,1
2021,06,47766,0,1
2023,06,47766,0,1
2016,06,48256,0,1
2018,06,48256,0,1
2021,06,48256,0,1
2023,06,48256,0,1
2016,06,48354,0.0889100971658419,1
2018,06,48354,0.08792670552544364,1
2021,06,48354,0.08430248253021705,1
2023,06,48354,0.0037035557683654232,1
2016,06,49270,0.04905220999078413,1
2018,06,49270,0,1
2021,06,49270,0,1
2023,06,49270,0,1
2016,06,49670,0,1
2018,06,49670,0,1
2021,06,49670,0,1
2023,06,49670,0,1
2016,06,50076,0,1
2018,06,50076,0,1
2021,06,50076,0,1
2023,06,50076,0,1
2016,06,50258,3.155923491790814e-5,1
2018,06,50258,2.809816809803007e-5,1
2021,06,50258,0.006163433549056238,1
2023,06,50258,0.004234434258921148,1
2016,06,51182,0,1
2018,06,51182,0,1
2021,06,51182,0,1
2023,06,51182,0,1
2016,06,52526,0.050472201832328936,1
2018,06,52526,0.07582618199654013,1
2021,06,52526,0,1
2023,06,52526,0,1
2016,06,53000,0.06260101225346403,1
2018,06,53000,0.030117092887007115,1
2021,06,53000,0.010287400931218266,1
2023,06,53000,0.01235293040074204,1
2016,06,53322,0,1
2018,06,53322,0,1
2021,06,53322,0,1
2023,06,53322,0,1
2016,06,53896,0,1
2018,06,53896,0,1
2021,06,53896,0,1
2023,06,53896,0,1
2016,06,53980,0,1
2018,06,53980,0,1
2021,06,53980,0,1
2023,06,53980,0,1
2016,06,54652,0,1
2018,06,54652,0.016464890971395738,1
2021,06,54652,0,1
2023,06,54652,0,1
2016,06,55156,0.21340943316865754,1
2018,06,55156,0.1947774173702966,1
2021,06,55156,0,1
2023,06,55156,0,1
2016,06,56000,0,1
2018,06,56000,0,1
2021,06,56000,0.08384036967537978,1
2023,06,56000,0,1
2016,06,56700,0.045387585776378886,1
2018,06,56700,0,1
2021,06,56700,0,1
2023,06,56700,0,1
2016,06,57456,0,1
2018,06,57456,0,1
2021,06,57456,0,1
2023,06,57456,0,1
2016,06,57792,0,2
2018,06,57792,0,1
2021,06,57792,0,2
2023,06,57792,0,2
2016,06,58072,0.0071468947353622424,1
2018,06,58072,0.10500368606062796,1
2021,06,58072,0.09646942984291741,1
2023,06,58072,0,1
2016,06,59444,0,1
2018,06,59444,0,1
2021,06,59444,0,1
2023,06,59444,0,1
2016,06,59451,0,1
2018,06,59451,0,1
2021,06,59451,0,1
2023,06,59451,0,1
2016,06,59920,0,1
2018,06,59920,0,1
2021,06,59920,0,1
2023,06,59920,0.048092626877900446,1
2016,06,60102,0,1
2018,06,60102,0,1
2021,06,60102,0,1
2023,06,60102,0,1
2016,06,60466,0,1
2018,06,60466,0,1
2021,06,60466,0,1
2023,06,60466,0,1
2016,06,60620,0,1
2018,06,60620,0,1
2021,06,60620,0,1
2023,06,60620,0,1
2016,06,62000,0.05875094005162502,1
2018,06,62000,0.025736730455801975,1
2021,06,62000,1.5763520541025886e-4,1
2023,06,62000,6.331460438091052e-4,1
2016,06,62938,0,1
2018,06,62938,0,1
2021,06,62938,0,1
2023,06,62938,0,1
2016,06,64000,0.14762409469162333,1
2018,06,64000,0.06610094648794486,1
2021,06,64000,0.0760818510668788,1
2023,06,64000,0.03280557230812054,1
2016,06,64224,0.041235806766452665,1
2018,06,64224,0,1
2021,06,64224,0,1
2023,06,64224,0,1
2016,06,65000,0.3651600659733884,1
2018,06,65000,0.22296347882571915,1
2021,06,65000,0.018986055749197817,1
2023,06,65000,0.02738594325655504,1
2016,06,65042,0,1
2018,06,65042,0,1
2021,06,65042,0,1
2023,06,65042,0,1
2016,06,66000,0.1381278012841902,1
2018,06,66000,0.0874718738325872,1
2021,06,66000,0.03838504762077066,1
2023,06,66000,0.060311279352945966,1
2016,06,67000,0.04724515262046458,1
2018,06,67000,0.025521892040138095,1
2021,06,67000,0.03770170926553929,1
2023,06,67000,0.042244792563263904,1
2016,06,68000,0.007461064777062567,1
2018,06,68000,0.008212660763964515,1
2021,06,68000,0.010315922783634154,1
2023,06,68000,0.010333460495861804,1
2016,06,68084,0,1
2018,06,68084,0,1
2021,06,68084,0,1
2023,06,68084,0,1
2016,06,68196,0,1
2018,06,68196,0,1
2021,06,68196,0,1
2023,06,68196,0,1
2016,06,68252,0,1
2018,06,68252,0,1
2021,06,68252,0,1
2023,06,68252,0,1
2016,06,68378,0,2
2018,06,68378,0,2
2021,06,68378,0,2
2023,06,68378,0,2
2016,06,69000,0.08398390601231272,1
2018,06,69000,0,1
2021,06,69000,0,1
2023,06,69000,0,1
2016,06,69070,0,1
2018,06,69070,0,1
2021,06,69070,0,1
2023,06,69070,0,1
2016,06,69084,0,1
2018,06,69084,0,1
2021,06,69084,0,1
2023,06,69084,0,1
2016,06,69088,0,1
2018,06,69088,0,1
2021,06,69088,0,1
2023,06,69088,0,1
2016,06,69196,0,1
2018,06,69196,0,1
2021,06,69196,0,1
2023,06,69196,0,1
2016,06,70000,0,1
2018,06,70000,0,1
2021,06,70000,0,1
2023,06,70000,0,1
2016,06,70098,0,1
2018,06,70098,0,1
2021,06,70098,0,1
2023,06,70098,0,1
2016,06,72016,0,1
2018,06,72016,0,1
2021,06,72016,0,1
2023,06,72016,0,1
2016,06,73080,0,1
2018,06,73080,0,1
2021,06,73080,0,1
2023,06,73080,0,1
2016,06,75000,0.24701702341936493,1
2018,06,75000,0.11894621174965167,1
2021,06,75000,0.06288978540329733,1
2023,06,75000,0.10989830986629322,1
2016,06,77000,0,1
2018,06,77000,0,1
2021,06,77000,0,1
2023,06,77000,0,1
2016,06,78120,0,1
2018,06,78120,0,1
2021,06,78120,0,1
2023,06,78120,0,1
2016,06,78582,0,1
2018,06,78582,0,1
2021,06,78582,0,1
2023,06,78582,0,1
2016,06,80000,0,1
2018,06,80000,0,1
2021,06,80000,0,1
2023,06,80000,0,1
2016,06,80238,0,1
2018,06,80238,0,1
2021,06,80238,0,2
2023,06,80238,0,2
2016,06,80854,0,1
2018,06,80854,0,1
2021,06,80854,0,2
2023,06,80854,0,2
2016,06,81344,0,1
2018,06,81344,0,1
2021,06,81344,0,1
2023,06,81344,0,1
2016,06,81554,0,1
2018,06,81554,0,1
2021,06,81554,0,2
2023,06,81554,0,2
2016,06,81666,0.12052835486358662,1
2018,06,81666,0.08873418894079797,1
2021,06,81666,0,1
2023,06,81666,0.08135191722879619,1
2016,06,82590,0.32992271779708304,1
2018,06,82590,0.3891891279631992,1
2021,06,82590,0.08514171910095789,1
2023,06,82590,0,1
2016,06,82954,0.2470435251673312,1
2018,06,82954,0.12726360162549882,1
2021,06,82954,0.1721685016497234,1
2023,06,82954,0.10417685533274273,1
2016,06,82996,0,1
2018,06,82996,0,1
2021,06,82996,0,1
2023,06,82996,0,1
2016,06,84200,0,1
2018,06,84200,0,1
2021,06,84200,0,1
2023,06,84200,0,1
2016,06,84550,0,1
2018,06,84550,0,1
2021,06,84550,0,1
2023,06,84550,0,1
2016,06,85292,0,1
2018,06,85292,0,1
2021,06,85292,0,1
2023,06,85292,0,1
2016,08,03455,0,1
2018,08,03455,0,1
2021,08,03455,0,1
2023,08,03455,0,1
2016,08,04000,0.04007464591646246,1
2018,08,04000,0,1
2021,08,04000,0,1
2023,08,04000,0,1
2016,08,07850,0.4882956571240244,1
2018,08,07850,0.5572800415382665,1
2021,08,07850,0.4157396703581469,1
2023,08,07850,0.47384135803858174,1
2016,08,12815,0,1
2018,08,12815,0,1
2021,08,12815,0,1
2023,08,12815,0,1
2016,08,16000,0,1
2018,08,16000,0,1
2021,08,16000,0,1
2023,08,16000,0,1
2016,08,20000,0.09322216497259825,1
2018,08,20000,0.027974564697849095,1
2021,08,20000,0.010915405606549243,1
2023,08,20000,0.006444806020236945,1
2016,08,27425,0.24246666001024952,1
2018,08,27425,0.27941182320416735,1
2021,08,27425,0.23535237907607492,1
2023,08,27425,0.24740693431718722,1
2016,08,32155,0.29666672144806905,1
2018,08,32155,0.14297094249944825,1
2021,08,32155,0.01960674283009255,1
2023,08,32155,0.09837064021885708,1
2016,08,43000,0,1
2018,08,43000,0,1
2021,08,43000,0,1
2023,08,43000,0,1
2016,08,45970,0,1
2018,08,45970,0,1
2021,08,45970,0,1
2023,08,45970,0,1
2016,08,46465,0,1
2018,08,46465,0,1
2021,08,46465,0,2
2023,08,46465,0,1
2016,08,62000,0.2519826902472964,1
2018,08,62000,0.11884700695526652,1
2021,08,62000,0.14830315296351215,1
2023,08,62000,0.09049723628461724,1
2016,08,77290,0,1
2018,08,77290,0,1
2021,08,77290,0,1
2023,08,77290,0,1
2016,08,83835,0,1
2018,08,83835,0,1
2021,08,83835,0,1
2023,08,83835,0,1
2016,09,08000,0.138206212443964,1
2018,09,08000,0.11205304129832432,1
2021,09,08000,0.11918873038091551,1
2016,09,18430,0,1
2018,09,18430,0,1
2021,09,18430,0,1
2016,09,37000,0.4049151863229598,1
2018,09,37000,0.27192758434777675,1
2021,09,37000,0.36537635727869455,1
2016,09,52000,0.18167545842753077,1
2018,09,52000,0.09182054698902214,1
2021,09,52000,0.020930006165428172,1
2016,09,55990,0,1
2018,09,55990,0,1
2021,09,55990,0,1
2016,09,73000,0,1
2018,09,73000,0,1
2021,09,73000,0,1
2016,09,80000,0.30724414642189735,1
2018,09,80000,0.2585842148087876,1
2021,09,80000,0.17548562708788717,1
2016,11,50000,0.21847224701053009,1
2018,11,50000,0.11243230408139036,1
2021,11,50000,0.1420223021725735,1
2023,11,50000,0.09477374123645634,1
2016,12,07300,0,1
2018,12,07300,0,1
2021,12,07300,0,1
2023,12,07300,0,1
2016,12,07875,0,1
2018,12,07875,0,1
2021,12,07875,0,2
2023,12,07875,0,2
2016,12,10275,0,1
2018,12,10275,0,1
2021,12,10275,0,1
2023,12,10275,0,1
2016,12,12875,0.05103536926135807,1
2018,12,12875,0,1
2021,12,12875,0,1
2023,12,12875,0.09577203180933146,1
2016,12,14400,0,1
2018,12,14400,0,1
2021,12,14400,0,1
2023,12,14400,0,1
2016,12,16475,0,1
2018,12,16475,0,1
2021,12,16475,0,1
2023,12,16475,0,1
2016,12,16725,0,1
2018,12,16725,0,1
2021,12,16725,0,1
2023,12,16725,0,1
2016,12,17200,0,1
2018,12,17200,0,1
2021,12,17200,0,1
2023,12,17200,0,1
2016,12,17935,0,1
2018,12,17935,0,1
2021,12,17935,0,1
2023,12,17935,0,1
2016,12,24000,0.2149778266903554,1
2018,12,24000,0.05784505189130698,1
2021,12,24000,0.03271561937973608,1
2023,12,24000,0.14128639139454752,1
2016,12,24125,0.22413942786412594,1
2018,12,24125,0,1
2021,12,24125,0.1525877593619959,1
2023,12,24125,0.20875181874298812,1
2016,12,25175,0.5989148097256989,1
2018,12,25175,0.5199027106950593,1
2021,12,25175,0.5015100924662786,1
2023,12,25175,0.3661498458363852,1
2016,12,30000,0.0919897730692318,1
2018,12,30000,0.0624940088799391,1
2021,12,30000,0.012764596363083162,1
2023,12,30000,0,1
2016,12,32000,0.0603815273490059,1
2018,12,32000,0.0675203430947468,1
2021,12,32000,0,1
2023,12,32000,0,1
2016,12,32275,0.34886278688412764,1
2018,12,32275,0.17794543324324338,1
2021,12,32275,0.5010128505696975,1
2023,12,32275,0.4176858488532196,1
2016,12,35000,0.12361480515003154,1
2018,12,35000,0.09035149217598631,1
2021,12,35000,0.0943434486596927,1
2023,12,35000,0.1286491214428869,1
2016,12,36950,0,1
2018,12,36950,0,1
2021,12,36950,0,1
2023,12,36950,0,1
2016,12,38250,0.3129504627958538,1
2018,12,38250,0.2247876981282922,1
2021,12,38250,0.11080230031690376,1
2023,12,38250,0.0553330756041634,1
2016,12,39425,0,1
2018,12,39425,0,1
2021,12,39425,0.0060976611446552365,1
2023,12,39425,0,1
2016,12,43975,0.2138096457414763,1
2018,12,43975,0.11285938287965991,1
2021,12,43975,0,1
2023,12,43975,0,1
2016,12,45000,0.22129159419513453,1
2018,12,45000,0.21827660995371836,1
2021,12,45000,0.1780886218823505,1
2023,12,45000,0.09372824916157847,1
2016,12,45025,0,1
2018,12,45025,0,1
2021,12,45025,0,1
2023,12,45025,0,1
2016,12,45060,0,1
2018,12,45060,0,1
2021,12,45060,0,1
2023,12,45060,0,1
2016,12,45975,0,1
2018,12,45975,0,1
2021,12,45975,0,1
2023,12,45975,0,1
2016,12,49675,0,2
2018,12,49675,0,2
2021,12,49675,0,2
2023,12,49675,0,1
2016,12,53000,0.14692512233719313,1
2018,12,53000,0.05142207387874645,1
2021,12,53000,0.011960649565449528,1
2023,12,53000,0.0105164044796197,1
2016,12,54000,0,1
2018,12,54000,0,1
2021,12,54000,0.09099166297265433,1
2023,12,54000,0,1
2016,12,54200,0,1
2018,12,54200,0,1
2021,12,54200,0,1
2023,12,54200,0,1
2016,12,55775,0,1
2018,12,55775,0,1
2021,12,55775,0.16894054562619382,1
2023,12,55775,0.14646715794596213,1
2016,12,57425,0,1
2018,12,57425,0,1
2021,12,57425,0,1
2023,12,57425,0,1
2016,12,58050,0.09525543298110431,1
2018,12,58050,0.07122079594688546,1
2021,12,58050,0.1401661640846728,1
2023,12,58050,0.12199592857716131,1
2016,12,58715,0,1
2018,12,58715,0,1
2021,12,58715,0,1
2023,12,58715,0,1
2016,12,63000,0.1598616115198241,1
2018,12,63000,0.22312965708670804,1
2021,12,63000,0.12022085302866331,1
2023,12,63000,0,1
2016,12,69700,0,1
2018,12,69700,0,1
2021,12,69700,0,1
2023,12,69700,0,1
2016,12,70600,0.5920373652546369,1
2018,12,70600,0.5713291462393839,1
2021,12,70600,0.579029953287738,1
2023,12,70600,0.5619494633695729,1
2016,12,71000,0.27825089484674276,1
2018,12,71000,0.1317188631483321,1
2021,12,71000,0.1799642695460134,1
2023,12,71000,0.1498526877405314,1
2016,12,76600,0.04458783040751594,1
2018,12,76600,0.05022221706685572,1
2021,12,76600,0.06451330624596027,1
2023,12,76600,0.06599054164405319,1
2016,13,03440,0.5415011154216538,1
2018,13,03440,0.48817209639453324,1
2021,13,03440,0.48478998207062274,1
2023,13,03440,0.5319413083176004,1
2016,13,04000,0.40076090555510935,1
2018,13,04000,0.30829821927119633,1
2021,13,04000,0.2636237721292297,1
2023,13,04000,0.25051784323786286,1
2016,13,04204,0.25562530490250374,1
2018,13,04204,0.1538481305010794,1
2021,13,04204,0.2356847111544769,1
2023,13,04204,0.26269620843069424,1
2016,13,19000,0.37189421586761984,1
2018,13,19000,0.22615572686675148,1
2021,13,19000,0.23778122575640032,1
2023,13,19000,0.19554026299645247,1
2016,13,42425,0,2
2018,13,42425,0,2
2021,13,42425,0,2
2023,13,42425,0,2
2021,13,49008,0.48556741795175956,1
2023,13,49008,0.4162091223183437,1
2016,13,67284,0,1
2018,13,67284,0,1
2021,13,67284,0,1
2023,13,67284,0,1
2016,13,68516,0,1
2018,13,68516,0,1
2021,13,68516,0,1
2023,13,68516,0,1
2016,13,69000,0.1613501028455602,1
2018,13,69000,0.21593669308760005,1
2021,13,69000,0.12189154676820306,1
2023,13,69000,0.19573722539974425,1
2021,13,72122,0,2
2023,13,72122,0.009618839353236578,1
2016,13,80508,0.2396412604875407,1
2018,13,80508,0.238163173091925,1
2021,13,80508,0.10206323926236106,1
2023,13,80508,0,1
2016,15,71550,0.05172991456926024,1
2018,15,71550,0.04942072153729364,1
2021,15,71550,0.05534384244288841,1
2023,15,71550,0.05638515002932252,1
2016,16,08830,0.12153878173217766,1
2018,16,08830,0,1
2021,16,08830,0.1414662039955505,1
2023,16,08830,0.1278834897474534,1
2016,16,52120,0,1
2018,16,52120,0,1
2021,16,52120,0,2
2023,16,52120,0,1
2016,16,56260,0.21932709865648162,1
2018,16,56260,0,1
2021,16,56260,0,1
2023,16,56260,0,1
2016,17,02154,0,1
2018,17,02154,0,1
2021,17,02154,0,2
2023,17,02154,0,1
2016,17,03012,0,1
2018,17,03012,0,1
2021,17,03012,0,1
2023,17,03012,0,1
2016,17,06613,0.04675402068818135,1
2018,17,06613,0.05303157642051315,1
2021,17,06613,0.05424542982755045,1
2023,17,06613,0.04173016535651233,1
2016,17,12385,0.4999617197543207,1
2018,17,12385,0.5111745770090054,1
2021,17,12385,0.5085281919908559,1
2023,17,12385,0.5548146212063715,1
2016,17,14000,0.21358209980098017,1
2018,17,14000,0.15754932494375343,1
2021,17,14000,0.16023684042958725,1
2023,17,14000,0.14932915594129662,1
2016,17,14351,0,1
2018,17,14351,0,1
2021,17,14351,0,1
2023,17,14351,0,1
2016,17,23074,0,1
2018,17,23074,0,1
2021,17,23074,0,1
2023,17,23074,0,1
2016,17,24582,0.20810234541577824,1
2018,17,24582,0.1953125,1
2021,17,24582,0.22176324796412133,1
2023,17,24582,0,1
2016,17,38570,0.14066443801276848,1
2018,17,38570,0,1
2021,17,38570,0.0894246629130205,1
2023,17,38570,0.1550922997055379,1
2016,17,51622,0,1
2018,17,51622,0,1
2021,17,51622,0,1
2023,17,51622,0,1
2016,17,59000,0.34611693570166313,1
2018,17,59000,0.3176958211477622,1
2021,17,59000,0.2940311908721063,1
2023,17,59000,0.2503285556285508,1
2016,17,65000,0.27378092593748843,1
2018,17,65000,0.2569569963072558,1
2021,17,65000,0.2668448994318221,1
2023,17,65000,0.32737476784227854,1
2016,17,68003,0,1
2018,17,68003,0,1
2021,17,68003,0,1
2023,17,68003,0,1
2016,17,72000,0.30935643865394535,1
2018,17,72000,0.3171870416858989,1
2021,17,72000,0.10348554522988068,1
2023,17,72000,0.059145960726120536,1
2016,17,79293,0.08411313955309974,1
2018,17,79293,0,1
2021,17,79293,0.08740184215436486,1
2023,17,79293,0,1
2016,18,05860,0.5089263404492429,1
2018,18,05860,0.5864109280218615,1
2021,18,05860,0.44093014318770263,1
2023,18,05860,0.3674898100240931,1
2016,18,10342,0,2
2018,18,10342,0,2
2021,18,10342,0,2
2023,18,10342,0,2
2016,18,22000,0.1973111459079017,1
2018,18,22000,0.16974573411417052,1
2021,18,22000,1.804944950826012e-4,1
2023,18,22000,0.06800583218402115,1
2016,18,23278,0,2
2018,18,23278,0,2
2021,18,23278,0,2
2023,18,23278,0,2
2016,18,25000,0.2967493483614136,1
2018,18,25000,0.2998999091633203,1
2021,18,25000,0.09276403314465989,1
2023,18,25000,0.0674821301658813,1
2016,18,31000,0.07727701092078275,1
2018,18,31000,0.0784523873318686,1
2021,18,31000,0.21793307527289818,1
2023,18,31000,0.2279337992296548,1
2016,18,36003,0.24944880736987798,1
2018,18,36003,0.1571967165605502,1
2021,18,36003,0.09310081939350993,1
2023,18,36003,0.10498157500092388,1
2016,18,71000,0.387993879375619,1
2018,18,71000,0.1724143555894188,1
2021,18,71000,0.2244795779069211,1
2023,18,71000,0.17038387185234175,1
2016,19,12000,0.047232475242575636,1
2018,19,12000,0,1
2021,19,12000,0.04477126574802464,1
2023,19,12000,0,1
2016,19,19000,0.06697511438093753,1
2018,19,19000,0,1
2021,19,19000,0.08883778446339656,1
2023,19,19000,0.17719821943382696,1
2016,19,21000,0.043128490882103694,1
2018,19,21000,0,1
2021,19,21000,0.0943450214306904,1
2023,19,21000,0,1
2016,19,73335,0.06930129109141266,1
2018,19,73335,0.14348278291006716,1
2021,19,73335,0.07183347683809124,1
2023,19,73335,0.053757406945989655,1
2016,20,36000,0.24122788133728068,1
2018,20,36000,0.14910930403065742,1
2021,20,36000,0.06938349334104735,1
2023,20,36000,0.06632460691039938,1
2016,20,38900,0.17906671414567404,1
2018,20,38900,0.17222348517124472,1
2021,20,38900,0.19042072078483682,1
2023,20,38900,0.1982100387023023,1
2016,20,52575,0,1
2018,20,52575,0,1
2021,20,52575,0,1
2023,20,52575,0,1
2016,20,53775,0,1
2018,20,53775,0,1
2021,20,53775,0,1
2023,20,53775,0,1
2016,20,71000,0.21985428530850556,1
2018,20,71000,0,1
2021,20,71000,0,1
2023,20,71000,0,1
2016,20,79000,0.1252718919379358,1
2018,20,79000,0.10167054107885451,1
2021,20,79000,0.11441622018931771,1
2023,20,79000,0.08126237033192042,1
2016,21,46027,0.3252958684714053,1
2018,21,46027,0.3279642140529794,1
2021,21,46027,0.20047009340013608,1
2023,21,46027,0.24623447365163206,1
2016,21,48006,0.20060628625355667,1
2018,21,48006,0.2161240148836778,1
2021,21,48006,0.07029653183452857,1
2023,21,48006,0.09018445291820175,1
2016,22,05000,0.40138778116019463,1
2018,22,05000,0.34657810124169247,1
2021,22,05000,0.286868380872952,1
2023,22,05000,0.48796519052333703,1
2016,22,40735,0.2379629682292226,1
2018,22,40735,0.088690632453409,1
2021,22,40735,0.10788154118579685,1
2023,22,40735,0.3735266310048059,1
2016,22,41155,0.12911192482568207,1
2018,22,41155,0.05388879639947567,1
2021,22,41155,0.1863293123692075,1
2023,22,41155,0.443120381306835,1
2016,22,55000,0.2991019012503347,1
2018,22,55000,0.23917192617173097,1
2021,22,55000,0.29167183535382013,1
2023,22,55000,0.28961111515946464,1
2016,22,70000,0.275343936730002,1
2018,22,70000,0.2967693162792573,1
2021,22,70000,0.4099536375454558,1
2023,22,70000,0.399914899693974,1
2016,24,04000,0.18920153083413063,1
2018,24,04000,0.1762724231345427,1
2021,24,04000,0.22535162594602068,1
2023,24,04000,0.17603260723830635,1
2016,24,30325,0,1
2018,24,30325,0,1
2021,24,30325,0,1
2023,24,30325,0,1
2016,25,07000,0.20283258629453352,1
2018,25,07000,0.1907565315578398,1
2021,25,07000,0.13792480768536242,1
2023,25,07000,0.10156628912156572,1
2016,25,09000,0.06845677190911774,1
2018,25,09000,0.07535974902816613,1
2021,25,09000,0,1
2023,25,09000,0,1
2016,25,11000,0,1
2018,25,11000,0,1
2021,25,11000,0,1
2023,25,11000,0,1
2016,25,23000,0,1
2018,25,23000,0,1
2021,25,23000,0,1
2023,25,23000,0.0638363805392005,1
2016,25,34550,0.1464546377301948,1
2018,25,34550,0.05585633878316805,1
2021,25,34550,0,1
2023,25,34550,0,1
2016,25,37000,0.1558222970279488,1
2018,25,37000,0.1527538335904183,1
2021,25,37000,0,1
2023,25,37000,0,1
2016,25,37490,0,1
2018,25,37490,0,1
2021,25,37490,0,1
2023,25,37490,0,1
2016,25,45000,0.08817616959064327,1
2018,25,45000,0.04584875995333976,1
2021,25,45000,0.11168254655695106,1
2023,25,45000,0.12019449931621334,1
2016,25,45560,0,1
2018,25,45560,0,1
2021,25,45560,0,1
2023,25,45560,0,1
2016,25,55745,0,1
2018,25,55745,0,1
2021,25,55745,0,1
2023,25,55745,0,1
2016,25,62535,0,1
2018,25,62535,0,1
2021,25,62535,0,1
2023,25,62535,0,1
2016,25,67000,0.5330983688039401,1
2018,25,67000,0.4761426066627703,1
2021,25,67000,0.3328775794404355,1
2023,25,67000,0.33140119633688,1
2016,25,82000,0.30381839653588766,1
2018,25,82000,0.08440649111727395,1
2021,25,82000,0.16935549914011958,1
2023,25,82000,0.14896635057395782,1
2016,26,03000,0.5167684142725182,1
2018,26,03000,0.536793702107567,1
2021,26,03000,0.5300771247172696,1
2023,26,03000,0.5196694732599962,1
2016,26,21000,0.6597562734352466,1
2018,26,21000,0.6492183710778644,1
2021,26,21000,0.22711724241626885,1
2023,26,21000,0.3517666896604583,1
2016,26,22000,0.6023278297255246,1
2018,26,22000,0.5260572739955588,1
2021,26,22000,0.40698297309323894,1
2023,26,22000,0.4154955970855908,1
2016,26,27440,0,1
2018,26,27440,0,1
2021,26,27440,0,1
2023,26,27440,0,1
2016,26,29000,0.6248299067270343,1
2018,26,29000,0.6039300980046712,1
2021,26,29000,0.3924431993249021,1
2023,26,29000,0.3730176327507935,1
2016,26,34000,0.28830806867081554,1
2018,26,34000,0.2031707521723218,1
2021,26,34000,0.08541482454370511,1
2023,26,34000,0.13487898976888993,1
2016,26,46000,0.3435409023573959,1
2018,26,46000,0.15415949301914542,1
2021,26,46000,0.04969484441085549,1
2023,26,46000,0,1
2016,26,49000,0,1
2018,26,49000,0,1
2021,26,49000,0.012907608695652174,1
2023,26,49000,0.010299839780270085,1
2016,26,69035,0,1
2018,26,69035,0,1
2021,26,69035,0,1
2023,26,69035,3.9830451751936383e-4,1
2016,26,74900,0,1
2018,26,74900,0,1
2021,26,74900,0,1
2023,26,74900,0,1
2016,26,76460,0,1
2018,26,76460,7.478923035082948e-4,1
2021,26,76460,0.0017619120576068638,1
2023,26,76460,0,1
2016,26,80700,0,1
2018,26,80700,0,1
2021,26,80700,0,1
2023,26,80700,0,1
2016,26,84000,0.15081072773380466,1
2018,26,84000,0.13137639601569576,1
2021,26,84000,0.004120683938805475,1
2023,26,84000,0.06661715134548363,1
2016,26,86000,0.16018901743436917,1
2018,26,86000,0,1
2021,26,86000,0,1
2023,26,86000,0,1
2016,26,88940,1.4942667798940702e-4,1
2018,26,88940,1.400535212269233e-4,1
2021,26,88940,0,1
2023,26,88940,0,1
2016,27,06616,0,1
2018,27,06616,0,1
2021,27,06616,0,1
2023,27,06616,0,1
2016,27,07966,0,1
2018,27,07966,0,1
2021,27,07966,0,2
2023,27,07966,0,1
2016,27,17000,0.3537920963813816,1
2018,27,17000,0.22173920202654143,1
2021,27,17000,0.2547909788493111,1
2023,27,17000,0.22330131961677732,1
2016,27,43000,0.32173557776789175,1
2018,27,43000,0.35778607178749094,1
2021,27,43000,0.23719012995935193,1
2023,27,43000,0.24749352928926308,1
2016,27,51730,0,1
2018,27,51730,0,2
2021,27,51730,0,2
2023,27,51730,0,2
2016,27,54880,0,1
2018,27,54880,0.06291172970309221,1
2021,27,54880,0.07657657228143755,1
2023,27,54880,0,1
2016,27,58000,0.23528563416392917,1
2018,27,58000,0.09800384595749026,1
2021,27,58000,0.059844032549728754,1
2023,27,58000,0.08622335348393255,1
2016,27,71428,0,2
2018,27,71428,0,2
2021,27,71428,0,2
2023,27,71428,0,2
2016,28,36000,0.4464353751411924,1
2018,28,36000,0.3758976732737588,1
2021,28,36000,0.22029767388398455,1
2023,28,36000,0.2966920849914943,1
2016,29,15670,0.5145556503519002,1
2018,29,15670,0.4555611461357087,1
2021,29,15670,0.30781738439167333,1
2023,29,15670,0.3877193881464611,1
2016,29,35000,0.1830348470219471,1
2018,29,35000,0,1
2021,29,35000,0.08814800172160231,1
2023,29,35000,0.13797166509474626,1
2016,29,38000,0.22206401907083664,1
2018,29,38000,0.18872713451767015,1
2021,29,38000,0.11678875361871818,1
2023,29,38000,0.13897822536852997,1
2016,29,41348,0,1
2018,29,41348,0,1
2021,29,41348,0,2
2023,29,41348,0,2
2016,29,54074,0,1
2018,29,54074,0,1
2021,29,54074,0,2
2023,29,54074,0,2
2016,29,65000,0.3580741247131208,1
2018,29,65000,0.3194801290110971,1
2021,29,65000,0.10425270870414212,1
2023,29,65000,0.1558772210946124,1
2016,29,70000,0.2550260265974107,1
2018,29,70000,0.22399542470694345,1
2021,29,70000,0.20702034227568386,1
2023,29,70000,0.19647959491745368,1
2016,30,06550,0,1
2018,30,06550,0,1
2021,30,06550,0,1
2023,30,06550,0,1
2016,31,28000,0.1612630641619746,1
2018,31,28000,0.1936554794878736,1
2021,31,28000,0.08654567133410272,1
2023,31,28000,0.06720509560196607,1
2016,31,37000,0.1559338815846995,1
2018,31,37000,0.10833064755679392,1
2021,31,37000,0.09609223683006725,1
2023,31,37000,0.06696839882298725,1
2016,32,31900,0.06445820498222275,1
2018,32,31900,0,1
2021,32,31900,0,1
2023,32,31900,0,1
2016,32,40000,0.15109499837711507,1
2018,32,40000,0.07895793565391222,1
2021,32,40000,0.03811929924512516,1
2023,32,40000,0.05087427914800208,1
2016,32,51800,0.16095428316649052,1
2018,32,51800,0.08734376639476318,1
2021,32,51800,0.06007897549887577,1
2023,32,51800,0.05273987796246408,1
2016,32,60600,0.2112851218050734,1
2018,32,60600,0,1
2021,32,60600,0.10977599990026458,1
2023,32,60600,0.0540954348268893,1
2016,32,68400,0,1
2018,32,68400,0,1
2021,32,68400,0,1
2023,32,68400,0,1
2016,33,45140,0,1
2018,33,45140,0.0590394425780764,1
2021,33,45140,0,1
2023,33,45140,0,1
2016,33,50260,0,1
2018,33,50260,0,1
2021,33,50260,0,1
2023,33,50260,0,1
2016,34,13690,0,1
2018,34,13690,0,1
2021,34,13690,0,1
2023,34,13690,0,1
2016,34,21000,0,1
2018,34,21000,0,1
2021,34,21000,0,1
2023,34,21000,0,1
2016,34,36000,0.048170476929505164,1
2018,34,36000,0.02408876139048262,1
2021,34,36000,0,1
2023,34,36000,0.0011823495292910364,1
2016,34,51000,0.3518999654435386,1
2018,34,51000,0.21894955300127714,1
2021,34,51000,0.21033576025053186,1
2023,34,51000,0.18510495359008458,1
2016,34,57000,0.24203625692242153,1
2018,34,57000,0.17235696364441383,1
2021,34,57000,0.16554062667312547,1
2023,34,57000,0.1619261950597869,1
2016,34,74000,0.32594965262113146,1
2018,34,74000,0.29916510031909777,1
2021,34,74000,0.27778695975539214,1
2023,34,74000,0.18604542698568163,1
2016,35,02000,0.14246718748522333,1
2018,35,02000,0.12059621024242252,1
2021,35,02000,0.08756394099818662,1
2023,35,02000,0.07531958977791346,1
2016,35,39380,0.1501662705069202,1
2018,35,39380,0.13355239673530958,1
2021,35,39380,0.07761641983554404,1
2023,35,39380,0.18286092235425772,1
2016,35,63460,0,1
2018,35,63460,0,1
2021,35,63460,0,1
2023,35,63460,0,1
2016,35,70500,0,1
2018,35,70500,0,1
2021,35,70500,0,1
2023,35,70500,0,1
2016,36,01000,0.21541224918952073,1
2018,36,01000,0.2107107344097732,1
2021,36,01000,0.2101734813980861,1
2023,36,01000,0.2771916544448124,1
2016,36,11000,0.40526383033090585,1
2018,36,11000,0.40372753200238776,1
2021,36,11000,0.270785297707853,1
2023,36,11000,0.278631550366549,1
2016,36,50617,0,1
2018,36,50617,0,1
2021,36,50617,0,1
2023,36,50617,0,1
2016,36,51000,0.2234827570085438,1
2018,36,51000,0.20566492270591066,1
2021,36,51000,0.16400837387958878,1
2023,36,51000,0.16264921062764728,1
2016,36,63000,0.47861417519511057,1
2018,36,63000,0.4307516048020793,1
2021,36,63000,0.4227125889088466,1
2023,36,63000,0.33827366933429315,1
2016,36,73000,0.5542659048928913,1
2018,36,73000,0.4444970045840747,1
2021,36,73000,0.3968073049443729,1
2023,36,73000,0.47503056563253526,1
2016,36,84000,0.23130471154133428,1
2018,36,84000,0.08849445324881142,1
2021,36,84000,0.07535247278837022,1
2023,36,84000,0.10571221504809593,1
2016,37,02140,0.08866339614701908,1
2018,37,02140,0.10140225933572325,1
2021,37,02140,0,1
2023,37,02140,0.024795547304226156,1
2016,37,10740,0,1
2018,37,10740,0,1
2021,37,10740,0,1
2023,37,10740,0,1
2016,37,12000,0.08368299396684782,1
2018,37,12000,0.07771962545720615,1
2021,37,12000,0.06336088928726114,1
2023,37,12000,0.06947481272943841,1
2016,37,14100,0,1
2018,37,14100,0,1
2021,37,14100,0.14299414445919903,1
2023,37,14100,0,1
2016,37,19000,0.25884209766061184,1
2018,37,19000,0.1823810520761445,1
2021,37,19000,0.11470626039021518,1
2023,37,19000,0.03620369931504136,1
2016,37,22920,0.09806425184807793,1
2018,37,22920,0.08962632743932213,1
2021,37,22920,0.09872559153415057,1
2023,37,22920,0.045459757715270464,1
2016,37,25580,0.07289156640228082,1
2018,37,25580,0.07691833277042656,1
2021,37,25580,0,1
2023,37,25580,0,1
2016,37,28000,0.204162516230192,1
2018,37,28000,0.2130016870661094,1
2021,37,28000,0.12784924004408138,1
2023,37,28000,0.1720345994197971,1
2016,37,28080,0.5056581439207051,1
2018,37,28080,0.3913239222915009,1
2021,37,28080,0.44212432806134255,1
2023,37,28080,0.44212432592475104,1
2016,37,31400,0.43706987006845743,1
2018,37,31400,0.2025723666652941,1
2021,37,31400,0.11343945754316269,1
2023,37,31400,0.13370000159930312,1
2016,37,55000,0.1296102543754461,1
2018,37,55000,0.11385967239405347,1
2021,37,55000,0.09254766263049952,1
2023,37,55000,0.08382277395849258,1
2016,37,74440,0.3499933407563718,1
2018,37,74440,0.3083146742696136,1
2021,37,74440,0.1818405481294222,1
2023,37,74440,0,1
2016,37,75000,0.29802788858743545,1
2018,37,75000,0.23818914016953874,1
2021,37,75000,0.26999712438510687,1
2023,37,75000,0.2605829095298626,1
2016,38,25700,0.08890638679478009,1
2018,38,25700,0.10314823047268931,1
2021,38,25700,0.11869811699849349,1
2023,38,25700,0.1573265991391635,1
2016,39,01000,0.2891851373425735,1
2018,39,01000,0.24598236182552494,1
2021,39,01000,0.1647464615114056,1
2023,39,01000,0.1731945008300218,1
2016,39,15000,0.49253782042698824,1
2018,39,15000,0.4346034215221086,1
2021,39,15000,0.43686572093742204,1
2023,39,15000,0.4004043883906312,1
2016,39,16000,0.5219883415560017,1
2018,39,16000,0.4514902885975224,1
2021,39,16000,0.4143616356350336,1
2023,39,16000,0.4226228582593874,1
2016,39,18000,0.2863867465276631,1
2018,39,18000,0.30696981144344077,1
2021,39,18000,0.2033091511226754,1
2023,39,18000,0.20644769714798186,1
2016,39,21000,0.5216416757069565,1
2018,39,21000,0.3912208414756756,1
2021,39,21000,0.26229507831592713,1
2023,39,21000,0.20233460321866806,1
2016,39,61000,0,1
2018,39,61000,0,1
2021,39,61000,0,1
2023,39,61000,0,1
2016,39,77000,0.42455916063003313,1
2018,39,77000,0.3764855963890592,1
2021,39,77000,0.33314546627971897,1
2023,39,77000,0.36868728364312703,1
2016,40,09050,0,1
2018,40,09050,0,1
2021,40,09050,0,1
2023,40,09050,0,1
2016,40,23200,0.04714949760642384,1
2018,40,23200,0.03985839612499191,1
2021,40,23200,0.034044614468475724,1
2023,40,23200,0,1
2016,40,41850,0.18884982372407508,1
2018,40,41850,0.18595047395737194,1
2021,40,41850,0.1237283853095185,1
2023,40,41850,0.1713765649695672,1
2016,40,52500,0.0750199954297472,1
2018,40,52500,0.19374304524851554,1
2021,40,52500,0.07930324774704586,1
2023,40,52500,0.06824629384900319,1
2016,40,55000,0.24765828491919992,1
2018,40,55000,0.20980950187754085,1
2021,40,55000,0.13095941497556873,1
2023,40,55000,0.1615244346154403,1
2016,40,75000,0.1973075087783544,1
2018,40,75000,0.09544999895521296,1
2021,40,75000,0.10267688585893517,1
2023,40,75000,0.10108814580603094,1
2016,41,05350,0,1
2018,41,05350,0,1
2021,41,05350,0,1
2023,41,05350,0,1
2016,41,05800,0,1
2018,41,05800,0,1
2021,41,05800,0,1
2023,41,05800,0,1
2016,41,23850,0.3264733184941188,1
2018,41,23850,0.2944511083918892,1
2021,41,23850,0.24190921609103216,1
2023,41,23850,0.22442726330126964,1
2016,41,31250,0,1
2018,41,31250,0,1
2021,41,31250,0,1
2023,41,31250,0,1
2016,41,34100,0.20945345165239615,1
2018,41,34100,0,1
2021,41,34100,0,1
2023,41,34100,0,1
2016,41,47000,0.0698984067845356,1
2018,41,47000,0.06261282699590619,1
2021,41,47000,0,1
2023,41,47000,0,1
2016,41,59000,0.08595258804340321,1
2018,41,59000,0.07141159532034523,1
2021,41,59000,0.07135055477979924,1
2023,41,59000,0.017716714258524932,1
2016,41,64900,0.14539769343811187,1
2018,41,64900,0,1
2021,41,64900,0.0367229056774645,1
2023,41,64900,0.031652972366972655,1
2016,42,02000,0.36389243719498215,1
2018,42,02000,0.25113851677026894,1
2021,42,02000,0.18313235767703154,1
2023,42,02000,0.19411173788733482,1
2016,42,06088,0.28385836800543435,1
2018,42,06088,0.2803470793452008,1
2021,42,06088,0.13163633858639623,1
2023,42,06088,0.12738684508143389,1
2016,42,24000,0.42832825303828037,1
2018,42,24000,0.30987859840025983,1
2021,42,24000,0.26431263460157933,1
2023,42,24000,0.29655362812313074,1
2016,42,60000,0.32515113825199565,1
2018,42,60000,0.34639630533012317,1
2021,42,60000,0.27498075529476124,1
2023,42,60000,0.2891309614555081,1
2016,42,61000,0.279622286979092,1
2018,42,61000,0.3058238707210427,1
2021,42,61000,0.2881490004314684,1
2023,42,61000,0.19446323757976924,1
2016,42,63624,0.6596176216183971,1
2018,42,63624,0.5294814814814814,1
2021,42,63624,0.32048900118906065,1
2023,42,63624,0.17561093441764966,1
2016,42,69000,0.28033037626185375,1
2018,42,69000,0.2054268148498463,1
2021,42,69000,0.06904074882116969,1
2023,42,69000,0.06243556701030928,1
2016,44,19180,0,1
2018,44,19180,0,1
2021,44,19180,0,1
2023,44,19180,0,1
2016,44,54640,0.09534273764797618,1
2018,44,54640,0.1154744855656893,1
2021,44,54640,0.11366919465511015,1
2023,44,54640,0,1
2016,44,59000,0.19321736149792193,1
2018,44,59000,0.08643407256193746,1
2021,44,59000,0.14881557135982032,1
2023,44,59000,0.029972907457578784,1
2016,44,74300,0,1
2018,44,74300,0,1
2021,44,74300,0,1
2023,44,74300,0,1
2016,45,13330,0.40879619961039704,1
2018,45,13330,0.3288964346787651,1
2021,45,13330,0.11735660132246363,1
2023,45,13330,0.09759236505951785,1
2016,45,16000,0.3605374147200703,1
2018,45,16000,0.4249822234172764,1
2021,45,16000,0.37912979826058646,1
2023,45,16000,0.3907832716737303,1
2016,45,48535,0,1
2018,45,48535,0,2
2021,45,48535,0,2
2023,45,48535,0,2
2016,45,50875,0.2381001961469789,1
2018,45,50875,0.24183462768246566,1
2021,45,50875,0.05059846989144202,1
2023,45,50875,0.03203214953761676,1
2016,46,59020,0,1
2018,46,59020,0,1
2021,46,59020,0,1
2023,46,59020,0,1
2016,47,14000,0.3868288295524777,1
2018,47,14000,0.3382440214401585,1
2021,47,14000,0.1914802747066397,1
2023,47,14000,0.17551175026205335,1
2016,47,15160,0.055829930297414655,1
2018,47,15160,0.037798591453250284,1
2021,47,15160,0.08837458697339413,1
2023,47,15160,0.06937079157786633,1
2016,47,27740,0,1
2018,47,27740,0,1
2021,47,27740,0,2
2023,47,27740,0,2
2016,47,40000,0.4351604931238708,1
2018,47,40000,0.41169209138153945,1
2021,47,40000,0.29087011632794746,1
2023,47,40000,0.35035225130805997,1
2016,47,48000,0.43775273427331046,1
2018,47,48000,0.3627545920944132,1
2021,47,48000,0.3418946410369996,1
2023,47,48000,0.29139711801020984,1
2016,47,51560,2.709628498498224e-4,1
2018,47,51560,0,1
2021,47,51560,0,1
2023,47,51560,0,1
2016,47,52006,0.15016252295718957,1
2018,47,52006,0.13958993358836713,1
2021,47,52006,0.0734901324240132,1
2023,47,52006,0.05796108079758669,1
2016,48,01000,0.054000616689892235,1
2018,48,01000,0.018042867888719775,1
2021,48,01000,0.06977217133480806,1
2023,48,01000,0.09431223034245322,1
2016,48,01924,0,2
2018,48,01924,0,2
2021,48,01924,0,2
2023,48,01924,0,2
2016,48,03000,0.11698869287710968,1
2018,48,03000,0.04545295606037055,1
2021,48,03000,0.10721323448939703,1
2023,48,03000,0.0214197217303667,1
2016,48,04000,0.12252944091589857,1
2018,48,04000,0.09939320275691783,1
2021,48,04000,0.11845927501746317,1
2023,48,04000,0.08587550673609805,1
2016,48,05000,0.16274165741986898,1
2018,48,05000,0.11210147539865066,1
2021,48,05000,0.12481839293946789,1
2023,48,05000,0.11017576698908625,1
2016,48,06128,0,1
2018,48,06128,0,1
2021,48,06128,0,1
2023,48,06128,0,1
2016,48,07000,0.26291552323861994,1
2018,48,07000,0.12338634516810472,1
2021,48,07000,0.18811705544752982,1
2023,48,07000,0.12931213541780157,1
2016,48,10768,0.456191899064707,1
2018,48,10768,0.38215262587584686,1
2021,48,10768,0.3219262876736417,1
2023,48,10768,0.26400777177806506,1
2016,48,10912,0.3172350681367367,1
2018,48,10912,0.32394974973445306,1
2021,48,10912,0.3973458110098354,1
2023,48,10912,0.3285194052815924,1
2016,48,13024,0,1
2018,48,13024,0,1
2021,48,13024,0,1
2023,48,13024,0,1
2016,48,13552,0,2
2018,48,13552,0,2
2021,48,13552,0,2
2023,48,13552,0,1
2016,48,15976,0.7381680124835345,1
2018,48,15976,0.47948167644614276,1
2021,48,15976,0.6090266053286691,1
2023,48,15976,0.6821857075754543,1
2016,48,16432,0.15769112700268592,1
2018,48,16432,0,1
2021,48,16432,0,1
2023,48,16432,0.06745219668090927,1
2016,48,17000,0.0650952533025043,1
2018,48,17000,0.0629013435726987,1
2021,48,17000,0.11231951343042172,1
2023,48,17000,0.12375321396811471,1
2016,48,19000,0.22068102741713233,1
2018,48,19000,0.10375293651024725,1
2021,48,19000,0.11208883794547128,1
2023,48,19000,0.1455017207228803,1
2016,48,19972,0.2900255818047988,1
2018,48,19972,0.25230233839590216,1
2021,48,19972,0.17743502193714417,1
2023,48,19972,0.11460621483013203,1
2016,48,22660,0.20315424835648935,1
2018,48,22660,0.17492039405439364,1
2021,48,22660,0.11634030194106451,1
2023,48,22660,0.18472125265558131,1
2016,48,24000,0.19493135513176646,1
2018,48,24000,0.1647049921979064,1
2021,48,24000,0.15053571931435605,1
2023,48,24000,0.18865318066995554,1
2016,48,26232,0,2
2018,48,26232,0,2
2021,48,26232,0,2
2023,48,26232,0,2
2016,48,27000,0.15403711242016502,1
2018,48,27000,0.08580543943800666,1
2021,48,27000,0.1307348685398189,1
2023,48,27000,0.04319557502002946,1
2016,48,27684,0,1
2018,48,27684,0,1
2021,48,27684,0,1
2023,48,27684,0,1
2016,48,29000,0.07320511811085495,1
2018,48,29000,0,1
2021,48,29000,0,1
2023,48,29000,0,1
2016,48,30464,0,1
2018,48,30464,0,1
2021,48,30464,0,1
2023,48,30464,0.06452420843678237,1
2016,48,35000,0.21345391530996682,1
2018,48,35000,0.18023111074875858,1
2021,48,35000,0.1662640272459872,1
2023,48,35000,0.17529829271681968,1
2016,48,37000,0.07228482045401716,1
2018,48,37000,0,1
2021,48,37000,0,1
2023,48,37000,0,1
2016,48,39148,0.04490946800593553,1
2018,48,39148,0,1
2021,48,39148,0,1
2023,48,39148,0.1054471540623958,1
2016,48,41464,0.576749794946347,1
2018,48,41464,0.4994201355394819,1
2021,48,41464,0.1919116152311716,1
2023,48,41464,0.2646921333810252,1
2016,48,41980,0,2
2018,48,41980,0,2
2021,48,41980,0,2
2023,48,41980,0,2
2016,48,42508,0,1
2018,48,42508,0,1
2021,48,42508,0.09064009543098916,1
2023,48,42508,0.08045060561016773,1
2016,48,43888,0.09494626566970528,1
2018,48,43888,0.09527064553338745,1
2021,48,43888,0,1
2023,48,43888,0.1826278908453318,1
2016,48,45000,0.16262990933496455,1
2018,48,45000,0.15903232941992856,1
2021,48,45000,0.10728683231593718,1
2023,48,45000,0.1291771984686141,1
2016,48,45384,0.17513299441788785,1
2018,48,45384,0.13408765915795248,1
2021,48,45384,0.3260105191227575,1
2023,48,45384,0.19035780405627448,1
2016,48,45744,0,1
2018,48,45744,0,1
2021,48,45744,0,1
2023,48,45744,0,1
2016,48,47892,0,1
2018,48,47892,0,1
2021,48,47892,0.014326169608746681,1
2023,48,47892,0.013296952100152729,1
2016,48,48072,0,1
2018,48,48072,0,1
2021,48,48072,0,1
2023,48,48072,0,1
2016,48,48768,0.2804557005175366,1
2018,48,48768,0.3029702472874037,1
2021,48,48768,0.09566714324440773,1
2023,48,48768,0.07371865454887537,1
2016,48,50820,0,1
2018,48,50820,0,1
2021,48,50820,0,1
2023,48,50820,0,1
2016,48,53388,0,1
2018,48,53388,0,1
2021,48,53388,0,1
2023,48,53388,0,1
2016,48,56000,0.019430825089634216,1
2018,48,56000,0.0216825408858136,1
2021,48,56000,0.05107389878727887,1
2023,48,56000,0.1776614781259114,1
2016,48,56348,0,2
2018,48,56348,0,2
2021,48,56348,0,2
2023,48,56348,0,2
2016,48,57200,0.42269788178099565,1
2018,48,57200,0.109624918046128,1
2021,48,57200,0.4374928575981212,1
2023,48,57200,0.1504734090438664,1
2016,48,58016,0,1
2018,48,58016,0,1
2021,48,58016,0,1
2023,48,58016,0,1
2016,48,61796,0,1
2018,48,61796,0,1
2021,48,61796,0.15555346706765633,1
2023,48,61796,0.14537948938976075,1
2016,48,63500,0,1
2018,48,63500,0,1
2021,48,63500,0,1
2023,48,63500,0,1
2016,48,64472,0,1
2018,48,64472,0,1
2021,48,64472,0,1
2023,48,64472,0.0810567326963024,1
2016,48,65000,0.12399389963812264,1
2018,48,65000,0.11217191901864668,1
2021,48,65000,0.08833208259196057,1
2023,48,65000,0.12454648109027301,1
2016,48,70808,0,2
2018,48,70808,0,2
2021,48,70808,0,1
2023,48,70808,0,1
2016,48,72176,0.31916661662684626,1
2018,48,72176,0.3203581087883267,1
2021,48,72176,0.09836813590690688,1
2023,48,72176,0.10205758494155831,1
2016,48,74144,0.05339002862377363,1
2018,48,74144,0.19882110976314132,1
2021,48,74144,0,1
2023,48,74144,0,1
2016,48,76000,0.36122375761584175,1
2018,48,76000,0.5372472834751759,1
2021,48,76000,0.42766887011199534,1
2023,48,76000,0.4589018822499466,1
2016,48,79000,0.1664476892414045,1
2018,48,79000,0.11055498670842123,1
2021,48,79000,0.15103884531513836,1
2023,48,79000,0.1964541485324459,1
2016,49,43660,0,1
2018,49,43660,0,1
2021,49,43660,0,2
2023,49,43660,0,2
2016,49,44320,0,2
2018,49,44320,0,2
2021,49,44320,0,2
2023,49,44320,0,2
2016,49,55980,0.24040924734483468,1
2018,49,55980,0.1568812538413195,1
2021,49,55980,0,1
2023,49,55980,0,1
2016,49,57300,0,1
2018,49,57300,0,1
2021,49,57300,0,1
2023,49,57300,0,1
2016,49,62470,0.5314600204510146,1
2018,49,62470,0.4486590403310796,1
2021,49,62470,0.47213548320111143,1
2023,49,62470,0.47029226046847383,1
2016,49,65330,0,1
2018,49,65330,0,1
2021,49,65330,0,1
2023,49,65330,0,1
2016,49,67000,0.0851322446388522,1
2018,49,67000,0.027164604913419425,1
2021,49,67000,0.02050121776009019,1
2023,49,67000,0,1
2016,49,67440,0,1
2018,49,67440,0,1
2021,49,67440,0,1
2023,49,67440,0,1
2016,49,70850,0,2
2018,49,70850,0,2
2021,49,70850,0,2
2023,49,70850,0,2
2016,49,82950,0,1
2018,49,82950,0,1
2021,49,82950,0,1
2023,49,82950,0,1
2016,49,83470,0,1
2018,49,83470,0,1
2021,49,83470,0,1
2023,49,83470,0,1
2016,51,01000,0,1
2018,51,01000,0,1
2021,51,01000,0.12944940674576724,1
2023,51,01000,0,1
2016,51,16000,0,1
2018,51,16000,0,1
2021,51,16000,0.07326691573266916,1
2023,51,16000,0.1048778213019959,1
2016,51,35000,0.12167411147795688,1
2018,51,35000,0.05594643117084769,1
2021,51,35000,0.08876830681698451,1
2023,51,35000,0,1
2016,51,47672,0.331425472948548,1
2018,51,47672,0.18535107363983666,1
2021,51,47672,0.10080013198053288,1
2023,51,47672,0,1
2016,51,56000,0.08708957373271889,1
2018,51,56000,0.07858033790679216,1
2021,51,56000,0.14582436504520016,1
2023,51,56000,0.0767631002339659,1
2016,51,57000,0.21787202798712937,1
2018,51,57000,0.20201461401931634,1
2021,51,57000,0.18916946036552396,1
2023,51,57000,0.13947609058146415,1
2016,51,64000,0.225128721074747,1
2018,51,64000,0.19137963965111096,1
2021,51,64000,0.17208317768646494,1
2023,51,64000,0.14242716108836986,1
2016,51,67000,0.2198780255384029,1
2018,51,67000,0.31276530651267737,1
2021,51,67000,0.2372730883349298,1
2023,51,67000,0.2590379079865346,1
2016,51,68000,0.28861638130495143,1
2018,51,68000,0.3164222288735907,1
2021,51,68000,0.08101967303962317,1
2023,51,68000,0.07669709369426084,1
2016,51,76432,0,1
2018,51,76432,0,1
2021,51,76432,0,1
2023,51,76432,0,1
2016,51,82000,0.029033515198752923,1
2018,51,82000,0.027713901747050917,1
2021,51,82000,0.04713179180838597,1
2023,51,82000,0,1
2016,53,03180,0,1
2018,53,03180,0,1
2021,53,03180,0,1
2023,53,03180,0,1
2016,53,05210,0,1
2018,53,05210,0,1
2021,53,05210,0,1
2023,53,05210,0,1
2016,53,05280,0.3420355549594344,1
2018,53,05280,0.3167122966533821,1
2021,53,05280,0.3126733988555507,1
2023,53,05280,0.1218044746161508,1
2016,53,22640,0,1
2018,53,22640,0,1
2021,53,22640,0,1
2023,53,22640,0,1
2016,53,23515,0,1
2018,53,23515,0,1
2021,53,23515,0,1
2023,53,23515,0,1
2016,53,35275,0.2742920630340637,1
2018,53,35275,0.2638929348916391,1
2021,53,35275,0.1301490373335209,1
2023,53,35275,0,1
2016,53,35415,0,1
2018,53,35415,0,1
2021,53,35415,0,1
2023,53,35415,0,1
2016,53,35940,0,1
2018,53,35940,0,1
2021,53,35940,0,1
2023,53,35940,0,1
2016,53,53545,0,1
2018,53,53545,0,1
2021,53,53545,0.1314961959444603,1
2023,53,53545,0,1
2016,53,57745,0,1
2018,53,57745,0,1
2021,53,57745,0,1
2023,53,57745,0,1
2016,53,63000,0.11520056890050996,1
2018,53,63000,0.12206543365994398,1
2021,53,63000,0.07067434294357136,1
2023,53,63000,0.048147297603078724,1
2016,53,67000,0.14161875735906446,1
2018,53,67000,0.13649122520683618,1
2021,53,67000,0.14552706528718815,1
2023,53,67000,0.09638678146641547,1
2016,53,67167,0,1
2018,53,67167,0,1
2021,53,67167,0,1
2023,53,67167,0,1
2016,53,70000,0.12454255318666878,1
2018,53,70000,0.073746344739187,1
2021,53,70000,0,1
2023,53,70000,0,1
2016,53,74060,0,1
2018,53,74060,0,1
2021,53,74060,0,1
2023,53,74060,0,1
2016,53,80010,0.3114846242716123,1
2018,53,80010,0.224410051651477,1
2021,53,80010,0,1
2023,53,80010,0,1
2016,55,02375,0,1
2018,55,02375,0,1
2021,55,02375,0,1
2023,55,02375,0,1
2016,55,31000,0.03748794593601062,1
2018,55,31000,0.045409466294851326,1
2021,55,31000,0,1
2023,55,31000,0,1
2016,55,39225,0.08057128245124508,1
2018,55,39225,0.078731875456055,1
2021,55,39225,0,1
2023,55,39225,0,1
2016,55,48000,0.36760187203871264,1
2018,55,48000,0.32761528663500833,1
2021,55,48000,0.4062958218460183,1
2023,55,48000,0.34106604288950376,1
2016,55,53000,0.45470447735583713,1
2018,55,53000,0.30863058850720043,1
2021,55,53000,0.3054114284076664,1
2023,55,53000,0.27891432602843874,1
2016,55,66000,0.26343170987898984,1
2018,55,66000,0.27450610836534073,1
2021,55,66000,0.09979074281518238,1
2023,55,66000,0,1
