year,state,place,meps20_black,meps20_black_quality,meps20_hispanic,meps20_hispanic_quality,meps20_white,meps20_white_quality
2018,01,03076,0,1,0,1,0,1
2018,01,07000,.92304868,1,.74661511,1,.1241453,1
2018,01,35896,0,1,0,1,0,1
2018,01,37000,.54209018,1,.50092763,1,.11735256,1
2018,01,50000,.81642747,1,.67467397,1,.51477468,1
2018,01,51000,.79346573,1,.87202513,1,.36781609,1
2018,01,77256,.62544268,1,.66179156,1,.099255584,1
2018,02,03000,.33878967,1,.28864142,1,.21668881,1
2018,04,04720,.50735664,1,.50945354,1,.33994016,1
2018,04,07940,.43404636,1,.4861809,1,.26498953,1
2018,04,12000,.10571428,1,.16503547,1,.017545298,1
2018,04,23620,.17431192,1,.18080357,1,.042926829,1
2018,04,27400,0,1,0,1,0,1
2018,04,27820,.58244205,1,.60290647,1,.20506942,1
2018,04,28380,.14416777,1,.11785617,1,.035849653,1
2018,04,46000,.3993074,1,.43742323,1,.13238122,1
2018,04,54050,.46501768,1,.5313068,1,.15043384,1
2018,04,55000,.67695463,1,.78227425,1,.20099299,1
2018,04,65000,.17817163,1,.28673649,1,.02442809,1
2018,04,71510,.082234778,1,.11115538,1,.034462575,1
2018,04,73000,.40084389,1,.34253022,1,.12004082,1
2018,04,77000,.62080967,1,.68916196,1,.26892838,1
2018,04,85540,.6195122,1,.65731353,1,.43049815,1
2018,05,23290,.22580644,1,.18799368,1,.11643462,1
2018,05,24550,.83292079,1,.89650738,1,.5821256,1
2018,05,35710,.78879225,1,.66713387,1,.36519885,1
2018,05,41000,.67850429,1,.75025952,1,.24147254,1
2018,05,66080,.66666669,1,.78290993,1,.45120811,1
2018,06,00562,0,1,0,1,0,1
2018,06,00884,.77777779,1,.75836581,1,.72014928,1
2018,06,02000,.68068832,1,.77091521,1,.30818936,1
2018,06,02252,.58281904,1,.67229682,1,.56647396,1
2018,06,02364,.83834279,1,.77099234,1,.66195416,1
2018,06,03526,.81327599,1,.81162679,1,.40314415,1
2018,06,04982,.92399406,1,.95071363,1,.69122809,1
2018,06,06000,.01943095,1,.0035559067,1,.00068728521,1
2018,06,08786,.67409474,1,.71748579,1,.39865622,1
2018,06,08954,0,1,.0028708135,1,.00083951309,1
2018,06,11194,0,1,0,1,0,1
2018,06,11530,.92814559,1,.85089374,1,.81620556,1
2018,06,13014,.28818443,1,.34780234,1,.18072289,1
2018,06,13210,.30628273,1,.60037506,1,.34906831,1
2018,06,13214,.046511628,1,.011456628,1,.0029282577,1
2018,06,13392,.17217484,1,.40002123,1,.14315937,1
2018,06,13588,.72126436,1,.65075034,1,.51717371,1
2018,06,14218,.18292683,1,.18764034,1,.081530467,1
2018,06,15044,.99767101,1,.99842912,1,1,1
2018,06,16000,.40562913,1,.52115339,1,.12781955,1
2018,06,16350,.12746757,1,.28294787,1,.057726361,1
2018,06,16532,.42553192,1,.64328343,1,.24601063,1
2018,06,17918,.035211269,1,.062003665,1,.029605264,1
2018,06,19766,.44615385,1,.40662983,1,.32762095,1
2018,06,21712,.55948371,1,.46576563,1,.2832956,1
2018,06,22020,.051337153,1,.033613447,1,.015449128,1
2018,06,22230,1,1,1,1,1,1
2018,06,22804,.50687623,1,.64889109,1,.13305204,1
2018,06,23182,.30016312,1,.37743318,1,.11910322,1
2018,06,24638,0,1,0,1,0,1
2018,06,24680,.65992647,1,.85317105,1,.57591432,1
2018,06,26000,.047685836,1,.041387025,1,.025816649,1
2018,06,27000,.81479388,1,.83978611,1,.40556648,1
2018,06,28000,.30363035,1,.44286931,1,.1056701,1
2018,06,29000,.81578946,1,.90693307,1,.41110709,1
2018,06,30000,.4107143,1,.66206092,1,.45371079,1
2018,06,32548,.76186889,1,.75174016,1,.201726,1
2018,06,33000,.54400003,1,.68459314,1,.4313364,1
2018,06,33182,.97517169,1,.9609437,1,.91497642,1
2018,06,33434,.95172411,1,.92223722,1,.86406672,1
2018,06,36000,.052884616,1,.11400954,1,.0057931244,1
2018,06,36448,.67415732,1,.77898943,1,.36581594,1
2018,06,36546,.90270489,1,.94697064,1,.52542371,1
2018,06,36770,0,1,0,1,0,1
2018,06,37692,.67281103,1,.8897016,1,.72874492,1
2018,06,39496,.073529415,1,.34628671,1,.058209959,1
2018,06,39892,.24860933,1,.35567531,1,.09440928,1
2018,06,40130,.86641747,1,.82913566,1,.62370902,1
2018,06,41992,.03960396,1,.068989873,1,.0071673417,1
2018,06,43000,.71547234,1,.72922695,1,.14185639,1
2018,06,44000,.82139808,1,.93083876,1,.29475927,1
2018,06,45484,.11895161,1,.24723116,1,.12513812,1
2018,06,46842,.23803191,1,.27595013,1,.12305962,1
2018,06,46898,.88143831,1,.85618442,1,.68165678,1
2018,06,47766,.024154589,1,.10577865,1,.016161617,1
2018,06,48256,0,1,0,1,0,1
2018,06,48354,.6768769,1,.75764543,1,.49457002,1
2018,06,49270,.99140263,1,.99387509,1,.98465568,1
2018,06,49670,.0090909088,1,.094923645,1,.0068623712,1
2018,06,50076,0,1,0,1,0,1
2018,06,50258,.16470589,1,.3444812,1,.11319112,1
2018,06,51182,0,1,0,1,0,1
2018,06,52526,.93841642,1,.884413,1,.85340315,1
2018,06,53000,.66356361,1,.84305763,1,.17699777,1
2018,06,53322,.40927258,1,.39992651,1,.12991142,1
2018,06,53896,.37621832,1,.76615852,1,.2373078,1
2018,06,53980,.41975307,1,.59966528,1,.19935691,1
2018,06,54652,.63505155,1,.7668553,1,.71274835,1
2018,06,55156,.91425741,1,.92094934,1,.61531937,1
2018,06,56000,.25100806,1,.29963681,1,.089158647,1
2018,06,56700,.9481982,1,.94603282,1,.94911736,1
2018,06,57456,.59585494,1,.62452108,1,.5842185,1
2018,06,57792,0,1,0,1,0,1
2018,06,58072,.79571104,1,.89344472,1,.66318929,1
2018,06,59444,.85089684,1,.87335801,1,.67385352,1
2018,06,59451,.15077139,1,.21035598,1,.075218476,1
2018,06,59920,.55744684,1,.53754264,1,.37969205,1
2018,06,60102,.26027396,1,.34604716,1,.037491705,1
2018,06,60466,1,1,1,1,1,1
2018,06,60620,.76298058,1,.8791635,1,.36278448,1
2018,06,62000,.57107371,1,.68878567,1,.33657858,1
2018,06,62938,.017377567,1,.074040219,1,.013838311,1
2018,06,64000,.71203995,1,.70081037,1,.40860939,1
2018,06,64224,.54655868,1,.71890587,1,.37979206,1
2018,06,65000,.9823103,1,.98591071,1,.95587188,1
2018,06,65042,.13592233,1,.21807601,1,.079159692,1
2018,06,66000,.61075002,1,.61762172,1,.078307211,1
2018,06,67000,.28081092,1,.28387538,1,.053279631,1
2018,06,68000,.22737102,1,.46031496,1,.044649322,1
2018,06,68084,.33212474,1,.34881499,1,.24332978,1
2018,06,68196,.070234112,1,.18275829,1,.028464666,1
2018,06,68252,.03846154,1,.059768066,1,.02153432,1
2018,06,68378,0,1,0,1,0,1
2018,06,69000,.60986549,1,.8876527,1,.12946729,1
2018,06,69070,.096774191,1,.28501087,1,.032630615,1
2018,06,69084,0,1,0,1,0,1
2018,06,69088,0,1,0,1,0,1
2018,06,69196,.56321841,1,.84722388,1,.18738347,1
2018,06,70000,0,1,0,1,0,1
2018,06,70098,.18991597,1,.40925416,1,.065883502,1
2018,06,72016,.0039467192,1,.10091358,1,.010423247,1
2018,06,73080,1,1,1,1,1,1
2018,06,75000,.77968234,1,.83113098,1,.53948241,1
2018,06,77000,0,1,0,1,0,1
2018,06,78120,.3078261,1,.26144812,1,.21522367,1
2018,06,78582,.050925925,1,.070180304,1,.005725896,1
2018,06,80000,.11877394,1,.14267032,1,.011980831,1
2018,06,80238,.17821783,1,.31593132,1,.12640885,1
2018,06,80854,.44444445,1,.68948877,1,.24803862,1
2018,06,81344,.3897883,1,.37273327,1,.12952381,1
2018,06,81554,.16625917,1,.24181548,1,.068446845,1
2018,06,81666,.52646673,1,.5890612,1,.48615092,1
2018,06,82590,.95358652,1,.94994193,1,.90214306,1
2018,06,82954,.69650656,1,.71514517,1,.51805133,1
2018,06,82996,.50362319,1,.66906947,1,.38795474,1
2018,06,84200,.45023698,1,.44385323,1,.27549946,1
2018,06,84550,.71875,1,.83285242,1,.46683672,1
2018,06,85292,.5,1,.56942707,1,.23987256,1
2018,08,03455,.22,1,.25334132,1,.076311134,1
2018,08,04000,.3172704,1,.40870199,1,.089199379,1
2018,08,07850,0,1,0,1,0,1
2018,08,12815,.10034602,1,.29796955,1,.012383329,1
2018,08,16000,.39337891,1,.3966172,1,.14072604,1
2018,08,20000,.44153747,1,.57932949,1,.13256404,1
2018,08,27425,.096256681,1,.13982499,1,.044248637,1
2018,08,32155,.41720429,1,.40800068,1,.1252384,1
2018,08,43000,.22162162,1,.33894321,1,.10409476,1
2018,08,45970,.0867052,1,.27869099,1,.047857367,1
2018,08,46465,.07272727,1,.14271012,1,.066457354,1
2018,08,62000,.47416973,1,.62432718,1,.41201928,1
2018,08,77290,.26463103,1,.2628437,1,.064995356,1
2018,08,83835,.10243902,1,.15057385,1,.033603828,1
2018,09,08000,.78942704,1,.78695726,1,.63523746,1
2018,09,18430,.22952853,1,.33660772,1,.18800889,1
2018,09,37000,.90334779,1,.93523294,1,.87445039,1
2018,09,52000,.61641467,1,.61068928,1,.28932261,1
2018,09,55990,.1118177,1,.13320497,1,.04160101,1
2018,09,73000,.069606416,1,.054979719,1,.020243675,1
2018,09,80000,.91408765,1,.9011634,1,.7786811,1
2018,11,50000,.62581146,1,.20675778,1,.031279892,1
2018,12,07300,.044294294,1,.024643607,1,.032588273,1
2018,12,07875,.66271698,1,.39003062,1,.14677827,1
2018,12,10275,.057534248,1,.04193956,1,.012613171,1
2018,12,12875,.46431255,1,.40204677,1,.16220869,1
2018,12,14400,.16464975,1,.11307873,1,.047110699,1
2018,12,16475,.29605436,1,.19439608,1,.091838911,1
2018,12,16725,.91714466,1,.74317741,1,.71916008,1
2018,12,17200,.15575916,1,.14428727,1,.14632678,1
2018,12,17935,0,1,0,1,0,1
2018,12,24000,.89330757,1,.65479118,1,.37659574,1
2018,12,24125,.46188852,1,.37336275,1,.10314351,1
2018,12,25175,.3816922,1,.15418342,1,.1020018,1
2018,12,30000,.9276213,1,.84339559,1,.76176888,1
2018,12,32000,.75622869,1,.70558822,1,.63262439,1
2018,12,32275,.91842216,1,.82317722,1,.80922693,1
2018,12,35000,.62654442,1,.38907871,1,.2210363,1
2018,12,36950,.3548387,1,.40280139,1,.30942076,1
2018,12,38250,.414545,1,.40037864,1,.25948182,1
2018,12,39425,.21694089,1,.18052818,1,.1462585,1
2018,12,43975,.70785874,1,.51992995,1,.37666243,1
2018,12,45000,.82453996,1,.53594124,1,.18914126,1
2018,12,45025,.2754491,1,.29214731,1,.091379307,1
2018,12,45060,.96333331,1,.89713544,1,.96190476,1
2018,12,45975,.63712585,1,.25427914,1,.21322957,1
2018,12,49675,.083969466,1,.082439676,1,.071953252,1
2018,12,53000,.62761486,1,.32633194,1,.11380231,1
2018,12,54000,.62251264,1,.57176,1,.51272041,1
2018,12,54200,.33913043,1,.28405619,1,.25843057,1
2018,12,55775,.23491916,1,.10831957,1,.063221276,1
2018,12,57425,.65345514,1,.25939119,1,.16355141,1
2018,12,58050,.95505911,1,.87356603,1,.58241206,1
2018,12,58715,0,1,0,1,0,1
2018,12,63000,0,1,0,1,0,1
2018,12,69700,.58389121,1,.47866955,1,.47226277,1
2018,12,70600,.52719957,1,.34138614,1,.11143202,1
2018,12,71000,.7335903,1,.59220952,1,.23770164,1
2018,12,76600,.92693323,1,.87901378,1,.46757871,1
2018,13,03440,1,1,1,1,1,1
2018,13,04000,.67777503,1,.34856528,1,.043454122,1
2018,13,04204,.99770063,1,.99831223,1,.99392653,1
2018,13,19000,.88069439,1,.75295913,1,.45992059,1
2018,13,42425,0,1,0,1,0,1
2018,13,49008,.99536783,1,.9957338,1,.99129891,1
2018,13,67284,.15019763,1,.31468004,1,.038026124,1
2018,13,68516,0,1,0,1,0,1
2018,13,69000,.70382524,1,.5065617,1,.21708328,1
2018,13,72122,,,,,,
2018,13,80508,.76313746,1,.68663597,1,.47944739,1
2018,15,71550,,,,,,
2018,16,08830,.20433018,1,.22375,1,.1260386,1
2018,16,52120,.043835618,1,.034832601,1,.016994676,1
2018,16,56260,.19135803,1,.3082594,1,.2489585,1
2018,17,02154,0,1,0,1,0,1
2018,17,03012,.41142133,1,.69684106,1,.099782832,1
2018,17,06613,.41707921,1,.49050087,1,.26166147,1
2018,17,12385,.40172413,1,.38557214,1,.19819278,1
2018,17,14000,.89019299,1,.86303627,1,.33560565,1
2018,17,14351,.9831081,1,.99277484,1,1,1
2018,17,23074,.8606928,1,.88655561,1,.45924765,1
2018,17,24582,.0613801,1,.055681303,1,.018419975,1
2018,17,38570,.71667743,1,.76396412,1,.33755529,1
2018,17,51622,0,1,0,1,0,1
2018,17,59000,.85528183,1,.78453737,1,.41650754,1
2018,17,65000,.8271094,1,.81269449,1,.65105104,1
2018,17,68003,0,1,0,1,0,1
2018,17,72000,.71921867,1,.6025641,1,.58672774,1
2018,17,79293,.98511499,1,.9812929,1,.9931857,1
2018,18,05860,.32102728,1,.18906942,1,.11131899,1
2018,18,10342,0,1,0,1,0,1
2018,18,22000,.6775924,1,.55555558,1,.35436133,1
2018,18,23278,0,1,0,1,0,1
2018,18,25000,.74760461,1,.73315364,1,.31176713,1
2018,18,31000,.94770962,1,.96768951,1,.95156527,1
2018,18,36003,.72518766,1,.70545918,1,.38597116,1
2018,18,71000,.80351084,1,.73784977,1,.63389045,1
2018,19,12000,.39463049,1,.27723464,1,.15272678,1
2018,19,19000,.43031123,1,.4003984,1,.29498526,1
2018,19,21000,.6668607,1,.7108565,1,.43370068,1
2018,19,73335,.25331971,1,.2345808,1,.14302513,1
2018,20,36000,.89207274,1,.92581713,1,.66477776,1
2018,20,38900,.1193634,1,.12809917,1,.069343068,1
2018,20,52575,.036235087,1,.12744722,1,.016111966,1
2018,20,53775,0,1,0,1,0,1
2018,20,71000,.79845816,1,.76423246,1,.3899079,1
2018,20,79000,.81084222,1,.86809033,1,.56706709,1
2018,21,46027,.47760728,1,.45695364,1,.22570638,1
2018,21,48006,.73162687,1,.71219993,1,.53563923,1
2018,22,05000,.59176964,1,.40732318,1,.068685167,1
2018,22,40735,.53718853,1,.31824234,1,.13930462,1
2018,22,41155,.72540945,1,.4605968,1,.12348808,1
2018,22,55000,.84378195,1,.67095715,1,.21718061,1
2018,22,70000,.66988355,1,.44261065,1,.10681164,1
2018,24,04000,.85382229,1,.83630431,1,.47467178,1
2018,24,30325,.14095613,1,.25298691,1,.038884193,1
2018,25,07000,.65250546,1,.65178818,1,.17139907,1
2018,25,09000,.5920549,1,.66094583,1,.4877544,1
2018,25,11000,0,1,0,1,0,1
2018,25,23000,.88083416,1,.89543307,1,.69073659,1
2018,25,34550,1,1,1,1,1,1
2018,25,37000,.96816975,1,.92607355,1,.88642591,1
2018,25,37490,.89530891,1,.91998899,1,.69928402,1
2018,25,45000,.91179383,1,.92233479,1,.80285174,1
2018,25,45560,0,1,0,1,0,1
2018,25,55745,.25343511,1,.26206896,1,.13905039,1
2018,25,62535,.36907217,1,.47443461,1,.2099625,1
2018,25,67000,.99525893,1,.9943316,1,.99479526,1
2018,25,82000,.78366405,1,.84325963,1,.57715225,1
2018,26,03000,.03662597,1,.024669074,1,.05516199,1
2018,26,21000,.7452901,1,.71599567,1,.67906862,1
2018,26,22000,.99824882,1,.99850827,1,.95361835,1
2018,26,27440,0,1,0,1,0,1
2018,26,29000,.89677715,1,.79611653,1,.65868133,1
2018,26,34000,.61046326,1,.66034156,1,.12319546,1
2018,26,46000,.79608893,1,.766352,1,.54854465,1
2018,26,49000,.34550196,1,.11682893,1,.079439253,1
2018,26,69035,0,1,0,1,0,1
2018,26,74900,.6042223,1,.5,1,.14455445,1
2018,26,76460,.2585752,1,.12524851,1,.24206686,1
2018,26,80700,0,1,0,1,0,1
2018,26,84000,.76843363,1,.54694837,1,.29356039,1
2018,26,86000,.44417307,1,.30573249,1,.29708272,1
2018,26,88940,.7555359,1,.82853776,1,.50200135,1
2018,27,06616,.10373648,1,.12287334,1,.012545454,1
2018,27,07966,.70095801,1,.82049304,1,.53382087,1
2018,27,17000,.48318583,1,.33956388,1,.19097376,1
2018,27,43000,.73497951,1,.68847388,1,.18135555,1
2018,27,51730,.022879465,1,.0042872452,1,.00162584,1
2018,27,54880,.15160351,1,.13532609,1,.040642899,1
2018,27,58000,.74683547,1,.44117647,1,.021978023,1
2018,27,71428,0,1,0,1,0,1
2018,28,36000,1,1,1,1,1,1
2018,29,15670,.39528102,1,.35650769,1,.17282936,1
2018,29,35000,.46591422,1,.50964886,1,.36510327,1
2018,29,38000,.76777166,1,.67050141,1,.18290731,1
2018,29,41348,.02601156,1,.0050825919,1,.013732222,1
2018,29,54074,0,1,0,1,0,1
2018,29,65000,.90106082,1,.41501105,1,.075388841,1
2018,29,70000,.67302191,1,.55854344,1,.44817409,1
2018,30,06550,.056910571,1,.091090426,1,.042053789,1
2018,31,28000,.39777777,1,.34634653,1,.15109722,1
2018,31,37000,.43281251,1,.65518004,1,.10823426,1
2018,32,31900,.40000001,1,.33211577,1,.21198311,1
2018,32,40000,.70067793,1,.78582007,1,.36358932,1
2018,32,51800,.77125889,1,.80067933,1,.55490029,1
2018,32,60600,.40458488,1,.5461697,1,.17131311,1
2018,32,68400,.4257642,1,.58217615,1,.17360729,1
2018,33,45140,.3474074,1,.40153539,1,.24894565,1
2018,33,50260,.1843318,1,.31232396,1,.13171166,1
2018,34,13690,.18778281,1,.34728581,1,.16616039,1
2018,34,21000,.97139895,1,.94622469,1,.88785481,1
2018,34,36000,.86351275,1,.77360189,1,.68033826,1
2018,34,51000,.94621623,1,.96616042,1,.96397245,1
2018,34,57000,1,1,1,1,1,1
2018,34,74000,.98680174,1,.98950714,1,.8309859,1
2018,35,02000,.63625252,1,.68814564,1,.31045201,1
2018,35,39380,.57565218,1,.6521557,1,.49843848,1
2018,35,63460,.049627792,1,.093257658,1,.066551127,1
2018,35,70500,.43333334,1,.64747298,1,.28779167,1
2018,36,01000,.8237136,1,.71170175,1,.23518132,1
2018,36,11000,.96733743,1,.9252919,1,.61239296,1
2018,36,50617,.064061791,1,.21305032,1,.039926063,1
2018,36,51000,.69733846,1,.65841228,1,.10022794,1
2018,36,63000,.86052758,1,.79719454,1,.26256359,1
2018,36,73000,.98694605,1,.95986038,1,.70684409,1
2018,36,84000,.6837709,1,.68961012,1,.34105653,1
2018,37,02140,.23311445,1,.35556373,1,.16654904,1
2018,37,10740,.0013755158,1,.0010007506,1,.00022053959,1
2018,37,12000,.5978772,1,.62191606,1,.11498836,1
2018,37,14100,.23156554,1,.2731891,1,.14232603,1
2018,37,19000,.51263458,1,.53127998,1,.095443062,1
2018,37,22920,.77336472,1,.64771521,1,.43128583,1
2018,37,25580,.82996809,1,.80438823,1,.48167038,1
2018,37,28000,.71381289,1,.71681863,1,.16154589,1
2018,37,28080,.78944689,1,.69179332,1,.3202877,1
2018,37,31400,.73266727,1,.75451529,1,.35978553,1
2018,37,55000,.35227495,1,.33357036,1,.067111745,1
2018,37,74440,.62828946,1,.44734499,1,.14826933,1
2018,37,75000,.71590477,1,.67117119,1,.11902098,1
2018,38,25700,.26886529,1,.13787375,1,.065602072,1
2018,39,01000,.8358739,1,.72850239,1,.41063538,1
2018,39,15000,.67802596,1,.56448299,1,.14389685,1
2018,39,16000,.82984984,1,.7666235,1,.44864187,1
2018,39,18000,.89966857,1,.82939583,1,.55355048,1
2018,39,21000,.89103955,1,.73656321,1,.56155062,1
2018,39,61000,.3428064,1,.28268877,1,.21432592,1
2018,39,77000,.8173331,1,.69737935,1,.46324387,1
2018,40,09050,.11341393,1,.15958475,1,.095663264,1
2018,40,23200,.0664794,1,.082931243,1,.026593626,1
2018,40,41850,.67017651,1,.69992971,1,.58431447,1
2018,40,52500,.42054263,1,.3501749,1,.32483339,1
2018,40,55000,.39208823,1,.26276204,1,.27927595,1
2018,40,75000,.74292892,1,.73442239,1,.39938101,1
2018,41,05350,.21956521,1,.27351829,1,.12256729,1
2018,41,05800,.079646021,1,.15210991,1,.042398944,1
2018,41,23850,.17548746,1,.30819932,1,.15808429,1
2018,41,31250,.31213874,1,.3446776,1,.27149627,1
2018,41,34100,.17460318,1,.34951156,1,.15052083,1
2018,41,47000,.44067797,1,.57084692,1,.34697387,1
2018,41,59000,.45862168,1,.44041678,1,.15965174,1
2018,41,64900,.56335282,1,.78430688,1,.33760446,1
2018,42,02000,.86799997,1,.91395378,1,.24855748,1
2018,42,06088,.30480045,1,.44894204,1,.13425526,1
2018,42,24000,.90911019,1,.83086056,1,.48585048,1
2018,42,60000,.98858285,1,.97308445,1,.90319479,1
2018,42,61000,.87515253,1,.54994851,1,.21905674,1
2018,42,63624,.83433372,1,.9228214,1,.21079749,1
2018,42,69000,.98714858,1,.99745142,1,.94545847,1
2018,44,19180,.31262526,1,.39072621,1,.10922962,1
2018,44,54640,.95539457,1,.92109257,1,.82767856,1
2018,44,59000,.91315454,1,.93421841,1,.89002758,1
2018,44,74300,0,1,0,1,0,1
2018,45,13330,.65240717,1,.4237968,1,.21571527,1
2018,45,16000,.63075638,1,.5222196,1,.32629418,1
2018,45,48535,0,1,0,2,0,1
2018,45,50875,.80508155,1,.80732483,1,.34358522,1
2018,46,59020,.44731978,1,.43239668,1,.12150627,1
2018,47,14000,.92558283,1,.9697094,1,.61281013,1
2018,47,15160,.48362377,1,.39712918,1,.34881684,1
2018,47,27740,0,1,0,1,0,1
2018,47,40000,.6108551,1,.42974603,1,.17072189,1
2018,47,48000,.92596555,1,.9238593,1,.5172587,1
2018,47,51560,.27904898,1,.35080108,1,.10591456,1
2018,47,52006,.77286375,1,.82717019,1,.4614774,1
2018,48,01000,.62394536,1,.60438007,1,.37244087,1
2018,48,01924,.10462928,1,.15662241,1,.035581838,1
2018,48,03000,.69212347,1,.67277694,1,.24739325,1
2018,48,04000,.35698479,1,.54986101,1,.16371508,1
2018,48,05000,.54092497,1,.59911847,1,.062518798,1
2018,48,06128,.5860312,1,.65919548,1,.48412484,1
2018,48,07000,.74439996,1,.74233806,1,.1997328,1
2018,48,10768,.96721309,1,.97938126,1,.98397434,1
2018,48,10912,.78731585,1,.81536877,1,.59105909,1
2018,48,13024,.17650463,1,.48866478,1,.1131037,1
2018,48,13552,0,1,0,1,0,1
2018,48,15976,0,1,0,1,0,1
2018,48,16432,.28468263,1,.57924229,1,.39230087,1
2018,48,17000,.59043115,1,.59670663,1,.27208808,1
2018,48,19000,.85997725,1,.84400797,1,.2345559,1
2018,48,19972,.2792373,1,.33027393,1,.18191175,1
2018,48,22660,.72388059,1,.88209885,1,.77041602,1
2018,48,24000,.60432601,1,.69681865,1,.51980716,1
2018,48,26232,0,1,0,1,0,1
2018,48,27000,.75178719,1,.78741354,1,.24392988,1
2018,48,27684,0,1,0,1,0,1
2018,48,29000,.62942576,1,.70476377,1,.57022423,1
2018,48,30464,.57136571,1,.76901531,1,.55413878,1
2018,48,35000,.79929841,1,.81007296,1,.27500001,1
2018,48,37000,.52360374,1,.69717288,1,.51856148,1
2018,48,39148,.54234964,1,.57134098,1,.4986296,1
2018,48,41464,.60294116,1,.78949481,1,.67241377,1
2018,48,41980,.018438177,1,.05196771,1,.011306209,1
2018,48,42508,.18249428,1,.34795436,1,.07891234,1
2018,48,43888,.56454939,1,.60128677,1,.31846604,1
2018,48,45000,.77412331,1,.63709325,1,.31101134,1
2018,48,45384,.85714287,1,.88310361,1,.68646288,1
2018,48,45744,.055543955,1,.13010111,1,.017486127,1
2018,48,47892,.64381999,1,.78920782,1,.66384405,1
2018,48,48072,.19708373,1,.22440714,1,.04301716,1
2018,48,48768,.47887325,1,.83862191,1,.46085408,1
2018,48,50820,.075000003,1,.097756408,1,.05035485,1
2018,48,53388,.28190339,1,.39035678,1,.19968508,1
2018,48,56000,.77530867,1,.83662367,1,.53911805,1
2018,48,56348,0,1,0,1,0,1
2018,48,57200,.97500002,1,.97039849,1,.98048782,1
2018,48,58016,.1013316,1,.1951551,1,.034473985,1
2018,48,61796,.22929381,1,.21677002,1,.058677044,1
2018,48,63500,.11298627,1,.13903233,1,.032677785,1
2018,48,64472,.34079999,1,.37303197,1,.21691974,1
2018,48,65000,.59493893,1,.66774648,1,.22534098,1
2018,48,70808,.057725694,1,.085330307,1,.026367335,1
2018,48,72176,.62102509,1,.5358935,1,.33500341,1
2018,48,74144,.66538972,1,.80455786,1,.3105222,1
2018,48,76000,.83411181,1,.76302487,1,.36868614,1
2018,48,79000,.66033256,1,.67058611,1,.44303411,1
2018,49,43660,0,1,0,1,0,1
2018,49,44320,0,1,0,1,0,1
2018,49,55980,.31455398,1,.44708681,1,.13457888,1
2018,49,57300,.020547945,1,.04335634,1,.013617098,1
2018,49,62470,.1573604,1,.20463321,1,.068414219,1
2018,49,65330,0,3,0,1,0,1
2018,49,67000,.4915548,1,.54970568,1,.11124245,1
2018,49,67440,.16724738,1,.13980161,1,.027699411,1
2018,49,70850,0,1,0,1,0,1
2018,49,82950,.01718213,1,.022504725,1,.0055817664,1
2018,49,83470,.50537634,1,.5141983,1,.38307747,1
2018,51,01000,.16867021,1,.21666388,1,.062227149,1
2018,51,16000,.20435144,1,.14199699,1,.042851213,1
2018,51,35000,.37546977,1,.32298136,1,.2571491,1
2018,51,47672,.62601441,1,.46911958,1,.30966881,1
2018,51,56000,.81661445,1,.79226547,1,.64013344,1
2018,51,57000,.62296838,1,.52945006,1,.29801428,1
2018,51,64000,.57851809,1,.45356372,1,.31268883,1
2018,51,67000,.63369489,1,.61289251,1,.16372597,1
2018,51,68000,.87141401,1,.72535211,1,.36304051,1
2018,51,76432,.1982407,1,.1229611,1,.078440063,1
2018,51,82000,.14622816,1,.060485378,1,.018559381,1
2018,53,03180,.17344312,1,.23095238,1,.14506213,1
2018,53,05210,0,1,0,1,0,1
2018,53,05280,.031578947,1,.044025157,1,.01228191,1
2018,53,22640,.035363458,1,.05098325,1,.033712015,1
2018,53,23515,.21515989,1,.23832823,1,.10819009,1
2018,53,35275,.41390729,1,.41820487,1,.19932061,1
2018,53,35415,.39723319,1,.43814531,1,.20690268,1
2018,53,35940,0,1,0,1,0,1
2018,53,53545,.45762712,1,.60013711,1,.1809755,1
2018,53,57745,.0057531381,1,.001934236,1,.0016058395,1
2018,53,63000,.22930439,1,.1962287,1,.022779465,1
2018,53,67000,.46400693,1,.41526952,1,.26477498,1
2018,53,67167,.059459459,1,.20751342,1,.028206015,1
2018,53,70000,.47840887,1,.4896,1,.24992552,1
2018,53,74060,.12413793,1,.16773631,1,.075839885,1
2018,53,80010,.5419355,1,.77891856,1,.33022875,1
2018,55,02375,.030037547,1,.013873474,1,.0063478979,1
2018,55,31000,.48473284,1,.4573122,1,.11525484,1
2018,55,39225,.54579502,1,.46667802,1,.23627557,1
2018,55,48000,.22837085,1,.25600561,1,.096898548,1
2018,55,53000,.89299798,1,.79296911,1,.44988987,1
2018,55,66000,.62439537,1,.56834388,1,.29085618,1
2017,01,03076,0,1,0,1,0,1
2017,01,07000,.92705798,1,.75203586,1,.12389924,1
2017,01,35896,0,1,0,1,0,1
2017,01,37000,.5446133,1,.50032276,1,.11967982,1
2017,01,50000,.81478858,1,.67223066,1,.5544036,1
2017,01,51000,.82626289,1,.89496404,1,.43919939,1
2017,01,77256,.62330765,1,.65510947,1,.092471361,1
2017,02,03000,.73324215,1,.60498917,1,.29877639,1
2017,04,04720,.48804972,1,.46524683,1,.36387014,1
2017,04,07940,.26016259,1,.30492446,1,.15542185,1
2017,04,12000,.10124703,1,.16573264,1,.023109844,1
2017,04,23620,.18446602,1,.21488947,1,.044365857,1
2017,04,27400,0,1,0,1,0,1
2017,04,27820,.47258669,1,.46545172,1,.12983899,1
2017,04,28380,.20999999,1,.21108742,1,.083506636,1
2017,04,46000,.49771559,1,.5641982,1,.18907388,1
2017,04,54050,.29893237,1,.36054134,1,.096221469,1
2017,04,55000,.6776731,1,.79254109,1,.21328542,1
2017,04,65000,.10446247,1,.17959256,1,.016630059,1
2017,04,71510,.13583441,1,.13348384,1,.054126196,1
2017,04,73000,.38963267,1,.39746228,1,.1107161,1
2017,04,77000,.57527083,1,.64332855,1,.22553192,1
2017,04,85540,.59124088,1,.65512913,1,.41537783,1
2017,05,23290,.18996799,1,.16157556,1,.093568906,1
2017,05,24550,.81125438,1,.86531442,1,.48035231,1
2017,05,35710,.94772232,1,.85101742,1,.54007804,1
2017,05,41000,.73221016,1,.7252627,1,.3356286,1
2017,05,66080,.58941609,1,.69411105,1,.3828662,1
2017,06,00562,0,1,0,1,0,1
2017,06,00884,.94505495,1,.89132196,1,.87686568,1
2017,06,02000,.67236465,1,.74227244,1,.27877027,1
2017,06,02252,.50963914,1,.6295234,1,.4828355,1
2017,06,02364,.91181988,1,.81556505,1,.014771049,1
2017,06,03526,.79176033,1,.79700738,1,.41284165,1
2017,06,04982,.96737587,1,.98371691,1,.7631579,1
2017,06,06000,.025016036,1,.0023932988,1,.00025106705,1
2017,06,08786,.671875,1,.71393561,1,.4108108,1
2017,06,08954,.00243309,1,.0030245746,1,.00042182227,1
2017,06,11194,0,1,0,1,0,1
2017,06,11530,.93070918,1,.87090224,1,.78064513,1
2017,06,13014,.28611898,1,.35208508,1,.19175053,1
2017,06,13210,.32448378,1,.58514553,1,.33111784,1
2017,06,13214,.03929273,1,.010621062,1,.0023333333,1
2017,06,13392,.16648765,1,.38885206,1,.15805976,1
2017,06,13588,.69382024,1,.67530632,1,.50929594,1
2017,06,14218,.16691285,1,.19261187,1,.084861964,1
2017,06,15044,.99860954,1,.99983191,1,1,1
2017,06,16000,.35429448,1,.49278301,1,.10250391,1
2017,06,16350,.11586051,1,.31304908,1,.063349955,1
2017,06,16532,.42944786,1,.63697606,1,.2496879,1
2017,06,17918,.29032257,1,.41383609,1,.15262321,1
2017,06,19766,.44211996,1,.41013294,1,.30523255,1
2017,06,21712,.61141467,1,.50592065,1,.33513415,1
2017,06,22020,.030033637,1,.016807659,1,.0095561687,1
2017,06,22230,1,2,1,1,1,1
2017,06,22804,.487524,1,.65914309,1,.14181769,1
2017,06,23182,.36256218,1,.43510425,1,.14822912,1
2017,06,24638,0,1,0,1,0,1
2017,06,24680,.65807378,1,.85591191,1,.57019943,1
2017,06,26000,.03846154,1,.039117537,1,.024242423,1
2017,06,27000,.76526141,1,.80578786,1,.37025118,1
2017,06,28000,.22955975,1,.42231703,1,.077549875,1
2017,06,29000,.80263156,1,.91470891,1,.42211732,1
2017,06,30000,.4212766,1,.66232598,1,.44730428,1
2017,06,32548,.76418751,1,.7485593,1,.21473685,1
2017,06,33000,.4703669,1,.61337137,1,.33795917,1
2017,06,33182,.96857774,1,.96040499,1,.91960591,1
2017,06,33434,.9516257,1,.91792238,1,.89253539,1
2017,06,36000,.023255814,1,.10313841,1,.0031042129,1
2017,06,36448,.70149255,1,.77483112,1,.36316568,1
2017,06,36546,.90409422,1,.95561659,1,.5272727,1
2017,06,36770,0,1,0,1,0,1
2017,06,37692,.75862068,1,.93042254,1,.79464287,1
2017,06,39496,.049689442,1,.36154288,1,.054781199,1
2017,06,39892,.25137305,1,.36439323,1,.094348662,1
2017,06,40130,.86735564,1,.8185367,1,.57748508,1
2017,06,41992,.12195122,1,.21999529,1,.032585632,1
2017,06,43000,.70796245,1,.73012191,1,.14449297,1
2017,06,44000,.79138398,1,.91832411,1,.29949978,1
2017,06,45484,.18761726,1,.30919623,1,.19057703,1
2017,06,46842,.22860962,1,.2738924,1,.12758391,1
2017,06,46898,.96732026,1,.95179605,1,.81862605,1
2017,06,47766,.028037382,1,.098718554,1,.012635379,1
2017,06,48256,0,1,0,1,0,1
2017,06,48354,.71728694,1,.78587884,1,.53518993,1
2017,06,49270,.90704787,1,.94208109,1,.94668537,1
2017,06,49670,.0091743115,1,.087540716,1,.0067466265,1
2017,06,50076,0,1,0,1,0,1
2017,06,50258,.25301206,1,.34900147,1,.11898197,1
2017,06,51182,0,1,0,1,0,1
2017,06,52526,.91253644,1,.86097986,1,.84455961,1
2017,06,53000,.68994033,1,.87314135,1,.20114286,1
2017,06,53322,.38665655,1,.34701747,1,.10776103,1
2017,06,53896,.41234756,1,.79977828,1,.32783744,1
2017,06,53980,.42331287,1,.61724168,1,.20114185,1
2017,06,54652,.71730769,1,.79192811,1,.7712934,1
2017,06,55156,.83433849,1,.86361307,1,.52561307,1
2017,06,56000,.23094271,1,.32978722,1,.10082385,1
2017,06,56700,.96093327,1,.94617963,1,.96375269,1
2017,06,57456,.63022178,1,.68239897,1,.65360504,1
2017,06,57792,0,1,0,1,0,1
2017,06,58072,.79445016,1,.89757317,1,.56570715,1
2017,06,59444,.8458904,1,.88214785,1,.6761269,1
2017,06,59451,.23098996,1,.29263914,1,.10153483,1
2017,06,59920,.56078434,1,.49243772,1,.37508622,1
2017,06,60102,.20645161,1,.28659964,1,.041747574,1
2017,06,60466,1,1,1,1,1,1
2017,06,60620,.75211376,1,.80941802,1,.38567838,1
2017,06,62000,.46619794,1,.60332572,1,.26469812,1
2017,06,62938,.12168486,1,.10749,1,.035471864,1
2017,06,64000,.74096668,1,.73192292,1,.40944177,1
2017,06,64224,.43921569,1,.63901365,1,.26646248,1
2017,06,65000,.98550242,1,.98579764,1,.96334589,1
2017,06,65042,.16431925,1,.2220358,1,.076022543,1
2017,06,66000,.6139589,1,.60648495,1,.067369625,1
2017,06,67000,.29357618,1,.29562104,1,.053867728,1
2017,06,68000,.21049401,1,.44378063,1,.034548856,1
2017,06,68084,.37841627,1,.40398622,1,.25346112,1
2017,06,68196,.12195122,1,.29404914,1,.04435762,1
2017,06,68252,.059999999,1,.060201876,1,.015714286,1
2017,06,68378,0,1,0,1,0,1
2017,06,69000,.59745765,1,.88358498,1,.12438764,1
2017,06,69070,.11764706,1,.29359472,1,.03272929,1
2017,06,69084,.028277636,1,.062513664,1,.0087145967,1
2017,06,69088,0,1,0,1,0,1
2017,06,69196,.45614034,1,.73761082,1,.14861938,1
2017,06,70000,0,1,0,1,0,1
2017,06,70098,.23930269,1,.43280411,1,.092213683,1
2017,06,72016,.00390625,1,.11350182,1,.0099317664,1
2017,06,73080,1,1,1,1,1,1
2017,06,75000,.7851032,1,.83295649,1,.54282779,1
2017,06,77000,.015,1,.057416268,1,.027981527,1
2017,06,78120,.055660378,1,.060113959,1,.018074485,1
2017,06,78582,.033175357,1,.082228117,1,.0075105331,1
2017,06,80000,.10625621,1,.14854942,1,.013330758,1
2017,06,80238,.15206185,1,.30943397,1,.10526316,1
2017,06,80854,.49372384,1,.69446194,1,.23322147,1
2017,06,81344,.43728423,1,.4392828,1,.18844314,1
2017,06,81554,.15107913,1,.25171134,1,.067266069,1
2017,06,81666,.54327291,1,.5840106,1,.48700672,1
2017,06,82590,.9551931,1,.95088011,1,.90797234,1
2017,06,82954,.69230771,1,.73444158,1,.52213633,1
2017,06,82996,.53141361,1,.75004029,1,.46825173,1
2017,06,84200,.50222224,1,.4762693,1,.33624879,1
2017,06,84550,.83333331,1,.92493713,1,.64564222,1
2017,06,85292,.44736841,1,.54661196,1,.24028715,1
2017,08,03455,.23529412,1,.27360415,1,.059921194,1
2017,08,04000,.35429966,1,.46486932,1,.10699152,1
2017,08,07850,0,1,0,1,0,1
2017,08,12815,.10066476,1,.20469193,1,.010904608,1
2017,08,16000,.45013723,1,.43925124,1,.16750459,1
2017,08,20000,.49512136,1,.66702938,1,.15899222,1
2017,08,27425,.09485095,1,.16734457,1,.049426515,1
2017,08,32155,.42060086,1,.41617841,1,.12594816,1
2017,08,43000,.18163265,1,.33645606,1,.052353792,1
2017,08,45970,.1,1,.32217944,1,.05250695,1
2017,08,46465,.15300547,1,.19120654,1,.099659547,1
2017,08,62000,.80923694,1,.79662275,1,.70976526,1
2017,08,77290,.30964467,1,.40794677,1,.10837025,1
2017,08,83835,.11989101,1,.22659656,1,.056651279,1
2017,09,08000,.62831664,1,.6352393,1,.37832093,1
2017,09,18430,.12857144,1,.21180613,1,.10617577,1
2017,09,37000,.934955,1,.97683537,1,.90634847,1
2017,09,52000,.56608397,1,.61614704,1,.29271916,1
2017,09,55990,.034196891,1,.020678397,1,.010794602,1
2017,09,73000,.049504951,1,.016901802,1,.001487779,1
2017,09,80000,.82072288,1,.819538,1,.69862646,1
2017,11,50000,.70795065,1,.49982342,1,.084671989,1
2017,12,07300,.03677563,1,.023804048,1,.03193561,1
2017,12,07875,.71121818,1,.42307693,1,.24981132,1
2017,12,10275,.29236111,1,.26091185,1,.16432391,1
2017,12,12875,.64860851,1,.58474219,1,.34247968,1
2017,12,14400,.19745973,1,.14685544,1,.078220345,1
2017,12,16475,.78844088,1,.3823151,1,.27512899,1
2017,12,16725,.98434955,1,.9716599,1,.94791669,1
2017,12,17200,.44178525,1,.46165609,1,.44731688,1
2017,12,17935,0,1,0,1,0,1
2017,12,24000,.9810468,1,.92836422,1,.68721938,1
2017,12,24125,.5495007,1,.49599651,1,.20633264,1
2017,12,25175,.5667401,1,.24754806,1,.22214803,1
2017,12,30000,.91269541,1,.8388074,1,.70187163,1
2017,12,32000,.88358212,1,.81263965,1,.60786694,1
2017,12,32275,.87255317,1,.77991426,1,.781488,1
2017,12,35000,.66662443,1,.46491113,1,.27571616,1
2017,12,36950,.578385,1,.5924136,1,.52138215,1
2017,12,38250,.54361486,1,.51522404,1,.35702369,1
2017,12,39425,.67441863,1,.57039863,1,.4747276,1
2017,12,43975,.70252472,1,.51123339,1,.38585609,1
2017,12,45000,.81283247,1,.56718415,1,.22007225,1
2017,12,45025,.30203044,1,.28696606,1,.087222219,1
2017,12,45060,.96460176,1,.93679655,1,.9710145,1
2017,12,45975,.63458806,1,.24198113,1,.21570013,1
2017,12,49675,.40232557,1,.4528302,1,.4090535,1
2017,12,53000,.67381173,1,.48254052,1,.17538203,1
2017,12,54000,.64070427,1,.6233722,1,.57725716,1
2017,12,54200,.49638119,1,.51161331,1,.48412699,1
2017,12,55775,.24426535,1,.1224369,1,.088767253,1
2017,12,57425,.5868448,1,.29987046,1,.22052488,1
2017,12,58050,.94594949,1,.85251337,1,.5727101,1
2017,12,58715,0,1,0,1,0,1
2017,12,63000,0,1,0,1,0,1
2017,12,69700,.80296481,1,.54921114,1,.51935482,1
2017,12,70600,.59905928,1,.35954583,1,.13072793,1
2017,12,71000,.74538773,1,.59319168,1,.26547489,1
2017,12,76600,.82901275,1,.78897089,1,.40206757,1
2017,13,03440,1,1,1,1,1,1
2017,13,04000,.67142659,1,.34985179,1,.042915877,1
2017,13,04204,.99739891,1,.99824405,1,.99562937,1
2017,13,19000,.88271958,1,.76861811,1,.46212015,1
2017,13,42425,0,1,0,1,0,1
2017,13,49008,.99589401,1,.99487615,1,.99052036,1
2017,13,67284,.084665224,1,.23933403,1,.019725557,1
2017,13,68516,1,1,1,1,1,1
2017,13,69000,.68570006,1,.46886975,1,.21147788,1
2017,13,80508,.7691192,1,.6900804,1,.49116725,1
2017,15,71550,,,,,,
2017,16,08830,.19609262,1,.22692472,1,.1180739,1
2017,16,52120,.040247679,1,.031945441,1,.01605658,1
2017,16,56260,.26797387,1,.449435,1,.31351393,1
2017,17,02154,0,1,.020955574,1,.0011150048,1
2017,17,03012,.38413724,1,.68398416,1,.084281228,1
2017,17,06613,.41582277,1,.50741065,1,.2610302,1
2017,17,12385,.37317359,1,.36865148,1,.17373258,1
2017,17,14000,.89893866,1,.87479329,1,.35771316,1
2017,17,14351,.98107255,1,.99181724,1,.99607074,1
2017,17,23074,.88771665,1,.89201993,1,.48205289,1
2017,17,24582,0,1,0,1,0,1
2017,17,38570,.71911055,1,.76576185,1,.33691895,1
2017,17,51622,0,1,0,1,0,1
2017,17,59000,.81651258,1,.75109994,1,.3571718,1
2017,17,65000,.75984567,1,.72810405,1,.55070752,1
2017,17,68003,0,1,0,1,0,1
2017,17,72000,.75664335,1,.60206187,1,.62914443,1
2017,17,79293,.94970906,1,.94979697,1,.92868465,1
2017,18,05860,.26765189,1,.14916286,1,.088324763,1
2017,18,10342,0,1,0,1,0,1
2017,18,22000,.61536151,1,.46846846,1,.22394182,1
2017,18,23278,0,1,0,1,0,1
2017,18,25000,.52278918,1,.50867623,1,.16396646,1
2017,18,31000,.9657082,1,.98560393,1,.98248589,1
2017,18,36003,.69454443,1,.6939044,1,.36981317,1
2017,18,71000,.74451721,1,.71438885,1,.51179487,1
2017,19,12000,.33899298,1,.25334322,1,.12485842,1
2017,19,19000,.40147784,1,.35668156,1,.26434901,1
2017,19,21000,.66606873,1,.70063138,1,.42378342,1
2017,19,73335,.2994152,1,.28562313,1,.180342,1
2017,20,36000,.89916915,1,.95583409,1,.69772762,1
2017,20,38900,.099462368,1,.10333049,1,.056916699,1
2017,20,52575,.069168173,1,.2289775,1,.034318443,1
2017,20,53775,0,1,0,1,0,1
2017,20,71000,.85621154,1,.80112642,1,.44073284,1
2017,20,79000,.75473112,1,.8435533,1,.54201078,1
2017,21,46027,.67899126,1,.66700912,1,.36691862,1
2017,21,48006,.78892112,1,.80787319,1,.60355914,1
2017,22,05000,.85021812,1,.81343853,1,.27692994,1
2017,22,40735,.52135009,1,.2952314,1,.11641221,1
2017,22,41155,.64187354,1,.40896359,1,.11868033,1
2017,22,55000,.78803074,1,.68145055,1,.17013334,1
2017,22,70000,.77848357,1,.54758191,1,.23849671,1
2017,24,04000,.84524471,1,.82223034,1,.46459019,1
2017,24,30325,.13985306,1,.25633913,1,.027334584,1
2017,25,07000,.79606622,1,.70647323,1,.17827004,1
2017,25,09000,.57347101,1,.64569664,1,.48085374,1
2017,25,11000,.079930797,1,.062980033,1,.0064735943,1
2017,25,23000,.7372973,1,.74101442,1,.61806184,1
2017,25,34550,1,1,1,1,1,1
2017,25,37000,.92962468,1,.88855308,1,.83985418,1
2017,25,37490,.90945792,1,.93614781,1,.73826021,1
2017,25,45000,.90700161,1,.92176986,1,.8015008,1
2017,25,45560,0,1,0,1,0,1
2017,25,55745,.19903691,1,.18532111,1,.10485391,1
2017,25,62535,.38477367,1,.54367983,1,.28165087,1
2017,25,67000,.9941197,1,.99347425,1,.99526966,1
2017,25,82000,.63334656,1,.63962382,1,.41591817,1
2017,26,03000,.045837916,1,.026064845,1,.055930112,1
2017,26,21000,.72883254,1,.69119287,1,.67646039,1
2017,26,22000,.99587762,1,.98901099,1,.95105857,1
2017,26,27440,0,1,0,1,0,1
2017,26,29000,.98928475,1,.96907216,1,.97447604,1
2017,26,34000,.63443065,1,.6913116,1,.15153283,1
2017,26,46000,.83128214,1,.79780513,1,.58733666,1
2017,26,49000,.087736309,1,.043290045,1,.044037879,1
2017,26,69035,0,1,0,1,0,1
2017,26,74900,.59646553,1,.56310678,1,.16787003,1
2017,26,76460,.29078948,1,.17221135,1,.26921377,1
2017,26,80700,.042772863,1,.031185031,1,.040979244,1
2017,26,84000,.82569051,1,.6875,1,.44848484,1
2017,26,86000,.41390607,1,.36144578,1,.3237941,1
2017,26,88940,.77342254,1,.8451317,1,.52268243,1
2017,27,06616,.12100344,1,.1394541,1,.011215951,1
2017,27,07966,.68791407,1,.7898773,1,.49658704,1
2017,27,17000,.61612904,1,.33333334,1,.22329353,1
2017,27,43000,.75594598,1,.62431437,1,.20576622,1
2017,27,51730,.030689057,1,.004449388,1,.0026058631,1
2017,27,54880,.25697753,1,.13203214,1,.045788217,1
2017,27,58000,.64864862,1,.53521127,1,.027972028,1
2017,27,71428,0,1,0,1,0,1
2017,28,36000,1,1,1,1,1,1
2017,29,15670,.34710065,1,.33891213,1,.14852741,1
2017,29,35000,.61282986,1,.65407997,1,.51963592,1
2017,29,38000,.81976068,1,.75469768,1,.24940617,1
2017,29,41348,.024006622,1,.012415349,1,.012270804,1
2017,29,54074,0,1,0,1,0,1
2017,29,65000,.92899036,1,.44504023,1,.14846236,1
2017,29,70000,.67613089,1,.57618213,1,.45104912,1
2017,30,06550,.16386555,1,.22730242,1,.07565999,1
2017,31,28000,.53109688,1,.47883597,1,.22416505,1
2017,31,37000,.44862458,1,.67342669,1,.1180599,1
2017,32,31900,.34315515,1,.26382533,1,.14417517,1
2017,32,40000,.66974407,1,.76629704,1,.31588936,1
2017,32,51800,.77490741,1,.82052517,1,.50057995,1
2017,32,60600,.095427439,1,.16992819,1,.055797495,1
2017,32,68400,.022371365,1,.024808347,1,.0097172176,1
2017,33,45140,.41106719,1,.48641211,1,.3242349,1
2017,33,50260,.19900498,1,.32146871,1,.14047065,1
2017,34,13690,.30082989,1,.40158519,1,.21185702,1
2017,34,21000,.9657672,1,.94580805,1,.8818391,1
2017,34,36000,.8193928,1,.79237658,1,.73134989,1
2017,34,51000,.94406188,1,.99090874,1,.99481863,1
2017,34,57000,1,1,1,1,1,1
2017,34,74000,.94051713,1,.98642731,1,.73708922,1
2017,35,02000,.63159966,1,.70560771,1,.31988373,1
2017,35,39380,.62092626,1,.72143269,1,.56144375,1
2017,35,63460,.09456265,1,.14600934,1,.10900152,1
2017,35,70500,.37423313,1,.66404027,1,.27850357,1
2017,36,01000,.55218589,1,.43359819,1,.087537095,1
2017,36,11000,.96901721,1,.92635703,1,.62168086,1
2017,36,50617,.059920106,1,.2059167,1,.03998597,1
2017,36,51000,.68965608,1,.66178089,1,.10161217,1
2017,36,63000,.8758862,1,.79588044,1,.26968023,1
2017,36,73000,.95608425,1,.94647717,1,.67662466,1
2017,36,84000,.78076625,1,.80215532,1,.53908539,1
2017,37,02140,.24120604,1,.373211,1,.20153399,1
2017,37,10740,.0016286644,1,.00050517806,1,.00014336918,1
2017,37,12000,.62179524,1,.6594196,1,.11385085,1
2017,37,14100,.23612693,1,.27876791,1,.1457635,1
2017,37,19000,.50745386,1,.51947409,1,.10273107,1
2017,37,22920,.69788551,1,.57745188,1,.35444039,1
2017,37,25580,.71312159,1,.70762229,1,.43793947,1
2017,37,28000,.65018398,1,.67181975,1,.13222934,1
2017,37,28080,.67727047,1,.64356434,1,.27908456,1
2017,37,31400,.73557264,1,.76166797,1,.37443721,1
2017,37,55000,.33285558,1,.3223511,1,.056234717,1
2017,37,74440,.62614954,1,.45631367,1,.15248296,1
2017,37,75000,.71958375,1,.68241543,1,.13262412,1
2017,38,25700,.18869123,1,.092803031,1,.049526744,1
2017,39,01000,.79383296,1,.67765188,1,.40121087,1
2017,39,15000,.69714302,1,.56435323,1,.15218265,1
2017,39,16000,.87815696,1,.83937317,1,.50157201,1
2017,39,18000,.87966859,1,.8107332,1,.4739123,1
2017,39,21000,.94884741,1,.81026059,1,.66244531,1
2017,39,61000,.29802513,1,.20114395,1,.14127946,1
2017,39,77000,.75711977,1,.7317397,1,.50381148,1
2017,40,09050,.1007706,1,.14977191,1,.060754497,1
2017,40,23200,.063258789,1,.08970207,1,.02638191,1
2017,40,41850,.51986182,1,.56362993,1,.44929603,1
2017,40,52500,.40452754,1,.38696861,1,.30847555,1
2017,40,55000,.77042449,1,.8706122,1,.34317368,1
2017,40,75000,.7932142,1,.82054245,1,.51044071,1
2017,41,05350,.21609703,1,.26322666,1,.10912958,1
2017,41,05800,.054263566,1,.15222834,1,.043805212,1
2017,41,23850,.2,1,.34652928,1,.17790475,1
2017,41,31250,.2631579,1,.28189835,1,.17479943,1
2017,41,34100,.11140583,1,.29286608,1,.083163269,1
2017,41,47000,.45384616,1,.54430032,1,.3130385,1
2017,41,59000,.56905067,1,.54206073,1,.21055745,1
2017,41,64900,.51717174,1,.76741374,1,.30448812,1
2017,42,02000,.87456447,1,.8835116,1,.25440735,1
2017,42,06088,.28858665,1,.42906794,1,.11010072,1
2017,42,24000,.86840487,1,.78869897,1,.40763199,1
2017,42,60000,.91202408,1,.9512462,1,.88469356,1
2017,42,61000,.74756157,1,.45856664,1,.17451948,1
2017,42,63624,.87309647,1,.96364731,1,.30422002,1
2017,42,69000,.98987341,1,.99622381,1,.95104164,1
2017,44,19180,.33811477,1,.38787228,1,.11237992,1
2017,44,54640,.8646943,1,.78211677,1,.63180429,1
2017,44,59000,.91271508,1,.93113559,1,.84747666,1
2017,44,74300,0,1,0,1,0,1
2017,45,13330,.67781019,1,.38123167,1,.23185895,1
2017,45,16000,.57971311,1,.40957585,1,.28061092,1
2017,45,48535,,,,,,
2017,45,50875,.80899489,1,.81021506,1,.3378675,1
2017,46,59020,.4667511,1,.43148997,1,.12779233,1
2017,47,14000,.88852042,1,.93777168,1,.62743777,1
2017,47,15160,.5446189,1,.46992299,1,.40208036,1
2017,47,27740,0,1,0,1,0,1
2017,47,40000,.65365851,1,.44492105,1,.19337901,1
2017,47,48000,.93598032,1,.92832142,1,.57895702,1
2017,47,51560,.25738475,1,.31962964,1,.086289823,1
2017,47,52006,.82757807,1,.84155172,1,.52202827,1
2017,48,01000,.71001685,1,.68551153,1,.45550448,1
2017,48,01924,.053955376,1,.10494269,1,.017141756,1
2017,48,03000,.64585519,1,.58029073,1,.21309592,1
2017,48,04000,.34785113,1,.54845703,1,.15653487,1
2017,48,05000,.49505678,1,.5520786,1,.052371148,1
2017,48,06128,.5942806,1,.68125939,1,.48082983,1
2017,48,07000,.72060198,1,.70060331,1,.16738728,1
2017,48,10768,1,1,1,1,1,1
2017,48,10912,.81242037,1,.80145305,1,.62147355,1
2017,48,13024,.23738317,1,.54447824,1,.12181945,1
2017,48,13552,0,1,0,1,0,1
2017,48,15976,0,1,0,1,0,1
2017,48,16432,.29375765,1,.58271688,1,.39439866,1
2017,48,17000,.73096192,1,.72742009,1,.39233559,1
2017,48,19000,.87102437,1,.84980768,1,.22849497,1
2017,48,19972,.31816193,1,.38047287,1,.21603535,1
2017,48,22660,.7348485,1,.86516881,1,.74409449,1
2017,48,24000,.58232826,1,.66985869,1,.49459103,1
2017,48,26232,0,1,0,1,0,1
2017,48,27000,.69994909,1,.70028991,1,.17608298,1
2017,48,27684,0,1,0,1,0,1
2017,48,29000,.43495288,1,.56194568,1,.37910634,1
2017,48,30464,.4779247,1,.68081927,1,.47911906,1
2017,48,35000,.77139294,1,.76525134,1,.24707097,1
2017,48,37000,.62274665,1,.80696177,1,.61189801,1
2017,48,39148,.47674516,1,.48587751,1,.40291914,1
2017,48,41464,.58974361,1,.79122007,1,.77340567,1
2017,48,41980,.025164114,1,.06336733,1,.015656086,1
2017,48,42508,.10585468,1,.28635642,1,.048228346,1
2017,48,43888,.5362286,1,.58253521,1,.29161555,1
2017,48,45000,.67816091,1,.52283812,1,.20988855,1
2017,48,45384,.83333331,1,.87859279,1,.78206366,1
2017,48,45744,.040279839,1,.14501619,1,.019111825,1
2017,48,47892,.67277378,1,.82216221,1,.65788502,1
2017,48,48072,.17664233,1,.22174345,1,.041042112,1
2017,48,48768,.3968254,1,.82967359,1,.39700374,1
2017,48,50820,.01897019,1,.041079812,1,.022451317,1
2017,48,53388,.21965748,1,.29010639,1,.13317192,1
2017,48,56000,.75613618,1,.82361484,1,.47824666,1
2017,48,56348,0,1,0,1,0,1
2017,48,57200,1,2,.96992362,1,.9631902,1
2017,48,58016,.10895645,1,.22183499,1,.045245584,1
2017,48,61796,.1301876,1,.21138982,1,.056020703,1
2017,48,63500,.096045196,1,.13866471,1,.030201342,1
2017,48,64472,.33699059,1,.39560655,1,.21384384,1
2017,48,65000,.5910154,1,.65980434,1,.21722339,1
2017,48,70808,.020461472,1,.076279528,1,.0086268876,1
2017,48,72176,.80434781,1,.71064532,1,.44932508,1
2017,48,74144,.67352015,1,.81863248,1,.32672805,1
2017,48,76000,.8914752,1,.88066828,1,.39401147,1
2017,48,79000,.6652739,1,.6728937,1,.44642064,1
2017,49,43660,0,1,0,1,0,1
2017,49,44320,0,1,0,1,0,1
2017,49,55980,.47196263,1,.59053141,1,.17490533,1
2017,49,57300,.036144577,1,.046501424,1,.016037736,1
2017,49,62470,.17088607,1,.22924902,1,.06739378,1
2017,49,65330,0,3,0,1,0,1
2017,49,67000,.50063801,1,.54494774,1,.11223751,1
2017,49,67440,.038869258,1,.073519625,1,.026530201,1
2017,49,70850,0,1,0,1,0,1
2017,49,82950,.012944984,1,.026485326,1,.0056733931,1
2017,49,83470,.62212485,1,.62252486,1,.42699191,1
2017,51,01000,.09758132,1,.14828068,1,.03233289,1
2017,51,16000,.25918138,1,.17489879,1,.054528508,1
2017,51,35000,.37555611,1,.32513049,1,.24041738,1
2017,51,47672,.63177949,1,.48770493,1,.31862095,1
2017,51,56000,.56562871,1,.43814433,1,.27541479,1
2017,51,57000,.63981301,1,.56153053,1,.34730178,1
2017,51,64000,.58136827,1,.40824741,1,.30837473,1
2017,51,67000,.63548499,1,.6154027,1,.16170628,1
2017,51,68000,.68317825,1,.64254385,1,.21822122,1
2017,51,76432,.2085074,1,.11276332,1,.077876873,1
2017,51,82000,.19518292,1,.086200282,1,.026213333,1
2017,53,03180,.17547807,1,.24947925,1,.13512824,1
2017,53,05210,0,1,0,1,0,1
2017,53,05280,.066390045,1,.057627119,1,.016727529,1
2017,53,22640,.1198556,1,.16081694,1,.065068491,1
2017,53,23515,.29747388,1,.32210803,1,.1641791,1
2017,53,35275,.57432431,1,.55798244,1,.29133785,1
2017,53,35415,.48188767,1,.5456003,1,.25481597,1
2017,53,35940,0,1,0,1,0,1
2017,53,53545,.49315068,1,.65649265,1,.23773672,1
2017,53,57745,0,1,0,1,0,1
2017,53,63000,.3616789,1,.32300517,1,.035570771,1
2017,53,67000,.44768855,1,.41186824,1,.25687584,1
2017,53,67167,.16838488,1,.17002237,1,.075604759,1
2017,53,70000,.53364021,1,.58496273,1,.29868892,1
2017,53,74060,.12064965,1,.2083538,1,.078660622,1
2017,53,80010,.64705884,1,.8155722,1,.39518073,1
2017,55,02375,.047858942,1,.040253021,1,.024743268,1
2017,55,31000,.44803184,1,.45670187,1,.098191068,1
2017,55,39225,.45739472,1,.3998656,1,.18229716,1
2017,55,48000,.24419335,1,.27030888,1,.1090318,1
2017,55,53000,.91782951,1,.85378569,1,.60645092,1
2017,55,66000,.57925713,1,.55120599,1,.29633477,1
2016,01,03076,0,1,0,1,0,1
2016,01,07000,.92518163,1,.68657297,1,.12218045,1
2016,01,35896,0,1,0,1,0,1
2016,01,37000,.54585028,1,.49733689,1,.12038447,1
2016,01,50000,.79115444,1,.64503205,1,.54104906,1
2016,01,51000,.83589208,1,.90024573,1,.48709241,1
2016,01,77256,.64893758,1,.66728282,1,.11927112,1
2016,02,03000,.46019176,1,.35294119,1,.13451327,1
2016,04,04720,.59397078,1,.60979801,1,.41207269,1
2016,04,07940,.38230088,1,.48842511,1,.27125564,1
2016,04,12000,.11107905,1,.18688737,1,.019247629,1
2016,04,23620,.30612245,1,.44217023,1,.15124442,1
2016,04,27400,.024223275,1,.044607844,1,.014674687,1
2016,04,27820,.60132575,1,.61899894,1,.23746161,1
2016,04,28380,.1631068,1,.19433199,1,.080820642,1
2016,04,46000,.52327222,1,.62211668,1,.23033386,1
2016,04,54050,.54228854,1,.58014446,1,.19550888,1
2016,04,55000,.58426464,1,.74561059,1,.24869329,1
2016,04,65000,.22845276,1,.34479094,1,.036470387,1
2016,04,71510,.1745135,1,.18416099,1,.082153596,1
2016,04,73000,.3960827,1,.41444087,1,.16319002,1
2016,04,77000,.61618751,1,.69920295,1,.28514493,1
2016,04,85540,.56026787,1,.55520117,1,.50721002,1
2016,05,23290,.32172996,1,.3136,1,.1515677,1
2016,05,24550,.80131656,1,.86083096,1,.46732408,1
2016,05,35710,.97525775,1,.884058,1,.56015414,1
2016,05,41000,.79470021,1,.82160747,1,.33652708,1
2016,05,66080,.75665396,1,.82392448,1,.53509122,1
2016,06,00562,.015300547,1,.01845444,1,.011536126,1
2016,06,00884,.91208792,1,.88510472,1,.84959352,1
2016,06,02000,.68872988,1,.77531892,1,.30790961,1
2016,06,02252,.54427958,1,.6487661,1,.49438202,1
2016,06,02364,.63721657,1,.55734682,1,.3857868,1
2016,06,03526,.7889415,1,.79840177,1,.41551661,1
2016,06,04982,.96467394,1,.98685855,1,.81308413,1
2016,06,06000,0,1,0,1,0,1
2016,06,08786,.60180998,1,.62345481,1,.36206895,1
2016,06,08954,0,1,0,1,0,1
2016,06,11194,0,1,0,1,0,1
2016,06,11530,.94978809,1,.89369106,1,.81836325,1
2016,06,13014,.19178082,1,.2931999,1,.13845129,1
2016,06,13210,.47858942,1,.74922055,1,.45702305,1
2016,06,13214,.048923679,1,.0099431816,1,.0025682184,1
2016,06,13392,.19253333,1,.38989425,1,.1644194,1
2016,06,13588,.68463612,1,.67862201,1,.49941108,1
2016,06,14218,.16719243,1,.19135803,1,.085594229,1
2016,06,15044,.99944764,1,.99977809,1,1,1
2016,06,16000,.37668163,1,.49812418,1,.10917566,1
2016,06,16350,.11915368,1,.31766108,1,.067789339,1
2016,06,16532,.37967914,1,.64919519,1,.27109826,1
2016,06,17918,.033333335,1,.025269646,1,.0067114094,1
2016,06,19766,.45794392,1,.40638572,1,.29109275,1
2016,06,21712,.65661103,1,.54518014,1,.38148499,1
2016,06,22020,.030415602,1,.017187148,1,.0062564104,1
2016,06,22230,1,1,1,1,1,1
2016,06,22804,.54740608,1,.68111318,1,.16514248,1
2016,06,23182,.28211212,1,.37830749,1,.11962026,1
2016,06,24638,0,1,0,1,0,1
2016,06,24680,.6629253,1,.84845304,1,.57357723,1
2016,06,26000,.041975308,1,.039030708,1,.021783995,1
2016,06,27000,.77060974,1,.80933821,1,.38006833,1
2016,06,28000,.19277108,1,.41022316,1,.0683676,1
2016,06,29000,.73214287,1,.88792062,1,.40081352,1
2016,06,30000,.45247149,1,.65918803,1,.45177966,1
2016,06,32548,.76177186,1,.73867422,1,.20752984,1
2016,06,33000,.48094612,1,.64601934,1,.45418951,1
2016,06,33182,.97190708,1,.95786852,1,.91767782,1
2016,06,33434,.94327539,1,.87632507,1,.85590971,1
2016,06,36000,.047008548,1,.10658475,1,.0060918122,1
2016,06,36448,.68720376,1,.77605087,1,.34825176,1
2016,06,36546,.81228036,1,.94612908,1,.59349591,1
2016,06,36770,0,1,0,1,0,1
2016,06,37692,.59174311,1,.74207771,1,.54258674,1
2016,06,39496,.050955415,1,.35666955,1,.056946184,1
2016,06,39892,.2717478,1,.37069747,1,.096844874,1
2016,06,40130,.95155233,1,.91665703,1,.769279,1
2016,06,41992,.085585587,1,.21582903,1,.029360466,1
2016,06,43000,.70791525,1,.73507088,1,.15034562,1
2016,06,44000,.80122828,1,.91862011,1,.29937732,1
2016,06,45484,.13609467,1,.24493076,1,.12261229,1
2016,06,46842,.068441063,1,.072721399,1,.048940353,1
2016,06,46898,.96944445,1,.94905245,1,.81651902,1
2016,06,47766,.0091743115,1,.093824796,1,.014492754,1
2016,06,48256,0,1,0,1,0,1
2016,06,48354,.6453287,1,.74322373,1,.46710834,1
2016,06,49270,.99320531,1,.99538696,1,.98714143,1
2016,06,49670,.0083333338,1,.088949844,1,.0064054257,1
2016,06,50076,0,1,0,1,0,1
2016,06,50258,.17977528,1,.28815189,1,.067547724,1
2016,06,51182,0,1,0,1,0,1
2016,06,52526,.89106143,1,.86496937,1,.82499999,1
2016,06,53000,.66120559,1,.85757852,1,.20663917,1
2016,06,53322,.36081794,1,.33587545,1,.10070336,1
2016,06,53896,.51512533,1,.8432374,1,.62682772,1
2016,06,53980,.24590164,1,.43723926,1,.1191885,1
2016,06,54652,.70152092,1,.83504713,1,.70094937,1
2016,06,55156,.81819832,1,.85191768,1,.50180322,1
2016,06,56000,.25503081,1,.31914163,1,.064039409,1
2016,06,56700,.96699327,1,.94706666,1,.96610171,1
2016,06,57456,.64679581,1,.69252115,1,.63663661,1
2016,06,57792,0,1,0,1,0,1
2016,06,58072,.78053623,1,.89419007,1,.60401893,1
2016,06,59444,.85698926,1,.90087461,1,.687751,1
2016,06,59451,.20278746,1,.25045455,1,.067386977,1
2016,06,59920,.44943821,1,.42694664,1,.29944548,1
2016,06,60102,.19871795,1,.34140402,1,.029702971,1
2016,06,60466,1,1,1,1,1,1
2016,06,60620,.76731926,1,.8773244,1,.37483445,1
2016,06,62000,.45089287,1,.60752285,1,.27093968,1
2016,06,62938,.11969697,1,.070956104,1,.027452122,1
2016,06,64000,.7255584,1,.72451776,1,.36880535,1
2016,06,64224,.45051193,1,.64503556,1,.23489362,1
2016,06,65000,.98836285,1,.98637867,1,.97001815,1
2016,06,65042,.10454545,1,.17446427,1,.05406538,1
2016,06,66000,.629951,1,.6320067,1,.0791547,1
2016,06,67000,.28628725,1,.3036252,1,.062700391,1
2016,06,68000,.22797161,1,.4839772,1,.039032113,1
2016,06,68084,.2841455,1,.30343768,1,.1455898,1
2016,06,68196,.1064935,1,.29656005,1,.039379474,1
2016,06,68252,.053254437,1,.061848123,1,.014967524,1
2016,06,68378,0,1,0,1,0,1
2016,06,69000,.70038909,1,.94732249,1,.1546476,1
2016,06,69070,.051612902,1,.25195333,1,.026500812,1
2016,06,69084,.021844661,1,.065559626,1,.011287478,1
2016,06,69088,0,1,0,1,0,1
2016,06,69196,.41919193,1,.73873621,1,.15019256,1
2016,06,70000,0,1,0,1,0,1
2016,06,70098,.25227964,1,.49531665,1,.069792703,1
2016,06,72016,.0035735557,1,.10403461,1,.013010868,1
2016,06,73080,1,1,1,1,1,1
2016,06,75000,.79831934,1,.84410042,1,.56066382,1
2016,06,77000,0,1,0,1,0,1
2016,06,78120,.063492067,1,.065422356,1,.018142773,1
2016,06,78582,.019762846,1,.086956523,1,.010286554,1
2016,06,80000,.12209889,1,.15227495,1,.013182324,1
2016,06,80238,.1792991,1,.322005,1,.11065654,1
2016,06,80854,.35361215,1,.41344941,1,.16622128,1
2016,06,81344,.40313551,1,.38802552,1,.14629889,1
2016,06,81554,.17031071,1,.28373015,1,.075588189,1
2016,06,81666,.67323804,1,.72494012,1,.54419887,1
2016,06,82590,.95684361,1,.95580173,1,.92391759,1
2016,06,82954,.6693387,1,.71629161,1,.48258153,1
2016,06,82996,.37913486,1,.59619123,1,.35560858,1
2016,06,84200,.43243244,1,.41450322,1,.25824177,1
2016,06,84550,.74025977,1,.85832369,1,.52173913,1
2016,06,85292,.40909091,1,.54404712,1,.23699649,1
2016,08,03455,.26106194,1,.26150393,1,.069736257,1
2016,08,04000,.32587656,1,.48031133,1,.10232151,1
2016,08,07850,0,1,0,1,0,1
2016,08,12815,.10982659,1,.22831403,1,.016002273,1
2016,08,16000,.46259931,1,.44633731,1,.18096393,1
2016,08,20000,.54363388,1,.73609322,1,.19758423,1
2016,08,27425,.063768119,1,.14621152,1,.025443671,1
2016,08,32155,.41866028,1,.3965486,1,.1113629,1
2016,08,43000,.17693837,1,.27124551,1,.06683404,1
2016,08,45970,.21893491,1,.41061869,1,.12218219,1
2016,08,46465,.16249999,1,.20054758,1,.11174435,1
2016,08,62000,.65605098,1,.73882234,1,.55429894,1
2016,08,77290,.28791773,1,.47084108,1,.12266112,1
2016,08,83835,.093247585,1,.20848437,1,.053334702,1
2016,09,08000,.71828377,1,.71056479,1,.46055102,1
2016,09,18430,.1277843,1,.21565187,1,.097314663,1
2016,09,37000,.94038731,1,.97488832,1,.90617484,1
2016,09,52000,.85783404,1,.82429099,1,.61257815,1
2016,09,55990,.031968031,1,.021317091,1,.0099009899,1
2016,09,73000,.090758532,1,.023295699,1,.002232143,1
2016,09,80000,.9200815,1,.9170602,1,.78707629,1
2016,11,50000,.74863797,1,.55926114,1,.12899317,1
2016,12,07300,.13150893,1,.078717202,1,.065734446,1
2016,12,07875,.83218324,1,.59699321,1,.32252392,1
2016,12,10275,.34535366,1,.34228942,1,.23685588,1
2016,12,12875,.69007802,1,.66472304,1,.41083938,1
2016,12,14400,.2402771,1,.2142618,1,.11419491,1
2016,12,16475,.47449684,1,.31784356,1,.20556204,1
2016,12,16725,.989856,1,.98482472,1,.95779687,1
2016,12,17200,.5489822,1,.56104589,1,.55735803,1
2016,12,17935,0,1,0,1,0,1
2016,12,24000,.9822709,1,.9257642,1,.67716771,1
2016,12,24125,.61663228,1,.54479402,1,.25869566,1
2016,12,25175,.55827618,1,.23318201,1,.19630408,1
2016,12,30000,.93313187,1,.88639671,1,.80835378,1
2016,12,32000,.94173104,1,.90034932,1,.78146851,1
2016,12,32275,.8786611,1,.88170683,1,.80994767,1
2016,12,35000,.75316447,1,.56523919,1,.38764954,1
2016,12,36950,.85654622,1,.85811758,1,.78127617,1
2016,12,38250,.65389878,1,.65006089,1,.46499419,1
2016,12,39425,.8732661,1,.83510166,1,.66871256,1
2016,12,43975,.72340423,1,.52258968,1,.38903451,1
2016,12,45000,.85788018,1,.7274875,1,.37235683,1
2016,12,45025,.28467155,1,.29130244,1,.083194673,1
2016,12,45060,.9424299,1,.90191483,1,.91379309,1
2016,12,45975,.71623188,1,.36651716,1,.36482641,1
2016,12,49675,.40848485,1,.46086955,1,.41963395,1
2016,12,53000,.74604982,1,.62578624,1,.30450618,1
2016,12,54000,.73703915,1,.7287842,1,.72852457,1
2016,12,54200,.75031209,1,.6857143,1,.64110285,1
2016,12,55775,.33365494,1,.16466592,1,.11317166,1
2016,12,57425,.86028177,1,.56937307,1,.45621258,1
2016,12,58050,.95107353,1,.87757802,1,.58609426,1
2016,12,58715,0,1,0,1,0,1
2016,12,63000,0,1,0,1,0,1
2016,12,69700,.81151289,1,.54331028,1,.54204476,1
2016,12,70600,.63239008,1,.41093394,1,.16763459,1
2016,12,71000,.74239689,1,.60538942,1,.28160563,1
2016,12,76600,.81750786,1,.80762404,1,.47795746,1
2016,13,03440,1,1,1,1,1,1
2016,13,04000,.6797657,1,.35919043,1,.03941967,1
2016,13,04204,.99732071,1,.99726778,1,.99600458,1
2016,13,19000,.84977275,1,.69999999,1,.38860971,1
2016,13,42425,0,1,0,1,0,1
2016,13,49008,.99736017,1,.99909419,1,.99099457,1
2016,13,67284,.11082363,1,.26454329,1,.0209319,1
2016,13,68516,1,1,1,1,1,1
2016,13,69000,.7606954,1,.54315662,1,.29041639,1
2016,13,80508,.7760644,1,.67190129,1,.49855632,1
2016,15,71550,,,,,,
2016,16,08830,.20466927,1,.2661629,1,.13880531,1
2016,16,52120,.043749999,1,.0679259,1,.035751943,1
2016,16,56260,.38157895,1,.61504042,1,.4807722,1
2016,17,02154,0,1,0,1,0,1
2016,17,03012,.37141445,1,.70020837,1,.073907591,1
2016,17,06613,.30961299,1,.4187884,1,.16698132,1
2016,17,12385,.40091771,1,.40700808,1,.19271445,1
2016,17,14000,.82448465,1,.8302778,1,.34432352,1
2016,17,14351,1,1,.99937624,1,1,1
2016,17,23074,.86100674,1,.8917889,1,.47995177,1
2016,17,24582,.0075357952,1,.00047169812,1,.0016563147,1
2016,17,38570,.71685344,1,.76255375,1,.34969211,1
2016,17,51622,0,1,0,1,0,1
2016,17,59000,.83981866,1,.77630711,1,.35378167,1
2016,17,65000,.52444905,1,.4876937,1,.336182,1
2016,17,68003,0,1,0,1,0,1
2016,17,72000,.75570971,1,.64033264,1,.62450349,1
2016,17,79293,.93819076,1,.94566447,1,.90873015,1
2016,18,05860,.43127146,1,.33126935,1,.23372443,1
2016,18,10342,0,1,0,1,0,1
2016,18,22000,.7362504,1,.67209971,1,.3829537,1
2016,18,23278,0,1,0,1,0,1
2016,18,25000,.72997248,1,.71401417,1,.31304172,1
2016,18,31000,1,1,1,1,1,1
2016,18,36003,.70048195,1,.67306721,1,.39693987,1
2016,18,71000,.82714683,1,.82884848,1,.65215296,1
2016,19,12000,.3894091,1,.29473683,1,.17955422,1
2016,19,19000,.78198886,1,.73658538,1,.67240459,1
2016,19,21000,.77233744,1,.82698572,1,.58629394,1
2016,19,73335,.59651476,1,.61238283,1,.41475546,1
2016,20,36000,.93772489,1,.9627614,1,.69758552,1
2016,20,38900,.13385826,1,.12296564,1,.077820532,1
2016,20,52575,.11018131,1,.25755975,1,.043780807,1
2016,20,53775,0,1,0,1,0,1
2016,20,71000,.82558137,1,.75424045,1,.40746021,1
2016,20,79000,.76764202,1,.85977048,1,.56133175,1
2016,21,46027,.64362735,1,.67966491,1,.3629548,1
2016,21,48006,.80512184,1,.80720681,1,.61314154,1
2016,22,05000,.89719498,1,.8312552,1,.39658824,1
2016,22,40735,.76250875,1,.66615736,1,.48843813,1
2016,22,41155,.73691875,1,.4687131,1,.13670266,1
2016,22,55000,.86756808,1,.73551875,1,.17832999,1
2016,22,70000,.75302815,1,.50123256,1,.18585394,1
2016,24,04000,.62646472,1,.509745,1,.14804786,1
2016,24,30325,.03266266,1,.083604075,1,.0064620357,1
2016,25,07000,.85998601,1,.82337809,1,.19967444,1
2016,25,09000,.70130783,1,.76083648,1,.72336125,1
2016,25,11000,.4569236,1,.35276073,1,.1104591,1
2016,25,23000,1,1,1,1,1,1
2016,25,34550,1,1,1,1,1,1
2016,25,37000,.98332173,1,.96002316,1,.94015491,1
2016,25,37490,.99885583,1,.99710375,1,.96048743,1
2016,25,45000,.89402479,1,.92517006,1,.80192971,1
2016,25,45560,0,1,0,1,0,1
2016,25,55745,.5562914,1,.5672878,1,.39344263,1
2016,25,62535,.44353184,1,.64326108,1,.41411895,1
2016,25,67000,1,1,1,1,1,1
2016,25,82000,.89419174,1,.90569061,1,.74365419,1
2016,26,03000,.057692308,1,.032786883,1,.053138714,1
2016,26,21000,.88172805,1,.72289157,1,.7281844,1
2016,26,22000,.99719667,1,.99913985,1,.9797805,1
2016,26,27440,0,1,0,1,0,1
2016,26,29000,.92724025,1,.93962264,1,.92013818,1
2016,26,34000,.68150741,1,.74225432,1,.18008299,1
2016,26,46000,.86465704,1,.82454395,1,.6345737,1
2016,26,49000,.29288912,1,.061162081,1,.037935324,1
2016,26,69035,0,1,0,1,0,1
2016,26,74900,.66032195,1,.69999999,1,.20035149,1
2016,26,76460,.26173633,1,.13387424,1,.24532753,1
2016,26,80700,0,1,0,1,0,1
2016,26,84000,.78821057,1,.68409091,1,.40757078,1
2016,26,86000,.51873201,1,.44849786,1,.43466619,1
2016,26,88940,.90563869,1,.90965092,1,.57308972,1
2016,27,06616,.2933754,1,.39105859,1,.077681661,1
2016,27,07966,.80379015,1,.88733554,1,.56494254,1
2016,27,17000,.57947022,1,.33438486,1,.23122923,1
2016,27,43000,.80840898,1,.75747204,1,.2618745,1
2016,27,51730,.039746545,1,.0034843206,1,.0024617361,1
2016,27,54880,.27998516,1,.13639002,1,.048871838,1
2016,27,58000,0,1,0,1,0,1
2016,27,71428,0,1,0,1,0,1
2016,28,36000,1,1,1,1,1,1
2016,29,15670,.36903119,1,.3602812,1,.16830967,1
2016,29,35000,.69711536,1,.68653715,1,.57224011,1
2016,29,38000,.85712719,1,.77221364,1,.27597496,1
2016,29,41348,.023696683,1,.016966067,1,.013514465,1
2016,29,54074,0,1,0,1,0,1
2016,29,65000,.76528776,1,.41009465,1,.15426998,1
2016,29,70000,.7133106,1,.60429448,1,.47798315,1
2016,30,06550,.27477476,1,.33418694,1,.1617357,1
2016,31,28000,.59126365,1,.52332658,1,.25526062,1
2016,31,37000,.5382632,1,.70990789,1,.1494507,1
2016,32,31900,.36201781,1,.29824561,1,.16044694,1
2016,32,40000,.60080034,1,.70421535,1,.27668822,1
2016,32,51800,.7839219,1,.82368076,1,.39569727,1
2016,32,60600,.0092264013,1,.026814764,1,.011530015,1
2016,32,68400,0,1,.0013020834,1,.00032175033,1
2016,33,45140,.42589578,1,.49581057,1,.32313725,1
2016,33,50260,.19259259,1,.33254251,1,.13670674,1
2016,34,13690,.33072406,1,.40720809,1,.22580644,1
2016,34,21000,.99456632,1,.97777897,1,.91749644,1
2016,34,36000,.85205561,1,.81524342,1,.74015009,1
2016,34,51000,.95942003,1,.99449587,1,.99736321,1
2016,34,57000,1,1,1,1,1,1
2016,34,74000,.98454428,1,.98604357,1,.67826086,1
2016,35,02000,.63381994,1,.71577334,1,.33977914,1
2016,35,39380,.64390242,1,.74627191,1,.58556658,1
2016,35,63460,.10178117,1,.13528563,1,.10270645,1
2016,35,70500,.31012657,1,.574628,1,.20105819,1
2016,36,01000,.71532845,1,.57198441,1,.16886884,1
2016,36,11000,.94035912,1,.90622318,1,.58921403,1
2016,36,50617,.059550066,1,.21008737,1,.05418548,1
2016,36,51000,.65737683,1,.63880152,1,.086247422,1
2016,36,63000,.85604811,1,.76506841,1,.21468464,1
2016,36,73000,.95359409,1,.94418889,1,.68140024,1
2016,36,84000,.82402956,1,.84846932,1,.58158535,1
2016,37,02140,.37155172,1,.53972501,1,.3331584,1
2016,37,10740,.018143961,1,.033569869,1,.01200277,1
2016,37,12000,.65572286,1,.70400506,1,.12504306,1
2016,37,14100,.32951906,1,.40032548,1,.23557693,1
2016,37,19000,.58108968,1,.59533006,1,.14780693,1
2016,37,22920,.77603716,1,.65184903,1,.43000567,1
2016,37,25580,.83162832,1,.80960131,1,.50202006,1
2016,37,28000,.70280451,1,.72346824,1,.16836986,1
2016,37,28080,.74196184,1,.67771637,1,.31107739,1
2016,37,31400,.76615745,1,.80916929,1,.42570093,1
2016,37,55000,.37962124,1,.34193307,1,.07512787,1
2016,37,74440,.63551402,1,.48899907,1,.16656815,1
2016,37,75000,.72017312,1,.69932926,1,.15435535,1
2016,38,25700,.060308557,1,.037894737,1,.01619965,1
2016,39,01000,.85851485,1,.76915008,1,.4569115,1
2016,39,15000,.7202217,1,.57638639,1,.17207012,1
2016,39,16000,.89031452,1,.84001958,1,.50736153,1
2016,39,18000,.86573285,1,.8027128,1,.4650504,1
2016,39,21000,.93665129,1,.79576892,1,.65030444,1
2016,39,61000,.42971888,1,.33498025,1,.25919837,1
2016,39,77000,.82792729,1,.78078705,1,.58695173,1
2016,40,09050,.1436464,1,.23956159,1,.12692225,1
2016,40,23200,.059495799,1,.089989886,1,.028678367,1
2016,40,41850,.6257233,1,.66666669,1,.55084598,1
2016,40,52500,.47448981,1,.41670236,1,.3555941,1
2016,40,55000,.73849827,1,.87998968,1,.35837117,1
2016,40,75000,.85877424,1,.8545658,1,.52916431,1
2016,41,05350,.14184397,1,.20034337,1,.061691787,1
2016,41,05800,.061068702,1,.17120823,1,.046762858,1
2016,41,23850,.12082262,1,.200271,1,.095608845,1
2016,41,31250,.25933203,1,.2911123,1,.17184292,1
2016,41,34100,.062189054,1,.19404161,1,.057467014,1
2016,41,47000,.5,1,.5373913,1,.31865612,1
2016,41,59000,.60325319,1,.5510304,1,.22189884,1
2016,41,64900,.5481928,1,.77813178,1,.32730272,1
2016,42,02000,.79769683,1,.84129798,1,.2494788,1
2016,42,06088,.20356083,1,.31795847,1,.075996675,1
2016,42,24000,.8058005,1,.73843247,1,.37144297,1
2016,42,60000,.75740981,1,.83332461,1,.82754058,1
2016,42,61000,.67706132,1,.42289156,1,.17234857,1
2016,42,63624,.86807817,1,.96890771,1,.30726147,1
2016,42,69000,.99113476,1,.99556375,1,.95597607,1
2016,44,19180,.37625754,1,.39786991,1,.12053493,1
2016,44,54640,.96732551,1,.95829165,1,.88922888,1
2016,44,59000,.90834904,1,.93339807,1,.83923411,1
2016,44,74300,0,1,0,1,0,1
2016,45,13330,.57217848,1,.27899686,1,.14209057,1
2016,45,16000,.59298164,1,.46826312,1,.23976192,1
2016,45,48535,,,,,,
2016,45,50875,.80552721,1,.82106823,1,.32358673,1
2016,46,59020,.46252966,1,.4591029,1,.13524181,1
2016,47,14000,.87784338,1,.96629781,1,.62956548,1
2016,47,15160,.53390515,1,.47557172,1,.41302833,1
2016,47,27740,.072383076,1,.056354918,1,.010827018,1
2016,47,40000,.76137221,1,.54763407,1,.29844254,1
2016,47,48000,.94364631,1,.92515957,1,.49220571,1
2016,47,51560,.41312587,1,.49653769,1,.21221974,1
2016,47,52006,.82485056,1,.85214448,1,.55263305,1
2016,48,01000,.76641726,1,.73791134,1,.4823041,1
2016,48,01924,.1178222,1,.15324092,1,.039016519,1
2016,48,03000,.71586317,1,.73279667,1,.32511756,1
2016,48,04000,.62731022,1,.75879508,1,.37618589,1
2016,48,05000,.65869921,1,.67595077,1,.089352354,1
2016,48,06128,.6425432,1,.73221695,1,.5243203,1
2016,48,07000,.81922501,1,.75612128,1,.22155689,1
2016,48,10768,1,1,1,1,1,1
2016,48,10912,.91976458,1,.93924344,1,.78857905,1
2016,48,13024,.36918697,1,.6590991,1,.16922291,1
2016,48,13552,0,1,0,1,0,1
2016,48,15976,.14814815,1,.16465309,1,.085412264,1
2016,48,16432,.59233749,1,.80121893,1,.57948577,1
2016,48,17000,.61720639,1,.6419574,1,.30051127,1
2016,48,19000,.9041881,1,.89098221,1,.30083305,1
2016,48,19972,.39312473,1,.46678883,1,.28476018,1
2016,48,22660,.8211382,1,.91339314,1,.80309421,1
2016,48,24000,.74848026,1,.82052994,1,.6245476,1
2016,48,26232,0,1,0,1,0,1
2016,48,27000,.77261871,1,.76654935,1,.25468093,1
2016,48,27684,.017467249,1,.048822027,1,.0060536303,1
2016,48,29000,.80382437,1,.89815676,1,.75585479,1
2016,48,30464,.60628045,1,.8038463,1,.56965572,1
2016,48,35000,.83316696,1,.83906317,1,.29101163,1
2016,48,37000,.76728553,1,.91334921,1,.70933938,1
2016,48,39148,.63871342,1,.66619766,1,.60007286,1
2016,48,41464,.53333336,1,.80265486,1,.64605546,1
2016,48,41980,.022172948,1,.062436547,1,.014710973,1
2016,48,42508,.22857143,1,.38313273,1,.10921895,1
2016,48,43888,.78740692,1,.78744054,1,.47470969,1
2016,48,45000,.76389813,1,.65150714,1,.31959853,1
2016,48,45384,.93617022,1,.97184753,1,.91399819,1
2016,48,45744,.073822461,1,.20033853,1,.024177017,1
2016,48,47892,.77481115,1,.89258766,1,.80083495,1
2016,48,48072,.26996967,1,.29033193,1,.067698732,1
2016,48,48768,.60294116,1,.9053542,1,.62062258,1
2016,48,50820,.10955057,1,.16908447,1,.087491132,1
2016,48,53388,.44095093,1,.56001449,1,.33719397,1
2016,48,56000,.77300614,1,.83764619,1,.51885325,1
2016,48,56348,0,1,0,1,0,1
2016,48,57200,1,2,1,1,1,1
2016,48,58016,.17598344,1,.35693678,1,.078488544,1
2016,48,61796,.26411816,1,.28146234,1,.10711565,1
2016,48,63500,.18490221,1,.21354297,1,.058599584,1
2016,48,64472,.45413533,1,.48008302,1,.32878715,1
2016,48,65000,.63571364,1,.70725995,1,.23596388,1
2016,48,70808,.065792449,1,.10573269,1,.028689107,1
2016,48,72176,.89543939,1,.79594374,1,.49897844,1
2016,48,74144,.70399219,1,.83250117,1,.38773885,1
2016,48,76000,.90391779,1,.90024614,1,.41033694,1
2016,48,79000,.80367231,1,.80904335,1,.5662266,1
2016,49,43660,.098245613,1,.1281337,1,.063023955,1
2016,49,44320,0,1,0,1,0,1
2016,49,55980,.54086536,1,.68665057,1,.23278971,1
2016,49,57300,.087499999,1,.084658675,1,.048161194,1
2016,49,62470,.29113925,1,.40486532,1,.1386212,1
2016,49,65330,0,3,0,1,0,1
2016,49,67000,.51763707,1,.5462864,1,.12229971,1
2016,49,67440,.078125,1,.10774527,1,.046736613,1
2016,49,70850,0,1,0,1,.0011881188,1
2016,49,82950,.085987262,1,.13064958,1,.043173131,1
2016,49,83470,.7828877,1,.74895912,1,.6237449,1
2016,51,01000,.11425462,1,.16906267,1,.034429017,1
2016,51,16000,.22657737,1,.15871121,1,.055396564,1
2016,51,35000,.34245786,1,.2934947,1,.22294948,1
2016,51,47672,.54841548,1,.46062407,1,.23906597,1
2016,51,56000,.58821213,1,.48385316,1,.28674561,1
2016,51,57000,.66804427,1,.60896504,1,.40687266,1
2016,51,64000,.65338683,1,.51548672,1,.38717261,1
2016,51,67000,.6375702,1,.61786538,1,.16144976,1
2016,51,68000,.69447279,1,.63868272,1,.22257838,1
2016,51,76432,.21247317,1,.095238097,1,.078145407,1
2016,51,82000,.1811038,1,.085073069,1,.024572399,1
2016,53,03180,.44561404,1,.49531916,1,.36509901,1
2016,53,05210,.032315977,1,.085515551,1,.017004341,1
2016,53,05280,.30917874,1,.37929267,1,.17388739,1
2016,53,22640,.5936811,1,.63321,1,.3457199,1
2016,53,23515,.49735194,1,.53495646,1,.31366605,1
2016,53,35275,0,1,0,1,0,1
2016,53,35415,.53957307,1,.58643711,1,.2769897,1
2016,53,35940,0,1,0,1,0,1
2016,53,53545,.48858449,1,.66542751,1,.25,1
2016,53,57745,.32916015,1,.22706965,1,.071398512,1
2016,53,63000,.48295286,1,.47904682,1,.064816222,1
2016,53,67000,.56589144,1,.56278366,1,.42295539,1
2016,53,67167,.30827066,1,.27614748,1,.15071055,1
2016,53,70000,.70323002,1,.721829,1,.45750758,1
2016,53,74060,.48003072,1,.59737307,1,.38301775,1
2016,53,80010,.79411763,1,.89260572,1,.54270887,1
2016,55,02375,.29411766,1,.35826296,1,.15527901,1
2016,55,31000,.65450644,1,.60965407,1,.18083367,1
2016,55,39225,.55107349,1,.49240121,1,.24128768,1
2016,55,48000,.36990064,1,.39476514,1,.18083623,1
2016,55,53000,.94188237,1,.90500462,1,.73380792,1
2016,55,66000,.80847871,1,.80480987,1,.55238998,1
