year,state,place,share_in_preschool,share_in_preschool_lb,share_in_preschool_ub,share_in_preschool_quality
2014,01,03076,0.43758127438231464,0.3364099475757798,0.5387526011888495,2
2014,01,07000,0.3684918591987287,0.27124764553253794,0.4657360728649194,3
2014,01,35896,0.49471957592116256,0.40572731834366305,0.5837118334986621,3
2014,01,37000,0.3416184327973794,0.25803378849243114,0.4252030771023277,3
2014,01,50000,0.45087602251972597,0.3539100710971047,0.5478419739423472,3
2014,01,51000,0.518824593921026,0.4440881312250441,0.5935610566170079,3
2014,01,77256,0.362451296685685,0.25119799500723494,0.47370459836413503,2
2014,02,03000,0.36396138720057203,0.2764155605844795,0.45150721381666453,2
2014,04,04720,0.1863033362840492,0.10523554074527224,0.2673711318228261,2
2014,04,07940,0.3468760710405678,0.23172586108137955,0.462026280999756,2
2014,04,12000,0.4455354833597084,0.379233996868243,0.5118369698511738,3
2014,04,23620,0.459511391710129,0.3618806913172647,0.5571420921029933,3
2014,04,27400,0.42776453079153354,0.3517670475289827,0.5037620140540844,1
2014,04,27820,0.22687864479208122,0.15554154486152882,0.2982157447226336,1
2014,04,28380,0.3041025552051586,0.1877587019367613,0.4204464084735559,2
2014,04,46000,0.3451132161644721,0.30495946675586316,0.38526696557308104,2
2014,04,54050,0.4118838706372634,0.3124838185325439,0.5112839227419829,2
2014,04,55000,0.3086438408361355,0.2859073517991206,0.3313803298731504,2
2014,04,65000,0.28254919003405665,0.23446582544542852,0.3306325546226848,3
2014,04,71510,0.32539776939086806,0.20591867771322356,0.44487686106851254,1
2014,04,73000,0.26401666571862276,0.1940111617270442,0.3340221697102013,3
2014,04,77000,0.35449173644867865,0.3125448383596713,0.396438634537686,2
2014,04,85540,0.41361771944216574,0.32874593394426904,0.49848950494006244,2
2014,05,23290,0.38833492692255156,0.3053029853028989,0.4713668685422042,2
2014,05,24550,0.49385805277525024,0.39249208155155435,0.5952240239989461,2
2014,05,35710,0.49046830920547896,0.4177978780685037,0.5631387403424543,2
2014,05,41000,0.4707304388249685,0.3790745423105846,0.56238633533935245,1
2014,05,66080,0.38291127734831354,0.3080134067216752,0.45780914797495187,3
2014,06,00562,0.58320987654321,0.48264000449041783,0.6837797485960022,2
2014,06,00884,0.5458122540753232,0.40549758720895435,0.686126920941692,2
2014,06,02000,0.3522836183450487,0.2792663782148408,0.42530085847525656,3
2014,06,02252,0.45982124183656536,0.3296116541606882,0.5900308295124426,1
2014,06,02364,0.36047821776692035,0.24402857118468596,0.47692786434915474,2
2014,06,03526,0.30706936752584685,0.24060944003941404,0.37352929501227966,2
2014,06,04982,0.39429237881955276,0.30877706026897067,0.47980769737013484,2
2014,06,06000,0.7357237715803453,0.6150160753211832,0.8564314678395074,1
2014,06,08786,0.549428448604636,0.4580994603105975,0.6407574368986746,3
2014,06,08954,0.5382231404958677,0.38916798650142626,0.6872782944903092,1
2014,06,11194,0.671634461544872,0.5398623716107991,0.803406551478945,1
2014,06,11530,0.5315454240413945,0.3822870250104222,0.6808038230723668,1
2014,06,13014,0.5363636363636364,0.4287870797462062,0.6439401929810665,1
2014,06,13210,0.4800999374347823,0.3727446758416011,0.5874551990279635,2
2014,06,13214,0.49205801104972374,0.3774685765076482,0.6066474455917993,2
2014,06,13392,0.40131149991491083,0.31712437035295205,0.4854986294768696,1
2014,06,13588,0.40374801591132736,0.33325777677117435,0.4742382550514804,1
2014,06,14218,0.45528617363108964,0.31156502223886107,0.5990073250233182,1
2014,06,15044,0.3299122861749863,0.24801932013436384,0.41180525221560876,2
2014,06,16000,0.5461438909970698,0.47741850838351635,0.6148692736106234,3
2014,06,16350,0.3493446546130646,0.26841628303503173,0.4302730261910974,2
2014,06,16532,0.5687303800080289,0.4554949529301855,0.6819658070858723,2
2014,06,17918,0.5325564220201848,0.4554232878794715,0.6096895561608981,2
2014,06,19766,0.5550152019429702,0.3995716132584253,0.710458790627515,1
2014,06,21712,0.4395241913266899,0.33890819284217294,0.5401401898112068,2
2014,06,22020,0.4533175782304569,0.3356588288501577,0.570976327610756,1
2014,06,22230,0.3097766598002002,0.21395173193873962,0.40560158766166077,1
2014,06,22804,0.3771685219659959,0.26381921588780666,0.4905178280441851,1
2014,06,23182,0.45462080397845,0.33022106661280637,0.5790205413440936,1
2014,06,24638,0.5213963963963963,0.37959832127435894,0.6631944715184337,2
2014,06,24680,0.32206637257230974,0.22807154409498476,0.41606120104963473,1
2014,06,26000,0.5059455774582721,0.4273989815665461,0.584492173349998,2
2014,06,27000,0.321425903929503,0.2748146961995477,0.3680371116594583,3
2014,06,28000,0.518923942962481,0.38899109883842686,0.6488567870865352,3
2014,06,29000,0.40491800687121277,0.32764430060987365,0.4821917131325519,3
2014,06,30000,0.6032730584128864,0.47342875853301103,0.7331173582927617,2
2014,06,32548,0.4144096893146159,0.30206400091896024,0.5267553777102716,2
2014,06,33000,0.5058963456556005,0.39830024286349963,0.6134924484477013,1
2014,06,33182,0.2947482225541919,0.20609699065957016,0.3833994544488137,2
2014,06,33434,0.3601981085595558,0.24371935670793052,0.47667686041118107,2
2014,06,36000,0.6689147457958029,0.5546665232739786,0.7831629683176272,3
2014,06,36448,0.2216166066015425,0.14798942202445975,0.29524379117862526,2
2014,06,36546,0.5392528273581251,0.40029683847419817,0.678208816242052,1
2014,06,36770,0.578295808086885,0.47264390616881324,0.6839477100049567,2
2014,06,37692,0.3826943438400196,0.2905689612406031,0.4748197264394361,2
2014,06,39496,0.5040330528551937,0.41161345068006894,0.5964526550303185,3
2014,06,39892,0.4720545994760398,0.36931421332731384,0.5747949856247657,2
2014,06,40130,0.3367126895216342,0.23721234287195858,0.4362130361713098,1
2014,06,41992,0.553769613471106,0.4592721321507841,0.6482670947914279,2
2014,06,43000,0.4999082489923246,0.43514972576116473,0.5646667722234845,2
2014,06,44000,0.488146576123694,0.46408806885788045,0.5122050833895075,1
2014,06,45484,0.3597877313931259,0.25193458216492143,0.4676408806213304,3
2014,06,46842,0.3656778968728967,0.27811376182888053,0.45324203191691287,2
2014,06,46898,0.31448249472064516,0.21860834396268808,0.41035664547860223,2
2014,06,47766,0.48178676435155576,0.37430723343823713,0.5892662952648744,2
2014,06,48256,0.6394335757897193,0.4647118128446511,0.8141553387347875,1
2014,06,48354,0.4294894004356293,0.33709949020108143,0.5218793106701771,1
2014,06,49270,0.2376769524989342,0.17103837781545428,0.3043155271824141,1
2014,06,49670,0.689822855158041,0.5996426059079194,0.7800031044081626,2
2014,06,50076,0.3647251457120549,0.23560581471440553,0.4938444767097042,2
2014,06,50258,0.49605343047966,0.39735646660629687,0.5947503943530231,2
2014,06,51182,0.60400615803295,0.4744602523704887,0.7335520636954113,3
2014,06,52526,0.5519999999999999,0.4117591735314893,0.6922408264685106,1
2014,06,53000,0.5445683922856647,0.4851524136617718,0.6039843709095576,3
2014,06,53322,0.3075245623269563,0.196649287430528,0.4183998372233846,2
2014,06,53896,0.3265465973159617,0.24299688856238183,0.41009630606954156,1
2014,06,53980,0.4664508505297755,0.3598464617242074,0.5730552393353435,2
2014,06,54652,0.38179168197003527,0.3035434273398515,0.460039936600219,1
2014,06,55156,0.3534326178736439,0.2680146272599391,0.4388506084873487,1
2014,06,56000,0.5970110697383424,0.49091106226074077,0.703111077215944,3
2014,06,56700,0.23632788582984335,0.12081182728844489,0.3518439443712418,2
2014,06,57456,0.6140264835703776,0.5006450851831876,0.7274078819575676,2
2014,06,57792,0.553769613471106,0.4592721321507841,0.6482670947914279,3
2014,06,58072,0.4374084712481356,0.32592277073977416,0.548894171756497,1
2014,06,59444,0.5272518646012623,0.4320707645771798,0.6224329646253448,2
2014,06,59451,0.5468014087552485,0.3666957202586,0.7269070972518971,1
2014,06,59920,0.5017681728880157,0.3911019215512996,0.6124344242247317,2
2014,06,60102,0.5045187638783273,0.4391418514625649,0.5698956762940897,2
2014,06,60466,0.40350631152465827,0.28759197278742876,0.5194206502618878,2
2014,06,60620,0.40000577105231533,0.31680275922453593,0.4832087828800947,2
2014,06,62000,0.32230816906831083,0.2566919133392811,0.3879244247973406,2
2014,06,62938,0.5433240410003171,0.447585762961277,0.6390623190393572,1
2014,06,64000,0.3966694086480096,0.3406923856748467,0.45264643162117246,2
2014,06,64224,0.3145459721036151,0.21809492246242645,0.4109970217448038,1
2014,06,65000,0.30721419491129776,0.24456223525517246,0.36986615456742306,3
2014,06,65042,0.5053618234836043,0.32735022483400855,0.6833734221332,1
2014,06,66000,0.5106298153452935,0.47005019251679175,0.5512094381737953,1
2014,06,67000,0.5415328467153284,0.4928791819399652,0.5901865114906917,2
2014,06,68000,0.48433016009019253,0.4462597182085876,0.5224006019717974,1
2014,06,68084,0.583065479970585,0.4827363099045503,0.6833946500366197,2
2014,06,68196,0.4214999620323156,0.24853778321654252,0.5944621408480887,2
2014,06,68252,0.5483110637944768,0.4768014773630098,0.6198206502259438,2
2014,06,68378,0.8038601982263955,0.7168901597003697,0.8908302367524213,2
2014,06,69000,0.33573712117450133,0.2710211967416215,0.40045304560738115,2
2014,06,69070,0.6099403578528827,0.48035360800025906,0.7395271077055063,2
2014,06,69084,0.555219389203401,0.4508822416664763,0.6595565367403257,1
2014,06,69088,0.44026369770703605,0.3635875707519466,0.5169398246621255,1
2014,06,69196,0.28343813227338605,0.17270329931372902,0.39417296523304307,2
2014,06,70000,0.7430875576036866,0.5945119437975832,0.89166317140979,3
2014,06,70098,0.46686622575189984,0.34333884015591554,0.5903936113478842,1
2014,06,72016,0.4899263845483178,0.38465221725039067,0.5952005518462449,1
2014,06,73080,0.4660436137071651,0.37655256447978713,0.5555346629345431,2
2014,06,75000,0.32625065360024186,0.2652105019213926,0.3872908052790911,3
2014,06,77000,0.6493364424426242,0.5531823771128856,0.7454905077723628,3
2014,06,78120,0.2885217344885788,0.1808615731476454,0.39618189582951224,1
2014,06,78582,0.6364580530253463,0.5047692004992675,0.7681469055514251,1
2014,06,80000,0.7629227549006897,0.6802287231079147,0.8456167866934647,2
2014,06,80238,0.3595769682726204,0.2514838551104138,0.467670081434827,2
2014,06,80854,0.5027931333360455,0.41071792237189014,0.5948683443002007,3
2014,06,81344,0.46572237960339946,0.2896579032317785,0.6417868559750204,2
2014,06,81554,0.44562690344179723,0.31461193751250605,0.5766418693710884,2
2014,06,81666,0.41237909440674547,0.28079177351516,0.543966415298331,1
2014,06,82590,0.2749924945075852,0.1446445593796609,0.4053404296355094,2
2014,06,82954,0.31328102295844235,0.17956565249313602,0.44699639342374864,1
2014,06,82996,0.2883362262281083,0.18928515822537673,0.38738729423083984,2
2014,06,84200,0.4382975352121071,0.31582308089927186,0.5607719895249423,2
2014,06,84550,0.4314044347419573,0.32162650410630894,0.5411823653776056,2
2014,06,85292,0.48910638992084343,0.38674511569861325,0.5914676641430736,2
2014,08,03455,0.5414156818453008,0.42891027601598286,0.6539210876746187,1
2014,08,04000,0.3817091826720846,0.33159657907139606,0.4318217862727731,3
2014,08,07850,0.7373859698310617,0.6263417419839441,0.8484301976781794,2
2014,08,12815,0.6335443255160682,0.5680509357264945,0.699037715305642,2
2014,08,16000,0.4872070675132633,0.4205050238627597,0.553909111163767,3
2014,08,20000,0.49451272582014816,0.4539159922699707,0.5351094593703256,1
2014,08,27425,0.49019704660497876,0.4043826018771867,0.5760114913327709,2
2014,08,32155,0.38694673668417107,0.3149174189957479,0.45897605437259426,2
2014,08,43000,0.5450533114832355,0.47198586946201265,0.6181207535044584,3
2014,08,45970,0.5045849988243593,0.4350173601102395,0.574152637538479,2
2014,08,46465,0.4404034229828851,0.33465594204721877,0.5461509039185515,2
2014,08,62000,0.37873660462492953,0.2901162035781318,0.4673570056717273,3
2014,08,77290,0.31539075331478766,0.2388740369296497,0.3919074696999256,2
2014,08,83835,0.4565444577854643,0.38553244226341365,0.527556473307515,2
2014,09,08000,0.6372228280625227,0.5270775391900903,0.7473681169349552,1
2014,09,18430,0.5187165775401069,0.4220848076384903,0.6153483474417235,2
2014,09,37000,0.5811126694717158,0.47419849732723757,0.6880268416161941,3
2014,09,52000,0.6135265700483091,0.49396258953309524,0.733090550563523,1
2014,09,55990,0.771543985637343,0.6693466559185882,0.8737413153560979,2
2014,09,73000,0.6794330518697226,0.5708027489135417,0.7880633548259035,3
2014,09,80000,0.4124203821656051,0.2991178155205651,0.5257229488106452,2
2014,11,50000,0.7005600746766235,0.6584300615882155,0.7426900877650315,1
2014,12,07300,0.6262233880702318,0.46209648202839926,0.7903502941120644,2
2014,12,07875,0.5975674868555605,0.4727996686914546,0.7223353050196664,2
2014,12,10275,0.3402173785982488,0.2200085011604622,0.4604262560360354,1
2014,12,12875,0.4697852647718269,0.34710707853083694,0.5924634510128169,2
2014,12,14400,0.5680423200924657,0.47946181635717,0.6566228238277614,1
2014,12,16475,0.4093857574116707,0.2716187381139832,0.5471527767093582,2
2014,12,16725,0.45835043085761185,0.3191987986191862,0.5975020630960375,2
2014,12,17200,0.345940494200706,0.2046421223456075,0.48723886605580446,2
2014,12,17935,0.6148111332007953,0.49644292782765975,0.7331793385739308,2
2014,12,24000,0.5302048121868802,0.4316978502769921,0.6287117740967684,3
2014,12,24125,0.4825453306952465,0.33536678123624436,0.6297238801542486,2
2014,12,25175,0.5314106684639737,0.43953670673450407,0.6232846301934433,1
2014,12,30000,0.4645640890624017,0.3850023071295858,0.5441258709952176,2
2014,12,32000,0.476226913762495,0.3696470395409324,0.5828067879840576,2
2014,12,32275,0.5336973956999728,0.4218721027625855,0.64552268863736,3
2014,12,35000,0.43728479772864975,0.37723676038103227,0.49733283507626724,3
2014,12,36950,NA,NA,NA,NA
2014,12,38250,0.38783895132000634,0.27070381945106936,0.5049740831889433,2
2014,12,39425,0.3378681155484819,0.18700487792128268,0.4887313531756811,2
2014,12,43975,0.5563834333414742,0.41905003710476096,0.6937168295781875,2
2014,12,45000,0.5249751862701085,0.45834264310834316,0.5916077294318739,2
2014,12,45025,0.6905556325236292,0.5680698604075936,0.8130414046396648,2
2014,12,45060,0.5023134349039454,0.3844117379026278,0.620215131905263,2
2014,12,45975,0.545479615767795,0.44118537644413397,0.6497738550914561,2
2014,12,49675,NA,NA,NA,NA
2014,12,53000,0.40131110258043257,0.33111247519530845,0.4715097299655567,3
2014,12,54000,0.406905055487053,0.23908341588822687,0.5747266950858791,1
2014,12,54200,NA,NA,NA,NA
2014,12,55775,0.5824386016141715,0.5020677359438127,0.6628094672845303,2
2014,12,57425,0.6000594457338508,0.49759452314330244,0.7025243683243992,2
2014,12,58050,0.5318961795994714,0.4350317029116146,0.6287606562873282,2
2014,12,58715,0.4176226999418529,0.26588178771929255,0.5693636121644132,1
2014,12,63000,0.4857330569901233,0.3799558319580992,0.5915102820221474,3
2014,12,69700,0.5987585573246245,0.5006131076236159,0.696904007025633,2
2014,12,70600,0.5329239192598435,0.41819186317460494,0.6476559753450821,1
2014,12,71000,0.3763389466052362,0.3021898633778731,0.4504880298325993,2
2014,12,76600,0.5072683092412233,0.40588300917844944,0.6086536093039973,2
2014,13,03440,0.4680648236415634,0.3627798872457815,0.5733497600373453,2
2014,13,04000,0.569671819158774,0.49862666787664905,0.6407169704408988,3
2014,13,04204,0.3117338003502627,0.24537110515989974,0.3780964955406257,1
2014,13,19000,0.5091379589196183,0.43163598700355343,0.5866399308356832,3
2014,13,42425,0.8052396603648299,0.6966551147282407,0.913824206001419,2
2014,13,49008,0.4204298416752824,0.289850112408778,0.5510095709417868,1
2014,13,67284,0.549491374424123,0.41407662664514033,0.6849061222031056,2
2014,13,68516,0.6549502050380784,0.5081443004542879,0.8017561096218689,1
2014,13,69000,0.4512163793554481,0.3299727582738231,0.5724600004370731,3
2014,13,72122,NA,NA,NA,NA
2014,13,80508,0.5114901186372441,0.3638331298752327,0.6591471073992556,2
2014,15,71550,0.48446058605278164,0.41126773746310624,0.557653434642457,1
2014,16,08830,0.31801946220446714,0.24680123914156982,0.38923768526736446,2
2014,16,52120,0.38332409965803393,0.29942412776373367,0.4672240715523342,3
2014,16,56260,0.33713431129732124,0.2650246792219483,0.4092439433726942,2
2014,17,02154,0.5021589639312761,0.4142273399114936,0.5900905879510587,3
2014,17,03012,0.4274101559924854,0.3538276302549872,0.5009926817299836,2
2014,17,06613,0.5817848130305115,0.49726035163131244,0.6663092744297107,2
2014,17,12385,0.46887713588283164,0.3865813263816525,0.5511729453840108,3
2014,17,14000,0.5227807852736677,0.49785072325106006,0.5477108472962753,1
2014,17,14351,0.43361083674333284,0.35971482640550495,0.5075068470811608,2
2014,17,23074,0.4365494650786598,0.34969901737870074,0.5233999127786189,2
2014,17,24582,0.6631147540983606,0.5581643155431455,0.7680651926535758,2
2014,17,38570,0.4540294603980728,0.37807822730767343,0.5299806934884721,2
2014,17,51622,0.5653133505115145,0.4941005928727964,0.6365261081502327,2
2014,17,59000,0.42742582197273454,0.29858992418668207,0.556261719758787,3
2014,17,65000,0.5101521745583469,0.40522694815901183,0.615077400957682,3
2014,17,68003,0.47372894187273346,0.34279150781202056,0.6046663759334463,2
2014,17,72000,0.5218796618597713,0.4305001849805929,0.6132591387389497,2
2014,17,79293,0.4158956174956121,0.33083364635058965,0.5009575886406346,2
2014,18,05860,0.4050235478806908,0.30354364401501616,0.5065034517463654,2
2014,18,10342,0.5743780380253092,0.40922810308898266,0.7395279729616357,2
2014,18,22000,0.43279513524847973,0.35044828954844787,0.5151419809485116,3
2014,18,23278,0.5993634506439699,0.48021488804332607,0.7185120132446137,2
2014,18,25000,0.32854098503843626,0.2621761787378338,0.39490579133903875,1
2014,18,31000,0.3761194029850747,0.2676760203814409,0.48456278558870847,3
2014,18,36003,0.3760946936660933,0.3414802311801663,0.41070915615202036,1
2014,18,71000,0.32957516720083574,0.22656736414556067,0.4325829702561108,3
2014,19,12000,0.4808655580044079,0.3938258133970952,0.5679053026117206,3
2014,19,19000,0.46235497408047393,0.35775142963662937,0.5669585185243184,3
2014,19,21000,0.41182473395643776,0.3101157425716971,0.5135337253411785,3
2014,19,73335,0.3987761346251912,0.2541632892799865,0.5433889799703959,2
2014,20,36000,0.37929883138564274,0.29918955539910297,0.4594081073721825,3
2014,20,38900,0.5224856909239575,0.3705143891827359,0.6744569926651791,1
2014,20,52575,0.5039728469931415,0.430232961158513,0.5777127328277699,2
2014,20,53775,0.6479394029070542,0.5740261471861147,0.7218526586279937,2
2014,20,71000,0.5007935946674693,0.3578334073564301,0.6437537819785085,3
2014,20,79000,0.37524249850509306,0.31932832901678104,0.4311566679934051,2
2014,21,46027,0.4327055008107771,0.36816890814848996,0.4972420934730642,1
2014,21,48006,0.4127003765495546,0.3663264449321477,0.4590743081669615,2
2014,22,05000,0.4853257201789233,0.4078608619194959,0.5627905784383507,3
2014,22,40735,0.4486237649604404,0.34838772425358355,0.5488598056672972,2
2014,22,41155,0.5089467723669309,0.41668030573762793,0.6012132389962338,2
2014,22,55000,0.553740779768177,0.48903021506860234,0.6184513444677517,3
2014,22,70000,0.4475474691354346,0.37270343434668346,0.5223915039241858,3
2014,24,04000,0.4365942028985507,0.3861280367387228,0.48706036905837863,2
2014,24,30325,0.5134575569358178,0.365504689767812,0.6614104241038237,2
2014,25,07000,0.4877075196794625,0.43764089116668037,0.5377741481922447,2
2014,25,09000,0.42255125284738043,0.33294326950534225,0.5121592361894186,2
2014,25,11000,0.7737397420867527,0.6282283836046496,0.9192511005688557,3
2014,25,23000,0.5078498293515359,0.33918623800157455,0.6765134207014972,2
2014,25,34550,0.42954898911353034,0.32983549663317635,0.5292624815938843,2
2014,25,37000,0.4082051282051282,0.24032147030653564,0.5760887861037208,3
2014,25,37490,0.2891767655662349,0.19691913908960879,0.381434392042861,1
2014,25,45000,0.5255176436278799,0.4343040152738004,0.6167312719819593,3
2014,25,45560,0.7951558876578202,0.7327729691422415,0.8575388061733988,2
2014,25,55745,0.5079957356076759,0.36720149194862556,0.6487899792667262,1
2014,25,62535,0.5303217821782178,0.35056544682695756,0.710078117529478,2
2014,25,67000,0.444261620732209,0.35515035676691675,0.5333728846975012,3
2014,25,82000,0.5357478833490122,0.43896421984952305,0.6325315468485014,3
2014,26,03000,0.5162306258630847,0.33421293480695324,0.6982483169192161,3
2014,26,21000,0.464389534883721,0.37092195899448027,0.5578571107729616,3
2014,26,22000,0.36434883469787654,0.30125059047873015,0.42744707891702294,1
2014,26,27440,0.5120817843866171,0.3788806711897388,0.6452828975834954,2
2014,26,29000,0.3392857142857143,0.20329841759188017,0.47527301097954844,3
2014,26,34000,0.4605912167450259,0.3636066253200173,0.5575758081700345,1
2014,26,46000,0.3005093215958967,0.18335180157401654,0.4176668416177769,3
2014,26,49000,0.5501567398119123,0.4071554290271109,0.6931580505967136,2
2014,26,69035,0.5665688328451572,0.4424379209602096,0.6906997447301049,2
2014,26,74900,0.5120817843866171,0.3788806711897388,0.6452828975834954,2
2014,26,76460,0.34299516908212563,0.19852005927844324,0.487470278885808,1
2014,26,80700,0.5681034482758621,0.4425554901548609,0.6936514063968633,2
2014,26,84000,0.34492273730684325,0.21790953539091087,0.47193593922277566,2
2014,26,86000,0.32283029297954674,0.19801183027793123,0.44764875568116225,2
2014,26,88940,0.41976199062387304,0.2838901806194072,0.5556338006283389,2
2014,27,06616,0.47077713551701994,0.3185902643782713,0.6229640066557686,2
2014,27,07966,0.3681434599156118,0.24212104965890444,0.49416587017231917,2
2014,27,17000,0.3925184980375893,0.30094239780338206,0.4840945982717966,3
2014,27,43000,0.47356452202047344,0.3968221623779793,0.5503068816629676,2
2014,27,51730,0.47466599445424756,0.3474967773355869,0.6018352115729082,2
2014,27,54880,0.4544399303540337,0.3572807548016509,0.5515991059064165,2
2014,27,58000,0.4104088141490287,0.32776240578522275,0.4930552225128346,1
2014,27,71428,0.5482686253934942,0.43521259950292707,0.6613246512840613,2
2014,28,36000,0.515099658333904,0.4424269234622865,0.5877723932055215,3
2014,29,15670,0.5443482963764197,0.44366724989611883,0.6450293428567205,2
2014,29,35000,0.3489553094485779,0.27766019824384514,0.42025042065331064,3
2014,29,38000,0.3915964719838355,0.33948721205237364,0.4437057319152974,1
2014,29,41348,0.40245338725436747,0.3089696830626469,0.49593709144608805,1
2014,29,54074,0.4375478276226431,0.3531361135406267,0.5219595417046595,2
2014,29,65000,0.41451577321861904,0.30594072341052253,0.5230908230267155,3
2014,29,70000,0.34443879644687053,0.23873366995091688,0.4501439229428242,3
2014,30,06550,0.38796056681575564,0.2828612286944105,0.4930599049371008,1
2014,31,28000,0.4410280493054304,0.3531513249534021,0.5289047736574586,3
2014,31,37000,0.41679129565318235,0.36593231545416377,0.4676502758522009,3
2014,32,31900,0.39089486760487874,0.31026351323702833,0.47152622197272914,1
2014,32,40000,0.3189214384223882,0.26489447787885917,0.3729483989659172,2
2014,32,51800,0.20220505694158156,0.14766990211164088,0.25674021177152223,1
2014,32,60600,0.36877916354680584,0.2887927181607901,0.4487656089328216,1
2014,32,68400,0.42969484414485554,0.31505037730696117,0.5443393109827499,2
2014,33,45140,0.46503884572697,0.3581872119121172,0.5718904795418228,1
2014,33,50260,0.47747747747747743,0.3773874779609223,0.5775674769940325,2
2014,34,13690,0.5669103084113072,0.49692185124455857,0.6368987655780558,2
2014,34,21000,0.5056884142094266,0.4230746802118858,0.5883021482069672,3
2014,34,36000,0.6598544041723812,0.5926574156036686,0.7270513927410938,3
2014,34,51000,0.6572547403132729,0.6015056044773961,0.7130038761491497,3
2014,34,57000,0.543757292882147,0.44926191854276276,0.6382526672215313,2
2014,34,74000,0.6492159838138594,0.576635011956294,0.7217969556714248,2
2014,35,02000,0.35944031413598165,0.3017620459172239,0.4171185823547394,2
2014,35,39380,0.30781121922277904,0.15280706065566838,0.4628153777898897,1
2014,35,63460,0.4678629436000101,0.3505915395355884,0.5851343476644317,2
2014,35,70500,0.34143571104043613,0.251482079474644,0.43138934260622824,2
2014,36,01000,0.3979057591623037,0.22659348508609956,0.5692180332385078,3
2014,36,11000,0.5050583657587548,0.4163135167249405,0.5938032147925691,2
2014,36,50617,0.7029562251279137,0.6121894583017697,0.7937229919540576,2
2014,36,51000,0.5073861697351677,0.49343171067876834,0.5213406287915671,1
2014,36,63000,0.5163260646180734,0.438631872248876,0.5940202569872708,3
2014,36,73000,0.35895465026902384,0.25433018579276495,0.46357911474528274,3
2014,36,84000,0.5970790378006873,0.47401546467495353,0.7201426109264211,2
2014,37,02140,0.452763052433432,0.3050848841471588,0.6004412207197052,2
2014,37,10740,0.6067994474251052,0.503169020948269,0.7104298739019413,2
2014,37,12000,0.5106424868580339,0.4626481924173598,0.5586367812987081,2
2014,37,14100,0.43434991018889163,0.35113795084637067,0.5175618695314126,2
2014,37,19000,0.3781607893157141,0.27364332791984036,0.4826782507115879,3
2014,37,22920,0.4262282529388502,0.3633637288757196,0.4890927770019808,1
2014,37,25580,0.40220274912529896,0.26379925085272915,0.5406062473978688,2
2014,37,28000,0.3742417305031386,0.29346675303427805,0.4550167079719991,2
2014,37,28080,0.2844329280446482,0.20237994927542274,0.36648590681387366,2
2014,37,31400,0.3185111019575861,0.21537939024096597,0.4216428136742062,2
2014,37,55000,0.47388198850955954,0.4098799541527087,0.5378840228664103,3
2014,37,74440,0.48585315376244625,0.3796386066613875,0.592067700863505,2
2014,37,75000,0.40577000867711377,0.3131863858163564,0.49835363153787116,3
2014,38,25700,0.40185950413223137,0.276554544494935,0.5271644637695277,2
2014,39,01000,0.42577754935516166,0.3101561870852652,0.5413989116250582,3
2014,39,15000,0.4008976662066718,0.32789285302320825,0.4739024793901353,2
2014,39,16000,0.3963808520958832,0.33101757647044283,0.46174412772132356,3
2014,39,18000,0.44823301560456386,0.4063547301416,0.4901113010675277,2
2014,39,21000,0.43078370073054334,0.33992226740926235,0.5216451340518243,3
2014,39,61000,0.5449548488417746,0.42665504769201945,0.6632546499915297,3
2014,39,77000,0.4491153839083513,0.38214443309845136,0.5160863347182513,3
2014,40,09050,0.42306721294509986,0.3547180267954797,0.49141639909472,2
2014,40,23200,0.5918367346938775,0.46468465735727016,0.7189888120304849,2
2014,40,41850,0.37599544937428897,0.24135424129271899,0.510636657455859,1
2014,40,52500,0.35731456043956045,0.27639731905180764,0.43823180182731325,2
2014,40,55000,0.3540300790021496,0.30102928707518184,0.4070308709291174,3
2014,40,75000,0.43720404179721256,0.3818912980335271,0.492516785560898,3
2014,41,05350,0.34898913829390227,0.26314795189107676,0.4348303246967278,2
2014,41,05800,0.3100944081336238,0.2002973896124146,0.41989142665483303,2
2014,41,23850,0.3783498954069326,0.2849326414799167,0.4717671493339485,2
2014,41,31250,0.3447276944930131,0.2457506624393367,0.4437047265466895,2
2014,41,34100,0.47861340773147265,0.31982597047028544,0.6374008449926598,1
2014,41,47000,0.3763625908408354,0.2559727290105371,0.4967524526711337,2
2014,41,59000,0.5224350283722153,0.47615848805297056,0.5687115686914601,2
2014,41,64900,0.39576225980121477,0.30511378192580024,0.4864107376766293,2
2014,42,02000,0.2285577383804504,0.11921473882994119,0.33790073793095965,3
2014,42,06088,0.4357884796978281,0.33009986796736934,0.5414770914282868,2
2014,42,24000,0.283609576427256,0.14646900177131536,0.4207501510831966,3
2014,42,60000,0.42422316620396694,0.38404375057236,0.46440258183557387,1
2014,42,61000,0.5243581762445185,0.44873617556393186,0.5999801769251052,2
2014,42,63624,0.3435897435897436,0.22431307132512646,0.4628664158543607,2
2014,42,69000,0.5170295924064768,0.3842078529904341,0.6498513318225196,3
2014,44,19180,0.5560810810810811,0.416022725833439,0.6961394363287232,2
2014,44,54640,0.4162520729684909,0.3068146687477816,0.5256894771892002,2
2014,44,59000,0.4275891706059304,0.2983663283716116,0.5568120128402492,3
2014,44,74300,0.5009451795841211,0.38410745780197214,0.6177829013662701,2
2014,45,13330,0.5857740585774059,0.463312465364687,0.7082356517901249,2
2014,45,16000,0.4438890439390206,0.3484929886162679,0.5392850992617734,3
2014,45,48535,0.5106382978723404,0.376135152096745,0.6451414436479358,2
2014,45,50875,0.2879359394491589,0.2069074313406924,0.3689644475576254,2
2014,46,59020,0.4069907336269614,0.30525929996829543,0.5087221672856274,1
2014,47,14000,0.38925571717425866,0.2970500820875573,0.48146135226096004,3
2014,47,15160,0.33776913875598086,0.2639056362013673,0.4116326413105944,2
2014,47,27740,0.4040612631216658,0.33202596867810047,0.4760965575652311,3
2014,47,40000,0.3588519223455881,0.26499326405023554,0.45271058064094066,3
2014,47,48000,0.38782802176856573,0.33765028992020274,0.43800575361692873,2
2014,47,51560,0.4004492237011455,0.280637833836942,0.5202606135653489,2
2014,47,52006,0.3653686205851944,0.299334756250904,0.43140248491948485,1
2014,48,01000,0.36710051573383046,0.2981790400512727,0.4360219914163882,3
2014,48,01924,0.5720424594371959,0.4454489596390941,0.6986359592352978,2
2014,48,03000,0.40885655734079684,0.3517759609673763,0.4659371537142174,3
2014,48,04000,0.35215004495197805,0.30891356300412554,0.39538652689983056,3
2014,48,05000,0.4237849787338301,0.3844343868418505,0.4631355706258097,2
2014,48,06128,0.3669587845374205,0.3076986767406347,0.42621889233420623,2
2014,48,07000,0.48738167286691675,0.3462433951159597,0.6285199506178738,3
2014,48,10768,0.3358248598535619,0.2676235504293063,0.40402616927781754,1
2014,48,10912,0.42626728110599077,0.34390887073525633,0.5086256914767252,2
2014,48,13024,0.423147066923734,0.35394678360106024,0.49234735024640774,2
2014,48,13552,0.5553612116657074,0.45879108250827955,0.6519313408231353,3
2014,48,15976,0.42626728110599077,0.3439088707352563,0.5086256914767252,2
2014,48,16432,0.4796878732469563,0.41449593664515927,0.5448798098487533,3
2014,48,17000,0.36862546425924175,0.29791017869322517,0.43934074982525834,2
2014,48,19000,0.35250337458382125,0.3291576744513456,0.3758490747162969,2
2014,48,19972,0.514367122007467,0.39516597030173845,0.6335682737131956,2
2014,48,22660,0.35487755351115674,0.22009363679909452,0.48966147022321893,2
2014,48,24000,0.3767221309568055,0.3192163037006379,0.4342279582129731,2
2014,48,26232,0.666997723646403,0.5708171853626478,0.7631782619301581,2
2014,48,27000,0.39640751159667464,0.3577458747448385,0.4350691484485108,2
2014,48,27684,0.566783143126735,0.49233578481151086,0.641230501441959,2
2014,48,29000,0.3410485261504019,0.27948601526181016,0.4026110370389936,3
2014,48,30464,0.3123027253301844,0.25474690252319343,0.36985854813717534,2
2014,48,35000,0.39244790842545413,0.3717205257843052,0.41317529106660306,2
2014,48,37000,0.2991457075816199,0.2252964309701984,0.3729949841930414,3
2014,48,39148,0.3523180874542289,0.2844036160150085,0.42023255889344924,1
2014,48,41464,0.4048280561092917,0.34849403570592186,0.4611620765126615,1
2014,48,41980,0.5111722426421133,0.41701795342134085,0.6053265318628857,2
2014,48,42508,0.4092562404796266,0.27417380542375175,0.5443386755355015,1
2014,48,43888,0.3900939090550256,0.2965648703417131,0.48362294776833814,2
2014,48,45000,0.44399992624007995,0.3724907578623784,0.5155090946177815,3
2014,48,45384,0.3660694579712041,0.24198910077347724,0.49014981516893097,1
2014,48,45744,0.43114583816863133,0.34355833308971645,0.5187333432475463,1
2014,48,47892,0.23778215359227178,0.1834954986278279,0.2920688085567157,2
2014,48,48072,0.41187341187341187,0.3055867847877452,0.5181600389590786,1
2014,48,48768,0.40941552850112306,0.27436983771160495,0.5444612192906412,2
2014,48,50820,0.4115530884799527,0.33481593537833215,0.48829024158157325,2
2014,48,53388,0.3758395560393612,0.2971867679168115,0.4544923441619109,2
2014,48,56000,0.36616130291585713,0.29321282809741656,0.4391097777342977,3
2014,48,56348,0.3751290067453696,0.29200957833205665,0.4582484351586825,2
2014,48,57200,0.2613970588235294,0.13414190696161876,0.3886522106854401,2
2014,48,58016,0.5235390736267518,0.45353041936294114,0.5935477278905624,1
2014,48,61796,0.39588094061135115,0.32910994965734214,0.46265193156536016,2
2014,48,63500,0.43590358551727654,0.35733533704334003,0.5144718339912131,2
2014,48,64472,0.36231003039513676,0.2728981220304942,0.45172193875977934,1
2014,48,65000,0.35533954490156,0.32127537335576917,0.38940371644735083,2
2014,48,70808,0.5640578837647889,0.4620656111395974,0.6660501563899804,2
2014,48,72176,0.3900725294650952,0.2984285885387543,0.48171647039143606,2
2014,48,74144,0.3156359179387827,0.195514118833927,0.4357577170436384,1
2014,48,76000,0.3531974108869143,0.27375840555336883,0.4326364162204598,1
2014,48,79000,0.48222811671087534,0.39024527665953357,0.5742109567622171,3
2014,49,43660,0.3580865603644647,0.2793721417289417,0.43680097899998765,3
2014,49,44320,0.4139644918656651,0.3560114528870068,0.47191753084432336,3
2014,49,55980,0.41117362143164615,0.31542144527649374,0.5069257975867986,2
2014,49,57300,0.41197185881556725,0.3320553974755804,0.4918883201555541,2
2014,49,62470,0.31527093596059114,0.21569214354078964,0.41484972838039263,1
2014,49,65330,0.3228346456692913,0.20382251521276484,0.4418467761258178,2
2014,49,67000,0.37588014839747574,0.2995662413532341,0.45219405544171737,3
2014,49,67440,0.4940438670652605,0.39904578940865904,0.589041944721862,2
2014,49,70850,0.5161119022148655,0.4326426748227077,0.5995811296070233,3
2014,49,82950,0.4943162267799807,0.4066316971361392,0.5820007564238222,2
2014,49,83470,0.32778582158218766,0.25979140483328556,0.3957802383310898,2
2014,51,01000,0.5568360398114196,0.43386137335552083,0.6798107062673183,3
2014,51,16000,0.43968668407310707,0.3515452109272939,0.5278281572189202,3
2014,51,35000,0.3587085485930838,0.22824020715418034,0.4891768900319873,3
2014,51,47672,0.4795486600846262,0.3794709067280727,0.5796264134411797,2
2014,51,56000,0.46116507090880604,0.35599885307282053,0.56633128874479155,2
2014,51,57000,0.433572989299488,0.36510146687919354,0.5020445117197825,2
2014,51,64000,0.4336569579288026,0.32335915483709027,0.543954761020515,3
2014,51,67000,0.4481525618301404,0.3454095181920814,0.5508956054681994,3
2014,51,68000,0.4439024390243902,0.3019766176908728,0.5858282603579076,3
2014,51,76432,0.4630053394355454,0.33841563571979494,0.5875950431512958,2
2014,51,82000,0.4253182461103253,0.36994836137150794,0.4806881308491427,2
2014,53,03180,0.25389421853922034,0.15726255368249514,0.35052588339594554,2
2014,53,05210,0.6422355913644515,0.5166661405726701,0.7678050421562329,1
2014,53,05280,0.4213858600070348,0.31056007272515934,0.5322116472889102,2
2014,53,22640,0.36613896431648046,0.2524237529975394,0.47985417563542154,2
2014,53,23515,0.1746582937077746,0.09096808849667239,0.25834849891887685,2
2014,53,35275,0.28404441846873174,0.1617397253846952,0.4063491115527683,2
2014,53,35415,0.1807126255807653,0.09405689311126257,0.26736835805026804,1
2014,53,35940,0.5844834500736397,0.4707534469413523,0.6982134532059271,2
2014,53,53545,0.3246925830733233,0.22948008229968625,0.4199050838469604,2
2014,53,57745,0.4882218123379232,0.36285093469663565,0.6135926899792108,2
2014,53,63000,0.623097922693169,0.5609209642563665,0.6852748811299715,2
2014,53,67000,0.3340431568241528,0.24601729467068523,0.4220690189776204,3
2014,53,67167,0.3601659595852343,0.25139833344032186,0.4689335857301467,2
2014,53,70000,0.3360349541075776,0.2530091436502809,0.41906076456487434,3
2014,53,74060,0.4097709435987986,0.317856409793468,0.5016854774041293,1
2014,53,80010,0.26538301083484805,0.15391049606100737,0.37685552560868874,2
2014,55,02375,0.3638419200310772,0.29439099427983667,0.4332928457823177,3
2014,55,31000,0.27960224645600157,0.16856451477500506,0.3906399781369981,2
2014,55,39225,0.3859315589353612,0.21946717127454185,0.5523959465961805,2
2014,55,48000,0.48735742613942185,0.3945218507852758,0.5801930014935679,3
2014,55,53000,0.19670704597657934,0.14221902122908806,0.25119507072407066,2
2014,55,66000,0.4053878610840636,0.27167540526803735,0.5391003169000899,3
2016,01,03076,0.40357741755170484,0.3056416120184153,0.5015132230849944,2
2016,01,07000,0.4205481269416407,0.34555987520262765,0.4955363786806537,3
2016,01,35896,0.5499036138961405,0.47879767055141925,0.6210095572408618,3
2016,01,37000,0.3994767976324001,0.3322258877936997,0.46672770747110054,3
2016,01,50000,0.4979440449411263,0.4218081472094718,0.5740799426727808,3
2016,01,51000,0.5136432884422915,0.44029728447668504,0.5869892924078979,3
2016,01,77256,0.27679542214760233,0.15295974413334085,0.4006311001618638,2
2016,02,03000,0.30117028898973014,0.21296548834498027,0.38937508963448,2
2016,04,04720,0.25523516922429024,0.17575354185755088,0.3347167965910296,2
2016,04,07940,0.3691193027759232,0.2758235537947813,0.4624150517570651,2
2016,04,12000,0.4508679680124798,0.3914361553795693,0.5102997806453903,3
2016,04,23620,0.46903205726735137,0.38416418242306216,0.5538999321116406,3
2016,04,27400,0.46144791491677384,0.40636970930404537,0.5165261205295023,1
2016,04,27820,0.25575607588153065,0.19747262578171895,0.3140395259813423,1
2016,04,28380,0.28244461936890597,0.19513655005294017,0.36975268868487177,2
2016,04,46000,0.3103074033510955,0.26595504243145823,0.3546597642707328,2
2016,04,54050,0.3933961165956785,0.3129491254199451,0.473843107771412,2
2016,04,55000,0.28856717008602767,0.2641790104027961,0.3129553297692592,2
2016,04,65000,0.5826763099275752,0.48753727698240595,0.6778153428727446,3
2016,04,71510,0.318841078758356,0.2197848356937313,0.41789732182298067,1
2016,04,73000,0.4422976853476459,0.34001086707160605,0.5445845036236858,3
2016,04,77000,0.3854237189658093,0.33771367234218885,0.43313376558942973,2
2016,04,85540,0.35222940493949945,0.2802271076782539,0.424231702200745,2
2016,05,23290,0.44676860934795154,0.3629124615260657,0.5306247571698374,2
2016,05,24550,0.46359175662414126,0.37414009525911224,0.5530434179891702,2
2016,05,35710,0.5692952038563839,0.493243075738518,0.6453473319742498,2
2016,05,41000,0.5203385872411228,0.43225244385088674,0.6084247306313588,1
2016,05,66080,0.43182048322343786,0.3555926942101344,0.5080482722367413,3
2016,06,00562,0.5868171325981021,0.5084615800525496,0.6651726851436546,2
2016,06,00884,0.5834983498349834,0.4548816497481133,0.7121150499218535,2
2016,06,02000,0.37130358884985776,0.312137357917103,0.4304698197826125,3
2016,06,02252,0.4057380346255448,0.3014142425902694,0.5100618266608202,1
2016,06,02364,0.3628925972856567,0.2713629891734547,0.4544222053978587,2
2016,06,03526,0.3134801703772654,0.2640065813047954,0.3629537594497354,2
2016,06,04982,0.3910715018912214,0.3255555199316107,0.45658748385083214,2
2016,06,06000,0.6971830985915493,0.5890562320547402,0.8053099651283583,1
2016,06,08786,0.5461482261955168,0.4687312042700175,0.6235652481210162,3
2016,06,08954,0.642649622312609,0.5260014977824657,0.7592977468427523,1
2016,06,11194,0.6805337326326928,0.5636286200219603,0.7974388452434252,1
2016,06,11530,0.5151747473536823,0.39747066161802913,0.6328788330893355,1
2016,06,13014,0.5512212905577835,0.4546416690695634,0.6478009120460035,1
2016,06,13210,0.47362094837486696,0.38695889219166824,0.5602830045580657,2
2016,06,13214,0.4835013748854262,0.3913483443691722,0.5756544054016802,2
2016,06,13392,0.43667577721770373,0.3642927038559415,0.509058850579466,1
2016,06,13588,0.4491604228762441,0.3378592841154984,0.5604615616369897,1
2016,06,14218,0.4029563511762428,0.31422911732737135,0.4916835850251142,1
2016,06,15044,0.38444098781289465,0.31393622820853956,0.45494574741724975,2
2016,06,16000,0.5638726752801785,0.5038671480059104,0.6238782025544466,3
2016,06,16350,0.3511112200878249,0.27795810946501726,0.4242643307106326,2
2016,06,16532,0.5376465962014604,0.4441672122580417,0.6311259801448791,2
2016,06,17918,0.5087785777984296,0.4137023213462382,0.603854834250621,2
2016,06,19766,0.5293786547948727,0.42110545058247695,0.6376518590072684,1
2016,06,21712,0.4314376324011218,0.35443884846938417,0.5084364163328594,2
2016,06,22020,0.4548643570716167,0.3518882389052637,0.5578404752379696,1
2016,06,22230,0.3122756994592554,0.22856529830272782,0.39598610061578293,1
2016,06,22804,0.38949604088398626,0.3087329108225,0.47025917094547254,1
2016,06,23182,0.44065149486836236,0.35447570019603813,0.5268272895406866,1
2016,06,24638,0.5503313348059325,0.4489558634408053,0.6517068061710598,2
2016,06,24680,0.3283424277769979,0.25791702056052784,0.39876783499346796,1
2016,06,26000,0.5436078426725842,0.4762851430042215,0.610930542340947,2
2016,06,27000,0.30922082204247947,0.26719137550227606,0.3512502685826829,3
2016,06,28000,0.46708805453567387,0.36014580944436175,0.574030299626986,3
2016,06,29000,0.38767962928194866,0.31954178777411707,0.45581747078978024,3
2016,06,30000,0.5638996080252797,0.46651505585332187,0.6612841601972376,2
2016,06,32548,0.5242066378246119,0.4298491159297259,0.6185641597194977,2
2016,06,33000,0.4312167451537863,0.3462884223168614,0.5161450679907111,1
2016,06,33182,0.31074859558992934,0.2304894941529767,0.391007697026882,2
2016,06,33434,0.3625223817998595,0.2710843407929264,0.4539604228067926,2
2016,06,36000,0.6272625680416103,0.548356846817259,0.7061682892659615,3
2016,06,36448,0.2131738186006416,0.1523683797875544,0.2739792574137288,2
2016,06,36546,0.5873566386370467,0.48351428385394746,0.6911989934201459,1
2016,06,36770,0.5972173666034175,0.5105974510213159,0.6838372821855191,2
2016,06,37692,0.38157212746237973,0.3091655693019065,0.453978685622853,2
2016,06,39496,0.5178343621123259,0.44384649642068635,0.5918222278039655,3
2016,06,39892,0.4793801201178883,0.3940083153584868,0.5647519248772898,2
2016,06,40130,0.2910322535888251,0.22219041682586244,0.3598740903517878,1
2016,06,41992,0.5742593305117354,0.4904454916016855,0.6580731694217853,2
2016,06,43000,0.47571141056692945,0.4221401653494117,0.5292826557844472,2
2016,06,44000,0.5001133696302992,0.48219849621290733,0.518028243047691,1
2016,06,45484,0.37940947599353086,0.30635602672849493,0.4524629252585668,3
2016,06,46842,0.3779320379613603,0.31005188295092434,0.4458121929717963,2
2016,06,46898,0.41102563819651,0.33717915336897725,0.48487212302404276,2
2016,06,47766,0.5151292222858799,0.4313623422067553,0.5988961023650045,2
2016,06,48256,0.5943907349481593,0.4728111000411211,0.7159703698551976,1
2016,06,48354,0.44171859784715,0.37033068419330795,0.5131065115009921,1
2016,06,49270,0.2341472699693353,0.18040747325014553,0.28788706668852504,1
2016,06,49670,0.7552149851000426,0.6928468668183488,0.8175831033817363,2
2016,06,50076,0.38235486892375614,0.28854844755338716,0.47616129029412513,2
2016,06,50258,0.4156378600823046,0.3237484181357012,0.507527302028908,2
2016,06,51182,0.6203427005920091,0.535384723523198,0.7053006776608203,3
2016,06,52526,0.49201009251471833,0.3968154163736709,0.5872047686557658,1
2016,06,53000,0.5458121754593164,0.4983760377784515,0.5932483131401812,3
2016,06,53322,0.3763112174292297,0.283973338427121,0.46864909643133834,2
2016,06,53896,0.3509881311083975,0.2830616821168107,0.4189145800999843,1
2016,06,53980,0.5169215989107554,0.4313008095889522,0.6025423882325586,2
2016,06,54652,0.38999247767578815,0.32113197496097673,0.4588529803905996,1
2016,06,55156,0.35493712695847646,0.27627851730909203,0.4335957366078609,1
2016,06,56000,0.6233846522111088,0.5379934458141485,0.7087758586080691,3
2016,06,56700,0.2580747998530219,0.17180446132674776,0.34434513837929603,2
2016,06,57456,0.5191115702479339,0.4298294766119164,0.6083936638839513,2
2016,06,57792,0.5742593305117352,0.49044549160168527,0.6580731694217851,3
2016,06,58072,0.4361806887374828,0.3491978713773568,0.5231635060976088,1
2016,06,59444,0.48828769383041903,0.38182861707088717,0.594746770589951,2
2016,06,59451,0.4994832426864994,0.3870226469277998,0.6119438384451991,1
2016,06,59920,0.4689265536723164,0.3899885235181263,0.5478645838265065,2
2016,06,60102,0.6526764054419673,0.5713856269954651,0.7339671838884694,2
2016,06,60466,0.3937067339174042,0.3117962511675022,0.47561721666730616,2
2016,06,60620,0.4155431684380848,0.3385716291673404,0.4925147077088292,2
2016,06,62000,0.3312462030232655,0.2815224629096693,0.3809699431368617,2
2016,06,62938,0.5621731277986277,0.4546273517687511,0.6697189038285043,1
2016,06,64000,0.4143449480047941,0.36786402289458264,0.46082587311500556,2
2016,06,64224,0.28680038822387577,0.22152904187207656,0.352071734575675,1
2016,06,65000,0.30505127656951325,0.25774884750629695,0.35235370563272955,3
2016,06,65042,0.5386201852132028,0.4072857627487568,0.6699546076776488,1
2016,06,66000,0.5238454263013151,0.4892126698518057,0.5584781827508245,1
2016,06,67000,0.6723900151703214,0.6249235206244083,0.7198565097162345,2
2016,06,68000,0.5012258336354931,0.47382718217726655,0.5286244850937197,1
2016,06,68084,0.586621207233339,0.508386233559958,0.6648561809067199,2
2016,06,68196,0.4061384804227299,0.2814136317102585,0.5308633291352013,2
2016,06,68252,0.66039788105739,0.58837933524838,0.73241642686639985,2
2016,06,68378,0.7422502870264064,0.6602740163036869,0.8242265577491259,2
2016,06,69000,0.3712911700310419,0.3171930091349061,0.4253893309271777,2
2016,06,69070,0.6129441624365483,0.5128017337414675,0.713086591131629,2
2016,06,69084,0.5350299079135373,0.45153499039731476,0.61852482542976,1
2016,06,69088,0.47329071965068625,0.41153988111785733,0.5350415581835152,1
2016,06,69196,0.3244482852840068,0.24243576354597435,0.4064608070220393,2
2016,06,70000,0.7664720600500418,0.6483225909446846,0.8846215291553989,3
2016,06,70098,0.42795920603238463,0.336534141032448,0.5193842710323213,1
2016,06,72016,0.5300615797814311,0.4430179041499159,0.6171052554129464,1
2016,06,73080,0.411177295024527,0.34071226613239813,0.48164232391665585,2
2016,06,75000,0.34246151311257195,0.29328412970207196,0.39163889652307193,3
2016,06,77000,0.6528182951367768,0.5722882596914037,0.7333483305821499,3
2016,06,78120,0.3650168459887414,0.25936340212325804,0.47067028985422477,1
2016,06,78582,0.6215414792124909,0.5078211346247061,0.7352618238002757,1
2016,06,80000,0.7389900562766926,0.6713667524136242,0.8066133601397609,2
2016,06,80238,0.3793450158000575,0.3061618023558931,0.45252822924422187,2
2016,06,80854,0.5176488957828821,0.44392438976086007,0.5913734018049042,3
2016,06,81344,0.41520839961819916,0.30167815934038483,0.5287386398960136,2
2016,06,81554,0.4234301015289697,0.31334139109122566,0.5335188119667137,2
2016,06,81666,0.3945879694250042,0.29116335352150935,0.498012585328499,1
2016,06,82590,0.27147644599509346,0.17886894146849192,0.364083950521695,2
2016,06,82954,0.3393992932862191,0.23713057391561412,0.4416680126568241,1
2016,06,82996,0.3417181300573331,0.2518308580202428,0.4316054020944234,2
2016,06,84200,0.4378194461734841,0.3439414793682343,0.531697412978734,2
2016,06,84550,0.43929737132493024,0.3458699953197939,0.5327247473300666,2
2016,06,85292,0.46293341848104197,0.3731929141577445,0.5526739228043395,2
2016,08,03455,0.5841077664044213,0.477414030169659,0.6908015026391836,1
2016,08,04000,0.39729883495667645,0.34362744291649716,0.45097022699685574,3
2016,08,07850,0.7111988456881828,0.5912136212309446,0.8311840701454211,2
2016,08,12815,0.6696642914907572,0.603051714268603,0.7362768687129114,2
2016,08,16000,0.4696323825378112,0.4186831248669039,0.5205816402087184,3
2016,08,20000,0.5232952067116141,0.4764781809920743,0.5701122324311539,1
2016,08,27425,0.4967348905384375,0.40902132951322645,0.5844484515636486,2
2016,08,32155,0.4232312180889861,0.34149802280957975,0.5049644133683925,2
2016,08,43000,0.5727066236162393,0.4947322711123927,0.6506809761200858,3
2016,08,45970,0.5267472842795654,0.4538088175139392,0.5996857510451916,2
2016,08,46465,0.45298534143725416,0.3346615176929076,0.5713091651816008,2
2016,08,62000,0.33208208208208206,0.24589082250044528,0.4182733416637189,3
2016,08,77290,0.33726755418757404,0.2666966293596149,0.40783847901553316,2
2016,08,83835,0.48921893741110223,0.41977609321465237,0.5586617816075521,2
2016,09,08000,0.6164478230822391,0.5362419457991432,0.696653700365335,1
2016,09,18430,0.4010477299185099,0.2852228719054183,0.5168725879316015,2
2016,09,37000,0.5834666666666667,0.49348429967767504,0.6734490336556583,3
2016,09,52000,0.6003948110547095,0.4903722635488159,0.7104173585606031,1
2016,09,55990,0.7639235245220282,0.691443537505154,0.8364035115389024,2
2016,09,73000,0.7070319984671392,0.6212697724911957,0.7927942244430826,3
2016,09,80000,0.4971133394105135,0.3987967655700555,0.5954299132509715,2
2016,11,50000,0.7351150614878851,0.6918083224440303,0.7784218005317398,1
2016,12,07300,0.6282966978612271,0.47760928256045193,0.7789841131620023,2
2016,12,07875,0.5658166065392032,0.46147882349515223,0.6701543895832541,2
2016,12,10275,0.40907687604318915,0.30096494160796583,0.5171888104784125,1
2016,12,12875,0.39967752105681,0.29969847264502814,0.4996565694685918,2
2016,12,14400,0.6030868133907225,0.5282158865881965,0.6779577401932484,1
2016,12,16475,0.4805279823971468,0.37402423784966404,0.5870317269446295,2
2016,12,16725,0.4233206590621039,0.29118587739411594,0.5554554407300919,2
2016,12,17200,0.3639960435212661,0.24123221810596568,0.4867598689365665,2
2016,12,17935,0.5582147477360931,0.4556845808060165,0.6607449146661698,2
2016,12,24000,0.4766898407535422,0.3970407089790665,0.5563389725280179,3
2016,12,24125,0.4624158754864477,0.34376091326078606,0.5810708377121093,2
2016,12,25175,0.5363600630815245,0.41754744213614525,0.6551726840269038,1
2016,12,30000,0.4482336812237222,0.3817933995525107,0.5146739628949337,2
2016,12,32000,0.5338391165338136,0.4447777070565729,0.6229005260110543,2
2016,12,32275,0.6145569427479766,0.5287645636294016,0.7003493218665515,3
2016,12,35000,0.4515100726852105,0.40650546399163745,0.4965146813787835,3
2016,12,36950,0.25547779430101825,0.16785573487515648,0.34309985372688,2
2016,12,38250,0.42411734578416876,0.33129196218613877,0.5169427293821988,2
2016,12,39425,0.41511641139156136,0.2978760307279399,0.5323567920551828,2
2016,12,43975,0.5199411118753695,0.4079784741085496,0.6319037496421894,2
2016,12,45000,0.5427072405236565,0.47986868262603954,0.6055457984212734,2
2016,12,45025,0.7414974717806219,0.6486857396215419,0.8343092039397019,2
2016,12,45060,0.4762439356978074,0.3886234433028733,0.5638644280927414,2
2016,12,45975,0.5313326802932937,0.4501714142568476,0.6124939463297399,2
2016,12,49675,NA,NA,NA,NA
2016,12,53000,0.464266033759084,0.4008840120076432,0.5276480555105248,3
2016,12,54000,0.4433995123650296,0.32346166455936165,0.5633373601706976,1
2016,12,54200,0.42291541691661666,0.28718208270712686,0.5586487511261065,2
2016,12,55775,0.5593216859540253,0.49354956543307504,0.6250938064749756,2
2016,12,57425,0.5986107105286544,0.5027932580480323,0.6944281630092766,2
2016,12,58050,0.4931538890622372,0.3959097662728353,0.5903980118516392,2
2016,12,58715,0.3849272583660925,0.2747467911170133,0.4951077256151717,1
2016,12,63000,0.5282988865494928,0.44008320472075435,0.6165145683782312,3
2016,12,69700,0.5969378939897564,0.5054453167683955,0.6884304712111172,2
2016,12,70600,0.5406726307678931,0.4570431406837017,0.6243021208520844,1
2016,12,71000,0.42739986556676407,0.37136253020338467,0.4834372009301435,2
2016,12,76600,0.4862309603720199,0.40753050221039644,0.5649314185336434,2
2016,13,03440,0.4793357933579336,0.34555345359431594,0.6131181331215512,2
2016,13,04000,0.5764573827783016,0.5215577230424291,0.6313570425141741,3
2016,13,04204,0.30042180909232935,0.21793994699072594,0.38290367119393276,1
2016,13,19000,0.4505743407215661,0.38499124761362946,0.5161574338295027,3
2016,13,42425,0.7075506431114235,0.6010600590837446,0.8140412271391023,2
2016,13,49008,0.45486035077495107,0.35540285687089407,0.554317844679008,1
2016,13,67284,0.5292214379284382,0.4398598985464723,0.6185829773104041,2
2016,13,68516,0.5306254029658285,0.42242452656394425,0.6388262793677127,1
2016,13,69000,0.4471470495879745,0.3604021573335227,0.5338919418424264,3
2016,13,72122,NA,NA,NA,NA
2016,13,80508,0.4964211945092811,0.38729654251150747,0.6055458465070548,2
2016,15,71550,0.5115035574183857,0.4409775616655881,0.5820295531711833,1
2016,16,08830,0.33754478575946867,0.26568675689335725,0.4094028146255801,2
2016,16,52120,0.3136770584007779,0.22947634745666712,0.3978777693448887,3
2016,16,56260,0.273631089383931,0.18629905135816235,0.3609631274096996,2
2016,17,02154,0.525297247340392,0.45355570736699274,0.5970387873137912,3
2016,17,03012,0.44413653424162425,0.37913197180801317,0.5091410966752353,2
2016,17,06613,0.5379359095193215,0.44655934570865274,0.6293124733299902,2
2016,17,12385,0.47604726100966704,0.3858333713141111,0.566261150705223,3
2016,17,14000,0.5328662984805563,0.5139330285702721,0.5517995683908405,1
2016,17,14351,0.4986940907606921,0.4183178223754439,0.5790703591459403,2
2016,17,23074,0.4693799656031234,0.41101165753363306,0.5277482736726138,2
2016,17,24582,0.6410194174757281,0.5439995960899572,0.738039238861499,2
2016,17,38570,0.45465116796829863,0.38911874210574837,0.5201835938308489,2
2016,17,51622,0.5747491717929804,0.5213091965755677,0.628189147010393,2
2016,17,59000,0.526857654431513,0.4302830559259571,0.6234322529370688,3
2016,17,65000,0.5169263599941879,0.42880072030519323,0.6050519996831826,3
2016,17,68003,0.5269012276172191,0.4373933099124824,0.6164091453219559,2
2016,17,72000,0.5610328638497653,0.4753318810245153,0.6467338466750152,2
2016,17,79293,0.38586230677263234,0.30747607247664743,0.46424854106861724,2
2016,18,05860,0.5593282219788244,0.4457831107871784,0.6728733331704703,2
2016,18,10342,0.5563307324990456,0.44318079084791034,0.6694806741501809,2
2016,18,22000,0.40321002153063223,0.3224625689187318,0.48395747414253265,3
2016,18,23278,0.5523575725732576,0.4602460749131722,0.6444690702333429,2
2016,18,25000,0.3362667751218448,0.28275494022299874,0.3897786100206908,1
2016,18,31000,0.390220207253886,0.305062177095924,0.47537823741184804,3
2016,18,36003,0.39549338185601246,0.3592124711851,0.4317742925269249,1
2016,18,71000,0.3356541714099854,0.2636307792976232,0.4076775635223476,3
2016,19,12000,0.5480167014613778,0.4476108611183318,0.6484225418044238,3
2016,19,19000,0.43902439024390244,0.351132692051289,0.5269160884365158,3
2016,19,21000,0.3897860561791692,0.2864677149648496,0.4931043973934889,3
2016,19,73335,0.42254259501965924,0.29485420096156467,0.5502309890777538,2
2016,20,36000,0.35755358076319915,0.2865557290447647,0.42855143248163363,3
2016,20,38900,0.49755664149266987,0.34310545917993474,0.652007823805405,1
2016,20,52575,0.4691357368899758,0.37584423006131745,0.5624272437186342,2
2016,20,53775,0.620107042606166,0.5441461024196598,0.6960679827926722,2
2016,20,71000,0.45842837962302824,0.3444987702980323,0.5723579889480241,3
2016,20,79000,0.35210138899918897,0.3089995042799943,0.39520327371838365,2
2016,21,46027,0.4963746582669678,0.42100725907827163,0.571742057455664,1
2016,21,48006,0.4162428957839231,0.3636855401664703,0.4688002514013759,2
2016,22,05000,0.5164587059944683,0.4512390690822896,0.581678342906647,3
2016,22,40735,0.5008170115139834,0.41100378192595477,0.590630241102012,2
2016,22,41155,0.5166402535657687,0.41996989001209223,0.6133106171194451,2
2016,22,55000,0.5701855540413041,0.5048969316948918,0.6354741763877164,3
2016,22,70000,0.4394530482534045,0.3677113346181272,0.5111947618886817,3
2016,24,04000,0.48188509157300163,0.44112191425102354,0.5226482688949797,2
2016,24,30325,0.4925183062718879,0.3696986362514175,0.6153379762923583,2
2016,25,07000,0.4503107260598512,0.4034376222677357,0.49718382985196663,2
2016,25,09000,0.4505363528009535,0.357781090631628,0.543291614970279,2
2016,25,11000,0.714765100671141,0.5863312502476821,0.8431989510945999,3
2016,25,23000,0.5229202037351443,0.40100293745163845,0.6448374700186501,2
2016,25,34550,0.4459735912218709,0.3492411673017375,0.5427060151420043,2
2016,25,37000,0.35320551228280406,0.23914745858625175,0.46726356597935637,3
2016,25,37490,0.2691345672836418,0.19893808075589503,0.3393310538113886,1
2016,25,45000,0.4509265614275909,0.36146474546928126,0.5403883773859005,3
2016,25,45560,0.8012767138495698,0.7352110168243691,0.8673424108747705,2
2016,25,55745,0.5531147540983605,0.4413285025119056,0.6649010056848155,1
2016,25,62535,0.5471844660194175,0.4109304594308677,0.6834384726079673,2
2016,25,67000,0.444472236118059,0.3491270239734857,0.5398174482626323,3
2016,25,82000,0.451511050969779,0.36726838623657043,0.5357537157029876,3
2016,26,03000,0.5705984720051434,0.44681890094551896,0.6943780430647677,3
2016,26,21000,0.48872497365648043,0.39650853290064825,0.5809414144123126,3
2016,26,22000,0.3590260139760947,0.3019916124132893,0.41606041553890005,1
2016,26,27440,0.5323485967503693,0.4097502085675972,0.6549469849331413,2
2016,26,29000,0.4309573516254101,0.29996081917421624,0.561953884076604,3
2016,26,34000,0.4622834367875224,0.38806934926105296,0.5364975243139918,1
2016,26,46000,0.35231987602092174,0.24456666148392453,0.46007309055791895,3
2016,26,49000,0.5486641221374046,0.4342895668077085,0.6630386774671007,2
2016,26,69035,0.5656828496141946,0.46616473020719396,0.6652009690211952,2
2016,26,74900,0.5323485967503693,0.4097502085675972,0.6549469849331414,2
2016,26,76460,0.48160208401172255,0.355222713945049,0.6079814540783961,1
2016,26,80700,0.5670893541728104,0.46588084388625106,0.6682978644593697,2
2016,26,84000,0.30856760374832665,0.215780764644477,0.40135444285217625,2
2016,26,86000,0.34963161419959815,0.24227477728099628,0.4569884511182,2
2016,26,88940,0.41138583004363183,0.31279840721207647,0.5099732528751871,2
2016,27,06616,0.3920928545520493,0.26437223503161444,0.5198134740724841,2
2016,27,07966,0.360427807486631,0.23024893858476683,0.4906066763884952,2
2016,27,17000,0.3767325866758612,0.2509329510003213,0.502532222351401,3
2016,27,43000,0.526611561452121,0.4516093425729941,0.6016137803312478,2
2016,27,51730,0.6114811290834127,0.46872931228768366,0.7542329458791417,2
2016,27,54880,0.4385766092475068,0.36585067185942627,0.5113025466355873,2
2016,27,58000,0.35488837567359505,0.28862640438835885,0.42115034695883125,1
2016,27,71428,0.47832817337461303,0.3620178376643791,0.59463850908484694,2
2016,28,36000,0.5018789986958841,0.4270610038905917,0.5766969935011765,3
2016,29,15670,0.5166233015322348,0.4072846530961454,0.6259619499683241,2
2016,29,35000,0.3525333437873926,0.2823393151191037,0.4227273724556815,3
2016,29,38000,0.3527448021939141,0.30895949110146825,0.3965301132863599,1
2016,29,41348,0.5198904001203537,0.41505231086118033,0.6247284893795271,1
2016,29,54074,0.39760473797631557,0.323174904046566,0.4720345719060651,2
2016,29,65000,0.4912196870146936,0.41198010535072677,0.5704592686786605,3
2016,29,70000,0.34941082901354886,0.27548489014200067,0.42333676788509705,3
2016,30,06550,0.41379486827326273,0.3045682404137323,0.5230214961327931,1
2016,31,28000,0.34774539370303237,0.28158704725996286,0.4139037401461019,3
2016,31,37000,0.4046606051428103,0.35985251896148734,0.4494686913241333,3
2016,32,31900,0.386135146374471,0.3257668034600732,0.4465034892888688,1
2016,32,40000,0.3399206570491231,0.2960315685628161,0.3838097455354301,2
2016,32,51800,0.22407703240429175,0.17220247001308978,0.2759515947954937,1
2016,32,60600,0.40238929839941556,0.3447260876696562,0.46005250912917495,1
2016,32,68400,0.39757684170402013,0.31616589023574687,0.4789877931722934,2
2016,33,45140,0.44906856916369403,0.3300247163594077,0.5681124219679803,1
2016,33,50260,0.4313964101003955,0.33136155042760923,0.5314312697731818,2
2016,34,13690,0.5944708653558439,0.5160795352126671,0.6728621954990207,2
2016,34,21000,0.550783360345759,0.4622945700216807,0.6392721506698373,3
2016,34,36000,0.6423503533417801,0.5889422080443056,0.6957584986392547,3
2016,34,51000,0.6752387152777778,0.6142388339579371,0.7362385965976185,3
2016,34,57000,0.625964252116651,0.5409149115220174,0.7110135927112845,2
2016,34,74000,0.6528846153846154,0.5511057837406941,0.7546634470285367,2
2016,35,02000,0.37897965598035216,0.33220999568310117,0.42574931627760315,2
2016,35,39380,0.37140397918906715,0.23814386133275944,0.5046640970453748,1
2016,35,63460,0.4238979168232075,0.3302570188012477,0.5175388148451673,2
2016,35,70500,0.41306347746090155,0.3236869892069434,0.5024399657148597,2
2016,36,01000,0.485608552631579,0.34119686965309737,0.6300202356100606,3
2016,36,11000,0.4306276150627615,0.3622453286470927,0.4990099014784303,2
2016,36,50617,0.6107794644380011,0.5299864785582473,0.6915724503177549,2
2016,36,51000,0.5237212049446301,0.5095026568967587,0.5379397529925016,1
2016,36,63000,0.498127809629921,0.4227979485686916,0.5734576706911504,3
2016,36,73000,0.3940774487471526,0.30733921283608434,0.4808156846582209,3
2016,36,84000,0.5830493069756874,0.49523223777157976,0.6708663761797949,2
2016,37,02140,0.43721776757751796,0.320742316574217,0.553693218580819,2
2016,37,10740,0.5669768582337387,0.4862708475609093,0.647682868906568,2
2016,37,12000,0.46835949624921386,0.4289138796390913,0.5078051128593364,2
2016,37,14100,0.4398560671276763,0.35432846782827404,0.5253836664270785,2
2016,37,19000,0.4137643097821617,0.3460707725511049,0.48145784701321853,3
2016,37,22920,0.4266783860085356,0.37461818002466224,0.4787385919924089,1
2016,37,25580,0.369105556883853,0.2754832494732773,0.4627278642944287,2
2016,37,28000,0.3847660140509959,0.3192324356357101,0.45029959246628176,2
2016,37,28080,0.34934934934934936,0.26020068550921366,0.43849801318948506,2
2016,37,31400,0.2846918215710137,0.21162928442534273,0.35775435871668465,2
2016,37,55000,0.4782410497190322,0.4225970941172725,0.5338850053207919,3
2016,37,74440,0.40705493002538895,0.29588482672796407,0.5182250333228139,2
2016,37,75000,0.38931570582887765,0.3179144629461257,0.4607169487116296,3
2016,38,25700,0.38216039279869063,0.23806184083737328,0.526258944760008,2
2016,39,01000,0.4220068791713165,0.33181440689798936,0.5121993514446437,3
2016,39,15000,0.4319053788333256,0.3687235460608408,0.4950872116058104,2
2016,39,16000,0.41562890294786176,0.36515312950628465,0.46610467638943887,3
2016,39,18000,0.40495004818837577,0.3701242192153489,0.43977587716140265,2
2016,39,21000,0.42511225161052246,0.3407545780148024,0.5094699252062425,3
2016,39,61000,0.5451647183846972,0.42831492302995894,0.6620145137394353,3
2016,39,77000,0.397015108346156,0.33190409603460497,0.46212612065770703,3
2016,40,09050,0.46160178589422607,0.4049222368628705,0.5182813349255817,2
2016,40,23200,0.5433019074764306,0.41921295917867785,0.6673908557741833,2
2016,40,41850,0.400679117147708,0.2741927978093759,0.5271654364860401,1
2016,40,52500,0.3569776407093292,0.2698746499153404,0.444080631503318,2
2016,40,55000,0.3550042790857328,0.3099783552782221,0.4000302028932435,3
2016,40,75000,0.4509869783970404,0.4144371954034392,0.48753676139064156,3
2016,41,05350,0.3475654114802536,0.2780623125935347,0.4170685103669725,2
2016,41,05800,0.43647490820073437,0.31844371616525446,0.5545061002362143,2
2016,41,23850,0.43655220569844283,0.3562442482924805,0.5168601631044052,2
2016,41,31250,0.33070566765675774,0.24779434128562866,0.4136169940278868,2
2016,41,34100,0.4930667891997823,0.3746458114516153,0.6114877669479493,1
2016,41,47000,0.31834069386305364,0.23556089459536883,0.40112049313073844,2
2016,41,59000,0.569272158177813,0.5213701770753063,0.6171741392803196,2
2016,41,64900,0.40413911912127454,0.32605161416524386,0.4822266240773052,2
2016,42,02000,0.22138635142396562,0.12894514793150733,0.3138275549164239,3
2016,42,06088,0.42129992169146435,0.3336242328889322,0.5089756104939965,2
2016,42,24000,0.357539958304378,0.23727953818251452,0.4778003784262415,3
2016,42,60000,0.45299507690858126,0.41466275423702803,0.4913273995801345,1
2016,42,61000,0.5127684370506171,0.42810993688983584,0.5974269372113985,2
2016,42,63624,0.2832686601232595,0.20063302706321562,0.3659042931833034,2
2016,42,69000,0.5542435424354244,0.4489951225858238,0.659491962285025,3
2016,44,19180,0.45238991343620627,0.33171157153092845,0.5730682553414841,2
2016,44,54640,0.37949677687668953,0.2960984426086386,0.46289511114474047,2
2016,44,59000,0.44108207244383313,0.33723481609155437,0.5449293287961119,3
2016,44,74300,0.5106445890005914,0.41803674023763604,0.6032524377635468,2
2016,45,13330,0.5746091899573662,0.48204976106736197,0.6671686188473704,2
2016,45,16000,0.4385317372636744,0.35868487529755366,0.5183785992297951,3
2016,45,48535,0.48503861003861004,0.38514213232233674,0.5849350877548833,2
2016,45,50875,0.35348520037475356,0.28747993121740834,0.4194904695320988,2
2016,46,59020,0.39245732074665657,0.29324432795136124,0.4916703135419519,1
2016,47,14000,0.3809834938952726,0.298294596412951,0.4636723913775942,3
2016,47,15160,0.3323400028380872,0.2611723103081491,0.4035076953680253,2
2016,47,27740,0.5834666666666667,0.5122698207044922,0.6546635126288411,3
2016,47,40000,0.3729399935284385,0.2999007825236526,0.44597920453322437,3
2016,47,48000,0.35432352705236253,0.30965313783366266,0.3989939162710624,2
2016,47,51560,0.3841902465620361,0.2969009693895145,0.4714795237345577,2
2016,47,52006,0.36078344734926093,0.31361319739284044,0.40795369730568143,1
2016,48,01000,0.35768087604504295,0.2899283400862173,0.4254334120038686,3
2016,48,01924,0.5894247681148059,0.506927895095439,0.6719216411341729,2
2016,48,03000,0.4265913743973458,0.36501100908178225,0.48817173971290934,3
2016,48,04000,0.35500502101659737,0.31629163520167625,0.3937184068315185,3
2016,48,05000,0.4579830965811043,0.42320193343919377,0.49276425972301485,2
2016,48,06128,0.2871112340330469,0.2148656458871872,0.3593568221789066,2
2016,48,07000,0.46092610164798875,0.3528740912984043,0.5689781119975732,3
2016,48,10768,0.43030694776325507,0.357090393656464,0.5035235018700461,1
2016,48,10912,0.430984274898078,0.35130837682689364,0.5106601729692624,2
2016,48,13024,0.4709944838175569,0.40747379300037617,0.5345151746347376,2
2016,48,13552,0.5483708692905663,0.47414870732029396,0.6225930312608386,3
2016,48,15976,0.430984274898078,0.3513083768268936,0.5106601729692624,2
2016,48,16432,0.3701083885705953,0.29289483178663517,0.44732194535455544,3
2016,48,17000,0.37005540516935026,0.314852690263758,0.4252581200749425,2
2016,48,19000,0.38591308949348163,0.3603934171286534,0.41143276185830985,2
2016,48,19972,0.4992194375864124,0.4152926862355705,0.5831461889372543,2
2016,48,22660,0.2898431875592991,0.20272255577020773,0.3769638193483905,2
2016,48,24000,0.3799173043250699,0.3355668763682705,0.42426773228186937,2
2016,48,26232,0.6636520458143936,0.5829559101163129,0.7443481815124744,2
2016,48,27000,0.3781872524094719,0.34364668106729634,0.4127278237516474,2
2016,48,27684,0.5614203784146939,0.5005798194675417,0.6222609373618462,2
2016,48,29000,0.3557532684928922,0.2847710365519475,0.42673550043383685,3
2016,48,30464,0.3038157074346917,0.24874215997681912,0.3588892548925643,2
2016,48,35000,0.3984690191259504,0.3794937742071062,0.41744426404479457,2
2016,48,37000,0.31394548994898175,0.2603072352613574,0.3675837446366061,3
2016,48,39148,0.32474835851158246,0.2554367542679744,0.3940599627551905,1
2016,48,41464,0.4337142212706527,0.3726613172154969,0.49476712532580847,1
2016,48,41980,0.5615538044662974,0.441833498857578,0.6812741100750169,2
2016,48,42508,0.4114446987144639,0.3079002169439412,0.5149891804849865,1
2016,48,43888,0.33561584765912345,0.24734614543415756,0.42388554988408933,2
2016,48,45000,0.44570193459925017,0.3765833530480444,0.514820516150456,3
2016,48,45384,0.38818468266127065,0.2875015675171379,0.4888677978054034,1
2016,48,45744,0.44214154073114115,0.3636690393709009,0.5206140420913814,1
2016,48,47892,0.2566837767497126,0.19017235128284876,0.32319520221657644,2
2016,48,48072,0.4051130776794494,0.31807183572945436,0.4921543196294444,1
2016,48,48768,0.38772837870161203,0.29371686376842704,0.481739893634797,2
2016,48,50820,0.3223372446276941,0.2287610390298334,0.41591345022555476,2
2016,48,53388,0.32150101202672465,0.23448779374833237,0.4085142303051169,2
2016,48,56000,0.3363223811631764,0.25565164536331597,0.41699311696303687,3
2016,48,56348,0.4321826048052395,0.33757009708752683,0.5267951125229522,2
2016,48,57200,0.3388804841149773,0.23718639425229915,0.4405745739776554,2
2016,48,58016,0.5208874111126425,0.4593253051239661,0.5824495171013189,1
2016,48,61796,0.5032955151076302,0.4439165679673691,0.5626744622478912,2
2016,48,63500,0.4352516805050126,0.35426610609900994,0.5162372549110152,2
2016,48,64472,0.4741738851459737,0.37188301231153464,0.5764647579804127,1
2016,48,65000,0.4019553014031452,0.37426172720999973,0.4296488755962907,2
2016,48,70808,0.5085835412306672,0.3892891058137987,0.6278779766475356,2
2016,48,72176,0.3775078225658016,0.3076537701445276,0.44736187498707564,2
2016,48,74144,0.39716380195769396,0.3039208264028954,0.4904067775124925,1
2016,48,76000,0.35480726361751364,0.27066879232051677,0.4389457349145105,1
2016,48,79000,0.43078352431093225,0.34640530121203195,0.5151617474098326,3
2016,49,43660,0.37270111347428997,0.3106808541530506,0.43472137279552936,3
2016,49,44320,0.40019171759910616,0.3500785123649902,0.4503049228332221,3
2016,49,55980,0.40756719459851887,0.32737906742578704,0.4877553217712507,2
2016,49,57300,0.4180501951915173,0.35375174246987356,0.48234864791316107,2
2016,49,62470,0.292852185981957,0.2103743347494513,0.3753300372144627,1
2016,49,65330,0.38398357289527724,0.2753567681468215,0.492610377643733,2
2016,49,67000,0.3941999779118586,0.3251225163740391,0.46327743944967814,3
2016,49,67440,0.5290504828079106,0.4603045411349524,0.5977964244808687,2
2016,49,70850,0.508466371161087,0.44093489532137153,0.5759978470008024,3
2016,49,82950,0.48850948837444896,0.41624058069356584,0.5607783960553321,2
2016,49,83470,0.3056629569573287,0.25940062005230297,0.35192529386235444,2
2016,51,01000,0.5617064499746064,0.4696159924565094,0.6537969074927034,3
2016,51,16000,0.49392388871122483,0.4156144833342301,0.5722332940882195,3
2016,51,35000,0.3579461831730129,0.2529419589251326,0.4629504074208932,3
2016,51,47672,0.5092117185140441,0.41509179180587175,0.6033316452222165,2
2016,51,56000,0.43122715433280395,0.3469616561468429,0.5154926525187651,2
2016,51,57000,0.45872317799881784,0.4009351678929081,0.5165111881047276,2
2016,51,64000,0.4713286713286713,0.36959018763137813,0.5730671550259645,3
2016,51,67000,0.4119061236472636,0.3312407550959824,0.4925714921985448,3
2016,51,68000,0.40138888888888885,0.30038901724592154,0.5023887605318562,3
2016,51,76432,0.4730311471258546,0.39091667345743336,0.5551456207942759,2
2016,51,82000,0.4550508121254234,0.4059054856431845,0.5041961386076623,2
2016,53,03180,0.26819962695993027,0.1875127085619408,0.34888654535791974,2
2016,53,05210,0.6563701256298219,0.5501589620496026,0.7625812892100412,1
2016,53,05280,0.47672131147540986,0.3800934850662776,0.5733491378845421,2
2016,53,22640,0.38559043146579997,0.29346704739848894,0.477713815533111,2
2016,53,23515,0.2051122662384246,0.12231453655085177,0.2879099959259974,2
2016,53,35275,0.31274675690919346,0.22749334634580057,0.3980001674725864,2
2016,53,35415,0.18991508630830914,0.12746289333854155,0.25236727927807673,1
2016,53,35940,0.6098693047410436,0.5323971252543755,0.6873414842277117,2
2016,53,53545,0.3079966082677605,0.22993667794090752,0.3860565385946134,2
2016,53,57745,0.42826185433660163,0.33911790988715274,0.5174057987860505,2
2016,53,63000,0.6284883377209255,0.5813016945811238,0.6756749808607272,2
2016,53,67000,0.35225567123277063,0.28070110293236683,0.4238102395331744,3
2016,53,67167,0.383211152676441,0.29813341252678144,0.4682888928261006,2
2016,53,70000,0.3342641555187,0.26391414219229925,0.4046141688451007,3
2016,53,74060,0.42519284029207693,0.3485806002142396,0.5018050803699143,1
2016,53,80010,0.26847988454474025,0.17693042030595385,0.36002934878352666,2
2016,55,02375,0.32950541571026687,0.25527203351120514,0.4037387979093286,3
2016,55,31000,0.27312907164971295,0.17020452853006945,0.37605361476935645,2
2016,55,39225,0.393486777668952,0.2512101992710953,0.5357633560668087,2
2016,55,48000,0.47150371854994544,0.39694903141765286,0.546058405682238,3
2016,55,53000,0.22074881366022506,0.17597530582310714,0.265522321497343,2
2016,55,66000,0.4111196614082339,0.3085623147694361,0.5136770080470318,3
