year,state,place,share_desc_rep_total_population,share_desc_rep_total_nonhispanic,share_desc_rep_asian_other,share_desc_rep_black_nonhispanic,share_desc_rep_hispanic,share_desc_rep_white_nonhispanic,share_desc_rep_total_population_quality,share_desc_rep_total_nonhispanic_quality,share_desc_rep_asian_other_quality,share_desc_rep_black_nonhispanic_quality,share_desc_rep_total_hispanic_quality,share_desc_rep_white_nonhispanic_quality
2021,01,03076,74637,72097,0.10248268285166874,0.17720433565121857,0.034031378538794434,0.6862816029583183,1,1,1,1,1,1
2021,01,07000,202234,193400,0.03922189147225491,0.6855029322468033,0.043682071263981326,0.23159310501696054,1,1,1,1,1,1
2021,01,35896,91371,86683,0.07935778310404833,0.19131890862527498,0.05130730757023563,0.6780160007004411,1,1,1,1,1,1
2021,01,37000,210081,196657,0.06066707603257791,0.30590105721126615,0.06389916270390944,0.5695327040522465,1,1,1,1,1,1
2021,01,50000,187445,182584,0.04534663501293713,0.523721625010003,0.025932940329163223,0.4049987996478967,1,1,1,1,1,1
2021,01,51000,201022,193063,0.05579986270159485,0.6139726000139288,0.03959268139805593,0.2906348558864204,1,1,1,1,1,1
2021,01,77256,99252,94929,0.0430721799056946,0.4397896264055132,0.04355579736428485,0.4735823963245073,1,1,1,1,1,1
2021,02,03000,292545,264762,0.2921089063221043,0.051602317592165305,0.09497000461467467,0.5613187714710557,1,1,1,1,1,1
2021,04,04720,88065,38467,0.07786294214500653,0.0937375801964458,0.5631976381082155,0.26520183955033216,1,1,1,1,1,1
2021,04,07940,89711,48119,0.05931268183388882,0.05061809588567734,0.4636220753307844,0.4264471469496494,1,1,1,1,1,1
2021,04,12000,272439,213832,0.16660977319693582,0.054309405041128474,0.215119714871953,0.5639611068899827,1,1,1,1,1,1
2021,04,23620,76228,61801,0.16953088104108727,0.015020727291808785,0.18926116387679068,0.6261872277903132,1,1,1,1,1,1
2021,04,27400,262249,217392,0.10551041186048374,0.03719747263097285,0.17104736338365448,0.6862447521248889,1,1,1,1,1,1
2021,04,27820,245685,147037,0.0941164499257179,0.06849421006573458,0.40152227445713007,0.43586706555141747,1,1,1,1,1,1
2021,04,28380,93651,64493,0.09099742661583966,0.05808800760269511,0.3113474495734162,0.539567116208049,1,1,1,1,1,1
2021,04,46000,497752,360923,0.07790023947668719,0.04203298027933589,0.2748939230781594,0.6051728571658175,1,1,1,1,1,1
2021,04,54050,187733,149139,0.10471787059281,0.030106587547208002,0.20557920024715953,0.6595963416128224,1,1,1,1,1,1
2021,04,55000,1591119,911189,0.08977455488872925,0.06881823421126892,0.42732818852643956,0.41407902237356226,1,1,1,1,1,1
2021,04,65000,238685,213760,0.08666233739028427,0.021790225611161153,0.10442633596581269,0.7871211010327419,1,1,1,1,1,1
2021,04,71510,141875,112463,0.06501497797356828,0.049712775330396475,0.2073092511013216,0.6779629955947136,1,1,1,1,1,1
2021,04,73000,178862,137537,0.15675772383178094,0.07084232536816093,0.23104404512976484,0.5413559056702933,1,1,1,1,1,1
2021,04,77000,538167,298003,0.08396464294540543,0.044265070136221656,0.4462629629836092,0.42550732393476376,1,1,1,1,1,1
2021,04,85540,95154,38237,0.054448578094457405,0.022195598713664166,0.5981566723416777,0.32519915085020074,1,1,1,1,1,1
2021,05,23290,92070,85171,0.09985880308460954,0.057706093189964155,0.07493211686760073,0.7675029868578256,1,1,1,1,1,1
2021,05,24550,89116,71846,0.13010009425916783,0.08279096907401588,0.19379236051887427,0.593316576147942,1,1,1,1,1,1
2021,05,35710,77520,72453,0.05989422084623323,0.2101780185758514,0.06536377708978328,0.6645639834881321,1,1,1,1,1,1
2021,05,41000,201893,186208,0.060116002040684915,0.41162893215713275,0.07768966729901483,0.4505653985031675,1,1,1,1,1,1
2021,05,66080,85887,52348,0.15863867640038656,0.02842106488758485,0.39050147286550935,0.4224387858465193,1,1,1,1,1,1
2021,06,00562,78320,68598,0.39491828396322776,0.060137895812053116,0.1241317671092952,0.4208120531154239,1,1,1,1,1,1
2021,06,00884,83174,53472,0.53153629740063,0.0201625507971241,0.35710678817899827,0.09119436362324765,1,1,1,1,1,1
2021,06,02000,348204,160347,0.2036650928765896,0.024726884240272945,0.5395027053106799,0.23210531757245753,1,1,1,1,1,1
2021,06,02252,114750,74607,0.20022657952069717,0.19470152505446622,0.34983006535947714,0.2552418300653595,1,1,1,1,1,1
2021,06,02364,75311,45042,0.07854098338888077,0.06676315544873923,0.4019200382414256,0.4527758229209544,1,1,1,1,1,1
2021,06,03526,398756,191600,0.10706798142222311,0.06631624351733892,0.5195056626107193,0.30711011244971864,1,1,1,1,1,1
2021,06,04982,79070,32399,0.15058808650562794,0.12526874920956116,0.5902491463260402,0.1338940179587707,1,1,1,1,1,1
2021,06,06000,119607,105304,0.2779686807628316,0.07257100336936802,0.11958330198065331,0.529877013887147,1,1,1,1,1,1
2021,06,08786,83974,51199,0.35497892204730036,0.025293543239574154,0.39029937837902207,0.2294281563341034,1,1,1,1,1,1
2021,06,08954,107364,81787,0.17531015983011064,0.02882716739316717,0.2382269662084125,0.5576357065683096,1,1,1,1,1,1
2021,06,11194,114858,96545,0.14943669574605165,0.011997422904804192,0.15944035243518084,0.6791255289139634,1,1,1,1,1,1
2021,06,11530,95104,59081,0.32942883580080756,0.2221357671601615,0.3787748149394347,0.06966058209959623,1,1,1,1,1,1
2021,06,13014,103898,83731,0.10026179522223719,0.020260255250341683,0.19410383260505495,0.6853741169223662,1,1,1,1,1,1
2021,06,13210,90279,41954,0.19552719901638255,0.06445574275302118,0.5352850607561005,0.20473199747449572,1,1,1,1,1,1
2021,06,13214,78229,56891,0.42007439696276316,0.04305308772961434,0.2727632974983702,0.26410921780925234,1,1,1,1,1,1
2021,06,13392,274818,109280,0.1864652242575086,0.04799540059239205,0.6023550131359664,0.163184362014133,1,1,1,1,1,1
2021,06,13588,87521,71430,0.09834211217879138,0.03383188034871631,0.18385301813279098,0.6839729893397013,1,1,1,1,1,1
2021,06,14218,118488,78615,0.16414320437512658,0.028542974816015122,0.33651509013570996,0.4707987306731483,1,1,1,1,1,1
2021,06,15044,96083,29469,0.030161422936419553,0.26675894799288113,0.6932964208028476,0.009783208267851753,1,1,1,1,1,1
2021,06,16000,125769,87825,0.2026970080067425,0.033625138150100584,0.30169596641461727,0.46198188742853963,1,1,1,1,1,1
2021,06,16350,157844,80370,0.14010668761562048,0.05607435189174121,0.49082638554522184,0.31299257494741645,1,1,1,1,1,1
2021,06,16532,112148,71863,0.137684131683133,0.01251025430680886,0.35921282590862075,0.49059278810143736,1,1,1,1,1,1
2021,06,17918,104914,80637,0.6196313170787502,0.031969041310025356,0.2313990506510094,0.11700059096021503,1,1,1,1,1,1
2021,06,19766,114293,29537,0.08486958956366532,0.03461279343441855,0.7415677250575275,0.13894989194438853,1,1,1,1,1,1
2021,06,21712,106043,77293,0.0996199654856992,0.06224833322331507,0.2711164338994559,0.5670152673915299,1,1,1,1,1,1
2021,06,22020,175510,142641,0.3759159022277933,0.10546407612101874,0.18727707822916073,0.33134294342202725,1,1,1,1,1,1
2021,06,22230,110144,38589,0.3116465717606043,0.0044578006972690295,0.6496495496804183,0.03424607786170831,1,1,1,1,1,1
2021,06,22804,151443,72665,0.10631722826409937,0.0198226395409494,0.5201825109116961,0.3536776212832551,1,1,1,1,1,1
2021,06,23182,118932,84134,0.26167894258904245,0.15608919382504288,0.29258736084485254,0.2896445027410621,1,1,1,1,1,1
2021,06,24638,79201,66729,0.2377747755710155,0.045302458302294166,0.15747275918233355,0.5594500069443568,1,1,1,1,1,1
2021,06,24680,208087,66114,0.100025470115865,0.08380629256032332,0.6822771244719756,0.133891112851836,1,1,1,1,1,1
2021,06,26000,231502,202591,0.6616184741384523,0.027554837539200527,0.12488445024233052,0.1859422380800166,1,1,1,1,1,1
2021,06,27000,538678,269401,0.17666026828643458,0.06467128785656738,0.4998849034116856,0.25878354044531243,1,1,1,1,1,1
2021,06,28000,142964,88207,0.27404801208695895,0.02088637699001147,0.3830125066450295,0.32205310427800005,1,1,1,1,1,1
2021,06,29000,172708,109032,0.4412939759594228,0.008644648771336591,0.3686916645436228,0.1813697107256178,1,1,1,1,1,1
2021,06,30000,196512,159769,0.1771393095587038,0.017632510991695164,0.18697585898062205,0.618252320468979,1,1,1,1,1,1
2021,06,32548,87863,40358,0.10217042441073035,0.26174840376495223,0.5406712723216827,0.09540989950263479,1,1,1,1,1,1
2021,06,33000,162254,99090,0.3606567480616811,0.09086987069656217,0.3892908649401556,0.15918251630160118,1,1,1,1,1,1
2021,06,33182,88903,45041,0.05645478780243637,0.07990731471378919,0.49336917764304916,0.3702687198407253,1,1,1,1,1,1
2021,06,33434,99287,39132,0.04721665474835578,0.033498846777523746,0.6058698520450815,0.31341464642903905,1,1,1,1,1,1
2021,06,36000,198735,159393,0.18898533222633154,0.01095428585805218,0.19796211034795078,0.6020982715676655,1,1,1,1,1,1
2021,06,36448,88542,29607,0.036242687086354496,0.027004133631496917,0.6656163176797452,0.27113686160240336,1,1,1,1,1,1
2021,06,36546,108206,54702,0.0627876457867401,0.3986377834870525,0.4944642626102065,0.04411030811600096,1,1,1,1,1,1
2021,06,36770,297868,262374,0.4902171431640861,0.016849745524863364,0.11916016490526005,0.3737729464057905,1,1,1,1,1,1
2021,06,37692,104684,29395,0.0613369760421841,0.03290856291314814,0.7192025524435444,0.1865519086011234,1,1,1,1,1,1
2021,06,39496,85516,65051,0.24117124280836336,0.02342251742364002,0.23931194162495908,0.49609429814303757,1,1,1,1,1,1
2021,06,39892,82419,54136,0.23535835183634843,0.08072167825380071,0.3431611642946408,0.3407588056152101,1,1,1,1,1,1
2021,06,40130,171820,94761,0.07900710045396345,0.19961005703643347,0.4484867884995926,0.2728960540100105,1,1,1,1,1,1
2021,06,41992,88403,68227,0.20498173138920625,0.017284481295883624,0.2282275488388403,0.5495062384760698,1,1,1,1,1,1
2021,06,43000,466565,261916,0.1678308488635024,0.11584666659522252,0.4386291299175892,0.2776933546236859,1,1,1,1,1,1
2021,06,44000,3902440,2012103,0.15187728703067824,0.08306392923401769,0.48439873515031623,0.28066004858498783,1,1,1,1,1,1
2021,06,45484,82408,49617,0.18165712066789633,0.038891855159693234,0.3979103970488302,0.3815406271235802,1,1,1,1,1,1
2021,06,46842,101089,61257,0.10761803954930804,0.06221250581171047,0.39402902392940875,0.43614043070957276,1,1,1,1,1,1
2021,06,46898,85993,36050,0.14225576500412823,0.03914272091914458,0.5807798309164699,0.23782168316025723,1,1,1,1,1,1
2021,06,47766,79593,68538,0.7233927606699082,0.031811842749990576,0.13889412385511288,0.10590127272498838,1,1,1,1,1,1
2021,06,48256,93932,76193,0.1850381126772559,0.010858919218157816,0.1888493804028446,0.6152535877017417,1,1,1,1,1,1
2021,06,48354,217728,126278,0.12272192827748384,0.04305831128747795,0.4200194738389183,0.4142002865961199,1,1,1,1,1,1
2021,06,49270,208371,82471,0.085640516194672,0.17359901329839564,0.604210758694828,0.13654971181210437,1,1,1,1,1,1
2021,06,49670,82409,67583,0.3851278379788615,0.02332269533667439,0.17990753437124585,0.4116419323132182,1,1,1,1,1,1
2021,06,50076,111096,74060,0.1421203283646576,0.051874054871462516,0.33336933822999926,0.4726362785338806,1,1,1,1,1,1
2021,06,50258,79700,48103,0.06754077791718946,0.005922208281053953,0.3964491844416562,0.5300878293601003,1,1,1,1,1,1
2021,06,51182,85806,77477,0.12408223201174744,0.0062932662051604785,0.09706780411626227,0.7725566976668298,1,1,1,1,1,1
2021,06,52526,103330,32043,0.15719539339978708,0.04375302429110616,0.6898964482725249,0.10915513403658182,1,1,1,1,1,1
2021,06,53000,437548,318620,0.22611462056734347,0.21607457924616272,0.27180560761333616,0.2860051925731577,1,1,1,1,1,1
2021,06,53322,174461,108556,0.1358469801273637,0.04424484555287428,0.3777635116157766,0.4421446627039854,1,1,1,1,1,1
2021,06,53896,175223,52807,0.10191584438116001,0.052470280727986623,0.6986297460949761,0.14698412879587724,1,1,1,1,1,1
2021,06,53980,139195,84764,0.18079672402025934,0.012737526491612486,0.39104134487589354,0.4154244046122346,1,1,1,1,1,1
2021,06,54652,202981,49832,0.09269833137091649,0.019563407412516443,0.7544991895793203,0.13323907163724683,1,1,1,1,1,1
2021,06,55156,167987,65455,0.07613089108085745,0.1243667664759773,0.6103567537964247,0.18914558864674053,1,1,1,1,1,1
2021,06,56000,138771,88731,0.22576763156567295,0.07514538340143113,0.3605940722485245,0.3384929127843714,1,1,1,1,1,1
2021,06,56700,78106,16155,0.05798530202545259,0.08330986095818503,0.7931656978977287,0.06553913911863365,1,1,1,1,1,1
2021,06,57456,75701,42503,0.23698498038335028,0.1326798853383707,0.4385411024953435,0.1917940317829355,1,1,1,1,1,1
2021,06,57792,79558,70953,0.4393021443475201,0.017559516327710602,0.1081600844666784,0.43497825485809094,1,1,1,1,1,1
2021,06,58072,151592,43376,0.12852261333051876,0.05465327985645681,0.7138635284183862,0.10296057839463824,1,1,1,1,1,1
2021,06,59444,78358,61992,0.20721560019398147,0.10648561729497945,0.20886189029837413,0.47743689221266494,1,1,1,1,1,1
2021,06,59451,173946,107749,0.1918009037287434,0.09195382475020984,0.3805606337599025,0.33568463776114427,1,1,1,1,1,1
2021,06,59920,93251,82270,0.11541967378365915,0.015302784956729687,0.11775745032224856,0.7515200909373626,1,1,1,1,1,1
2021,06,60102,83905,54296,0.21670937369644241,0.019414814373398485,0.3528871938501877,0.4109886180799714,1,1,1,1,1,1
2021,06,60466,103799,26107,0.037408838235435796,0.12625362479407315,0.748485052842513,0.08785248412797811,1,1,1,1,1,1
2021,06,60620,115677,64981,0.19987551544386525,0.17952574842016997,0.4382547956810775,0.1823439404548873,1,1,1,1,1,1
2021,06,62000,314858,141955,0.12065756626796842,0.054179979546335175,0.5491459642124387,0.2760164899732578,1,1,1,1,1,1
2021,06,62938,145687,122621,0.1700357615984954,0.019596806853047974,0.1583257256996163,0.6520417058488404,1,1,1,1,1,1
2021,06,64000,518605,368777,0.27208954792182877,0.12761542985509203,0.28890581463734444,0.3113892075857348,1,1,1,1,1,1
2021,06,64224,163004,32978,0.06970381094942456,0.010778876591985473,0.7976859463571446,0.12183136610144536,1,1,1,1,1,1
2021,06,65000,220821,71656,0.0725700907069527,0.11530153382151154,0.6755018770859655,0.1366264983855702,1,1,1,1,1,1
2021,06,65042,110572,70485,0.08376442499005173,0.01532033426183844,0.3625420540462323,0.5383731867018775,1,1,1,1,1,1
2021,06,66000,1385398,969073,0.22250429118563764,0.056513002039847035,0.30050931212546866,0.4204733946490467,1,1,1,1,1,1
2021,06,67000,865933,732692,0.4053431385569091,0.049243994627759885,0.1538698721494619,0.39154299466586906,1,1,1,1,1,1
2021,06,68000,1013337,698834,0.41739322653766714,0.02788707014546987,0.3103636796051067,0.2443560237117563,1,1,1,1,1,1
2021,06,68084,91176,66000,0.41147889795560233,0.09705404931122225,0.2761252961305607,0.21534175660261473,1,1,1,1,1,1
2021,06,68196,94313,56856,0.15246042433174642,0.014918409975295028,0.39715627750151095,0.43546488819144763,1,1,1,1,1,1
2021,06,68252,105087,79781,0.3314016005785682,0.019098461274943617,0.2408099955275153,0.40868994261897285,1,1,1,1,1,1
2021,06,68378,85688,78943,0.5340887872280833,0.02775184389879563,0.07871580618056204,0.35944356269255906,1,1,1,1,1,1
2021,06,69000,313818,73049,0.1297312454989835,0.008517675850333632,0.7672249520422665,0.09452612660841635,1,1,1,1,1,1
2021,06,69070,89132,56871,0.06757393528699009,0.015101198222860476,0.36194632679621236,0.5553785396939371,1,1,1,1,1,1
2021,06,69084,127922,107722,0.5128046778505652,0.0268679351479808,0.15790872562968059,0.3024186613717734,1,1,1,1,1,1
2021,06,69088,227182,146670,0.1553160021480575,0.03917123715787342,0.35439427419425834,0.45111848649981073,1,1,1,1,1,1
2021,06,69196,109309,24670,0.06364526251269337,0.010566376053206964,0.7743095262055274,0.15147883522857222,1,1,1,1,1,1
2021,06,70000,92828,77387,0.16330202094195717,0.043790666609212735,0.1663398974447365,0.6265674150040936,1,1,1,1,1,1
2021,06,70098,179213,118299,0.103184478804551,0.01927873535960003,0.33989721727776445,0.5376395685580845,1,1,1,1,1,1
2021,06,72016,126809,94061,0.15288347041613765,0.012995923002310561,0.25824665441727324,0.5758739521642786,1,1,1,1,1,1
2021,06,73080,93308,4335,0.014211000128606335,0.004093968362841343,0.9535409611180178,0.028154070390534573,1,1,1,1,1,1
2021,06,75000,317818,175140,0.26119665972348954,0.10893026826674386,0.44892989069215716,0.18094318131760945,1,1,1,1,1,1
2021,06,77000,155550,129349,0.5304596592735454,0.012587592414014786,0.16844101575056253,0.28851173256187723,1,1,1,1,1,1
2021,06,78120,109376,76796,0.17073215330602692,0.031213428905792862,0.2978715623171445,0.5001828554710357,1,1,1,1,1,1
2021,06,78582,127274,102562,0.14109716045696685,0.015973411694454483,0.19416377264798781,0.6487656552005908,1,1,1,1,1,1
2021,06,80000,147156,118372,0.4324322487700128,0.030729294082470302,0.19560194623392863,0.3412365109135883,1,1,1,1,1,1
2021,06,80238,92792,54284,0.2558302439865506,0.04884041727735149,0.4149926717820502,0.28033666695404774,1,1,1,1,1,1
2021,06,80854,79895,47942,0.28134426434695536,0.02288003003942675,0.3999374178609425,0.2958382877526754,1,1,1,1,1,1
2021,06,81344,78624,43410,0.14341676841676843,0.05488146113146113,0.4478785103785104,0.3538232600732601,1,1,1,1,1,1
2021,06,81554,102256,76022,0.16764786418400876,0.09230754185573463,0.25655218275700203,0.4834924112032546,1,1,1,1,1,1
2021,06,81666,125350,89230,0.30235341045073794,0.17483047467092142,0.2881531711208616,0.23466294375747906,1,1,1,1,1,1
2021,06,82590,132924,59474,0.07727724113026993,0.15642021004483767,0.552571394180133,0.21373115464475942,1,1,1,1,1,1
2021,06,82954,140109,65865,0.08351355016451477,0.021433312635162623,0.529901719375629,0.3651514178246936,1,1,1,1,1,1
2021,06,82996,98651,49091,0.09601524566400746,0.029092457248279288,0.5023770666288229,0.37251523045889046,1,1,1,1,1,1
2021,06,84200,109396,51887,0.32281801894036344,0.04536728948041976,0.5256956378661012,0.10611905371311565,1,1,1,1,1,1
2021,06,84550,91267,69158,0.5418278238574731,0.008896972618799785,0.24224528033133552,0.20702992319239155,1,1,1,1,1,1
2021,06,85292,87184,28410,0.08506147917048999,0.00929069554046614,0.6741374564140209,0.23151036887502294,1,1,1,1,1,1
2021,08,03455,122903,104242,0.057232126148263264,0.009617340504300138,0.15183518709876895,0.7813153462486676,1,1,1,1,1,1
2021,08,04000,383496,272137,0.11458528902517888,0.16019202286334147,0.29037851763773287,0.4348441704737468,1,1,1,1,1,1
2021,08,07850,104930,93762,0.09995234918517107,0.010263985514152292,0.10643286000190604,0.7833508052987707,1,1,1,1,1,1
2021,08,12815,107972,98279,0.10471233282702923,0.025941910865780016,0.0897732745526618,0.779572481754529,1,1,1,1,1,1
2021,08,16000,475282,387638,0.09001182455889346,0.05563644320634907,0.18440420634486474,0.6699475258898927,1,1,1,1,1,1
2021,08,20000,706799,498753,0.07950067841069385,0.08641494965329606,0.29434959585398396,0.5397347760820261,1,1,1,1,1,1
2021,08,27425,166788,145754,0.07988584310621867,0.013250353742475478,0.12611219032544307,0.7807516128258628,1,1,1,1,1,1
2021,08,32155,107014,63904,0.036518586353187436,0.025034107686844713,0.4028444876371316,0.5356028183228363,1,1,1,1,1,1
2021,08,43000,155608,120247,0.07506040820523366,0.014131664181790139,0.2272441005603825,0.6835638270525937,1,1,1,1,1,1
2021,08,45970,98789,75562,0.07061514945996011,0.011043739687617042,0.2351172701414125,0.6832238407110104,1,1,1,1,1,1
2021,08,46465,75938,65748,0.02956359135083884,0.005004082277647554,0.134188416866391,0.8312439095051226,1,1,1,1,1,1
2021,08,62000,111424,56303,0.043859491671453185,0.019726450315910395,0.4946959362435382,0.4417181217690982,1,1,1,1,1,1
2021,08,77290,140538,88975,0.08821101766070387,0.017717627972505656,0.3668972092957065,0.527174145071084,1,1,1,1,1,1
2021,08,83835,115535,88211,0.09057861254165404,0.013424503397238932,0.23649976197689013,0.659497122084217,1,1,1,1,1,1
2021,09,08000,148529,86612,0.0785031879296299,0.3213783166923631,0.4168680863669721,0.18325040901103487,1,1,1,1,1,1
2021,09,18430,86197,60644,0.11225448681508637,0.08430687842964373,0.29644883232595104,0.5069898024293189,1,1,1,1,1,1
2021,09,37000,121562,66307,0.05778944077919087,0.340887777430447,0.45454171533867493,0.1467810664516872,1,1,1,1,1,1
2021,09,52000,133874,93267,0.0886057038708039,0.32063731568489773,0.30332252715239705,0.2874344532919013,1,1,1,1,1,1
2021,09,55990,90821,64564,0.08033384349434602,0.11873905814734478,0.28910714482333383,0.5118199535349753,1,1,1,1,1,1
2021,09,73000,134820,97346,0.11249072837857885,0.1243139000148346,0.2779557929090639,0.4852395786975226,1,1,1,1,1,1
2021,09,80000,113783,71874,0.059815613931782426,0.17884921297557632,0.36832391482031585,0.3930112582723254,1,1,1,1,1,1
2021,11,50000,683154,606172,0.08206056028362566,0.43872391876502226,0.11268615861138191,0.3665293623399702,1,1,1,1,1,1
2021,12,07300,95347,81691,0.06159606489978709,0.06397684248062341,0.14322422310088415,0.7312028695187054,1,1,1,1,1,1
2021,12,07875,79479,65703,0.05430365253714818,0.33373595540960505,0.1733288038349753,0.4386315882182715,1,1,1,1,1,1
2021,12,10275,193003,148188,0.04815469189598089,0.039704046051097654,0.23219846323632276,0.6799427988165987,1,1,1,1,1,1
2021,12,12875,116616,96687,0.05762502572545791,0.11883446525348151,0.17089421691706114,0.6526462921039995,1,1,1,1,1,1
2021,12,14400,133693,92768,0.09838959406999619,0.2165034818576889,0.3061117635179104,0.3789951605544045,1,1,1,1,1,1
2021,12,16475,104782,60787,0.10089519192227672,0.0749747093966521,0.4198717336947186,0.4042583649863526,1,1,1,1,1,1
2021,12,16725,86062,67440,0.06795101206107225,0.25400292812158676,0.21637888963770305,0.46166717017963793,1,1,1,1,1,1
2021,12,17200,93464,59126,0.03575708294102542,0.10964649490713002,0.36739279294701704,0.4872036292048275,1,1,1,1,1,1
2021,12,17935,73126,11919,0.03730547274567186,0.0068238383064846975,0.8370073571643465,0.11886333178349698,1,1,1,1,1,1
2021,12,24000,182247,146666,0.04696922308734849,0.2982655407222067,0.19523503816249377,0.4595301980279511,1,1,1,1,1,1
2021,12,24125,84694,65202,0.06333388433655276,0.22663943136467754,0.23014617328264103,0.47988051101612866,1,1,1,1,1,1
2021,12,25175,138741,121716,0.10833135122278202,0.20972171167859538,0.12271066231323113,0.5592362747853915,1,1,1,1,1,1
2021,12,30000,224362,9373,0.00746561360658222,0.006284486677779659,0.9582237633823909,0.028026136333247163,1,1,1,1,1,1
2021,12,32000,152597,88509,0.05087911295765972,0.16997057609258373,0.41998204420794644,0.3591682667418101,1,1,1,1,1,1
2021,12,32275,78885,27326,0.0322114470431641,0.20395512454839324,0.6535970083032262,0.11023642010521645,1,1,1,1,1,1
2021,12,35000,937690,835688,0.09692755601531423,0.3025840096407128,0.10878008723565358,0.4917083471083194,1,1,1,1,1,1
2021,12,36950,77189,23050,0.046561038489940275,0.07525683711409657,0.7013823213152133,0.17679980308074986,1,1,1,1,1,1
2021,12,38250,110401,91735,0.04957382632403692,0.19445476037354734,0.1690745554840989,0.5868968578183169,1,1,1,1,1,1
2021,12,39425,82505,71825,0.06953517968607963,0.08510999333373735,0.12944670019998789,0.7159081267801951,1,1,1,1,1,1
2021,12,43975,83500,73170,0.08825149700598803,0.09573652694610778,0.1237125748502994,0.6922994011976048,1,1,1,1,1,1
2021,12,45000,440807,121885,0.025886612508422054,0.13627505915287189,0.7234957702577318,0.11434255808097421,1,1,1,1,1,1
2021,12,45025,83469,36615,0.051983371071894956,0.03518671602630917,0.5613341480070445,0.3514957648947514,1,1,1,1,1,1
2021,12,45060,111706,77323,0.022532361735269367,0.6472436574579701,0.30779904391885843,0.02242493688790217,1,1,1,1,1,1
2021,12,45975,134306,87326,0.08706237993834974,0.4452072133784045,0.3497982219707236,0.11793218471252215,1,1,1,1,1,1
2021,12,49675,74131,66149,0.048535700314308455,0.05413389809931068,0.10767425233707896,0.7896561492493019,1,1,1,1,1,1
2021,12,53000,302968,199431,0.08399897018827071,0.22463758548757626,0.3417423622296744,0.3496210820944786,1,1,1,1,1,1
2021,12,54000,118709,97425,0.08607603467302395,0.16483164713711682,0.17929558837156406,0.5697967298182952,1,1,1,1,1,1
2021,12,54200,88313,77210,0.0635240564809258,0.1130411151246136,0.12572327969834565,0.697711548696115,1,1,1,1,1,1
2021,12,55775,170346,93466,0.08606013642821082,0.2134772756624752,0.4513167318281615,0.24914585608115247,1,1,1,1,1,1
2021,12,57425,92212,65792,0.0903027805491693,0.21654448444887867,0.2865136858543357,0.40663904914761634,1,1,1,1,1,1
2021,12,58050,111423,85794,0.06548917189449216,0.29365570842644695,0.23001534692119222,0.41083977275786865,1,1,1,1,1,1
2021,12,58715,202177,158182,0.06311796099457406,0.17289305905221664,0.2176063548277005,0.5463826251255088,1,1,1,1,1,1
2021,12,63000,258245,237039,0.0715793142171194,0.2072295688203063,0.0821158202482139,0.6390752967143604,1,1,1,1,1,1
2021,12,69700,96220,63587,0.08375597588858866,0.336489295364789,0.3391498648929536,0.24060486385366867,1,1,1,1,1,1
2021,12,70600,195057,181013,0.07587013026961349,0.35773132981641265,0.07199946682251855,0.4943990730914553,1,1,1,1,1,1
2021,12,71000,380476,280662,0.08282519790998644,0.21106718952049539,0.2623398059273121,0.44376780664220605,1,1,1,1,1,1
2021,12,76600,115877,87305,0.04867229907574411,0.3297720859186897,0.24657179595605686,0.3749838190495094,1,1,1,1,1,1
2021,13,03440,126118,112280,0.06738927036584785,0.2755435385908435,0.1097226407015652,0.5473445503417435,1,1,1,1,1,1
2021,13,04000,492204,467371,0.08158812199819587,0.47723708056009295,0.05045265784105777,0.3907221396006534,1,1,1,1,1,1
2021,13,04204,201264,190759,0.06526254074250736,0.5557973606804992,0.05219512679863264,0.32674497177836076,1,1,1,1,1,1
2021,13,19000,204366,188267,0.07559476625270348,0.4541117407005079,0.07877533444897879,0.3915181585978098,1,1,1,1,1,1
2021,13,42425,82068,76381,0.3079763123263635,0.09617634157040503,0.06929619340059463,0.5265511527026369,1,1,1,1,1,1
2021,13,49008,156711,151117,0.05360823426562271,0.5420232147073275,0.03569628169050035,0.36867226933654945,1,1,1,1,1,1
2021,13,67284,92688,76882,0.09197522872432246,0.11893664767823235,0.17052908682893148,0.6185590367685138,1,1,1,1,1,1
2021,13,68516,106605,94605,0.10958210215280709,0.19159514094085645,0.11256507668495849,0.586257680221378,1,1,1,1,1,1
2021,13,69000,147930,138301,0.05584398026093423,0.5137903062259177,0.06509159737713784,0.3652741161360103,1,1,1,1,1,1
2021,13,72122,105551,102881,0.018663963392104292,0.9170164186033292,0.0252958285568114,0.039023789447755114,1,1,1,1,1,1
2021,13,80508,79589,73824,0.08732362512407493,0.40153790096621395,0.07243463292666072,0.43870384098305043,1,1,1,1,1,1
2021,15,71550,351554,326243,0.7521262736307935,0.017971634514185587,0.07199747407226201,0.15790461778275883,1,1,1,1,1,1
2021,16,08830,231537,211102,0.0757200792961816,0.015513719189589568,0.0882580321935587,0.8205081693206702,1,1,1,1,1,1
2021,16,52120,115227,105367,0.06500212623777413,0.012219358310118288,0.0855702222569363,0.8372082931951713,1,1,1,1,1,1
2021,16,56260,98881,74200,0.05476279568370061,0.009536715850365592,0.24960305822149856,0.6860974302444353,1,1,1,1,1,1
2021,17,02154,77283,70262,0.12733718929130597,0.025620123442412948,0.0908479225702936,0.7561947646959875,1,1,1,1,1,1
2021,17,03012,183447,107288,0.13113869400971398,0.10492948917125927,0.4151553309675274,0.34877648585149934,1,1,1,1,1,1
2021,17,06613,78372,73878,0.11838411677639973,0.09322206910631348,0.05734190782422294,0.7310519062930638,1,1,1,1,1,1
2021,17,12385,88343,82486,0.18533443509955513,0.17699195182414,0.06629840508019877,0.5713752079961061,1,1,1,1,1,1
2021,17,14000,2742119,1954324,0.09414325198869924,0.2876144324881597,0.28729424215360455,0.33094807336953647,1,1,1,1,1,1
2021,17,14351,84905,10454,0.009881632412696543,0.02843177669159649,0.876874153465638,0.0848124374300689,1,1,1,1,1,1
2021,17,23074,114156,59995,0.08535688005886681,0.0497564735975332,0.47444724762605556,0.3904393987175444,1,1,1,1,1,1
2021,17,24582,78454,69218,0.1397761745736355,0.15758278736584497,0.11772503632701965,0.5849160017334999,1,1,1,1,1,1
2021,17,38570,150323,99557,0.045235925307504504,0.16803815783346526,0.33771279178834906,0.44901312507068114,1,1,1,1,1,1
2021,17,51622,149013,139364,0.24130780535926397,0.04260031004006362,0.06475273969385222,0.6513391449068202,1,1,1,1,1,1
2021,17,59000,113672,105954,0.1100798789499613,0.26671475825181223,0.06789710746709832,0.5553082553311282,1,1,1,1,1,1
2021,17,65000,148942,120896,0.07618401793986922,0.2100482066844812,0.18830148648467188,0.5254662888909777,1,1,1,1,1,1
2021,17,68003,78053,69519,0.27708095781071834,0.05591072732630392,0.10933596402444493,0.5576723508385328,1,1,1,1,1,1
2021,17,72000,114672,111320,0.06800265103948654,0.1991767824752337,0.029231198548904703,0.703589367936375,1,1,1,1,1,1
2021,17,79293,89751,41856,0.09612149168254393,0.18446591124332876,0.5336430791857473,0.1857695178883801,1,1,1,1,1,1
2021,18,05860,80064,76426,0.13777727817745802,0.04329036770583533,0.04543864908073541,0.7734937050359713,1,1,1,1,1,1
2021,18,10342,98137,94210,0.14987211754995566,0.028022050806525572,0.04001548855171851,0.7820903430918003,1,1,1,1,1,1
2021,18,22000,117184,113372,0.0542394866193337,0.1354195111960677,0.03253003823047515,0.7778109639541234,1,1,1,1,1,1
2021,18,23278,97154,94560,0.10025320624987134,0.05708462852790415,0.026699878543343557,0.8159622866788809,1,1,1,1,1,1
2021,18,25000,262676,237814,0.10217911038694057,0.1504515067992508,0.09464892110432624,0.6527204617094824,1,1,1,1,1,1
2021,18,31000,77491,46963,0.031552051205946494,0.21607670568195017,0.39395542708185466,0.3584158160302487,1,1,1,1,1,1
2021,18,36003,880104,785432,0.08135174933871452,0.28457659549325987,0.10756910546935362,0.5265025496986719,1,1,1,1,1,1
2021,18,71000,102786,86544,0.07381355437510945,0.2482536532212558,0.15801762885996148,0.5199151635436733,1,1,1,1,1,1
2021,19,12000,136512,130481,0.08020540318799813,0.0859704641350211,0.044179266291608066,0.7896448663853727,1,1,1,1,1,1
2021,19,19000,101725,92682,0.07442614893094127,0.10743671663799459,0.08889653477512903,0.7292405996559351,1,1,1,1,1,1
2021,19,21000,213545,182445,0.11085719637547121,0.10888571495469339,0.1456367510360814,0.634620337633754,1,1,1,1,1,1
2021,19,73335,85081,67257,0.0953209294672136,0.04479260939575228,0.20949448172917573,0.6503919794078584,1,1,1,1,1,1
2021,20,36000,155745,107169,0.10270634691322354,0.21409355035474653,0.3118944428392565,0.3713056598927734,1,1,1,1,1,1
2021,20,38900,94745,88243,0.13781202174257218,0.04741147290094464,0.06862631273418122,0.746150192622302,1,1,1,1,1,1
2021,20,52575,140339,124442,0.07978537683751487,0.05761050028858692,0.11327571095703974,0.7493284119168585,1,1,1,1,1,1
2021,20,53775,195249,181681,0.12296605872501268,0.049275540463715566,0.06949075283356125,0.7582676479777105,1,1,1,1,1,1
2021,20,71000,126802,106740,0.07060614185896122,0.10126811879938802,0.158215170107727,0.6699105692339238,1,1,1,1,1,1
2021,20,79000,394574,325017,0.10500691885425802,0.09973794522700431,0.17628378960600546,0.6189713463127322,1,1,1,1,1,1
2021,21,46027,321354,297686,0.08148023674825892,0.14466289512500233,0.07365086477840636,0.7002060033483324,1,1,1,1,1,1
2021,21,48006,630260,589113,0.06169041348015105,0.2348792561799892,0.06528575508520293,0.6381445752546568,1,1,1,1,1,1
2021,22,05000,225539,216203,0.07052882206625018,0.5321829040653723,0.041394171296316826,0.3558941025720607,1,1,1,1,1,1
2021,22,40735,122469,116788,0.060015187516841,0.2982958952877871,0.04638724901811887,0.595301668177253,1,1,1,1,1,1
2021,22,41155,83444,80295,0.0509323618234984,0.46173481616413403,0.03773788408992858,0.449594937922439,1,1,1,1,1,1
2021,22,55000,383974,362660,0.06228286290217567,0.5763437107720836,0.05550896675295723,0.3058644595727836,1,1,1,1,1,1
2021,22,70000,189374,183976,0.045713772745994696,0.5641270712980663,0.028504440947542956,0.3616547150083961,1,1,1,1,1,1
2021,24,04000,592211,558965,0.06096813466821792,0.6094094841196803,0.05613877486233792,0.2734836063497639,1,1,1,1,1,1
2021,24,30325,76376,62994,0.10422122132607102,0.1710877762647952,0.1752121085157641,0.5494788938933697,1,1,1,1,1,1
2021,25,07000,672814,539482,0.1451292630652751,0.21692473700012188,0.19817066826790167,0.43977533166670135,1,1,1,1,1,1
2021,25,09000,104216,91559,0.187955784140631,0.398086666154909,0.12144968143087434,0.2925078682735856,1,1,1,1,1,1
2021,25,11000,116892,106627,0.23736440474968346,0.0999897341135407,0.08781610375389248,0.5748297573828833,1,1,1,1,1,1
2021,25,23000,93339,82354,0.10988975669334362,0.05842145298321173,0.11768928315066585,0.7139995071727788,1,1,1,1,1,1
2021,25,34550,87798,15558,0.02635595343857491,0.01880452857696075,0.8227977858265564,0.13204173215790793,1,1,1,1,1,1
2021,25,37000,114804,94632,0.25988641510748756,0.08159123375492143,0.17570816347862445,0.4828141876589666,1,1,1,1,1,1
2021,25,37490,100233,58357,0.09231490626839464,0.11171969311504196,0.41778655732144104,0.37817884329512236,1,1,1,1,1,1
2021,25,45000,100309,77121,0.1343648127286684,0.05431217537808173,0.231165697993201,0.5801573139000489,1,1,1,1,1,1
2021,25,45560,88647,85048,0.21129874671449683,0.027366972373571583,0.04059923065642379,0.7207350502555078,1,1,1,1,1,1
2021,25,55745,100544,95897,0.3294478039465309,0.057735916613621895,0.04621857097390197,0.5665977084659453,1,1,1,1,1,1
2021,25,62535,80608,70731,0.14149960301707026,0.0476131401349742,0.12253126240571656,0.6883559944422389,1,1,1,1,1,1
2021,25,67000,155770,81816,0.05494639532644283,0.18162675739872888,0.4747640752391346,0.2886627720356936,1,1,1,1,1,1
2021,25,82000,203867,155201,0.1086786973860409,0.1162326418694541,0.2387144559933682,0.5363742047511367,1,1,1,1,1,1
2021,26,03000,122731,117085,0.21406979491733955,0.06532986775957175,0.046003047314859324,0.6745972900082294,1,1,1,1,1,1
2021,26,21000,107985,104650,0.06971338611844238,0.031995184516368014,0.0308839190628328,0.8674075103023569,1,1,1,1,1,1
2021,26,22000,645658,595442,0.0460708300679307,0.7753470103367417,0.07777492108825415,0.1008072385070734,1,1,1,1,1,1
2021,26,27440,83749,81900,0.19002017934542503,0.17899915222868332,0.022077875556723064,0.6089027928691686,1,1,1,1,1,1
2021,26,29000,83312,79577,0.06811743806414441,0.5552741501824467,0.04483147685807567,0.3317769348953332,1,1,1,1,1,1
2021,26,34000,197858,166714,0.0840451232702241,0.17772847193441763,0.1574058162924926,0.5808205885028657,1,1,1,1,1,1
2021,26,46000,113592,98903,0.11587083597436439,0.23187372350165505,0.1293136840622579,0.5229417564617227,1,1,1,1,1,1
2021,26,49000,95294,91943,0.07688836652884756,0.043549436480785776,0.03516485822822003,0.8443973387621466,1,1,1,1,1,1
2021,26,69035,75990,72512,0.16250822476641663,0.032175286221871296,0.04576918015528359,0.7595473088564285,1,1,1,1,1,1
2021,26,74900,76196,74927,0.08172345004987139,0.6634469000997427,0.016654417554727283,0.23817523229565857,1,1,1,1,1,1
2021,26,76460,134062,130741,0.10686100460980741,0.05832376064805836,0.024772120362220464,0.8100431143799137,1,1,1,1,1,1
2021,26,80700,86912,84991,0.2960005522827688,0.03617452135493373,0.022102816642120767,0.6457221097201767,1,1,1,1,1,1
2021,26,84000,138996,135428,0.14134219689775246,0.20748079081412416,0.025669803447581227,0.6255072088405422,1,1,1,1,1,1
2021,26,86000,84961,80815,0.09346641400171843,0.2207483433575405,0.0487988606537117,0.6369863819870294,1,1,1,1,1,1
2021,26,88940,76625,58259,0.07241761827079934,0.0770636215334421,0.2396867862969005,0.6108319738988581,1,1,1,1,1,1
2021,27,06616,89436,81149,0.12778970436960507,0.10153629410975445,0.09265843731830582,0.6780155642023347,1,1,1,1,1,1
2021,27,07966,85247,80274,0.2523255950356024,0.300421129189297,0.05833636374300562,0.388916912032095,1,1,1,1,1,1
2021,27,17000,86711,84413,0.07429276562373863,0.025717613682231782,0.02650182791110701,0.8734877927829225,1,1,1,1,1,1
2021,27,43000,425091,383295,0.11881455970603941,0.1821304144289105,0.09832247683437194,0.6007325490306782,1,1,1,1,1,1
2021,27,51730,80034,76314,0.16369293050453557,0.04785466176874828,0.04648024589549442,0.7419721618312217,1,1,1,1,1,1
2021,27,54880,119732,112748,0.11849797881936325,0.08797982160157686,0.05833027093842916,0.7351919286406308,1,1,1,1,1,1
2021,27,58000,309751,282743,0.24533576969888718,0.15772023334872204,0.08719261600446811,0.5097513809479227,1,1,1,1,1,1
2021,27,71428,74014,70883,0.15032291188153593,0.04799092063663631,0.0423028075769449,0.7593833599048828,1,1,1,1,1,1
2021,28,36000,156803,154486,0.014004834091184479,0.8259408302137077,0.014776503000580346,0.14527783269452751,1,1,1,1,1,1
2021,29,15670,124342,119793,0.11568898682665552,0.11423332421868716,0.036584581235624324,0.733493107719033,1,1,1,1,1,1
2021,29,35000,122230,110623,0.06737298535547738,0.09552483023807576,0.09496032070686411,0.7421418636995828,1,1,1,1,1,1
2021,29,38000,502597,448914,0.07515564159754236,0.2629979884480011,0.10681122251028159,0.5550351474441749,1,1,1,1,1,1
2021,29,41348,100772,95905,0.0644722740443774,0.08488469019171992,0.04829714603262811,0.8023458897312745,1,1,1,1,1,1
2021,29,54074,90802,86814,0.07253144203872161,0.038446289729301114,0.04391973745071694,0.8451025307812603,1,1,1,1,1,1
2021,29,65000,302787,289988,0.0683417716084244,0.4460330199116871,0.04227063909613028,0.4433545693837582,1,1,1,1,1,1
2021,29,70000,168603,161031,0.06788728551686506,0.0391807974947065,0.04491023291400509,0.8480216840744234,1,1,1,1,1,1
2021,30,06550,115689,107655,0.0886687584817917,0.004996153480451901,0.06944480460545083,0.8368902834323055,1,1,1,1,1,1
2021,31,28000,289136,265771,0.09498644236622213,0.040410049250179846,0.08080972276022357,0.7837937856233744,1,1,1,1,1,1
2021,31,37000,488059,417328,0.08027103280546,0.11825824336811738,0.14492305233588562,0.656547671490537,1,1,1,1,1,1
2021,32,31900,311250,253209,0.1512160642570281,0.058319678714859435,0.18647710843373494,0.6039871485943775,1,1,1,1,1,1
2021,32,40000,634786,418601,0.12771863273607167,0.11056639560418786,0.3405635915095796,0.42115138015016085,1,1,1,1,1,1
2021,32,51800,259638,150618,0.12737349694574754,0.2127500596985033,0.4198923116030781,0.23998413175267103,1,1,1,1,1,1
2021,32,60600,259913,199230,0.13339078845613725,0.03180294944846929,0.2334742779314617,0.6013319841639317,1,1,1,1,1,1
2021,32,68400,106900,70213,0.1018709073900842,0.014883068288119737,0.34318989710009357,0.5400561272217025,1,1,1,1,1,1
2021,33,45140,114730,102155,0.08876492634881897,0.05281966355791859,0.1096051599407304,0.748810250152532,1,1,1,1,1,1
2021,33,50260,90659,78689,0.11402067086555114,0.021994506888450126,0.1320332233975667,0.7319515988484321,1,1,1,1,1,1
2021,34,13690,89460,55499,0.11638721216186004,0.04073328862061257,0.37962217750950145,0.4632573217080259,1,1,1,1,1,1
2021,34,21000,135772,47174,0.044029696844710246,0.16876086380107827,0.6525498630056271,0.1346595763485844,1,1,1,1,1,1
2021,34,36000,287146,208167,0.29258286725219923,0.20871612350511587,0.27504823330291905,0.22365277593976585,1,1,1,1,1,1
2021,34,51000,306247,193630,0.06809862627225736,0.46469679702984845,0.36773258187018976,0.09947199482770444,1,1,1,1,1,1
2021,34,57000,157927,59000,0.055126735770324266,0.23693858554901948,0.6264096702907039,0.08152500838995232,1,1,1,1,1,1
2021,34,74000,90097,57031,0.029013174689501316,0.4717138195500405,0.3670044507586268,0.13226855500183135,1,1,1,1,1,1
2021,35,02000,562336,282294,0.10143935298469242,0.026373911682695043,0.4979976384225801,0.37418909691003244,1,1,1,1,1,1
2021,35,39380,109934,42013,0.042716539014317684,0.023523204831990104,0.6178343369658158,0.3159259191878764,1,1,1,1,1,1
2021,35,63460,102403,57409,0.06944132496118277,0.026337119029715927,0.4393816587404666,0.4648398972686347,1,1,1,1,1,1
2021,35,70500,86935,39700,0.05103813193765457,0.010180019554839824,0.5433369759015356,0.39544487260597,1,1,1,1,1,1
2021,36,01000,99402,89578,0.1349268626385787,0.26174523651435583,0.09883100943642985,0.5044968914106356,1,1,1,1,1,1
2021,36,11000,276011,242444,0.10869132027346737,0.32313567212900934,0.12161471825398264,0.44655828934354064,1,1,1,1,1,1
2021,36,50617,80685,56561,0.07950672367850282,0.19034516948627378,0.298989898989899,0.43115820784532444,1,1,1,1,1,1
2021,36,51000,8736047,6215025,0.18089943884230475,0.21111756839220303,0.28857697308633984,0.3194060196791524,1,1,1,1,1,1
2021,36,63000,211100,171520,0.07856939838938891,0.3625675035528186,0.18749407863571768,0.37136901942207484,1,1,1,1,1,1
2021,36,73000,146781,132881,0.1355148145877191,0.2754443695028648,0.09469890517165028,0.4943419107377658,1,1,1,1,1,1
2021,36,84000,209730,125813,0.09004434272636247,0.1562723501644972,0.40011920087731845,0.3535641062318219,1,1,1,1,1,1
2021,37,02140,93272,86727,0.046305429282099665,0.10855347799982847,0.0701711124453212,0.7749699802727507,1,1,1,1,1,1
2021,37,10740,171603,157367,0.24367872356543882,0.07737044224168575,0.08295892262955776,0.5959919115633177,1,1,1,1,1,1
2021,37,12000,864871,735953,0.10178859043718659,0.347203224527126,0.14906038010292866,0.4019478049327588,1,1,1,1,1,1
2021,37,14100,102566,88342,0.09297427997582045,0.20655967864594504,0.13868143439346373,0.5617846069847707,1,1,1,1,1,1
2021,37,19000,279106,242166,0.0939857975106232,0.36735147220052594,0.1323511497423918,0.40631158054645905,1,1,1,1,1,1
2021,37,22920,208497,181605,0.10146428965404777,0.4162553897658,0.12898027309745463,0.3533000474826976,1,1,1,1,1,1
2021,37,25580,79483,71549,0.05006101933746839,0.2937735113168854,0.09982008731426846,0.5563453820313777,1,1,1,1,1,1
2021,37,28000,295483,270578,0.09389711083209525,0.4264712352318069,0.08428572878981193,0.3953459251462859,1,1,1,1,1,1
2021,37,28080,87815,84034,0.057313670785173375,0.39132266697033535,0.04305642543984513,0.5083072368046462,1,1,1,1,1,1
2021,37,31400,113148,101782,0.10657722628769399,0.3405186127903277,0.10045250468413051,0.4524516562378478,1,1,1,1,1,1
2021,37,55000,462219,409942,0.08331548465121512,0.27921829262752074,0.11310006728412289,0.5243661554371413,1,1,1,1,1,1
2021,37,74440,115976,107701,0.05007070428364489,0.16956094364351246,0.07135096916603435,0.7090173829068083,1,1,1,1,1,1
2021,37,75000,247917,207865,0.06104462380554782,0.32757334107786074,0.16155406849873144,0.44982796661786,1,1,1,1,1,1
2021,38,25700,124979,120955,0.0787332271821666,0.08018147048704183,0.032197409164739677,0.8088878931660519,1,1,1,1,1,1
2021,39,01000,191483,185296,0.10464114307797559,0.29863225456045706,0.03231096233085966,0.5644156400307077,1,1,1,1,1,1
2021,39,15000,308664,295118,0.06974898271259362,0.3998943835367908,0.0438859083015836,0.48647072544903197,1,1,1,1,1,1
2021,39,16000,374861,329056,0.0715145080443151,0.4665542694492092,0.12219195915285933,0.3397392633536164,1,1,1,1,1,1
2021,39,18000,898143,839602,0.1076732769725979,0.28962871168622367,0.06518004371241551,0.5375179676287629,1,1,1,1,1,1
2021,39,21000,138416,131559,0.06104063114090857,0.3829181597503179,0.0495390706276731,0.5065021384811005,1,1,1,1,1,1
2021,39,61000,80880,75138,0.06048466864490604,0.04693372898120673,0.07099406528189911,0.8215875370919882,1,1,1,1,1,1
2021,39,77000,271454,247519,0.06209891915388979,0.27716666543871155,0.08817331849963529,0.5725610969077634,1,1,1,1,1,1
2021,40,09050,112751,101718,0.16955060265540883,0.05158269106260698,0.09785279066261053,0.6810139156193736,1,1,1,1,1,1
2021,40,23200,93522,87728,0.11937298175830285,0.05165629477556083,0.06195333718269498,0.7670173862834413,1,1,1,1,1,1
2021,40,41850,91247,77095,0.17595099016953983,0.1782743542253444,0.15509550998936952,0.49067914561574627,1,1,1,1,1,1
2021,40,52500,125745,114815,0.16175593462960755,0.04618871525706787,0.08692194520656885,0.7051334049067557,1,1,1,1,1,1
2021,40,55000,673183,539515,0.134681059979233,0.13612049026787665,0.19856116390342596,0.5306372858494645,1,1,1,1,1,1
2021,40,75000,410652,340231,0.1509112338427671,0.14584124757702385,0.17148583228621803,0.531761686293991,1,1,1,1,1,1
2021,41,05350,97466,81001,0.19367779533375742,0.02181273469722775,0.16893070404038332,0.6155787659286315,1,1,1,1,1,1
2021,41,05800,97042,88657,0.06438449331217411,0.006749654788648214,0.08640588611116835,0.8424599657880093,1,1,1,1,1,1
2021,41,23850,173278,154978,0.1088193538706587,0.012909890465033068,0.10561063724188875,0.7726601184224194,1,1,1,1,1,1
2021,41,31250,114164,90483,0.12055464069233734,0.03905784660663607,0.20742966259065906,0.6329578501103675,1,1,1,1,1,1
2021,41,34100,105909,80605,0.18977612856320047,0.028807750049570858,0.23892209349535923,0.5424940278918694,1,1,1,1,1,1
2021,41,47000,84894,70333,0.0701580794873607,0.009482413362546235,0.1715197776050133,0.7488397295450797,1,1,1,1,1,1
2021,41,59000,647176,580761,0.1552128014635895,0.05458020692979962,0.10262277958391534,0.6875842120226955,1,1,1,1,1,1
2021,41,64900,174193,135255,0.10638200157296791,0.012308186896143932,0.22353366668006178,0.6577761448508264,1,1,1,1,1,1
2021,42,02000,125250,56962,0.05219161676646707,0.10335329341317365,0.5452135728542914,0.2992415169660679,1,1,1,1,1,1
2021,42,06088,75599,52845,0.05906162779930951,0.08169420230426329,0.30098281723303216,0.558261352663395,1,1,1,1,1,1
2021,42,24000,95536,87822,0.08720272986099481,0.15226720817283537,0.08074443141852286,0.679785630547647,1,1,1,1,1,1
2021,42,60000,1596865,1350897,0.11183976103177162,0.39647809927576844,0.15403180607001843,0.33765033362244146,1,1,1,1,1,1
2021,42,61000,303207,292660,0.10003067211508969,0.2270297189708681,0.034784816973222915,0.6381547919408193,1,1,1,1,1,1
2021,42,63624,94161,31538,0.033941865528191076,0.08695744522679241,0.6650630303416489,0.21403765890336762,1,1,1,1,1,1
2021,42,69000,75987,63811,0.08665956018792688,0.05398291813073289,0.16023793543632464,0.6991195862450156,1,1,1,1,1,1
2021,44,19180,82654,69279,0.11049676966631984,0.05093522394560457,0.16181914970842307,0.6767488566796526,1,1,1,1,1,1
2021,44,54640,75200,56257,0.12787234042553192,0.15352393617021276,0.25190159574468085,0.4667021276595745,1,1,1,1,1,1
2021,44,59000,188812,107810,0.09995127428341419,0.13025125521682943,0.4290087494438913,0.3407887210558651,1,1,1,1,1,1
2021,44,74300,82666,77671,0.057194009629109914,0.02550020564681973,0.06042387438608376,0.8568819103379866,1,1,1,1,1,1
2021,45,13330,147928,141667,0.04421745714131199,0.1960142772159429,0.04232464442161051,0.7174436212211346,1,1,1,1,1,1
2021,45,16000,137276,129637,0.06122701710422798,0.40336985343395787,0.055647017686995544,0.47975611177481864,1,1,1,1,1,1
2021,45,48535,88900,86865,0.04528683914510686,0.03323959505061867,0.022890888638920134,0.8985826771653543,1,1,1,1,1,1
2021,45,50875,114542,101715,0.08611688289011891,0.43073283162508075,0.11198512336086326,0.3711651621239371,1,1,1,1,1,1
2021,46,59020,189258,178762,0.07944710395333354,0.06629574443352461,0.055458686026482365,0.7987984655866595,1,1,1,1,1,1
2021,47,14000,180353,167209,0.061612504366436935,0.30270081451375913,0.07287929782149451,0.5628073832983094,1,1,1,1,1,1
2021,47,15160,163518,144380,0.09808706075172152,0.21831847258405804,0.11703910272875158,0.5665553639354689,1,1,1,1,1,1
2021,47,27740,81531,77139,0.12108277832971508,0.06180471231801401,0.05386908047245833,0.7632434288798126,1,1,1,1,1,1
2021,47,40000,189339,178621,0.059253508257675384,0.1631148363517289,0.05660746069219759,0.7210241946983981,1,1,1,1,1,1
2021,47,48000,634139,585185,0.0364746530334832,0.6437311062716534,0.07719758601820736,0.24259665467665606,1,1,1,1,1,1
2021,47,51560,148970,138041,0.07733100624286769,0.1820635027186682,0.07336376451634558,0.66724172652211855,1,1,1,1,1,1
2021,47,52006,682646,610199,0.07485138710253923,0.2690486723719175,0.10612674797772198,0.5499731925478213,1,1,1,1,1,1
2021,48,01000,125474,90759,0.0529272996796149,0.09677702153434177,0.27667086408339575,0.5736248147026476,1,1,1,1,1,1
2021,48,01924,102778,91216,0.24636595380334314,0.09482574091731694,0.11249489190293642,0.5463134133764035,1,1,1,1,1,1
2021,48,03000,200371,132285,0.06762455644778935,0.06741993601868534,0.339799671609165,0.5251558359243603,1,1,1,1,1,1
2021,48,04000,392304,274846,0.1012480117459929,0.22370151719075004,0.2994055630327501,0.37564490803050693,1,1,1,1,1,1
2021,48,05000,944658,631904,0.11783206197375135,0.07303595586974333,0.3310764318938706,0.47805555026263474,1,1,1,1,1,1
2021,48,06128,82543,40594,0.036562761227481436,0.15779654240819938,0.5082078431847643,0.2974328531795549,1,1,1,1,1,1
2021,48,07000,115013,92589,0.052837505325484944,0.4583568813960161,0.19496926434403067,0.29383634893446825,1,1,1,1,1,1
2021,48,10768,185849,9907,0.008151779132521563,0.0019424371398285706,0.9466932832568375,0.04321250047081233,1,1,1,1,1,1
2021,48,10912,85204,50629,0.04218111825735881,0.17465142481573634,0.40579080794328903,0.3773766489836158,1,1,1,1,1,1
2021,48,13024,131388,88272,0.1811580966298292,0.09743659999391116,0.32815782263220383,0.3932474807440558,1,1,1,1,1,1
2021,48,13552,74741,58494,0.14380326728301734,0.03104052661858953,0.21737734309147588,0.6077788630069172,1,1,1,1,1,1
2021,48,15976,116276,95698,0.12913240909560011,0.07592280436203516,0.1769754721524648,0.6179693143898999,1,1,1,1,1,1
2021,48,16432,87930,61399,0.051108836574547935,0.11790060275218923,0.30172864778801317,0.5292619128852496,1,1,1,1,1,1
2021,48,17000,318168,113976,0.03659073194035855,0.03772535264388625,0.6417741570491061,0.28390975836664906,1,1,1,1,1,1
2021,48,19000,1300239,754393,0.05702413171732274,0.23722869410931374,0.4198043590447602,0.28594281512860326,1,1,1,1,1,1
2021,48,19972,139704,107077,0.07533785718375995,0.11253077936207982,0.23354377827406517,0.578587585180095,1,1,1,1,1,1
2021,48,22660,98759,12106,0.02783543778288561,0.01771990400874857,0.8774187668971942,0.07702589131117164,1,1,1,1,1,1
2021,48,24000,676395,124541,0.02979324211444496,0.03074978378018761,0.8158753391139792,0.12358163499138816,1,1,1,1,1,1
2021,48,26232,75050,66701,0.1579746835443038,0.03685542971352432,0.11124583610926049,0.6939240506329114,1,1,1,1,1,1
2021,48,27000,908469,587965,0.08016233905614831,0.1845522521957271,0.35279574757091325,0.38248966117721134,1,1,1,1,1,1
2021,48,27684,193140,168611,0.28208035621828725,0.082618825722274,0.12700113907010457,0.5082996789893341,1,1,1,1,1,1
2021,48,29000,245075,139354,0.1467061103743752,0.14995817606855044,0.4313822299296134,0.27195348362746097,1,1,1,1,1,1
2021,48,30464,195992,104548,0.09706518633413609,0.22571329442018043,0.46657006408424834,0.21065145516143516,1,1,1,1,1,1
2021,48,35000,2293288,1271641,0.09257799282078832,0.22132632272963534,0.44549441675009854,0.2406012676994778,1,1,1,1,1,1
2021,48,37000,254184,144333,0.2408452144902905,0.1317549491706795,0.43217118307997354,0.19522865325905644,1,1,1,1,1,1
2021,48,39148,150082,108527,0.11205207819725217,0.3494423048733359,0.2768819711890833,0.26162364574032865,1,1,1,1,1,1
2021,48,41464,254697,11411,0.008837952547536877,0.003498274420193406,0.955197744771238,0.03246602826103174,1,1,1,1,1,1
2021,48,41980,111847,92929,0.09463821112770124,0.07749872593811188,0.16914177403059535,0.6587212889035915,1,1,1,1,1,1
2021,48,42508,110077,75243,0.15156663063128537,0.1334520381187714,0.31645121142473,0.39853011982521325,1,1,1,1,1,1
2021,48,43888,81967,64803,0.04727512291531958,0.22046677321361036,0.20940134444349556,0.5228567594275745,1,1,1,1,1,1
2021,48,45000,255537,160735,0.05336604875223549,0.07451367121004003,0.37099128501939055,0.501128995018334,1,1,1,1,1,1
2021,48,45384,141941,19528,0.04153134048654018,0.007214265081970678,0.8624217104289811,0.08883268400250809,1,1,1,1,1,1
2021,48,45744,189394,157448,0.14514187355460045,0.11780204230334647,0.16867482602405567,0.5683812581179974,1,1,1,1,1,1
2021,48,47892,149848,82390,0.06009422881853611,0.2341239122310608,0.45017617852757463,0.25560568042282844,1,1,1,1,1,1
2021,48,48072,130765,69952,0.04555500325010515,0.07193820976561006,0.46505563415286966,0.41745115283141515,1,1,1,1,1,1
2021,48,48768,85311,9623,0.019001066685421574,0.004618396220885935,0.8872009471228798,0.08917958997081267,1,1,1,1,1,1
2021,48,50820,87549,54843,0.027961484425864373,0.019017921392591577,0.37357365589555563,0.5794469382859884,1,1,1,1,1,1
2021,48,53388,112640,44272,0.031125710227272726,0.060724431818181816,0.6069602272727272,0.3011896306818182,1,1,1,1,1,1
2021,48,56000,151964,42945,0.032218156931904926,0.023597694190729383,0.717400173725356,0.22678397515200968,1,1,1,1,1,1
2021,48,56348,122609,92391,0.1716921270053585,0.19254703977685161,0.24645825347242045,0.3893025797453694,1,1,1,1,1,1
2021,48,57200,78997,4106,0.0023292023747737258,4.936896337835614e-4,0.948023342658582,0.04915376533286074,1,1,1,1,1,1
2021,48,58016,282181,237701,0.2588409566909182,0.08514747626523402,0.15762932302316598,0.49838224402068176,1,1,1,1,1,1
2021,48,61796,115904,94791,0.18276332136940918,0.1121013942573164,0.18215937327443402,0.5229759110988405,1,1,1,1,1,1
2021,48,63500,117735,85105,0.11255786299740944,0.10543168981186563,0.2771478319955833,0.5048626151951416,1,1,1,1,1,1
2021,48,64472,99401,55881,0.03709218217120552,0.04405388275771874,0.43782255711713164,0.48103137795394413,1,1,1,1,1,1
2021,48,65000,1434540,491903,0.0516290936467439,0.06015377751753175,0.6571005339690772,0.23111659486664715,1,1,1,1,1,1
2021,48,70808,110272,97046,0.4199887550783517,0.069609692396982,0.11993978525827045,0.3904617672663958,1,1,1,1,1,1
2021,48,72176,80793,57961,0.05962150186278514,0.13821741982597502,0.28259873998985063,0.5195623383213892,1,1,1,1,1,1
2021,48,74144,104945,82188,0.0524751060079089,0.2484158368669303,0.21684691981514126,0.48226213731001955,1,1,1,1,1,1
2021,48,76000,136800,94361,0.04355994152046783,0.20548976608187133,0.3102266081871345,0.4407236842105263,1,1,1,1,1,1
2021,48,79000,102563,79836,0.06204966703392061,0.12479159150960872,0.22159063209929505,0.5915681093571756,1,1,1,1,1,1
2021,49,43660,80858,70073,0.06573251873655049,0.016436221524153454,0.13338197828291573,0.7844492814563804,1,1,1,1,1,1
2021,49,44320,73911,68031,0.05549918144795768,0.004180703819458538,0.07955514064212363,0.8607649740904602,1,1,1,1,1,1
2021,49,55980,86110,59991,0.060387875972593194,0.017698292881198466,0.30332133317849264,0.6185924979677158,1,1,1,1,1,1
2021,49,57300,96734,79880,0.07090578286848472,0.006099199867678376,0.17423036367771413,0.7487646535861228,1,1,1,1,1,1
2021,49,62470,113538,93287,0.08783843294755941,0.00881643150310909,0.17836319117828392,0.7249819443710476,1,1,1,1,1,1
2021,49,65330,92875,81305,0.0590578734858681,0.006072678331090175,0.12457604306864065,0.8102934051144011,1,1,1,1,1,1
2021,49,67000,199153,159495,0.12346286523426712,0.022896968662284776,0.1991333296510723,0.6545068364523758,1,1,1,1,1,1
2021,49,67440,96272,86429,0.08242271896293835,0.008465597473824166,0.10224156556423467,0.8068701179990029,1,1,1,1,1,1
2021,49,70850,75617,68825,0.08199214462356348,0.004787283282859675,0.08982107198116826,0.8233995001124086,1,1,1,1,1,1
2021,49,82950,116045,90186,0.08226980912577017,0.010332198716015338,0.22283596880520487,0.6845620233530096,1,1,1,1,1,1
2021,49,83470,139361,82965,0.11656058725181363,0.024619513350219932,0.4046756266100272,0.45414427278793923,1,1,1,1,1,1
2021,51,01000,158185,132099,0.10937825963270854,0.21056990232955083,0.16490817713436798,0.5151436609033726,1,1,1,1,1,1
2021,51,16000,247172,230329,0.08628809088408072,0.28799378570388234,0.06814283171232988,0.5575752916997071,1,1,1,1,1,1
2021,51,35000,136748,128101,0.08376722145844911,0.48429227484131393,0.06323310030128411,0.3687074033989528,1,1,1,1,1,1
2021,51,47672,78973,75408,0.0541704126726856,0.281995112253555,0.045142010560571336,0.618692464513188,1,1,1,1,1,1
2021,51,56000,185069,167304,0.08814009909817419,0.40236884621411473,0.09599122489449881,0.41349982979321226,1,1,1,1,1,1
2021,51,57000,238556,217965,0.08424437029460588,0.4005642281057697,0.08631516289676218,0.42887623870286223,1,1,1,1,1,1
2021,51,64000,97454,92765,0.06890430356886326,0.5178545775442773,0.048115008106388656,0.3651261107804708,1,1,1,1,1,1
2021,51,67000,225676,209183,0.062399191761640584,0.45008773640085786,0.07308264946206065,0.4144304223754409,1,1,1,1,1,1
2021,51,68000,99578,92959,0.07347004358392416,0.2856956355821567,0.06647050553335074,0.5743638153005683,1,1,1,1,1,1
2021,51,76432,93268,88944,0.062347214478706524,0.4066453660419436,0.04636102414547326,0.48464639533387655,1,1,1,1,1,1
2021,51,82000,457658,418385,0.12561126430653458,0.18325037473397165,0.08581298699028532,0.6053253739692085,1,1,1,1,1,1
2021,53,03180,85306,70436,0.24568025695730664,0.07066325932525262,0.17431364734016364,0.5093428363772771,1,1,1,1,1,1
2021,53,05210,149365,137849,0.4350416764302213,0.026686305359354602,0.07709972215713186,0.4611722960532923,1,1,1,1,1,1
2021,53,05280,90545,81929,0.11805179744878237,0.012711911204373516,0.09515710420233034,0.7740791871445137,1,1,1,1,1,1
2021,53,22640,110438,92166,0.16526920081855884,0.06412647820496568,0.16545029790470672,0.6051540230717688,1,1,1,1,1,1
2021,53,23515,99792,82918,0.26575276575276574,0.1660854577521244,0.16909171075837742,0.3990700657367324,1,1,1,1,1,1
2021,53,35275,83082,58696,0.06071110469175032,0.01912568306010929,0.29351724802002843,0.626645964228112,1,1,1,1,1,1
2021,53,35415,134890,113019,0.3162576914522945,0.11925272444213804,0.16213952109125954,0.402350063014308,1,1,1,1,1,1
2021,53,35940,91656,84822,0.2305468272671729,0.016289168194117135,0.07456140350877193,0.6786026010299381,1,1,1,1,1,1
2021,53,53545,76398,33991,0.05778947092855834,0.01926752009214901,0.5550799759155999,0.3678630330636928,1,1,1,1,1,1
2021,53,57745,105313,88896,0.33477348475496854,0.07769221273726891,0.15588768718012022,0.43164661532764237,1,1,1,1,1,1
2021,53,63000,726054,673738,0.2397411211838238,0.06652948678748413,0.07205524657945553,0.6216741454492366,1,1,1,1,1,1
2021,53,67000,225709,210367,0.10550310355369082,0.023858153640306766,0.0679724778365063,0.8026662649694961,1,1,1,1,1,1
2021,53,67167,102178,95036,0.07947894850163441,0.01341776116189395,0.06989762962672982,0.8372056607097418,1,1,1,1,1,1
2021,53,70000,217332,190922,0.20522518543058546,0.10337640108221523,0.12151915042423574,0.5698792630629635,1,1,1,1,1,1
2021,53,74060,188331,160587,0.14078935491236175,0.021642746016322326,0.1473150994791086,0.6902527995922073,1,1,1,1,1,1
2021,53,80010,96266,51602,0.06570336359670081,0.014096358008019446,0.46396443188664743,0.45623584650863236,1,1,1,1,1,1
2021,55,02375,74752,69980,0.10687339469178082,0.029952375856164382,0.06383775684931507,0.7993364726027398,1,1,1,1,1,1
2021,55,31000,107083,89257,0.11284704388184866,0.04277989970396795,0.1664690006817142,0.6779040557324693,1,1,1,1,1,1
2021,55,39225,99605,81296,0.07127152251393003,0.10279604437528236,0.18381607349028664,0.642116359620501,1,1,1,1,1,1
2021,55,48000,265447,244636,0.13511925167735933,0.06681183061025364,0.07839983122807943,0.7196690864843076,1,1,1,1,1,1
2021,55,53000,578198,463377,0.08307880691389455,0.3885035921950612,0.19858422201391218,0.32983337887713204,1,1,1,1,1,1
2021,55,66000,77705,59578,0.047075477768483365,0.22136284666366385,0.23327971173026188,0.4982819638375909,1,1,1,1,1,1
