GEOID,year,NAME,total_people,total_nonhisp,asian_other,black_nonhispanic,total_hispanic,white_nonhispanic
0103076,2020,"Auburn city, Alabama",65508,63278,0.10204860475056482,0.1748488734200403,0.0340416437687,0.6890608780606948
0107000,2020,"Birmingham city, Alabama",210928,202197,0.03249450049305924,0.6807915497231283,0.04139327163771524,0.24532067814609726
0135896,2020,"Hoover city, Alabama",85386,80565,0.07605462253765254,0.1843042184901506,0.05646124657437988,0.683179912397817
0137000,2020,"Huntsville city, Alabama",199845,187181,0.05755460481873452,0.3144136705947109,0.06336911106107233,0.5646626135254823
0150000,2020,"Mobile city, Alabama",189994,184847,0.04233291577628767,0.509121340673916,0.027090329168289524,0.4214554143815068
0151000,2020,"Montgomery city, Alabama",199054,191508,0.0574015091382238,0.6061320043807208,0.037909311041225,0.2985571754398304
0177256,2020,"Tuscaloosa city, Alabama",100633,97812,0.03887392803553506,0.43941848101517395,0.02803255393360031,0.49367503701569065
0203000,2020,"Anchorage municipality, Alaska",292090,264679,0.2879112602280119,0.05086103598206032,0.09384436303878942,0.5673833407511384
0404720,2020,"Avondale city, Arizona",86091,39754,0.07586158831933651,0.09791964316827544,0.5382328001765574,0.2879859683358307
0407940,2020,"Buckeye city, Arizona",74467,42077,0.05415821773402984,0.0598385862193992,0.4349577665274551,0.45104542951911586
0412000,2020,"Chandler city, Arizona",257076,205821,0.16399430518601504,0.05305434968647404,0.19937683797787425,0.5835745071496367
0423620,2020,"Flagstaff city, Arizona",73319,58851,0.14987929458939703,0.01857635810635715,0.1973294780343431,0.6342148692699028
0427400,2020,"Gilbert town, Arizona",248349,205271,0.09277267071741782,0.038345231911543834,0.17345751341861654,0.6954245839524218
0427820,2020,"Glendale city, Arizona",250290,152565,0.0922290143433617,0.06907587198849335,0.3904470813855927,0.4482480322825522
0428380,2020,"Goodyear city, Arizona",83519,59323,0.09752271938121865,0.06940935595493242,0.2897065338425987,0.5433613908212502
0446000,2020,"Mesa city, Arizona",508918,368418,0.07176008708672124,0.04193209908079494,0.2760759100680267,0.6102319037644571
0454050,2020,"Peoria city, Arizona",172109,138417,0.09639240248912026,0.028354124421151712,0.19575966393390234,0.6794938091558257
0455000,2020,"Phoenix city, Arizona",1658422,951154,0.08424755580907634,0.06719821613557948,0.42647046409176914,0.422083763963575
0465000,2020,"Scottsdale city, Arizona",254995,229112,0.0834996764642444,0.020518049373517127,0.10150395105786388,0.7944783231043746
0471510,2020,"Surprise city, Arizona",139007,110939,0.059795549864395316,0.05058738049162992,0.20191788902717128,0.6876991806168035
0473000,2020,"Tempe city, Arizona",191607,149352,0.1554379537282041,0.07957433705449174,0.22052952136404202,0.5444581878532622
0477000,2020,"Tucson city, Arizona",545340,304249,0.07933582719037664,0.04550372244838083,0.44209300619796826,0.4330674441632743
0485540,2020,"Yuma city, Arizona",97428,39754,0.052346348072422715,0.02297080921295726,0.591965348770374,0.332717493944246
0523290,2020,"Fayetteville city, Arkansas",86622,79575,0.08896123386668514,0.057271824709658053,0.08135346678672854,0.7724134746369282
0524550,2020,"Fort Smith city, Arkansas",87788,70604,0.12665740192281405,0.0868797557752768,0.19574429306966784,0.5907185492322413
0535710,2020,"Jonesboro city, Arkansas",77391,72425,0.05496763189518161,0.20798284038195655,0.06416766807509917,0.6728818596477627
0541000,2020,"Little Rock city, Arkansas",198067,183146,0.05752598868059798,0.4086395007749903,0.07533309435696002,0.4585014161874517
0566080,2020,"Springdale city, Arkansas",80433,49607,0.14510213469595812,0.031740703442616834,0.38325065582534534,0.4399065060360797
0600562,2020,"Alameda city, California",79827,69620,0.39345083743595527,0.06924975258997582,0.1278640059127864,0.40943540406128254
0600884,2020,"Alhambra city, California",84509,55053,0.5409483013643517,0.022092321527884606,0.34855459181862286,0.08840478528914081
0602000,2020,"Anaheim city, California",353085,164906,0.20283217922030106,0.025229052494441847,0.5329566534970333,0.2389821147882238
0602252,2020,"Antioch city, California",111468,72963,0.18154089065920265,0.20206696092152007,0.3454354612983098,0.27095668712096743
0602364,2020,"Apple Valley town, California",73339,44650,0.06944463382374998,0.0857933705122786,0.3911834085547935,0.4535785871091779
0603526,2020,"Bakersfield city, California",379879,185720,0.1056125766362447,0.06975115760544805,0.5111074842252401,0.3135287815330671
0604982,2020,"Bellflower city, California",76339,32990,0.1601409502351354,0.11997799290009038,0.5678486749891929,0.1520323818755813
0606000,2020,"Berkeley city, California",123065,109649,0.2784626010644781,0.07807256327956771,0.10901556088246049,0.5344492747734937
0608786,2020,"Buena Park city, California",82228,51100,0.35766405603930534,0.028031813980639197,0.378557182468259,0.23574694751179648
0608954,2020,"Burbank city, California",103411,78986,0.18272717602576127,0.031147556836313352,0.23619344170349382,0.5499318254344315
0611194,2020,"Carlsbad city, California",114411,96655,0.14148115128790065,0.009937855625770249,0.15519486762636459,0.6933861254599645
0611530,2020,"Carson city, California",91354,56098,0.3099481139304245,0.2370777415329378,0.3859272719311689,0.06704687260546884
0613014,2020,"Chico city, California",98683,79919,0.09625771409462623,0.02181733429263399,0.19014419910217564,0.6917807525105641
0613210,2020,"Chino city, California",89170,42074,0.18346977683077267,0.060917348884153864,0.5281596949646742,0.22745317932039924
0613214,2020,"Chino Hills city, California",82800,60060,0.4038647342995169,0.035507246376811595,0.2746376811594203,0.28599033816425123
0613392,2020,"Chula Vista city, California",268779,106820,0.18297932502167208,0.04511885229128764,0.6025731176914864,0.16932870499555397
0613588,2020,"Citrus Heights city, California",87665,70194,0.09126789482689784,0.03321736154679747,0.19929276221981407,0.6762219814064906
0614218,2020,"Clovis city, California",112663,75841,0.152010864258896,0.025793738849489184,0.3268331217879872,0.4953622751036276
0615044,2020,"Compton city, California",95804,29376,0.027566698676464448,0.270374932153146,0.6933739718592126,0.008684397311176987
0616000,2020,"Concord city, California",129227,91651,0.2001129794857112,0.034946257361077794,0.2907751476084719,0.4741656155447391
0616350,2020,"Corona city, California",168112,87581,0.14456433806034072,0.05985295517274198,0.4790318359189112,0.3165508708480061
0616532,2020,"Costa Mesa city, California",112958,71888,0.13252713397900104,0.014377025088971122,0.3635864657660369,0.4895093751659909
0617918,2020,"Daly City city, California",107197,83688,0.6348871703499165,0.03260352435236061,0.21930651044338928,0.11320279485433361
0619766,2020,"Downey city, California",111263,28693,0.08645281899643188,0.03134914571780376,0.7421155280731241,0.14008250721264032
0621712,2020,"El Cajon city, California",103249,75831,0.09274666098461003,0.052465399180621604,0.26555220873809915,0.5892357310966693
0622020,2020,"Elk Grove city, California",173370,140382,0.3708254023187403,0.10365115071811733,0.19027513410624675,0.33524831285689566
0622230,2020,"El Monte city, California",113917,41807,0.32434140646259996,0.005960479998595469,0.6330047315150504,0.036693382023754134
0622804,2020,"Escondido city, California",150396,72399,0.10278863799569138,0.020864916620122874,0.5186108673103008,0.35773557807388495
0623182,2020,"Fairfield city, California",116544,81797,0.24030409115870402,0.16296849258649093,0.2981449066447007,0.29858250961010435
0624638,2020,"Folsom city, California",79584,67097,0.22909127462806594,0.04059861278648975,0.15690339766787295,0.5734067149175713
0624680,2020,"Fontana city, California",212704,67027,0.09504757785467129,0.07989506544305702,0.6848813374454641,0.1401760192568076
0626000,2020,"Fremont city, California",234829,204721,0.6523810943282133,0.03080113614587636,0.12821244394857534,0.188605325577335
0627000,2020,"Fresno city, California",526147,264396,0.1731284222850268,0.06859109716486077,0.4974864439025595,0.26079403664755285
0628000,2020,"Fullerton city, California",141061,89160,0.2748385450266197,0.019438398990507654,0.3679330218841494,0.33779003409872327
0629000,2020,"Garden Grove city, California",172800,109511,0.43872685185185184,0.007702546296296296,0.36625578703703704,0.18731481481481482
0630000,2020,"Glendale city, California",199357,163090,0.17910582522810836,0.017320686005507707,0.18191987238973298,0.621653616376651
0632548,2020,"Hawthorne city, California",85410,39261,0.10005854115443157,0.26439526987472195,0.5403231471724622,0.09522304179838427
0633000,2020,"Hayward city, California",158817,96160,0.35028995636487276,0.09398238223867722,0.3945232563264638,0.1612044050699862
0633182,2020,"Hemet city, California",84686,44647,0.05705783718678412,0.08135937463098977,0.4727936140566327,0.3887891741255934
0633434,2020,"Hesperia city, California",95163,38951,0.04659373916333029,0.039332513687042235,0.5906917604531173,0.3233819866965102
0636000,2020,"Huntington Beach city, California",199778,161662,0.18250758341759352,0.013635134999849833,0.19079177887455076,0.6130655027080059
0636448,2020,"Indio city, California",89996,31564,0.03673496599848882,0.03472376550068892,0.6492733010356015,0.2792679674652207
0636546,2020,"Inglewood city, California",109309,55165,0.0636727076452991,0.3978446422526965,0.4953297532682579,0.04315289683374653
0636770,2020,"Irvine city, California",272694,243510,0.49578281883723146,0.01380301730144411,0.1070210565689014,0.383393107292423
0637692,2020,"Jurupa Valley city, California",106646,30511,0.0591864673780545,0.029846407741499915,0.7139039438891285,0.19706318099131706
0639496,2020,"Lake Forest city, California",84666,65050,0.230635674296648,0.019984409326057686,0.23168686367609193,0.5176930527012024
0639892,2020,"Lakewood city, California",79676,52543,0.23801395652392188,0.07969777599277073,0.34054169386013355,0.34174657362317384
0640130,2020,"Lancaster city, California",157697,89857,0.08246827777319797,0.20550168994971368,0.43019207721136105,0.2818379550657273
0641992,2020,"Livermore city, California",91763,72235,0.17914627900134042,0.01656441049224633,0.21280908427143838,0.5914802262349749
0643000,2020,"Long Beach city, California",462081,262278,0.16596440883741162,0.12091602987355031,0.43239821589721283,0.28072134539182525
0644000,2020,"Los Angeles city, California",3973278,2063470,0.14997566241274837,0.08430545257593353,0.480663069636708,0.28505581537461006
0645484,2020,"Manteca city, California",81078,48311,0.16512494141444042,0.041059226917289526,0.4041416907175806,0.3896741409506895
0646842,2020,"Menifee city, California",92968,58149,0.10424016866018415,0.06396824713880045,0.37452671887100936,0.45726486533000604
0646898,2020,"Merced city, California",84081,35615,0.13632092862834647,0.04733530762003307,0.5764203565609353,0.23992340719068517
0647766,2020,"Milpitas city, California",75182,64796,0.7245750312574818,0.03466255220664521,0.13814476869463435,0.1026176478412386
0648256,2020,"Mission Viejo city, California",95638,77901,0.18343127208850038,0.010518831426838704,0.18545975449089275,0.6205901419937682
0648354,2020,"Modesto city, California",214485,127084,0.12075902743781616,0.04678182623493484,0.4074923654334802,0.42496678089376877
0649270,2020,"Moreno Valley city, California",208751,83954,0.08204032555532668,0.17314887114313224,0.5978270762774789,0.14698372702406215
0649670,2020,"Mountain View city, California",80104,65619,0.36800908818535905,0.01847598122440827,0.18082742434834714,0.43268750624188557
0650076,2020,"Murrieta city, California",114066,77001,0.15412129819578138,0.044728490523030524,0.32494345378991113,0.476206757491277
0650258,2020,"Napa city, California",78294,47056,0.06539453853424272,0.005632615526093954,0.39898331928372543,0.5299895266559379
0651182,2020,"Newport Beach city, California",86694,78537,0.11870487000253765,0.008293538191801047,0.09408955637068309,0.7789120354349782
0652526,2020,"Norwalk city, California",104524,33610,0.1540124756036891,0.05009375837128315,0.6784470552217673,0.1174467108032605
0653000,2020,"Oakland city, California",422575,308674,0.22300656688161866,0.22218541087380939,0.26954031828669467,0.2852677039578773
0653322,2020,"Oceanside city, California",175694,109200,0.12639020114517285,0.04179425592222842,0.378464830899177,0.45335071203342175
0653896,2020,"Ontario city, California",178194,53386,0.09250592051359754,0.053615722190421676,0.7004051763807985,0.15347318091518233
0653980,2020,"Orange city, California",139322,86162,0.1666642741275606,0.013565696731313073,0.38156213663312327,0.438207892508003
0654652,2020,"Oxnard city, California",207722,51722,0.09194500341802987,0.0209173799597539,0.7510037453904738,0.13613387123174242
0655156,2020,"Palmdale city, California",153240,58870,0.06974680240146176,0.11961628817541112,0.6158313756199426,0.19480553380318455
0656000,2020,"Pasadena city, California",142017,92493,0.225930698437511,0.0796876430286515,0.3487188153530915,0.34566284318074597
0656700,2020,"Perris city, California",77708,15416,0.04897822618005868,0.07667164255932465,0.8016163072013177,0.07273382405929892
0657456,2020,"Pittsburg city, California",71723,40648,0.24499811775859906,0.12967946126068347,0.4332640854398171,0.1920583355409004
0657792,2020,"Pleasanton city, California",79975,71664,0.42010628321350424,0.01400437636761488,0.10391997499218505,0.46196936542669587
0658072,2020,"Pomona city, California",151124,43237,0.12201900426140123,0.055623196844974986,0.713897197003785,0.1084606018898388
0659444,2020,"Rancho Cordova city, California",74394,59030,0.19860472618759578,0.10494125870365889,0.20652203134661398,0.4899319837621314
0659451,2020,"Rancho Cucamonga city, California",178060,111574,0.18311805009547344,0.09569246321464675,0.37339099180051666,0.34779849488936315
0659920,2020,"Redding city, California",92025,82027,0.11449062754686226,0.014213528932355338,0.10864439011138277,0.7626514534093997
0660102,2020,"Redwood City city, California",84518,53801,0.19791050427127949,0.01231690290825623,0.3634373742871341,0.4263352185333302
0660466,2020,"Rialto city, California",103549,25647,0.03451506050275715,0.12086065534191542,0.7523201576065438,0.09230412654878367
0660620,2020,"Richmond city, California",110051,61567,0.20342386711615523,0.17429191920109768,0.4405593770161107,0.18172483666663639
0662000,2020,"Riverside city, California",327569,152101,0.11983734724592376,0.0550143633860347,0.5356672945242071,0.28948099484383444
0662938,2020,"Roseville city, California",138860,117223,0.16190407604781795,0.017917326803975227,0.15581881031254502,0.6643597868356618
0664000,2020,"Sacramento city, California",503482,361065,0.2686094041097795,0.1287811679464211,0.2828641341696426,0.3197452937741568
0664224,2020,"Salinas city, California",156177,32443,0.07558091140180692,0.01101954833298117,0.7922677474916281,0.12113179277358382
0665000,2020,"San Bernardino city, California",216784,73176,0.0722747066204148,0.12130969075208503,0.6624474130932172,0.14396818953428298
0665042,2020,"San Buenaventura (Ventura) city, California",108467,68437,0.07726774041874487,0.015949551476485937,0.36905233849926705,0.5377303696055021
0666000,2020,"San Diego city, California",1414545,989276,0.21908458196805333,0.05731737060326819,0.30064013516713856,0.42295791226153995
0667000,2020,"San Francisco city, California",874784,741919,0.40086124117496436,0.04892979295460365,0.15188320774042507,0.3983257581300069
0668000,2020,"San Jose city, California",1029409,710381,0.41132824756729347,0.02790144636388452,0.3099137466254909,0.2508565594433311
0668084,2020,"San Leandro city, California",90489,66415,0.4095083380300368,0.0972272872945883,0.2660433864889655,0.2272209881864094
0668196,2020,"San Marcos city, California",96219,58853,0.15199700682817324,0.01735623941217431,0.38834325860796726,0.4423034951516852
0668252,2020,"San Mateo city, California",103619,78185,0.32315501983227013,0.02095175595209373,0.24545691427247898,0.41043630994315716
0668378,2020,"San Ramon city, California",81344,75115,0.5285700236034618,0.026381785995279308,0.07657602281667977,0.36847216758457907
0669000,2020,"Santa Ana city, California",332610,79848,0.13186013649619674,0.008361143681789484,0.7599350590781997,0.09984366074381408
0669070,2020,"Santa Barbara city, California",90911,57544,0.06199469811133966,0.013419718185918096,0.36702929238485993,0.5575562913178823
0669084,2020,"Santa Clara city, California",126723,106059,0.4997356438846934,0.028305832406114124,0.1630643213939064,0.3088942023152861
0669088,2020,"Santa Clarita city, California",212519,140173,0.15092297629858978,0.04171391734386102,0.3404213270342887,0.46694177932326053
0669196,2020,"Santa Maria city, California",105528,24599,0.06693010385869153,0.012205291486619665,0.7668959896899401,0.1539686149647487
0670000,2020,"Santa Monica city, California",91600,76822,0.1660589519650655,0.04090611353711791,0.16133187772925764,0.631703056768559
0670098,2020,"Santa Rosa city, California",178391,120093,0.10738209887270098,0.02293837693605619,0.32679899770728343,0.5428805264839593
0672016,2020,"Simi Valley city, California",125768,94908,0.15880828191590865,0.013723681699637428,0.24537243177914891,0.582095604605305
0673080,2020,"South Gate city, California",94905,4418,0.01409830883515094,0.0025499183393920236,0.9534481850271324,0.02990358779832464
0675000,2020,"Stockton city, California",311103,175646,0.26039286024242775,0.10991536565060446,0.43540885173077726,0.19428292237619052
0677000,2020,"Sunnyvale city, California",152569,127161,0.5311039595199549,0.011090064167688063,0.1665344860358264,0.2912714902765306
0678120,2020,"Temecula city, California",113117,79043,0.15170133578507208,0.040559774392885245,0.3012279321410575,0.5065109576809852
0678582,2020,"Thousand Oaks city, California",127648,104926,0.13069534971170718,0.01388192529456004,0.1780051391326147,0.6774175858611181
0680000,2020,"Torrance city, California",144430,116787,0.4342241916499342,0.027438897735927437,0.1913937547600914,0.34694315585404695
0680238,2020,"Tracy city, California",91462,53001,0.2404823861275721,0.050786118825304497,0.4205134372744965,0.2882180577726269
0680854,2020,"Tustin city, California",80815,49243,0.28382107282063973,0.020144775103631753,0.3906700488770649,0.30536410319866364
0681344,2020,"Upland city, California",77348,43218,0.12953146816982986,0.06088069504059575,0.4412525210735895,0.3683353157159849
0681554,2020,"Vacaville city, California",99958,75535,0.16615978711058646,0.09171852177914724,0.24433261970027412,0.4977890714099922
0681666,2020,"Vallejo city, California",121275,87961,0.31503607503607506,0.17796742939600083,0.27469800041228615,0.23229849515563802
0682590,2020,"Victorville city, California",122958,55822,0.07803477610240896,0.1675043510792303,0.5460075798240049,0.2084532929943558
0682954,2020,"Visalia city, California",133100,63993,0.07927122464312547,0.021615326821938393,0.5192111194590533,0.3799023290758828
0682996,2020,"Vista city, California",100659,50122,0.08463227331882892,0.029157849770015596,0.5020614152733487,0.38414846163780686
0684200,2020,"West Covina city, California",105808,50151,0.3201364736125813,0.04555421140178437,0.5260188265537578,0.10829048843187661
0684550,2020,"Westminster city, California",90857,70025,0.5441848179006571,0.008882089437247543,0.22928337937638266,0.21764971328571273
0685292,2020,"Whittier city, California",84821,29007,0.08401221395644946,0.012473326181016493,0.6580210089482558,0.2454934509142783
0803455,2020,"Arvada city, Colorado",120229,102992,0.04882349516339652,0.009382095833783863,0.14336807259479825,0.7984263364080214
0804000,2020,"Aurora city, Colorado",379434,271917,0.11312375801852233,0.16133240563576273,0.28336153323107577,0.4421823031146392
0807850,2020,"Boulder city, Colorado",108777,97610,0.09485461080927034,0.009818252020188092,0.10265956957812773,0.7926675675924139
0812815,2020,"Centennial city, Colorado",111331,101134,0.09704395002290467,0.024090325246337498,0.09159173994664559,0.7872739847841123
0816000,2020,"Colorado Springs city, Colorado",471686,386807,0.08175353943089259,0.05914951895964688,0.1799481010672354,0.6791488405422251
0820000,2020,"Denver city, Colorado",715878,504469,0.07470826034603661,0.08818821084039459,0.2953142853949975,0.5417892434185714
0827425,2020,"Fort Collins city, Colorado",166069,145717,0.07372236841312949,0.014192895724066502,0.12255146956987759,0.7895332662929264
0832155,2020,"Greeley city, Colorado",107445,66392,0.03622318395458141,0.02367723021080553,0.3820838568569966,0.5580157289776164
0843000,2020,"Lakewood city, Colorado",155733,120425,0.07103825136612021,0.013413984190890819,0.22672137568787604,0.6888263887551129
0845970,2020,"Longmont city, Colorado",95864,72437,0.06618751564716682,0.010097638320954685,0.24437745138946843,0.67933739464241
0846465,2020,"Loveland city, Colorado",81774,71872,0.0328588548927532,0.005417369824149485,0.12108983295423974,0.8406339423288576
0862000,2020,"Pueblo city, Colorado",111776,56046,0.039516533066132266,0.02020111651875179,0.4985864586315488,0.4416958917835671
0877290,2020,"Thornton city, Colorado",144186,93468,0.0837113173262314,0.021021458394018838,0.3517539844367692,0.5435132398429806
0883835,2020,"Westminster city, Colorado",114832,87581,0.08888637313640797,0.015431238679113836,0.2373118991221959,0.6583704890622822
0908000,2020,"Bridgeport city, Connecticut",145014,84103,0.06871750313762809,0.31796240362999434,0.42003530693588204,0.1932847862964955
0918430,2020,"Danbury city, Connecticut",84650,60096,0.10728883638511517,0.08176018901358535,0.29006497341996457,0.5208860011813349
0937000,2020,"Hartford city, Connecticut",122549,67780,0.055634888901582226,0.3480322156851545,0.44691511150641783,0.14941778390684543
0952000,2020,"New Haven city, Connecticut",130381,90204,0.08286483460013346,0.3184282986017901,0.30815072748329897,0.2905561393147775
0955990,2020,"Norwalk city, Connecticut",88755,63992,0.08221508647400147,0.1261450059151597,0.27900399977466056,0.5126359078361783
0973000,2020,"Stamford city, Connecticut",130057,94821,0.11058228315277148,0.13142698970451416,0.27092736261792905,0.48706336452478527
0980000,2020,"Waterbury city, Connecticut",107841,68322,0.05541491640470693,0.1888428334306989,0.36645617158594596,0.3892860785786482
1150000,2020,"Washington city, District of Columbia",701974,623993,0.07627063110599538,0.44540253627627235,0.11108815996034041,0.36723867265739185
1207300,2020,"Boca Raton city, Florida",98776,85404,0.05813152992629789,0.062069733538511376,0.13537701465943144,0.7444217218757593
1207875,2020,"Boynton Beach city, Florida",78060,65668,0.052472457084294134,0.3118626697412247,0.1587496797335383,0.47691519344094285
1210275,2020,"Cape Coral city, Florida",189633,146685,0.038975283837728664,0.03943933808988942,0.2264795684295455,0.6951058096428364
1212875,2020,"Clearwater city, Florida",115975,96155,0.05907307609398577,0.11277430480707049,0.17089890062513471,0.657253718473809
1214400,2020,"Coral Springs city, Florida",133370,95752,0.09163230111719277,0.2210467121541576,0.2820574342055935,0.4052635525230562
1216475,2020,"Davie town, Florida",105594,62854,0.10594351951815444,0.07494744019546565,0.40475784608973997,0.41435119419663996
1216725,2020,"Deerfield Beach city, Florida",80822,63407,0.051607235653658656,0.26469278166835764,0.21547350968795626,0.46822647299002745
1217200,2020,"Deltona city, Florida",91847,57945,0.037116073470009905,0.10420590765076704,0.36911385238494454,0.48956416649427853
1217935,2020,"Doral city, Florida",62367,10152,0.03933169785303125,0.009043244023281544,0.8372216075809322,0.11440345054275498
1224000,2020,"Fort Lauderdale city, Florida",181818,147778,0.0354970354970355,0.3107833107833108,0.1872201872201872,0.4664994664994665
1224125,2020,"Fort Myers city, Florida",83505,63920,0.05344590144302736,0.22839350937069636,0.23453685408059396,0.4836237351056823
1225175,2020,"Gainesville city, Florida",133611,117251,0.111285747430975,0.20359102169731533,0.12244500827027714,0.5626782226014325
1230000,2020,"Hialeah city, Florida",233876,9950,0.007431288375036344,0.00629820930749628,0.9574560878414202,0.028814414476047136
1232000,2020,"Hollywood city, Florida",153834,91095,0.04562060402771819,0.16321489397662414,0.4078357190218027,0.3833287829738549
1232275,2020,"Homestead city, Florida",68937,23892,0.017595775853315346,0.20549197092997953,0.6534226902824318,0.12348956293427332
1235000,2020,"Jacksonville city, Florida",902488,808459,0.09083888096019005,0.3044738545000044,0.10418864295148522,0.5004986215883203
1236950,2020,"Kissimmee city, Florida",72410,21987,0.05195414997928463,0.07479629885374948,0.6963540947382958,0.17689545642867008
1238250,2020,"Lakeland city, Florida",110335,92306,0.05100829292608873,0.18681288802283955,0.1634023655231794,0.5987764535278923
1239425,2020,"Largo city, Florida",84666,74753,0.05613823730895519,0.066142253088607,0.11708359908345735,0.7606359105189805
1243975,2020,"Melbourne city, Florida",82281,72634,0.08519585323464712,0.08938880178899139,0.11724456435872194,0.7081707806176396
1245000,2020,"Miami city, Florida",461080,126964,0.020838032445562593,0.13960484080853647,0.7246378068881756,0.11491931985772534
1245025,2020,"Miami Beach city, Florida",89439,37584,0.04418654054718859,0.033117543800802784,0.5797806326099353,0.34291528304207336
1245060,2020,"Miami Gardens city, Florida",110767,79378,0.02036707683696408,0.671102404145639,0.2833786235972808,0.0251518954201161
1245975,2020,"Miramar city, Florida",140479,93146,0.09041209006328348,0.4616205980965126,0.33694004086019974,0.11102727098000413
1249675,2020,"North Port city, Florida",68779,62943,0.05052414254350892,0.061486791026330714,0.08485148082990447,0.8031375856002559
1253000,2020,"Orlando city, Florida",284817,191821,0.0803147284045545,0.2332199271813129,0.3265114090802164,0.3599539353339162
1254000,2020,"Palm Bay city, Florida",113751,94718,0.072236727589208,0.17356330933354433,0.1673216059639036,0.586878357113344
1254200,2020,"Palm Coast city, Florida",88222,77286,0.05918024982430686,0.11247761329373626,0.12396000997483621,0.7043821269071207
1255775,2020,"Pembroke Pines city, Florida",171979,94659,0.0748056448752464,0.20773466527890033,0.44958977549584545,0.26786991435000784
1257425,2020,"Plantation city, Florida",94366,69475,0.0905940698980565,0.22161583621219508,0.26377084967043213,0.4240192442193163
1258050,2020,"Pompano Beach city, Florida",111202,84589,0.047175410514199385,0.295974892537904,0.2393212352295822,0.4175284617183144
1258715,2020,"Port St. Lucie city, Florida",195773,153329,0.053592681319691686,0.1681335015553728,0.21680211265087626,0.5614717044740593
1263000,2020,"St. Petersburg city, Florida",264001,241910,0.06944291877682282,0.20894617823417336,0.08367771334199492,0.637933189647009
1269700,2020,"Sunrise city, Florida",94657,64204,0.08107165872571495,0.34290121174345267,0.3217194713544693,0.2543076581763631
1270600,2020,"Tallahassee city, Florida",192885,179653,0.07515877336236618,0.3550820437047982,0.06860046141483267,0.501158721518003
1271000,2020,"Tampa city, Florida",395912,292338,0.07866647133706481,0.21846521449210934,0.2616086403039059,0.44125967386691994
1276600,2020,"West Palm Beach city, Florida",111006,85468,0.04482640577986775,0.3324595066933319,0.2300596364160496,0.39265445111075076
1303440,2020,"Athens-Clarke County unified government (balance), Georgia",124962,111374,0.06355532081752853,0.2806773259070757,0.10873705606504377,0.5470302972103519
1304000,2020,"Atlanta city, Georgia",497642,473052,0.07805209367376548,0.4925388130423075,0.04941303185824348,0.37999606142568354
1304204,2020,"Augusta-Richmond County consolidated government (balance), Georgia",197535,187416,0.054425797959855214,0.5641025641025641,0.0512263649479839,0.33024527298959677
1319000,2020,"Columbus city, Georgia",195418,180291,0.06818205078344881,0.45643697100574154,0.07740842706403708,0.39797255114677255
1342425,2020,"Johns Creek city, Georgia",84551,78201,0.29760736123759624,0.094227152842663,0.07510260079715202,0.5330628851225887
1349008,2020,"Macon-Bibb County, Georgia",153026,147815,0.04824670317462392,0.5416203782363781,0.03405303673885483,0.3760798818501431
1367284,2020,"Roswell city, Georgia",94884,80081,0.09217570928712955,0.12919986509843598,0.15601155094641878,0.6226128746680157
1368516,2020,"Sandy Springs city, Georgia",108180,94940,0.10152523571824737,0.19213348123497873,0.12238861157330375,0.5839526714734702
1369000,2020,"Savannah city, Georgia",145492,137102,0.054559700877024164,0.5347647980644984,0.05766640090176779,0.35300910015670967
1372122,2020,"South Fulton city, Georgia",98586,96232,0.020682449840748178,0.9078773862414542,0.023877629683727912,0.047562534234069746
1380508,2020,"Warner Robins city, Georgia",76967,71400,0.08832356724310418,0.3954032247586628,0.07232969974144764,0.44394350825678536
1571550,2020,"Urban Honolulu CDP, Hawaii",347181,322156,0.7570316347956829,0.018866239799989054,0.07208055740377498,0.15202156800055303
1608830,2020,"Boise City city, Idaho",228057,207532,0.06956155697917626,0.01480331671468098,0.08999942996706964,0.8256356963390731
1652120,2020,"Meridian city, Idaho",107787,99136,0.06197407850668448,0.008535352129663132,0.08026014268882148,0.849230426674831
1656260,2020,"Nampa city, Idaho",96825,72812,0.0500284017557449,0.00576297443841983,0.24800413116447198,0.6962044926413633
1702154,2020,"Arlington Heights village, Illinois",75071,68923,0.1236429513393987,0.023231340997189327,0.08189580530431192,0.7712299023591
1703012,2020,"Aurora city, Illinois",199326,114190,0.12268344320359612,0.10143684215807271,0.427119392352227,0.34876032228610415
1706613,2020,"Bloomington city, Illinois",77725,72944,0.11597298166613058,0.09491154712126086,0.061511740109359926,0.7276037311032486
1712385,2020,"Champaign city, Illinois",88288,82541,0.17818956143530265,0.17939017760057993,0.0650937839797028,0.5773264769844146
1714000,2020,"Chicago city, Illinois",2699347,1926556,0.09262647595881522,0.2876510504207129,0.28628812820285793,0.33343434541761396
1714351,2020,"Cicero town, Illinois",81471,9082,0.008260608069128893,0.033766616342011266,0.8885247511384419,0.06944802445041794
1723074,2020,"Elgin city, Illinois",112062,59268,0.0764755224786279,0.052024772001213616,0.47111420463671894,0.40038550088343955
1724582,2020,"Evanston city, Illinois",73979,65230,0.13926925208505117,0.1595858284107652,0.11826329093391368,0.5828816285702699
1738570,2020,"Joliet city, Illinois",147323,100799,0.04513891245766106,0.16441424624804002,0.31579590423762754,0.4746509370566714
1751622,2020,"Naperville city, Illinois",147734,137884,0.23845560263717222,0.04195378179701355,0.0666738868506911,0.6529167287151231
1759000,2020,"Peoria city, Illinois",112644,105129,0.10890060722275488,0.2676662760555378,0.06671460530520933,0.556718511416498
1765000,2020,"Rockford city, Illinois",147441,120445,0.07268670179936382,0.2157744453713689,0.18309696760059957,0.5284418852286678
1768003,2020,"Schaumburg village, Illinois",73392,65740,0.2797443863091345,0.056532047089601044,0.10426204490952692,0.5594615216917376
1772000,2020,"Springfield city, Illinois",115075,111546,0.06404518792092113,0.199504670866826,0.030666956332826418,0.7057831848794265
1779293,2020,"Waukegan city, Illinois",87157,41918,0.09299310439781085,0.19626650756680472,0.5190518260151221,0.1916885620202623
1805860,2020,"Bloomington city, Indiana",84691,81070,0.13480771274397516,0.04410149838825849,0.042755428557934134,0.7783353603098322
1810342,2020,"Carmel city, Indiana",99130,95640,0.14331685665288005,0.03180671845051952,0.035206294764450724,0.7896701301321497
1822000,2020,"Evansville city, Indiana",118414,114557,0.054630364652828216,0.13087134967149155,0.03257216207543027,0.7819261236002499
1823278,2020,"Fishers city, Indiana",93488,90265,0.09955288379257231,0.057365651206571965,0.03447501283587198,0.8086064521649837
1825000,2020,"Fort Wayne city, Indiana",268378,243913,0.09579026596814941,0.1478362607963395,0.09115873879379084,0.6652147344417203
1831000,2020,"Hammond city, Indiana",76141,46713,0.02901196464454105,0.21108207142012844,0.3864934792030575,0.373412484732273
1836003,2020,"Indianapolis city (balance), Indiana",869387,778853,0.07421205976164814,0.286290225181651,0.10413544255895246,0.5353622724977484
1871000,2020,"South Bend city, Indiana",102686,86610,0.07005823578676743,0.24864148958962273,0.1565549344603938,0.5247453401632161
1912000,2020,"Cedar Rapids city, Iowa",133125,127669,0.07858028169014085,0.07956431924882629,0.040984037558685446,0.8008713615023474
1919000,2020,"Davenport city, Iowa",102199,93088,0.0702453057270619,0.10860184541923111,0.08914960028963101,0.732003248564076
1921000,2020,"Des Moines city, Iowa",215408,185303,0.10346412389511996,0.11040444180346135,0.13975804055559682,0.6463733937458219
1973335,2020,"Sioux City city, Iowa",82535,65804,0.0883867450172654,0.041861028654510204,0.20271400012116073,0.6670382262070637
2036000,2020,"Kansas City city, Kansas",153014,105986,0.0995006992824186,0.21966617433698876,0.30734442600023526,0.37348870038035736
2038900,2020,"Lawrence city, Kansas",97348,90802,0.13542137486132227,0.047170974236758846,0.06724329210666886,0.75016435879525
2052575,2020,"Olathe city, Kansas",139216,123719,0.0749195494770716,0.058958740374669576,0.11131622801976784,0.754805482128491
2053775,2020,"Overland Park city, Kansas",193412,179597,0.11916530515169689,0.046760283746613444,0.07142783281285546,0.7626465782888342
2071000,2020,"Topeka city, Kansas",125819,106594,0.07338319331738449,0.10176523418561584,0.1527988618571122,0.6720527106398875
2079000,2020,"Wichita city, Kansas",390566,322671,0.10022889857284044,0.10047469569803823,0.17383745640941609,0.6254589493197052
2146027,2020,"Lexington-Fayette urban county, Kentucky",322200,298958,0.07992551210428306,0.1447392923649907,0.07213531967721912,0.7031998758535072
2148006,2020,"Louisville/Jefferson County metro government (balance), Kentucky",618733,580962,0.05673529616167232,0.23696166197697552,0.06104571761971642,0.6452573242416357
2205000,2020,"Baton Rouge city, Louisiana",222191,213121,0.06388647604988501,0.5334509498584551,0.04082073531331152,0.36184183877834836
2240735,2020,"Lafayette city, Louisiana",126674,121988,0.05190488971691112,0.30426133223865987,0.03699259516554305,0.606841182878886
2241155,2020,"Lake Charles city, Louisiana",77832,75174,0.04819354507143591,0.47829941412272586,0.03415047795251311,0.4393565628533251
2255000,2020,"New Orleans city, Louisiana",391249,369797,0.052685118684009415,0.5859516573844278,0.05482953311062776,0.306533690820935
2270000,2020,"Shreveport city, Louisiana",189890,184711,0.040965822318184214,0.570898941492443,0.02727368476486387,0.36086155142450893
2404000,2020,"Baltimore city, Maryland",602274,569647,0.05725135071412679,0.615581944430608,0.05417301759664206,0.27299368725862316
2430325,2020,"Frederick city, Maryland",71843,59906,0.09982879334103531,0.18301017496485392,0.1661539746391437,0.5510070570549671
2507000,2020,"Boston city, Massachusetts",689326,554623,0.13739943074829616,0.21987274526131323,0.1954126204437378,0.44731520354665283
2509000,2020,"Brockton city, Massachusetts",95740,84366,0.1670357217463965,0.42346981407979944,0.11880091915604762,0.2906935450177564
2511000,2020,"Cambridge city, Massachusetts",117822,106830,0.22230143776204783,0.09791040722445724,0.09329327290319295,0.586494882110302
2523000,2020,"Fall River city, Massachusetts",89618,79901,0.09519292999174273,0.05575888772344841,0.10842687852886697,0.7406213037559419
2534550,2020,"Lawrence city, Massachusetts",80022,15135,0.029504386293769214,0.018832321111694285,0.8108645122591287,0.14079878033540777
2537000,2020,"Lowell city, Massachusetts",111311,91377,0.2425187088427918,0.08009091644132206,0.17908382819308064,0.4983065465228055
2537490,2020,"Lynn city, Massachusetts",94201,53681,0.09670810288638125,0.11047653421938196,0.43014405367246633,0.3626713092217705
2545000,2020,"New Bedford city, Massachusetts",95355,74505,0.12792197577473652,0.062115253526296474,0.2186565990246972,0.5913061716742698
2545560,2020,"Newton city, Massachusetts",88322,84343,0.19120943819206992,0.028407418310273772,0.045051063155272755,0.7353320803423835
2555745,2020,"Quincy city, Massachusetts",94389,90845,0.32834334509317825,0.05461441481528568,0.03754674803208001,0.579495492059456
2562535,2020,"Somerville city, Massachusetts",81175,71903,0.13684016014782877,0.05050816137973514,0.11422235910070834,0.6984293193717277
2567000,2020,"Springfield city, Massachusetts",153677,83451,0.05366450412228245,0.18573371421878354,0.4569714400983882,0.3036303415605458
2582000,2020,"Worcester city, Massachusetts",185186,142386,0.10610413314181417,0.1189668765457432,0.23111898307647447,0.5438100072359682
2603000,2020,"Ann Arbor city, Michigan",121093,115505,0.22011181488607928,0.06775783901629326,0.04614635032578266,0.66598399577184475
2621000,2020,"Dearborn city, Michigan",94328,91681,0.0661309473327114,0.029005173437367485,0.02806165719616657,0.8768022220337546
2622000,2020,"Detroit city, Michigan",672351,620274,0.04672261958411603,0.7657384312658121,0.07745507926663306,0.11008386988343886
2627440,2020,"Farmington Hills city, Michigan",80937,79093,0.18640424033507544,0.18505751386881156,0.02278315232835415,0.6057550934677589
2629000,2020,"Flint city, Michigan",95999,91598,0.06057354764112126,0.5303596912467838,0.045844227544036914,0.363222533568058
2634000,2020,"Grand Rapids city, Michigan",199417,166860,0.07997312164960861,0.17524584162834664,0.1632609055396481,0.5815201311823966
2646000,2020,"Lansing city, Michigan",117488,102217,0.11142414544464116,0.22348665395614872,0.12997923192155794,0.5351099686776521
2649000,2020,"Livonia city, Michigan",93970,90776,0.07139512610407577,0.04093859742471001,0.03398957113972544,0.8536767053314888
2669035,2020,"Rochester Hills city, Michigan",74340,70194,0.1502555824589723,0.036144740382028515,0.05577078288942696,0.7578288942695722
2674900,2020,"Southfield city, Michigan",72966,71779,0.08176410931118604,0.6794534440698408,0.016267850779815258,0.22251459583915797
2676460,2020,"Sterling Heights city, Michigan",132296,128965,0.10148454979742395,0.05794581846767854,0.025178387857531594,0.815391243877366
2680700,2020,"Troy city, Michigan",84051,82089,0.2861239009648904,0.03278961582848509,0.02334297033943677,0.6577435128671878
2684000,2020,"Warren city, Michigan",134188,130412,0.12898321757534206,0.1974468655915581,0.028139625003726115,0.6454302918293737
2686000,2020,"Westland city, Michigan",81713,78124,0.08666919584399055,0.19820591582734692,0.04392201975205903,0.6712028685766035
2688940,2020,"Wyoming city, Michigan",75999,59417,0.08488269582494506,0.07221147646679561,0.2181870814089659,0.6247187462992934
2706616,2020,"Bloomington city, Minnesota",85226,77663,0.12405838593856335,0.09864360641118908,0.08874052519184286,0.6885574824584048
2707966,2020,"Brooklyn Park city, Minnesota",80173,75959,0.24787646713981015,0.29758148004939317,0.052561336110660696,0.40198071670013596
2717000,2020,"Duluth city, Minnesota",85852,83646,0.07253179890975167,0.0237035829101244,0.025695382751712247,0.8780692354284116
2743000,2020,"Minneapolis city, Minnesota",424536,383685,0.12071767765277856,0.1864529745416172,0.09622505511900051,0.5966042926866038
2751730,2020,"Plymouth city, Minnesota",78879,74797,0.1610568085295199,0.04050507739702582,0.051750148962334715,0.7466879651111196
2754880,2020,"Rochester city, Minnesota",117134,110072,0.11838578038827326,0.08400635169976267,0.06028992436013455,0.7373179435518296
2758000,2020,"St. Paul city, Minnesota",305877,278332,0.25058765451472326,0.15203823759223478,0.09005253745786705,0.5073215704351749
2771428,2020,"Woodbury city, Minnesota",71298,67620,0.13912031193020843,0.05917417038346097,0.051586299755953885,0.7501192179303767
2836000,2020,"Jackson city, Mississippi",163778,161724,0.011674339654898704,0.8217098755632625,0.01254136697236503,0.1540744178094738
2915670,2020,"Columbia city, Missouri",122659,118486,0.11764322226660906,0.11085203694796142,0.03402114806088424,0.7374835927245453
2935000,2020,"Independence city, Missouri",117139,106191,0.06838883719341979,0.0849247475221745,0.0934616139799725,0.7532248013044331
2938000,2020,"Kansas City city, Missouri",491158,439127,0.06929542021101152,0.273425252159183,0.10593536092255446,0.551343966707251
2941348,2020,"Lee's Summit city, Missouri",98997,94414,0.061951372263805975,0.08294190733052517,0.04629433215147934,0.8088123882541896
2954074,2020,"O'Fallon city, Missouri",88132,85065,0.06256524304452413,0.047383470249171694,0.03480007261834521,0.855251214087959
2965000,2020,"St. Louis city, Missouri",304709,292179,0.06507192107879978,0.4544729561647342,0.04112120088346587,0.43933392187300013
2970000,2020,"Springfield city, Missouri",167601,160342,0.06501751182868837,0.04237444883980406,0.04331119742722299,0.8492968419042846
3006550,2020,"Billings city, Montana",109705,102287,0.08541087461829451,0.0061346337906203,0.0676177020190511,0.8408367895720341
3128000,2020,"Lincoln city, Nebraska",286388,264067,0.09068466555861279,0.04138790731455229,0.07793971814461499,0.7899877089822199
3137000,2020,"Omaha city, Nebraska",479529,411814,0.07749687714403092,0.11924409159821409,0.1412114804318404,0.6620475508259146
3231900,2020,"Henderson city, Nevada",309955,256212,0.14344340307463987,0.057843880563307574,0.1733896855995225,0.62532303076253
3240000,2020,"Las Vegas city, Nevada",644594,430767,0.12263378188441096,0.11653071545810231,0.33172353450388925,0.4291119681535975
3251800,2020,"North Las Vegas city, Nevada",247248,145005,0.12224163592829872,0.21083284799068142,0.41352407299553484,0.253401443085485
3260600,2020,"Reno city, Nevada",250903,190633,0.12691757372370996,0.02959310968780764,0.24021235298103252,0.6032769636074499
3268400,2020,"Sparks city, Nevada",102895,69876,0.09818747266631031,0.01680353758686039,0.3208999465474513,0.564109043199378
3345140,2020,"Manchester city, New Hampshire",112441,100431,0.08662320683736359,0.05130690762266433,0.10681157229124608,0.7552583132487259
3350260,2020,"Nashua city, New Hampshire",89052,77910,0.10717333692673943,0.02434532632619144,0.1251179086376499,0.7433634281094192
3413690,2020,"Clifton city, New Jersey",85201,52093,0.11821457494630344,0.04336803558643678,0.38858698841562894,0.44983040105163086
3421000,2020,"Elizabeth city, New Jersey",128484,46628,0.04959372373213786,0.18233398711123563,0.6370909996575449,0.1309812894990816
3436000,2020,"Jersey City city, New Jersey",262652,192105,0.2969594748945373,0.2135563407093797,0.26859494692597047,0.22088923747011255
3451000,2020,"Newark city, New Jersey",281917,178369,0.047077685985591505,0.4770978692310148,0.3672995952709485,0.10852484951244515
3457000,2020,"Paterson city, New Jersey",145484,56111,0.05731901789887548,0.24522971598251353,0.614314976217316,0.08313628990129499
3474000,2020,"Trenton city, New Jersey",83387,52395,0.026466955280799166,0.4673150491083742,0.37166464796670945,0.1345533476441172
3502000,2020,"Albuquerque city, New Mexico",560447,284547,0.09863733769651724,0.02656451011424809,0.49228562201242937,0.3825125301768053
3539380,2020,"Las Cruces city, New Mexico",102950,41010,0.041942690626517724,0.023895094706168043,0.6016512870325401,0.3325109276347742
3563460,2020,"Rio Rancho city, New Mexico",97976,55848,0.062117253204866496,0.029997142157263002,0.429982852943578,0.47790275169429247
3570500,2020,"Santa Fe city, New Mexico",84418,38252,0.04239617143263285,0.011608898576133052,0.5468738894548556,0.3991210405363785
3601000,2020,"Albany city, New York",96860,87040,0.12887672930002064,0.27222795787734877,0.10138344001651868,0.4975118728061119
3611000,2020,"Buffalo city, New York",255805,224567,0.10213639295557163,0.34185023748558474,0.12211645589413811,0.43389691366470556
3650617,2020,"New Rochelle city, New York",79367,55459,0.08020965892625398,0.1908979802688775,0.3012335101490544,0.4276588506558141
3651000,2020,"New York city, New York",8379552,5955683,0.1770853620814096,0.2142184928263468,0.2892599747576004,0.31943617033464317
3663000,2020,"Rochester city, New York",206357,166336,0.07704124405762829,0.3709251442887811,0.1939405980897183,0.3580930135638723
3673000,2020,"Syracuse city, New York",142553,129063,0.1328488351700771,0.278668284778293,0.09463147040048263,0.49385140965114727
3684000,2020,"Yonkers city, New York",200183,120685,0.09362433373463282,0.16019841844712088,0.3971266291343421,0.34905061868390425
3702140,2020,"Asheville city, North Carolina",92328,86112,0.04440689714929382,0.11108222857637987,0.06732518845853912,0.7771856858157872
3710740,2020,"Cary town, North Carolina",169177,155460,0.23465364677231537,0.07429496917429675,0.08108076156924404,0.6099706224841438
3712000,2020,"Charlotte city, North Carolina",873570,746265,0.0980367915564866,0.34874251634099157,0.1457295923623751,0.40749109974014674
3714100,2020,"Concord city, North Carolina",94147,81623,0.09201567761054522,0.21115914474173367,0.13302601251234772,0.5637991651353734
3719000,2020,"Durham city, North Carolina",276341,238163,0.09170915644077426,0.370502386544161,0.13815539496491652,0.3996330620501482
3722920,2020,"Fayetteville city, North Carolina",211201,184175,0.09442663623751782,0.4164137480409657,0.1279634092641607,0.3611962064573558
3725580,2020,"Gastonia city, North Carolina",76635,68972,0.0551706139492399,0.2901415802179161,0.09999347556599465,0.5546943302668493
3728000,2020,"Greensboro city, North Carolina",294395,270772,0.09074882385910087,0.41924964758232985,0.08024253129299071,0.4097589972655786
3728080,2020,"Greenville city, North Carolina",92826,88714,0.05772089716243294,0.38928748411005537,0.04429793376855622,0.5086936849589555
3731400,2020,"High Point city, North Carolina",112434,100942,0.10702278670153156,0.3456961417364854,0.1022110749417436,0.44506999662023944
3755000,2020,"Raleigh city, North Carolina",469698,418478,0.07982576038220303,0.28071867455258487,0.10904879305426039,0.5304067720109518
3774440,2020,"Wilmington city, North Carolina",122162,114059,0.04247638381820861,0.1740066469114782,0.0663299553052504,0.7171870139650628
3775000,2020,"Winston-Salem city, North Carolina",245787,208687,0.05834319959965336,0.33343097885567585,0.1509437032878061,0.4572821182568647
3825700,2020,"Fargo city, North Dakota",123550,119617,0.07728854714690409,0.07827600161877782,0.03183326588425739,0.8126021853500607
3901000,2020,"Akron city, Ohio",197375,191319,0.09945028499050032,0.2970690310322989,0.030682710576314123,0.5727979734008867
3915000,2020,"Cincinnati city, Ohio",302687,290055,0.06587332789317017,0.41059906768377896,0.04173287917882169,0.48179472524422917
3916000,2020,"Cleveland city, Ohio",383331,337874,0.06874476627249035,0.47025416676449333,0.11858420007773961,0.34241686688527667
3918000,2020,"Columbus city, Ohio",889079,832914,0.10466111560390022,0.28867176032726,0.06317211406410454,0.5434950100047352
3921000,2020,"Dayton city, Ohio",140444,134136,0.051066617299421836,0.38599014553843525,0.04491469909714904,0.5180285380649938
3961000,2020,"Parma city, Ohio",78623,73594,0.05596326774607939,0.04103125039746639,0.0639634712488712,0.839042010607583
3977000,2020,"Toledo city, Ohio",275116,250883,0.061319588827985286,0.26938091568647404,0.08808284505444976,0.5812166504310908
4009050,2020,"Broken Arrow city, Oklahoma",108875,98718,0.16101033295063147,0.04701722158438577,0.09329047072330654,0.6986819747416763
4023200,2020,"Edmond city, Oklahoma",93101,87693,0.11911794717564796,0.05575665137861033,0.058087453410811916,0.7670379480349299
4041850,2020,"Lawton city, Oklahoma",93535,79477,0.16554231036510397,0.18079863152830492,0.1502966803870209,0.5033623777195703
4052500,2020,"Norman city, Oklahoma",124086,113842,0.15824508808407073,0.047990909530486923,0.08255564689006012,0.7112083554953822
4055000,2020,"Oklahoma City city, Oklahoma",649821,519760,0.1302204761003415,0.14177288822614229,0.20014896409934427,0.527857671574172
4075000,2020,"Tulsa city, Oklahoma",402441,333726,0.14696564216866573,0.14788006192212025,0.17074552543105698,0.534408770478157
4105350,2020,"Beaverton city, Oregon",98567,82501,0.18850122251869286,0.021893737254862176,0.16299572879361246,0.6266093114328325
4105800,2020,"Bend city, Oregon",97032,88393,0.053487509275290626,0.0060598565421716545,0.08903248412894715,0.8514201500535906
4123850,2020,"Eugene city, Oregon",170457,152759,0.1069595264494858,0.013317141566494776,0.10382677156115619,0.7758965604228633
4131250,2020,"Gresham city, Oregon",110456,86438,0.10814260882161222,0.03524480336061418,0.2174440501195046,0.639168537698269
4134100,2020,"Hillsboro city, Oregon",108026,81687,0.17966970914409494,0.025345750097198822,0.24382093199785237,0.5511636087608539
4147000,2020,"Medford city, Oregon",82098,68813,0.0726448878169992,0.009744451752783259,0.161818801919657,0.7557918585105605
4159000,2020,"Portland city, Oregon",650380,586571,0.1498585442356776,0.05705433746425167,0.09811033549617147,0.6949767828038993
4164900,2020,"Salem city, Oregon",171806,133322,0.09903612213776003,0.010663189876954238,0.22399683363794046,0.6663038543473453
4202000,2020,"Allentown city, Pennsylvania",121156,55423,0.0508765558453564,0.09677605731453663,0.5425484499323187,0.3097989369077883
4206088,2020,"Bethlehem city, Pennsylvania",75571,52950,0.058143997035900015,0.08148628442127272,0.29933440076219714,0.5610353177806301
4224000,2020,"Erie city, Pennsylvania",96616,88723,0.07972799536308686,0.1498923573735199,0.08169454334685766,0.6886851039165356
4260000,2020,"Philadelphia city, Pennsylvania",1581531,1343419,0.10710444499665198,0.40100636661564015,0.15055790876056177,0.3413312796271461
4261000,2020,"Pittsburgh city, Pennsylvania",301286,291064,0.09310422654886055,0.22754791128694993,0.033927895753536504,0.645419966410653
4263624,2020,"Reading city, Pennsylvania",88333,29134,0.03420012905709078,0.09193619598564523,0.6701798874712734,0.2036837874859905
4269000,2020,"Scranton city, Pennsylvania",76997,65375,0.08261360832240217,0.0538722287881346,0.15094094575113315,0.7125732171383301
4419180,2020,"Cranston city, Rhode Island",81252,68316,0.1095726874415399,0.05537094471520701,0.15920838871658544,0.6758479791266676
4454640,2020,"Pawtucket city, Rhode Island",71821,53871,0.1194358196070787,0.1538407986522048,0.24992690160259534,0.47679648013812115
4459000,2020,"Providence city, Rhode Island",179472,101344,0.09302843897655344,0.13344142818935545,0.43532138718017294,0.3382087456539182
4474300,2020,"Warwick city, Rhode Island",81043,76279,0.05846279135767432,0.019495823204965266,0.0587836087015535,0.863257776735807
4513330,2020,"Charleston city, South Carolina",137041,132068,0.04252741880167249,0.20715698221700074,0.03628841003787188,0.7140271889434548
4516000,2020,"Columbia city, South Carolina",134057,126275,0.061981097592815,0.3905875858776491,0.05804993398330561,0.4893813825462303
4548535,2020,"Mount Pleasant town, South Carolina",89410,87207,0.03979420646460127,0.039783022033329604,0.02463930209148865,0.8957834694105805
4550875,2020,"North Charleston city, South Carolina",113880,100644,0.06804531085353004,0.43376361081840537,0.11622760800842992,0.3819634703196347
4659020,2020,"Sioux Falls city, South Dakota",180927,170940,0.07514080264416036,0.06677278681457162,0.055199058183687345,0.8028873523575807
4714000,2020,"Chattanooga city, Tennessee",181370,168772,0.060473066107956115,0.3047802833985775,0.06946021944092187,0.5652864310525445
4715160,2020,"Clarksville city, Tennessee",156092,138024,0.08632729415985445,0.22248417599876996,0.11575224867385901,0.5754362811675166
4727740,2020,"Franklin city, Tennessee",80675,75564,0.11486829872947009,0.05616361946079951,0.06335295940502014,0.7656151224047103
4740000,2020,"Knoxville city, Tennessee",187487,177344,0.053369033586328656,0.1686783616997445,0.05409975091606351,0.7238528537978633
4748000,2020,"Memphis city, Tennessee",650910,603014,0.03625693260204944,0.6416079027822587,0.07358313745371864,0.24855202716197325
4751560,2020,"Murfreesboro city, Tennessee",141704,130827,0.07735843730593349,0.18758115508383674,0.07675859538192288,0.6583018122283069
4752006,2020,"Nashville-Davidson metropolitan government (balance), Tennessee",667070,597338,0.07035843314794549,0.2716161722158094,0.10453475647233423,0.5534906381639109
4801000,2020,"Abilene city, Texas",124691,90851,0.05247371502353819,0.0987080061913049,0.2713908782510366,0.5774274005341203
4801924,2020,"Allen city, Texas",104040,92826,0.22011726259131104,0.10380622837370242,0.10778546712802768,0.5682910419069589
4803000,2020,"Amarillo city, Texas",199225,133060,0.06802861086711005,0.06492157108796587,0.3321119337432551,0.534937884301669
4804000,2020,"Arlington city, Texas",397269,281199,0.09916706312347554,0.22410507741605815,0.29216978923600884,0.3845580702244575
4805000,2020,"Austin city, Texas",965872,644251,0.11064406049662895,0.07395389865323769,0.33298511604022063,0.4824169248099127
4806128,2020,"Baytown city, Texas",76089,39213,0.03798183705923327,0.154766129138246,0.4846429838741474,0.32260904992837336
4807000,2020,"Beaumont city, Texas",117321,95090,0.05267599151047127,0.4478141168247799,0.18948866784292667,0.3100212238218222
4810768,2020,"Brownsville city, Texas",182230,10736,0.008280744114580475,0.002469406793612468,0.941085441475059,0.04816440761674807
4810912,2020,"Bryan city, Texas",85645,51311,0.041613637690466464,0.1667464533831514,0.40088738396870804,0.3907525249576741
4813024,2020,"Carrollton city, Texas",137319,92665,0.17334090693931647,0.09882827576664555,0.3251844245880031,0.40264639270603486
4813552,2020,"Cedar Park city, Texas",77181,60385,0.13632888923439707,0.02298493152459802,0.21761832575374768,0.6230678534872572
4815976,2020,"College Station city, Texas",115802,95871,0.13062814113745877,0.07324571250928309,0.17211274416676742,0.6240134021864907
4816432,2020,"Conroe city, Texas",88369,61196,0.046283198859328495,0.10432391449490205,0.30749470968326,0.5418981769625095
4817000,2020,"Corpus Christi city, Texas",326332,118165,0.03519421938394028,0.038899035338244486,0.6378994398342792,0.28800730544353603
4819000,2020,"Dallas city, Texas",1338846,783441,0.057182080687397954,0.23976768052486994,0.4148385998090893,0.2882116389786428
4819972,2020,"Denton city, Texas",139734,104637,0.07713942204474215,0.09815077218143044,0.25117008029541843,0.5735397254784089
4822660,2020,"Edinburg city, Texas",97734,12019,0.02432111649988745,0.020473939468352877,0.8770233490903881,0.07818159494137147
4824000,2020,"El Paso city, Texas",679879,125813,0.028678632521375126,0.030459831823015565,0.8149479539741631,0.12591358168144626
4826232,2020,"Flower Mound town, Texas",78854,69754,0.13918127171735106,0.03866639612448322,0.11540315012554848,0.7067491820326173
4827000,2020,"Fort Worth city, Texas",892221,579144,0.07832812722408461,0.18218916613708935,0.3508962465577475,0.38858646008107856
4827684,2020,"Frisco city, Texas",188387,165361,0.25863249587285747,0.080127609654594,0.12222711758242341,0.5390127768901252
4829000,2020,"Garland city, Texas",238622,132905,0.14192739982063682,0.14165919320096218,0.44303123768973524,0.27338216928866577
4830464,2020,"Grand Prairie city, Texas",193835,99465,0.0935795908891583,0.20602058451775995,0.4868573786983775,0.21354244589470425
4835000,2020,"Houston city, Texas",2313238,1284496,0.0907727609523966,0.22304492663530515,0.4447194797941241,0.24146283261817417
4837000,2020,"Irving city, Texas",240475,136699,0.23016529784800915,0.1355234431853623,0.431545898742073,0.20276536022455557
4839148,2020,"Killeen city, Texas",148573,109603,0.11059209950663984,0.3479972807979916,0.2622953026458374,0.2791153170495312
4841464,2020,"Laredo city, Texas",260571,11598,0.007356919994934202,0.003277417671191345,0.9554900583718066,0.03387560396206792
4841980,2020,"League City city, Texas",105410,85321,0.0855421686746988,0.08230718148183284,0.19057964140024666,0.6415710084432217
4842508,2020,"Lewisville city, Texas",107740,73159,0.1424076480415816,0.12558938184518284,0.32096714312233154,0.411035826990904
4843888,2020,"Longview city, Texas",82183,65463,0.046092257522845355,0.2236350583453999,0.20344840173758563,0.5268242823941691
4845000,2020,"Lubbock city, Texas",257013,164049,0.05075618743020781,0.07389898565442216,0.36170932987825516,0.5136354970371149
4845384,2020,"McAllen city, Texas",142557,20617,0.04256542996836353,0.0075548727877270145,0.8553771473866594,0.09450254985725008
4845744,2020,"McKinney city, Texas",191197,156959,0.1303890751423924,0.11074964565343598,0.1790718473616218,0.5797894318425498
4847892,2020,"Mesquite city, Texas",142429,81814,0.05753743970680129,0.2508407697870518,0.4255804646525637,0.2660413258535832
4848072,2020,"Midland city, Texas",141194,77104,0.04359250393076193,0.07044208677422553,0.4539144722863578,0.43205093700865477
4848768,2020,"Mission city, Texas",83796,8045,0.013162919471096473,0.0024822187216573584,0.9039930306935892,0.08036183111365698
4850820,2020,"New Braunfels city, Texas",84622,53832,0.02934225142397958,0.016839592540946798,0.36385337146368557,0.589964784571388
4853388,2020,"Odessa city, Texas",122630,50248,0.030734730490092146,0.055435048519938024,0.5902470847264127,0.32358313626355706
4856000,2020,"Pasadena city, Texas",152537,44681,0.03281826704340586,0.023364822960986516,0.7070809049607636,0.23673600503484402
4856348,2020,"Pearland city, Texas",125817,96804,0.17819531541842518,0.18602414618056384,0.23059681918977562,0.40518371921123536
4857200,2020,"Pharr city, Texas",78689,4347,0.004689346668530544,5.337467752798994e-4,0.9447572087585304,0.05001969779765914
4858016,2020,"Plano city, Texas",288870,245581,0.25131720150932946,0.08581368781804964,0.1498563367604805,0.5130127739121404
4861796,2020,"Richardson city, Texas",118583,98111,0.18217619726267678,0.11753792702157982,0.17263857382592784,0.5276473018898156
4863500,2020,"Round Rock city, Texas",128812,91895,0.11288544545539235,0.09315125919945347,0.2865959693196286,0.5073673260255256
4864472,2020,"San Angelo city, Texas",100509,57155,0.03354923439691968,0.04493129968460536,0.431344456715319,0.49017500920315593
4865000,2020,"San Antonio city, Texas",1529133,539256,0.049748452227504084,0.06283037512106533,0.647345260353416,0.24007591229801462
4870808,2020,"Sugar Land city, Texas",118563,103974,0.4157199126202947,0.06939770417415214,0.1230485058576453,0.39183387734790787
4872176,2020,"Temple city, Texas",76590,54464,0.048413631022326674,0.14509727118422772,0.28888888888888886,0.5176002089045567
4874144,2020,"Tyler city, Texas",105859,83643,0.05112460914990695,0.2332536676144683,0.2098640644631066,0.5057576587725182
4876000,2020,"Waco city, Texas",137779,94003,0.042662524767925446,0.20262158964718863,0.31772621371907184,0.4369896718658141
4879000,2020,"Wichita Falls city, Texas",104657,81769,0.06244207267550188,0.12186475821015316,0.21869535721451983,0.5969978118998251
4943660,2020,"Layton city, Utah",77268,66955,0.0718020396541906,0.016035098617797793,0.13347051819640732,0.7786923435316043
4944320,2020,"Lehi city, Utah",66980,61221,0.05477754553598089,0.0034189310241863244,0.08598088981785608,0.8558226336219767
4955980,2020,"Ogden city, Utah",87175,59318,0.056897046171494124,0.015302552337252653,0.3195526240321193,0.6082477774591339
4957300,2020,"Orem city, Utah",97883,81284,0.06634451334756801,0.00638517413646905,0.1695800087859996,0.7576903037299634
4962470,2020,"Provo city, Utah",116886,96229,0.08525400817890937,0.009333880875382852,0.17672775182656605,0.7286843591191418
4965330,2020,"St. George city, Utah",87176,75981,0.04932550243186198,0.007123520234927044,0.1284183720289988,0.8151326053042122
4967000,2020,"Salt Lake City city, Utah",200133,157760,0.11440392139227414,0.021545672128034855,0.21172420340473586,0.6523262030749551
4967440,2020,"Sandy city, Utah",96137,86245,0.07527798870362087,0.008425476143420327,0.10289482717372084,0.8134017079792379
4970850,2020,"South Jordan city, Utah",73695,67745,0.07240654047085962,0.004477915733767555,0.08073817762399077,0.842377366171382
4982950,2020,"West Jordan city, Utah",115181,92720,0.08512688724702859,0.011191081862459954,0.1950061208011738,0.7086759100893376
4983470,2020,"West Valley City city, Utah",135610,81399,0.11411400339208023,0.026767937467738367,0.39975665511392966,0.45936140402625175
5101000,2020,"Alexandria city, Virginia",158309,132282,0.10670903107214372,0.2129695721658276,0.16440631928696411,0.5159150774750646
5116000,2020,"Chesapeake city, Virginia",242647,226834,0.08032244371453182,0.29040540373464335,0.06516874307121044,0.5641034094796145
5135000,2020,"Hampton city, Virginia",135169,126961,0.0711997573408104,0.4934637379872604,0.060723982569967964,0.3746125221019613
5147672,2020,"Lynchburg city, Virginia",80970,77440,0.05216746943312338,0.2820056811164629,0.04359639372607139,0.6222304557243423
5156000,2020,"Newport News city, Virginia",179582,162766,0.0849862458375561,0.40046886659019276,0.0936396743548908,0.4209052132173603
5157000,2020,"Norfolk city, Virginia",244300,223848,0.08493655341792877,0.40053622595169874,0.08371674171101105,0.4308104789193614
5164000,2020,"Portsmouth city, Virginia",94961,90534,0.06358399764113688,0.5195817230231358,0.0466191383831257,0.3702151409526016
5167000,2020,"Richmond city, Virginia",229233,213013,0.05955512513468829,0.4578791011765322,0.07075770068009406,0.4118080730086855
5168000,2020,"Roanoke city, Virginia",99122,92776,0.0698835778131999,0.28556728072476345,0.06402211416234539,0.5805270272996913
5176432,2020,"Suffolk city, Virginia",91383,87285,0.058665178424871144,0.4072748760710417,0.04484422704441745,0.48921571845966977
5182000,2020,"Virginia Beach city, Virginia",450882,412988,0.12232025230548126,0.18311886480276435,0.08404416233072068,0.6105167205610337
5303180,2020,"Auburn city, Washington",80914,67562,0.24346837382900363,0.07071705761672888,0.16501470697283535,0.5207998615814321
5305210,2020,"Bellevue city, Washington",146145,135390,0.42411303842074655,0.0257073454445927,0.0735912963153033,0.4765883198193575
5305280,2020,"Bellingham city, Washington",90821,82093,0.11443388643595644,0.015591107783442155,0.0961011219872056,0.7738738837933958
5322640,2020,"Everett city, Washington",110840,92558,0.16049260194875498,0.05504330566582461,0.16494045470949115,0.6195236376759292
5323515,2020,"Federal Way city, Washington",96812,79903,0.2419121596496302,0.15214023054993184,0.17465810023550798,0.43128950956492995
5335275,2020,"Kennewick city, Washington",82633,59968,0.05822129173574722,0.01780160468577929,0.27428509191243206,0.6496920116660414
5335415,2020,"Kent city, Washington",130038,109259,0.3077254341038773,0.11742721358372168,0.15979175317983974,0.41505559913256124
5335940,2020,"Kirkland city, Washington",91146,84126,0.21463366466987033,0.01895859390428543,0.07701928773615957,0.6893884536896847
5353545,2020,"Pasco city, Washington",74266,32705,0.05052109983033959,0.017437319904128404,0.5596235154714135,0.37241806479411843
5357745,2020,"Renton city, Washington",101871,86760,0.3223783019701387,0.08699237270665842,0.14833465853874017,0.4422946667844627
5363000,2020,"Seattle city, Washington",741251,688484,0.23394234881302015,0.06912773136225112,0.07118641323924015,0.6257435065854886
5367000,2020,"Spokane city, Washington",219185,204708,0.10420877341058923,0.023655815863311815,0.06604922782124689,0.806086182904852
5367167,2020,"Spokane Valley city, Washington",99275,92827,0.07367413749685219,0.01254092168219592,0.0649508939813649,0.848834046839587
5370000,2020,"Tacoma city, Washington",215766,190105,0.20233493692240667,0.10321830130789837,0.11892976650630777,0.5755169952633872
5374060,2020,"Vancouver city, Washington",182792,156014,0.13324981399623617,0.02056435730228894,0.14649437612149327,0.6996914525799817
5380010,2020,"Yakima city, Washington",93829,50882,0.06259258864530155,0.015304436794594423,0.45771563162774836,0.4643873429323557
5502375,2020,"Appleton city, Wisconsin",73891,69720,0.10028284906145539,0.030396124020516706,0.056448011259828665,0.8128730156581992
5531000,2020,"Green Bay city, Wisconsin",104508,87418,0.11284303593983236,0.042503923144639646,0.16352815095495082,0.6811248899605772
5539225,2020,"Kenosha city, Wisconsin",99767,81950,0.061914260226327344,0.1023584952940351,0.17858610562610883,0.6571411388535288
5548000,2020,"Madison city, Wisconsin",258366,239792,0.134309467964051,0.06447055727146761,0.0718902641988497,0.7293297105656317
5553000,2020,"Milwaukee city, Wisconsin",592649,477489,0.08281124240486358,0.38270375888595104,0.1943140037357694,0.34017099497341596
5566000,2020,"Racine city, Wisconsin",76893,59868,0.04731249918718219,0.22203581600405758,0.22141157192462252,0.5092401128841377
