year,state,county,average_to_living_wage_ratio
2018,01,001,.65351963
2018,01,003,.61715484
2018,01,005,.67505515
2018,01,007,.67442268
2018,01,009,.59919524
2018,01,011,.62476832
2018,01,013,.62106049
2018,01,015,.69897389
2018,01,017,.66812706
2018,01,019,.61457181
2018,01,021,.67389697
2018,01,023,.89246321
2018,01,025,.71746391
2018,01,027,.61086398
2018,01,029,.78698558
2018,01,031,.6094436
2018,01,033,.7826246
2018,01,035,.63867265
2018,01,037,.65225351
2018,01,039,.64794219
2018,01,041,.65535784
2018,01,043,.68290442
2018,01,045,.95811719
2018,01,047,.67204309
2018,01,049,.66352898
2018,01,051,.59957552
2018,01,053,.70541346
2018,01,055,.64705884
2018,01,057,.59325182
2018,01,059,.65257698
2018,01,061,.58177829
2018,01,063,.61549872
2018,01,065,.62829989
2018,01,067,.74805343
2018,01,069,.751921
2018,01,071,.63689601
2018,01,073,.94646609
2018,01,075,.71375608
2018,01,077,.61766857
2018,01,079,.6158492
2018,01,081,.67198581
2018,01,083,.84960938
2018,01,085,.7702511
2018,01,087,.76010388
2018,01,089,1.0147372
2018,01,091,.71839088
2018,01,093,.64052653
2018,01,095,.64739561
2018,01,097,.80401123
2018,01,099,.76659256
2018,01,101,.7817474
2018,01,103,.79612005
2018,01,105,.55895442
2018,01,107,.68965524
2018,01,109,.71004826
2018,01,111,.59881353
2018,01,113,.63661873
2018,01,115,.63768375
2018,01,117,.9097271
2018,01,119,.67911261
2018,01,121,.81071162
2018,01,123,.61271787
2018,01,125,.77349526
2018,01,127,.68173474
2018,01,129,1.1199555
2018,01,131,.7906934
2018,01,133,.65999264
2018,02,013,.85458785
2018,02,016,.83193278
2018,02,020,.83981454
2018,02,050,.59934431
2018,02,060,.81815422
2018,02,068,.66868865
2018,02,070,.6663177
2018,02,090,.75696915
2018,02,100,.63652259
2018,02,105,.5770492
2018,02,110,.73589295
2018,02,122,.73397332
2018,02,130,.67958272
2018,02,150,.67524362
2018,02,158,.45520696
2018,02,164,.64965761
2018,02,170,.65145814
2018,02,180,.70518267
2018,02,185,1.4457203
2018,02,188,1.0366945
2018,02,195,.66375822
2018,02,198,.62971109
2018,02,220,.68174934
2018,02,230,.56198102
2018,02,240,.99741715
2018,02,261,.82445192
2018,02,275,.63738018
2018,02,282,.62634492
2018,02,290,.62061477
2018,04,001,.70807773
2018,04,003,.73833334
2018,04,005,.63626647
2018,04,007,.66360056
2018,04,009,.68061084
2018,04,011,1.1416383
2018,04,012,.60750002
2018,04,013,.82464457
2018,04,015,.62037039
2018,04,017,.6327523
2018,04,019,.74353093
2018,04,021,.65402842
2018,04,023,.81046742
2018,04,025,.62156039
2018,04,027,.63337803
2018,05,001,.75249237
2018,05,003,.8042562
2018,05,005,.64032441
2018,05,007,1.0638297
2018,05,009,.7186662
2018,05,011,.64124614
2018,05,013,1.0089558
2018,05,015,.55831742
2018,05,017,.6010353
2018,05,019,.64200842
2018,05,021,.55598164
2018,05,023,.60204464
2018,05,025,.57714069
2018,05,027,.74290645
2018,05,029,.71741617
2018,05,031,.70855111
2018,05,033,.65600151
2018,05,035,.64949203
2018,05,037,.61484706
2018,05,039,.59911811
2018,05,041,.65950924
2018,05,043,.65184051
2018,05,045,.71965528
2018,05,047,.67650443
2018,05,049,.559816
2018,05,051,.65124488
2018,05,053,.72470635
2018,05,055,.68776053
2018,05,057,.67075509
2018,05,059,.66227061
2018,05,061,.6125384
2018,05,063,.71223164
2018,05,065,.60199392
2018,05,067,.68634975
2018,05,069,.74217278
2018,05,071,.60259348
2018,05,073,.56460893
2018,05,075,.61828989
2018,05,077,.63171017
2018,05,079,.63560921
2018,05,081,.93270707
2018,05,083,.61157978
2018,05,085,.60964429
2018,05,087,.62243366
2018,05,089,.57131904
2018,05,091,.70517558
2018,05,093,.93465042
2018,05,095,.58282208
2018,05,097,.51188654
2018,05,099,.68555933
2018,05,101,.49271473
2018,05,103,.65184051
2018,05,105,.57664096
2018,05,107,.60199392
2018,05,109,.59049082
2018,05,111,.67580527
2018,05,113,.58953226
2018,05,115,.76420456
2018,05,117,.59528375
2018,05,119,.87183714
2018,05,121,.58953226
2018,05,123,.67963958
2018,05,125,.63348001
2018,05,127,.5684433
2018,05,129,.49846628
2018,05,131,.77811432
2018,05,133,.6125384
2018,05,135,.51955521
2018,05,137,.54160279
2018,05,139,.90203226
2018,05,141,.65184051
2018,05,143,.82773417
2018,05,145,.67957479
2018,05,147,.65855062
2018,05,149,.58665645
2018,06,001,.919007
2018,06,003,.54590565
2018,06,005,.65092343
2018,06,007,.61564934
2018,06,009,.60449862
2018,06,011,.67123067
2018,06,013,.83187056
2018,06,015,.58548737
2018,06,017,.71344346
2018,06,019,.65879428
2018,06,021,.65127391
2018,06,023,.60227978
2018,06,025,.599347
2018,06,027,.65995008
2018,06,029,.69865584
2018,06,031,.64448905
2018,06,033,.58522201
2018,06,035,.73164922
2018,06,037,.82824534
2018,06,039,.64014107
2018,06,041,.74721861
2018,06,043,.59365326
2018,06,045,.5835101
2018,06,047,.64369828
2018,06,049,.61475408
2018,06,051,.54513484
2018,06,053,.64131033
2018,06,055,.72082996
2018,06,057,.6453042
2018,06,059,.76355302
2018,06,061,.78935736
2018,06,063,.64995283
2018,06,065,.63749999
2018,06,067,.85642695
2018,06,069,.6223262
2018,06,071,.66323531
2018,06,073,.75398833
2018,06,075,1.2184424
2018,06,077,.68470371
2018,06,079,.64303547
2018,06,081,1.3002781
2018,06,083,.67066878
2018,06,085,1.453097
2018,06,087,.5878846
2018,06,089,.65244281
2018,06,091,.55652428
2018,06,093,.6309675
2018,06,095,.7968353
2018,06,097,.68603134
2018,06,099,.70595455
2018,06,101,.63151246
2018,06,103,.66401273
2018,06,105,.6319555
2018,06,107,.60037524
2018,06,109,.65468848
2018,06,111,.70424402
2018,06,113,.84173381
2018,06,115,.77912849
2018,08,001,.76105815
2018,08,003,.61265481
2018,08,005,.92295462
2018,08,007,.54361874
2018,08,009,.52083331
2018,08,011,.57815665
2018,08,013,.93894345
2018,08,014,1.1665221
2018,08,015,.59147745
2018,08,017,.67025268
2018,08,019,.64180398
2018,08,021,.5046106
2018,08,023,.49183118
2018,08,025,.66672283
2018,08,027,.53686166
2018,08,029,.55014604
2018,08,031,.98294306
2018,08,033,.55754781
2018,08,035,.89404452
2018,08,037,.64681727
2018,08,039,.58976585
2018,08,041,.76649821
2018,08,043,.65811396
2018,08,045,.73661405
2018,08,047,.63096273
2018,08,049,.54519594
2018,08,051,.59403521
2018,08,053,.48592716
2018,08,055,.58035719
2018,08,057,.63013476
2018,08,059,.8217693
2018,08,061,.56572926
2018,08,063,.59137058
2018,08,065,.65170938
2018,08,067,.71496665
2018,08,069,.7566089
2018,08,071,.63347673
2018,08,073,.61725295
2018,08,075,.64362234
2018,08,077,.7067197
2018,08,079,.46190321
2018,08,081,.78500003
2018,08,083,.59148794
2018,08,085,.62356418
2018,08,087,.7292015
2018,08,089,.57274246
2018,08,091,.54274291
2018,08,093,.54423243
2018,08,095,.61293596
2018,08,097,.70397115
2018,08,099,.56608605
2018,08,101,.68271446
2018,08,103,.81431878
2018,08,105,.63866115
2018,08,107,.63216656
2018,08,109,.52766389
2018,08,111,.40078124
2018,08,113,.57978415
2018,08,115,.58828551
2018,08,117,.5714286
2018,08,119,.59936911
2018,08,121,.68924439
2018,08,123,.79887819
2018,08,125,.64590442
2018,09,001,1.1591164
2018,09,003,.98670298
2018,09,005,.69639581
2018,09,007,.79451036
2018,09,009,.80317736
2018,09,011,.81402439
2018,09,013,.72756124
2018,09,015,.66874999
2018,10,001,.70650357
2018,10,003,.99288481
2018,10,005,.65003341
2018,11,001,1.3728409
2018,12,001,.81243378
2018,12,003,.60233158
2018,12,005,.68047339
2018,12,007,.67661411
2018,12,009,.83333331
2018,12,011,.80693692
2018,12,013,.59121621
2018,12,015,.65591019
2018,12,017,.64851665
2018,12,019,.66625702
2018,12,021,.75974023
2018,12,023,.67062044
2018,12,027,.65096444
2018,12,029,.63532281
2018,12,031,.90414327
2018,12,033,.75017631
2018,12,035,.5795995
2018,12,037,.55738902
2018,12,039,.61949241
2018,12,041,.56340516
2018,12,043,.74292022
2018,12,045,.63010293
2018,12,047,.81925678
2018,12,049,.63063067
2018,12,051,.71965528
2018,12,053,.60870296
2018,12,055,.6012314
2018,12,057,.88807988
2018,12,059,.56963217
2018,12,061,.72623241
2018,12,063,.64283037
2018,12,065,.57455057
2018,12,067,.60247749
2018,12,069,.6145485
2018,12,071,.74541682
2018,12,073,.7675361
2018,12,075,.58933938
2018,12,077,.70758259
2018,12,079,.59496999
2018,12,081,.69369972
2018,12,083,.66234696
2018,12,085,.69359237
2018,12,086,.83280659
2018,12,087,.62614119
2018,12,089,.69785815
2018,12,091,.76694614
2018,12,093,.65605444
2018,12,095,.80351168
2018,12,097,.60618728
2018,12,099,.83624244
2018,12,101,.63833386
2018,12,103,.80257362
2018,12,105,.72709513
2018,12,107,.68555933
2018,12,109,.76808292
2018,12,111,.67399454
2018,12,113,.64351195
2018,12,115,.7632373
2018,12,117,.78344482
2018,12,119,.71338153
2018,12,121,.6296922
2018,12,123,.72353607
2018,12,125,.68881381
2018,12,127,.66010273
2018,12,129,.61739445
2018,12,131,.67412668
2018,12,133,.64001501
2018,13,001,.82707477
2018,13,003,.62241834
2018,13,005,.65152085
2018,13,007,.65558457
2018,13,009,.60077518
2018,13,011,.59577256
2018,13,013,.65375507
2018,13,015,.72141403
2018,13,017,.59143823
2018,13,019,.61584681
2018,13,021,.76474881
2018,13,023,.56421334
2018,13,025,.58999997
2018,13,027,.62895417
2018,13,029,.6093967
2018,13,031,.62754917
2018,13,033,1.3835911
2018,13,035,.62300611
2018,13,037,.57172364
2018,13,039,.73713368
2018,13,043,.52666169
2018,13,045,.71633965
2018,13,047,.59045225
2018,13,049,.64494932
2018,13,051,.79403609
2018,13,053,.80919176
2018,13,055,.61584681
2018,13,057,.66728687
2018,13,059,.79508197
2018,13,061,.56515211
2018,13,063,.94046009
2018,13,065,.63837779
2018,13,067,.95822054
2018,13,069,.63368386
2018,13,071,.62335712
2018,13,073,.67290384
2018,13,075,.57641762
2018,13,077,.67320704
2018,13,079,.56627828
2018,13,081,.65339845
2018,13,083,.63083273
2018,13,085,.50321376
2018,13,087,.60722309
2018,13,089,.93200266
2018,13,091,.59077269
2018,13,093,.64307177
2018,13,095,.75831151
2018,13,097,.64191473
2018,13,099,.79515588
2018,13,101,.69315219
2018,13,103,.7723648
2018,13,105,.63086748
2018,13,107,.61960196
2018,13,109,.58862185
2018,13,111,.59492964
2018,13,113,.7341001
2018,13,115,.74981576
2018,13,117,.80514205
2018,13,119,.65996999
2018,13,121,1.2381597
2018,13,123,.55841297
2018,13,125,.47972214
2018,13,127,.76181817
2018,13,129,.73976719
2018,13,131,.65873319
2018,13,133,.68462408
2018,13,135,.86349797
2018,13,137,.66393137
2018,13,139,.81172293
2018,13,141,.6496433
2018,13,143,.73529416
2018,13,145,.52932763
2018,13,147,.6712355
2018,13,149,.75355208
2018,13,151,.62753719
2018,13,153,.77742279
2018,13,155,.61772442
2018,13,157,.69164521
2018,13,159,.537889
2018,13,161,.6261735
2018,13,163,.68531734
2018,13,165,.57454002
2018,13,167,.53980476
2018,13,169,.63729066
2018,13,171,.65313655
2018,13,173,.56196499
2018,13,175,.7125423
2018,13,177,.63503921
2018,13,179,.7032361
2018,13,181,.56233573
2018,13,183,.55949271
2018,13,185,.67175287
2018,13,187,.62702405
2018,13,189,.60543358
2018,13,191,.54727274
2018,13,193,.73695081
2018,13,195,.59562844
2018,13,197,.55436343
2018,13,199,.65755683
2018,13,201,.63180625
2018,13,205,.60176498
2018,13,207,.72168761
2018,13,209,.56609088
2018,13,211,.62142855
2018,13,213,.6494596
2018,13,215,.76537919
2018,13,217,.69519621
2018,13,219,.71129328
2018,13,221,.59107471
2018,13,223,.59709066
2018,13,225,.6827383
2018,13,227,.74171174
2018,13,229,.62898988
2018,13,231,.56495261
2018,13,233,.67838734
2018,13,235,.73225689
2018,13,237,.59441203
2018,13,239,.59613222
2018,13,241,.54959285
2018,13,243,.59144759
2018,13,245,.78895277
2018,13,247,.75608927
2018,13,249,.65433723
2018,13,251,.61209166
2018,13,253,.64401054
2018,13,255,.60385656
2018,13,257,.69939923
2018,13,259,.77450246
2018,13,261,.67339754
2018,13,263,.61373878
2018,13,265,.51011032
2018,13,267,.64119416
2018,13,269,.66560274
2018,13,271,.56984609
2018,13,273,.59114677
2018,13,275,.74358976
2018,13,277,.69470525
2018,13,279,.62241834
2018,13,281,.59079134
2018,13,283,.56609088
2018,13,285,.76853192
2018,13,287,.57454002
2018,13,289,.64184272
2018,13,291,.67296898
2018,13,293,.65358871
2018,13,295,.60122037
2018,13,297,.70027059
2018,13,299,.62241834
2018,13,301,.76135939
2018,13,303,.68531734
2018,13,305,.73319566
2018,13,307,.76894224
2018,13,309,.60833651
2018,13,311,.56406945
2018,13,313,.77519381
2018,13,315,.54637629
2018,13,317,.61683458
2018,13,319,.74352241
2018,13,321,.62103099
2018,15,001,.76321465
2018,15,003,.7841782
2018,15,005,
2018,15,007,.76068228
2018,15,009,.73740411
2018,16,001,.82203388
2018,16,003,.63006693
2018,16,005,.62544048
2018,16,007,.49347901
2018,16,009,.68126094
2018,16,011,.60063231
2018,16,013,.67881888
2018,16,015,.46271187
2018,16,017,.60634971
2018,16,019,.65133429
2018,16,021,.63006693
2018,16,023,1.5524476
2018,16,025,.89178705
2018,16,027,.60000002
2018,16,029,.92262948
2018,16,031,.62301725
2018,16,033,.72788155
2018,16,035,.62674582
2018,16,037,.53558904
2018,16,039,.5741834
2018,16,041,.50934082
2018,16,043,.58324587
2018,16,045,.55058497
2018,16,047,.61949241
2018,16,049,.61420512
2018,16,051,.5556531
2018,16,053,.64028651
2018,16,055,.64628744
2018,16,057,.62718689
2018,16,059,.58512509
2018,16,061,.5410645
2018,16,063,.61009812
2018,16,065,.51908261
2018,16,067,.64328516
2018,16,069,.68861765
2018,16,071,.46351779
2018,16,073,.57203388
2018,16,075,.60492319
2018,16,077,.69415808
2018,16,079,.64746302
2018,16,081,.58773708
2018,16,083,.59822369
2018,16,085,.60204434
2018,16,087,.56750083
2018,17,001,.69765437
2018,17,003,.61922687
2018,17,005,.68228632
2018,17,007,.79979706
2018,17,009,.69571388
2018,17,011,.67014724
2018,17,013,.41227782
2018,17,015,.58584285
2018,17,017,.59795779
2018,17,019,.77406907
2018,17,021,.61982048
2018,17,023,.61959159
2018,17,025,.63343722
2018,17,027,.58838052
2018,17,029,.63228244
2018,17,031,1.0021685
2018,17,033,.83160263
2018,17,035,.5529595
2018,17,037,.68537861
2018,17,039,.84890968
2018,17,041,.64987886
2018,17,043,.95570016
2018,17,045,.70006925
2018,17,047,.66891658
2018,17,049,.65939772
2018,17,051,.55555558
2018,17,053,.67594767
2018,17,055,.61959159
2018,17,057,.56662083
2018,17,059,.7545864
2018,17,061,.5209415
2018,17,063,.83701485
2018,17,065,.70958811
2018,17,067,.58324683
2018,17,069,.51142263
2018,17,071,.47409326
2018,17,073,.62143093
2018,17,075,.57372797
2018,17,077,.76465517
2018,17,079,.6351679
2018,17,081,.69885975
2018,17,083,.53242266
2018,17,085,.58584285
2018,17,087,.7493943
2018,17,089,.73497522
2018,17,091,.67782563
2018,17,093,.62442183
2018,17,095,.59190035
2018,17,097,1.1237609
2018,17,099,.74118048
2018,17,101,.67497402
2018,17,103,.74036163
2018,17,105,.74224138
2018,17,107,.68924028
2018,17,109,.65862072
2018,17,111,.67379183
2018,17,113,.84784061
2018,17,115,.8519026
2018,17,117,.59882313
2018,17,119,.69124424
2018,17,121,.64209068
2018,17,123,.5953992
2018,17,125,.57172209
2018,17,127,.71513194
2018,17,129,.51054567
2018,17,131,.536614
2018,17,133,.55628705
2018,17,135,.63862932
2018,17,137,.67337459
2018,17,139,.65853238
2018,17,141,.74275982
2018,17,143,.98190117
2018,17,145,.63257182
2018,17,147,.56692386
2018,17,149,.57199723
2018,17,151,.52180684
2018,17,153,.76843202
2018,17,155,.75196987
2018,17,157,.67467177
2018,17,159,.60574597
2018,17,161,.90779305
2018,17,163,.68301517
2018,17,165,.58497751
2018,17,167,.87462336
2018,17,169,.65334028
2018,17,171,.60834199
2018,17,173,.60488057
2018,17,175,.60977674
2018,17,177,.71045345
2018,17,179,.75186062
2018,17,181,.57718933
2018,17,183,.70532644
2018,17,185,.64468676
2018,17,187,.60574597
2018,17,189,.77846366
2018,17,191,.53392178
2018,17,193,.60574597
2018,17,195,.64703876
2018,17,197,.70864314
2018,17,199,.65288824
2018,17,201,.77866077
2018,17,203,.65882951
2018,18,001,.67131329
2018,18,003,.79773867
2018,18,005,.94818467
2018,18,007,.67819148
2018,18,009,.6502201
2018,18,011,.72967333
2018,18,013,.45170254
2018,18,015,.65572268
2018,18,017,.65205425
2018,18,019,.69841272
2018,18,021,.59222257
2018,18,023,.71846437
2018,18,025,.56493026
2018,18,027,.64380044
2018,18,029,.64448339
2018,18,031,.80050141
2018,18,033,.84912539
2018,18,035,.69212627
2018,18,037,.74743211
2018,18,039,.83897394
2018,18,041,.63623029
2018,18,043,.7081129
2018,18,045,.60980034
2018,18,047,.5958029
2018,18,049,.66305941
2018,18,051,.91984588
2018,18,053,.70157737
2018,18,055,.61903888
2018,18,057,.9007991
2018,18,059,.73401666
2018,18,061,.61904764
2018,18,063,.64975673
2018,18,065,.64471751
2018,18,067,.84881604
2018,18,069,.68782097
2018,18,071,.79442638
2018,18,073,.70490056
2018,18,075,.65663975
2018,18,077,.70079875
2018,18,079,.66703016
2018,18,081,.6627866
2018,18,083,.69075358
2018,18,085,.85447627
2018,18,087,.78319883
2018,18,089,.801772
2018,18,091,.70247936
2018,18,093,.68422014
2018,18,095,.6778295
2018,18,097,.96160519
2018,18,099,.68981308
2018,18,101,1.2454145
2018,18,103,.66305941
2018,18,105,.74093264
2018,18,107,.77664608
2018,18,109,.62977761
2018,18,111,.64193881
2018,18,113,.70315361
2018,18,115,.47110334
2018,18,117,.60895085
2018,18,119,.69902205
2018,18,121,.54276317
2018,18,123,.72358763
2018,18,125,.85748345
2018,18,127,.7600764
2018,18,129,.9867478
2018,18,131,.72633892
2018,18,133,.64969194
2018,18,135,.64196622
2018,18,137,.78503299
2018,18,139,.69240642
2018,18,141,.77128601
2018,18,143,.61654806
2018,18,145,.72880471
2018,18,147,.69607484
2018,18,149,.54527122
2018,18,151,.64422733
2018,18,153,.69875222
2018,18,155,.62454146
2018,18,157,.85106385
2018,18,159,.90132993
2018,18,161,.56220526
2018,18,163,.76916188
2018,18,165,.79735994
2018,18,167,.69746697
2018,18,169,.66489363
2018,18,171,.73046023
2018,18,173,.80945557
2018,18,175,.60142803
2018,18,177,.68873805
2018,18,179,.66852117
2018,18,181,.66691089
2018,18,183,.73582196
2018,19,001,.6527366
2018,19,003,
2018,19,005,.63609463
2018,19,007,.63424551
2018,19,009,.67030317
2018,19,011,.70022082
2018,19,013,.81292152
2018,19,015,.71715331
2018,19,017,.73166299
2018,19,019,.68391013
2018,19,021,.73964489
2018,19,023,.64996296
2018,19,025,.63701916
2018,19,027,.699889
2018,19,029,.69341707
2018,19,031,.67535549
2018,19,033,.73086685
2018,19,035,.699889
2018,19,037,.74889046
2018,19,039,.68124092
2018,19,041,.75721145
2018,19,043,.71005911
2018,19,045,.7118119
2018,19,047,.76183426
2018,19,049,.91852754
2018,19,051,.65277272
2018,19,053,.58339494
2018,19,055,.75906056
2018,19,057,.72463769
2018,19,059,.65209472
2018,19,061,.78522772
2018,19,063,.68509609
2018,19,065,.64811385
2018,19,067,.74889046
2018,19,069,.74889046
2018,19,071,.63054729
2018,19,073,.72207832
2018,19,075,.77387285
2018,19,077,.68300766
2018,19,079,.72240555
2018,19,081,.7858727
2018,19,083,.71005911
2018,19,085,.63955504
2018,19,087,.74336773
2018,19,089,.67030317
2018,19,091,.74056947
2018,19,093,.79789191
2018,19,095,.68879431
2018,19,097,.61667895
2018,19,099,.6855576
2018,19,101,.69978249
2018,19,103,.86333448
2018,19,105,.69038814
2018,19,107,.66013306
2018,19,109,.7757026
2018,19,111,.77192336
2018,19,113,.94753742
2018,19,115,.70303917
2018,19,117,.72228241
2018,19,119,.68509609
2018,19,121,.63415909
2018,19,123,.73497063
2018,19,125,.8609091
2018,19,127,.78506374
2018,19,129,.72905803
2018,19,131,.74611682
2018,19,133,.62592453
2018,19,135,.86669117
2018,19,137,.71190822
2018,19,139,.8421703
2018,19,141,.66475588
2018,19,143,.70173812
2018,19,145,.70081353
2018,19,147,.65366119
2018,19,149,.83764786
2018,19,151,.82655317
2018,19,153,.95952547
2018,19,155,.70733398
2018,19,157,.74625498
2018,19,159,.6425665
2018,19,161,.67492598
2018,19,163,.78180528
2018,19,165,.70600146
2018,19,167,.7492609
2018,19,169,.84029961
2018,19,171,.67706424
2018,19,173,.65920854
2018,19,175,.67769963
2018,19,177,.64164197
2018,19,179,.70843947
2018,19,181,.66381717
2018,19,183,.63454545
2018,19,185,.68509609
2018,19,187,.80159014
2018,19,189,.64626473
2018,19,191,.71283275
2018,19,193,.71250445
2018,19,195,.64718932
2018,19,197,.77385348
2018,20,001,.63117874
2018,20,003,.60551333
2018,20,005,.74472094
2018,20,007,.62167299
2018,20,009,.68155891
2018,20,011,.62832701
2018,20,013,.72623575
2018,20,015,.68366593
2018,20,017,.63117874
2018,20,019,.53231227
2018,20,021,.73003805
2018,20,023,.59600759
2018,20,025,.68733656
2018,20,027,.55147058
2018,20,029,.54182512
2018,20,031,1.1939163
2018,20,033,.51425856
2018,20,035,.70247149
2018,20,037,.63749528
2018,20,039,.50665396
2018,20,041,.6055429
2018,20,043,.63034588
2018,20,045,.6742478
2018,20,047,.65589356
2018,20,049,.45722434
2018,20,051,.68525517
2018,20,053,.6596958
2018,20,055,.71892393
2018,20,057,.73606437
2018,20,059,.67482394
2018,20,061,.68238217
2018,20,063,.608365
2018,20,065,.63498098
2018,20,067,.83555132
2018,20,069,.66920149
2018,20,071,.5812192
2018,20,073,.57604563
2018,20,075,.67285824
2018,20,077,.68060839
2018,20,079,.67535108
2018,20,081,.73282164
2018,20,083,.59125477
2018,20,085,.59264046
2018,20,087,.64164197
2018,20,089,.54467678
2018,20,091,.96980464
2018,20,093,.65589356
2018,20,095,.641635
2018,20,097,.5294677
2018,20,099,.67015207
2018,20,101,.70817488
2018,20,103,.77531081
2018,20,105,.60931557
2018,20,107,.73357016
2018,20,109,.58555132
2018,20,111,.64923954
2018,20,113,.80393994
2018,20,115,.58460075
2018,20,117,.67680609
2018,20,119,.75760454
2018,20,121,.64476019
2018,20,123,.63688213
2018,20,125,.66634983
2018,20,127,.55798477
2018,20,129,.64258558
2018,20,131,.70057034
2018,20,133,.66064638
2018,20,135,.67965782
2018,20,137,.67585552
2018,20,139,.50295854
2018,20,141,.60741442
2018,20,143,.5537675
2018,20,145,.66168118
2018,20,147,.64828897
2018,20,149,.69241726
2018,20,151,.70839584
2018,20,153,.62072241
2018,20,155,.6812219
2018,20,157,.54182512
2018,20,159,.7243346
2018,20,161,.65948737
2018,20,163,.62642586
2018,20,165,.61787075
2018,20,167,.61882126
2018,20,169,.69836551
2018,20,171,.69277108
2018,20,173,.84903914
2018,20,175,.737997
2018,20,177,.82008129
2018,20,179,.68441063
2018,20,181,.64513111
2018,20,183,.56178707
2018,20,185,.5903042
2018,20,187,.73003805
2018,20,189,.65225565
2018,20,191,.63845867
2018,20,193,.66064638
2018,20,195,.63593155
2018,20,197,.58986682
2018,20,199,.59315592
2018,20,201,.52281368
2018,20,203,.78422052
2018,20,205,.65494299
2018,20,207,.51045626
2018,20,209,.91296625
2018,21,001,.55822653
2018,21,003,.60995042
2018,21,005,.62239581
2018,21,007,.78279263
2018,21,009,.6156981
2018,21,011,.61061949
2018,21,013,.58760685
2018,21,015,.76014084
2018,21,017,.66314554
2018,21,019,.7879681
2018,21,021,.68142062
2018,21,023,.58665776
2018,21,025,.59027779
2018,21,027,.57336187
2018,21,029,.64546072
2018,21,031,.60363251
2018,21,033,.5849359
2018,21,035,.60656601
2018,21,037,.70901781
2018,21,039,.53161424
2018,21,041,.9522137
2018,21,043,.56534904
2018,21,045,.53418803
2018,21,047,.68640649
2018,21,049,.68494296
2018,21,051,.61698723
2018,21,053,.51994306
2018,21,055,.54932338
2018,21,057,.61253566
2018,21,059,.69847852
2018,21,061,.54545456
2018,21,063,.55023074
2018,21,065,.5849359
2018,21,067,.78638494
2018,21,069,.60452282
2018,21,071,.67307693
2018,21,073,.73275864
2018,21,075,.55021369
2018,21,077,.81042576
2018,21,079,.60803664
2018,21,081,.65425348
2018,21,083,.65081912
2018,21,085,.59294873
2018,21,087,.5324074
2018,21,089,.69434816
2018,21,091,1.1479944
2018,21,093,.70740104
2018,21,095,.60808408
2018,21,097,.71492171
2018,21,099,.62321937
2018,21,101,.71489727
2018,21,103,.61677355
2018,21,105,.53062683
2018,21,107,.71492004
2018,21,109,.56356841
2018,21,111,.89183265
2018,21,113,.64134806
2018,21,115,.5751425
2018,21,117,.90010059
2018,21,119,.54576212
2018,21,121,.5787037
2018,21,123,.54991394
2018,21,125,.62677056
2018,21,127,.59650999
2018,21,129,.57692307
2018,21,131,.65081912
2018,21,133,.59011734
2018,21,135,.54398149
2018,21,137,.56445873
2018,21,139,.76121801
2018,21,141,.7672475
2018,21,143,.54398149
2018,21,145,.73238456
2018,21,147,.60808408
2018,21,149,.62586445
2018,21,151,.68102241
2018,21,153,.52617526
2018,21,155,.70490056
2018,21,157,.86956519
2018,21,159,.75587612
2018,21,161,.70071048
2018,21,163,.63133079
2018,21,165,.55110401
2018,21,167,.8386355
2018,21,169,.60363251
2018,21,171,.56623936
2018,21,173,.6702202
2018,21,175,.60363251
2018,21,177,.70957983
2018,21,179,.70866829
2018,21,181,.50658834
2018,21,183,.63034189
2018,21,185,.72392845
2018,21,187,.70159858
2018,21,189,.48522082
2018,21,191,.63610464
2018,21,193,.66506416
2018,21,195,.72843617
2018,21,197,.52973652
2018,21,199,.61988616
2018,21,201,.47007042
2018,21,203,.58938748
2018,21,205,.59224313
2018,21,207,.54754275
2018,21,209,.86686784
2018,21,211,.65073156
2018,21,213,.67728382
2018,21,215,.55349308
2018,21,217,.57959402
2018,21,219,.5490613
2018,21,221,.52321672
2018,21,223,.82517719
2018,21,225,.7603277
2018,21,227,.69982845
2018,21,229,.68358684
2018,21,231,.52617526
2018,21,233,.82353991
2018,21,235,.65616101
2018,21,237,.5039174
2018,21,239,.71009386
2018,22,001,.66342115
2018,22,003,.71687669
2018,22,005,.93947917
2018,22,007,.76806664
2018,22,009,.57947648
2018,22,011,.7474227
2018,22,013,.71019477
2018,22,015,.71480668
2018,22,017,.77771693
2018,22,019,.88471359
2018,22,021,.62619323
2018,22,023,1.5861
2018,22,025,.57464683
2018,22,027,.68035579
2018,22,029,.61855674
2018,22,031,.90353751
2018,22,033,.89637578
2018,22,035,.56128293
2018,22,037,.71428567
2018,22,039,.63573885
2018,22,041,.56032836
2018,22,043,.70716399
2018,22,045,.85181075
2018,22,047,1.2648369
2018,22,049,.72546774
2018,22,051,.82779717
2018,22,053,.66914856
2018,22,055,.82878953
2018,22,057,.87023592
2018,22,059,.6958763
2018,22,061,.65022421
2018,22,063,.6351161
2018,22,065,.55746472
2018,22,067,.61760217
2018,22,069,.63481677
2018,22,071,.88024473
2018,22,073,.72346371
2018,22,075,1.1319931
2018,22,077,.67821956
2018,22,079,.71731907
2018,22,081,.73414177
2018,22,083,.62142038
2018,22,085,.64623904
2018,22,087,.81381118
2018,22,089,1.1809441
2018,22,091,.61752284
2018,22,093,1.275395
2018,22,095,.98863637
2018,22,097,.66257089
2018,22,099,.70974189
2018,22,101,.87769914
2018,22,103,.7867133
2018,22,105,.62340963
2018,22,107,.61760217
2018,22,109,.88566244
2018,22,111,.5726257
2018,22,113,.73568445
2018,22,115,.65701753
2018,22,117,.64337534
2018,22,119,.71305841
2018,22,121,.89813507
2018,22,123,.7779687
2018,22,125,.91308933
2018,22,127,.66533029
2018,23,001,.6785714
2018,23,003,.63708568
2018,23,005,.7662158
2018,23,007,.59437543
2018,23,009,.61589402
2018,23,011,.69790965
2018,23,013,.63828021
2018,23,015,.58765262
2018,23,017,.61189997
2018,23,019,.67810726
2018,23,021,.57919413
2018,23,023,.77761388
2018,23,025,.65382034
2018,23,027,.62813234
2018,23,029,.60298103
2018,23,031,.68474841
2018,24,001,.64056635
2018,24,003,.84923953
2018,24,005,.81121385
2018,24,009,.68424004
2018,24,011,.64734298
2018,24,013,.62257683
2018,24,015,.71779144
2018,24,017,.6239484
2018,24,019,.63052732
2018,24,021,.68914747
2018,24,023,.57737893
2018,24,025,.75156581
2018,24,027,.9789741
2018,24,029,.63314271
2018,24,031,1.0200504
2018,24,033,.7851935
2018,24,035,.586788
2018,24,037,.97022748
2018,24,039,.70076388
2018,24,041,.64007425
2018,24,043,.67428386
2018,24,045,.65407431
2018,24,047,.5196541
2018,24,510,.94243962
2018,25,001,.65542269
2018,25,003,.70582736
2018,25,005,.74645287
2018,25,007,.69486827
2018,25,009,.76410866
2018,25,011,.62981808
2018,25,013,.74088502
2018,25,015,.72764105
2018,25,017,1.062387
2018,25,019,.77261305
2018,25,021,.80772167
2018,25,023,.68279862
2018,25,025,1.22218
2018,25,027,.81221372
2018,26,001,.60964757
2018,26,003,.7084372
2018,26,005,.8042264
2018,26,007,.67550731
2018,26,009,.56603777
2018,26,011,.61053759
2018,26,013,.69063723
2018,26,015,.66053796
2018,26,017,.72478992
2018,26,019,.56695652
2018,26,021,.82127738
2018,26,023,.70694548
2018,26,025,.88162982
2018,26,027,.67934781
2018,26,029,.75228232
2018,26,031,.57137775
2018,26,033,.67016733
2018,26,035,.67550731
2018,26,037,.68312973
2018,26,039,.72535211
2018,26,041,.68084729
2018,26,043,.80877191
2018,26,045,.77987105
2018,26,047,.67047817
2018,26,049,.77707458
2018,26,051,.62299752
2018,26,053,.68262726
2018,26,055,.72998297
2018,26,057,.748487
2018,26,059,.74822694
2018,26,061,.74314702
2018,26,063,.6781773
2018,26,065,.86812633
2018,26,067,.59215134
2018,26,069,.6781773
2018,26,071,.63189751
2018,26,073,.66478074
2018,26,075,.8125
2018,26,077,.8696031
2018,26,079,.86694974
2018,26,081,.80020392
2018,26,083,.44321823
2018,26,085,.58383769
2018,26,087,.64154106
2018,26,089,.61629528
2018,26,091,.73673189
2018,26,093,.71667224
2018,26,095,.62566751
2018,26,097,.56781775
2018,26,099,.90201002
2018,26,101,.71110719
2018,26,103,.72120464
2018,26,105,.68462896
2018,26,107,.68529725
2018,26,109,.63812745
2018,26,111,1.0609207
2018,26,113,.60934746
2018,26,115,.80796856
2018,26,117,.67088169
2018,26,119,.64435744
2018,26,121,.71901119
2018,26,123,.68882978
2018,26,125,1.0134003
2018,26,127,.63812745
2018,26,129,.64702743
2018,26,131,.53933787
2018,26,133,.78408688
2018,26,135,.53310788
2018,26,137,.69225371
2018,26,139,.79001367
2018,26,141,.64435744
2018,26,143,.5580278
2018,26,145,.76113433
2018,26,147,.7244556
2018,26,149,.63011748
2018,26,151,.62299752
2018,26,153,.70220721
2018,26,155,.67730498
2018,26,157,.69063723
2018,26,159,.76427579
2018,26,161,.9223693
2018,26,163,.98827469
2018,26,165,.68653309
2018,27,001,.58122087
2018,27,003,.78532022
2018,27,005,.6245802
2018,27,007,.67834604
2018,27,009,.66959924
2018,27,011,.63110882
2018,27,013,.67919075
2018,27,015,.67492414
2018,27,017,.69503081
2018,27,019,.79604656
2018,27,021,.52982336
2018,27,023,.67155373
2018,27,025,.65583813
2018,27,027,.64067084
2018,27,029,.66144252
2018,27,031,.5282163
2018,27,033,.62015504
2018,27,035,.63940096
2018,27,037,.8328225
2018,27,039,.71326107
2018,27,041,.68962669
2018,27,043,.62858105
2018,27,045,.54684865
2018,27,047,.66986853
2018,27,049,.76223546
2018,27,051,.63279402
2018,27,053,1.047349
2018,27,055,.5526402
2018,27,057,.62015504
2018,27,059,.60220653
2018,27,061,.66291016
2018,27,063,.64037746
2018,27,065,.63077176
2018,27,067,.65112001
2018,27,069,.6176272
2018,27,071,.69683176
2018,27,073,.57296932
2018,27,075,.69458294
2018,27,077,.56268758
2018,27,079,.70531875
2018,27,081,.56538588
2018,27,083,.68419278
2018,27,085,.72789007
2018,27,087,.57802492
2018,27,089,.71284121
2018,27,091,.67829454
2018,27,093,.62087184
2018,27,095,.55933851
2018,27,097,.60414559
2018,27,099,.78561914
2018,27,101,.60920119
2018,27,103,.68481052
2018,27,105,.69234639
2018,27,107,.61846983
2018,27,109,.97226644
2018,27,111,.6422559
2018,27,113,.74173075
2018,27,115,.51538718
2018,27,117,.61172897
2018,27,119,.64083815
2018,27,121,.71129358
2018,27,123,.93548876
2018,27,125,.58813614
2018,27,127,.62858105
2018,27,129,.6707111
2018,27,131,.72687578
2018,27,133,.64880347
2018,27,135,.76942486
2018,27,137,.72994471
2018,27,139,.74547958
2018,27,141,.66809678
2018,27,143,.65947843
2018,27,145,.74209839
2018,27,147,.7359736
2018,27,149,.76171213
2018,27,151,.66312772
2018,27,153,.65975732
2018,27,155,.57549709
2018,27,157,.60119247
2018,27,159,.62268281
2018,27,161,.68166494
2018,27,163,.71023595
2018,27,165,.59656215
2018,27,167,.6673407
2018,27,169,.68166667
2018,27,171,.63055468
2018,27,173,.60498816
2018,28,001,.69519836
2018,28,003,.7417233
2018,28,005,.72686762
2018,28,007,.65789479
2018,28,009,.7417233
2018,28,011,.73163009
2018,28,013,.62393892
2018,28,015,.63667238
2018,28,017,.69503397
2018,28,019,.87860787
2018,28,021,1.1086404
2018,28,023,.65405744
2018,28,025,.75021225
2018,28,027,.69927847
2018,28,029,.66453165
2018,28,031,.70223534
2018,28,033,.67319214
2018,28,035,.80147964
2018,28,037,.77674025
2018,28,039,.65670103
2018,28,041,.65895587
2018,28,043,.70033962
2018,28,045,.96563005
2018,28,047,.76104742
2018,28,049,.8897118
2018,28,051,.67275047
2018,28,053,.58573854
2018,28,055,.54435486
2018,28,057,.7321732
2018,28,059,1
2018,28,061,.79975075
2018,28,063,.66956711
2018,28,065,.67352569
2018,28,067,.79658902
2018,28,069,.94545841
2018,28,071,.72193575
2018,28,073,.64015615
2018,28,075,.72809547
2018,28,077,.87978369
2018,28,079,.63348901
2018,28,081,.79450911
2018,28,083,.68972838
2018,28,085,.75021225
2018,28,087,.82631576
2018,28,089,.84467578
2018,28,091,.76082349
2018,28,093,.80617863
2018,28,095,.82555181
2018,28,097,.61863333
2018,28,099,.73005098
2018,28,101,.67238456
2018,28,103,.66850597
2018,28,105,.73451507
2018,28,107,.73853993
2018,28,109,.66173446
2018,28,111,.80353475
2018,28,113,.65950274
2018,28,115,.69826496
2018,28,117,.66001701
2018,28,119,.65471143
2018,28,121,.78863096
2018,28,123,.69715625
2018,28,125,.58998305
2018,28,127,.55648887
2018,28,129,.79053485
2018,28,131,.68768519
2018,28,133,.66956711
2018,28,135,.67805606
2018,28,137,.6741221
2018,28,139,.68866724
2018,28,141,.67805606
2018,28,143,.6432088
2018,28,145,.84040749
2018,28,147,.60483873
2018,28,149,.89061189
2018,28,151,.70776743
2018,28,153,.72050089
2018,28,155,.69078952
2018,28,157,.60696095
2018,28,159,.78947371
2018,28,161,.74596775
2018,28,163,.8078053
2018,29,001,.61327976
2018,29,003,.58494782
2018,29,005,.58738983
2018,29,007,.66249055
2018,29,009,.7186662
2018,29,011,.58355695
2018,29,013,.605802
2018,29,015,.55757463
2018,29,017,.53437966
2018,29,019,.78171086
2018,29,021,.79731745
2018,29,023,.62404865
2018,29,025,.54804271
2018,29,027,.77645046
2018,29,029,.60608929
2018,29,031,.72589684
2018,29,033,.61422002
2018,29,035,.4946422
2018,29,037,.61832738
2018,29,039,.52223074
2018,29,041,.57589114
2018,29,043,.59514856
2018,29,045,.48773476
2018,29,047,.83007115
2018,29,049,.59252667
2018,29,051,.77520126
2018,29,053,.60826319
2018,29,055,.67075509
2018,29,057,.54268759
2018,29,059,.49156767
2018,29,061,.52510542
2018,29,063,.62220567
2018,29,065,.56055963
2018,29,067,.51073211
2018,29,069,.51264852
2018,29,071,.69419563
2018,29,073,.5634343
2018,29,075,.6190111
2018,29,077,.78130877
2018,29,079,.63314176
2018,29,081,.56001526
2018,29,083,.66503388
2018,29,085,.47815257
2018,29,087,.66117287
2018,29,089,.56527466
2018,29,091,.61422002
2018,29,093,.72537374
2018,29,095,.96708184
2018,29,097,.71294212
2018,29,099,.65120029
2018,29,101,.66051936
2018,29,103,.51073211
2018,29,105,.63625914
2018,29,107,.55516016
2018,29,109,.68321198
2018,29,111,.59505558
2018,29,113,.68255103
2018,29,115,.6324262
2018,29,117,.62285393
2018,29,119,.65542352
2018,29,121,.60176313
2018,29,123,.55502665
2018,29,125,.56630892
2018,29,127,.6927942
2018,29,129,.6448831
2018,29,131,.58333331
2018,29,133,.57670343
2018,29,135,.64105022
2018,29,137,.58738983
2018,29,139,.63864416
2018,29,141,.52721733
2018,29,143,.64871597
2018,29,145,.7242288
2018,29,147,.6493752
2018,29,149,.46377924
2018,29,151,.66213107
2018,29,153,.46665391
2018,29,155,.54235339
2018,29,157,.69576824
2018,29,159,.63368386
2018,29,161,.71133637
2018,29,163,.60942894
2018,29,165,.8078292
2018,29,167,.64105022
2018,29,169,.66838998
2018,29,171,.52127254
2018,29,173,.81174928
2018,29,175,.68033731
2018,29,177,.61032027
2018,29,179,.631468
2018,29,181,.47048679
2018,29,183,.7873522
2018,29,185,.50594097
2018,29,186,.79623282
2018,29,187,.59505558
2018,29,189,1.042637
2018,29,195,.65142858
2018,29,197,.47911078
2018,29,199,.58164048
2018,29,201,.68190515
2018,29,203,.47240323
2018,29,205,.53085476
2018,29,207,.67267156
2018,29,209,.54224819
2018,29,211,.73262841
2018,29,213,.56788266
2018,29,215,.56439251
2018,29,217,.67191058
2018,29,219,.66284484
2018,29,221,.55289382
2018,29,223,.46952856
2018,29,225,.6045506
2018,29,227,.49252588
2018,29,229,.55385208
2018,29,510,1.0435327
2018,30,001,.59270513
2018,30,003,.71416664
2018,30,005,.57666326
2018,30,007,.57775199
2018,30,009,.53848642
2018,30,011,.54035795
2018,30,013,.66423112
2018,30,015,.54120231
2018,30,017,.60790271
2018,30,019,.72019589
2018,30,021,.67544746
2018,30,023,.62310028
2018,30,025,.84346503
2018,30,027,.59199601
2018,30,029,.65599346
2018,30,031,.68747979
2018,30,033,.4618372
2018,30,035,.63745356
2018,30,037,.4314014
2018,30,039,.52853763
2018,30,041,.62563324
2018,30,043,.66513759
2018,30,045,.52600473
2018,30,047,.58193982
2018,30,049,.71995461
2018,30,051,.51165146
2018,30,053,.57413036
2018,30,055,.62901044
2018,30,057,.64802527
2018,30,059,.49190012
2018,30,061,.50320834
2018,30,063,.65434086
2018,30,065,.73967886
2018,30,067,.55736637
2018,30,069,.42452833
2018,30,071,.53866935
2018,30,073,.53107059
2018,30,075,.48885509
2018,30,077,.64167511
2018,30,079,.62141168
2018,30,081,.5879907
2018,30,083,.82681656
2018,30,085,.64505231
2018,30,087,.81898004
2018,30,089,.53698075
2018,30,091,.63745356
2018,30,093,.66967267
2018,30,095,1.0013509
2018,30,097,.80757731
2018,30,099,.55630255
2018,30,101,.70246536
2018,30,103,.56848627
2018,30,105,.62310028
2018,30,107,.58932793
2018,30,109,.50976503
2018,30,111,.74628067
2018,31,001,.67032188
2018,31,003,.63080776
2018,31,005,.46864349
2018,31,007,.62522107
2018,31,009,.59971613
2018,31,011,.64421016
2018,31,013,.63080776
2018,31,015,.50661188
2018,31,017,.58115184
2018,31,019,.66602981
2018,31,021,.61813676
2018,31,023,.68141437
2018,31,025,.61567169
2018,31,027,.61293787
2018,31,029,.63170123
2018,31,031,.54056472
2018,31,033,.82976067
2018,31,035,.72373128
2018,31,037,.74490893
2018,31,039,.68620443
2018,31,041,.64421016
2018,31,043,.77337503
2018,31,045,.57022172
2018,31,047,.67287236
2018,31,049,.53977269
2018,31,051,.60827249
2018,31,053,.66057265
2018,31,055,.85227275
2018,31,057,.65528828
2018,31,059,.68352395
2018,31,061,.53520375
2018,31,063,.59864193
2018,31,065,.60936385
2018,31,067,.6247794
2018,31,069,.55396712
2018,31,071,.51286638
2018,31,073,.61472481
2018,31,075,.50229925
2018,31,077,.54949969
2018,31,079,.6782946
2018,31,081,.74428165
2018,31,083,.55039316
2018,31,085,.53230286
2018,31,087,.62276632
2018,31,089,.62455326
2018,31,091,.46073574
2018,31,093,.58166552
2018,31,095,.6057899
2018,31,097,.68084347
2018,31,099,.64093614
2018,31,101,.59375
2018,31,103,.49608818
2018,31,105,.63049597
2018,31,107,.57451755
2018,31,109,.76011163
2018,31,111,.67300922
2018,31,113,.5235883
2018,31,115,.42530382
2018,31,117,.55005306
2018,31,119,.69332165
2018,31,121,.67816299
2018,31,123,.6274268
2018,31,125,.57541102
2018,31,127,.8908149
2018,31,129,.56736958
2018,31,131,.65562212
2018,31,133,.60489637
2018,31,135,.71568984
2018,31,137,.72551829
2018,31,139,.6174053
2018,31,141,.72050124
2018,31,143,.61651182
2018,31,145,.63122332
2018,31,147,.56826305
2018,31,149,.59685493
2018,31,151,.70261437
2018,31,153,.76577342
2018,31,155,.62037361
2018,31,157,.65854084
2018,31,159,.71658331
2018,31,161,.53431022
2018,31,163,.51554686
2018,31,165,.56736958
2018,31,167,1.1284906
2018,31,169,.64242321
2018,31,171,.5780915
2018,31,173,.72283775
2018,31,175,.61293787
2018,31,177,.87347358
2018,31,179,.62365979
2018,31,181,.5450322
2018,31,183,.58984786
2018,31,185,.66530836
2018,32,001,.76058203
2018,32,003,.77293503
2018,32,005,.72583258
2018,32,007,.81458819
2018,32,009,.77604169
2018,32,011,1.6086304
2018,32,013,.89203799
2018,32,015,1.2303623
2018,32,017,.63236314
2018,32,019,.69154316
2018,32,021,.84288192
2018,32,023,.83051711
2018,32,027,.95572919
2018,32,029,.86557055
2018,32,031,.78497738
2018,32,033,.92611164
2018,32,510,.81436223
2018,33,001,.71249163
2018,33,003,.59424168
2018,33,005,.74074078
2018,33,007,.66207623
2018,33,009,.92105258
2018,33,011,.93483073
2018,33,013,.83196318
2018,33,015,.83908945
2018,33,017,.81920439
2018,33,019,.70228493
2018,34,001,.66538227
2018,34,003,.86705196
2018,34,005,.83383501
2018,34,007,.78567123
2018,34,009,.5476979
2018,34,011,.66447169
2018,34,013,.97158438
2018,34,015,.67805535
2018,34,017,1.0485002
2018,34,019,.85914153
2018,34,021,1.0013127
2018,34,023,.85710406
2018,34,025,.76533526
2018,34,027,1.1466705
2018,34,029,.60912979
2018,34,031,.71153313
2018,34,033,.82931966
2018,34,035,1.1430317
2018,34,037,.65011483
2018,34,039,.95005745
2018,34,041,.70658594
2018,35,001,.77053058
2018,35,003,.52163965
2018,35,005,.58697879
2018,35,006,.61224484
2018,35,007,.53460211
2018,35,009,.58336121
2018,35,011,.56166267
2018,35,013,.64919066
2018,35,015,.95941883
2018,35,017,.69569743
2018,35,019,.51108372
2018,35,021,.57969737
2018,35,023,.66238564
2018,35,025,.86804396
2018,35,027,.50933647
2018,35,028,1.3100961
2018,35,029,.59729064
2018,35,031,.58547598
2018,35,033,.5341807
2018,35,035,.63792497
2018,35,037,.53747356
2018,35,039,.60344827
2018,35,041,.58554673
2018,35,043,.65562689
2018,35,045,.7600069
2018,35,047,.50959235
2018,35,049,.69205832
2018,35,051,.51073408
2018,35,053,.63419759
2018,35,055,.52774018
2018,35,057,.56522477
2018,35,059,.588494
2018,35,061,.57451844
2018,36,001,.73267972
2018,36,003,.53842902
2018,36,005,.62456346
2018,36,007,.59252131
2018,36,009,.54265201
2018,36,011,.59104764
2018,36,013,.5419482
2018,36,015,.62087911
2018,36,017,.61190271
2018,36,019,.60154521
2018,36,021,.53142703
2018,36,023,.54871297
2018,36,025,.60058594
2018,36,027,.64873016
2018,36,029,.66428769
2018,36,031,.54672509
2018,36,033,.59380257
2018,36,035,.5411225
2018,36,037,.55146039
2018,36,039,.53547436
2018,36,041,.46355319
2018,36,043,.51621395
2018,36,045,.5185377
2018,36,047,.54656577
2018,36,049,.54247272
2018,36,051,.53806835
2018,36,053,.54636216
2018,36,055,.6672048
2018,36,057,.54570639
2018,36,059,.68469507
2018,36,061,1.3824214
2018,36,063,.55929184
2018,36,065,.58065408
2018,36,067,.68380743
2018,36,069,.61272532
2018,36,071,.57895398
2018,36,073,.55286527
2018,36,075,.6188457
2018,36,077,.5729596
2018,36,079,.60069847
2018,36,081,.62747383
2018,36,083,.64836603
2018,36,085,.59022117
2018,36,087,.59720606
2018,36,089,.61290771
2018,36,091,.64575166
2018,36,093,.70522875
2018,36,095,.5163399
2018,36,097,.5349099
2018,36,099,.59283346
2018,36,101,.78177488
2018,36,103,.66858459
2018,36,105,.54362416
2018,36,107,.67775643
2018,36,109,.68199581
2018,36,111,.54476464
2018,36,113,.56958622
2018,36,115,.56555611
2018,36,117,.54882973
2018,36,119,.82472414
2018,36,121,.5834741
2018,36,123,.47619048
2018,37,001,.68776155
2018,37,003,.59151381
2018,37,005,.54746491
2018,37,007,.608594
2018,37,009,.60679609
2018,37,011,.55486947
2018,37,013,.66522831
2018,37,015,.56903988
2018,37,017,.62657315
2018,37,019,.65221149
2018,37,021,.69802475
2018,37,023,.64545125
2018,37,025,.64867109
2018,37,027,.68500537
2018,37,029,.57124102
2018,37,031,.57209224
2018,37,033,.6023013
2018,37,035,.74613446
2018,37,037,.60435927
2018,37,039,.58162528
2018,37,041,.61510032
2018,37,043,.53748226
2018,37,045,.69658887
2018,37,047,.61578566
2018,37,049,.71526355
2018,37,051,.71122909
2018,37,053,.56127453
2018,37,055,.54795676
2018,37,057,.69579285
2018,37,059,.62211168
2018,37,061,.6211794
2018,37,063,1.1030382
2018,37,065,.63390315
2018,37,067,.87362248
2018,37,069,.67995411
2018,37,071,.66112959
2018,37,073,.58432215
2018,37,075,.6148867
2018,37,077,.74799728
2018,37,079,.60679609
2018,37,081,.82130283
2018,37,083,.59693515
2018,37,085,.60133237
2018,37,087,.60595572
2018,37,089,.64529628
2018,37,091,.65078235
2018,37,093,.61126864
2018,37,095,.53480041
2018,37,097,.79092163
2018,37,099,.63509148
2018,37,101,.64058399
2018,37,103,.60499817
2018,37,105,.71656615
2018,37,107,.65629476
2018,37,109,.69059318
2018,37,111,.6274721
2018,37,113,.57719421
2018,37,115,.55071974
2018,37,117,.54476804
2018,37,119,1.0689368
2018,37,121,.65983456
2018,37,123,.63646168
2018,37,125,.66695958
2018,37,127,.69622511
2018,37,129,.72561795
2018,37,131,.65803665
2018,37,133,.57998616
2018,37,135,.90075952
2018,37,137,.5247243
2018,37,139,.63637954
2018,37,141,.5987395
2018,37,143,.57959676
2018,37,145,.7109682
2018,37,147,.75888151
2018,37,149,.54777735
2018,37,151,.61707747
2018,37,153,.60409921
2018,37,155,.59960443
2018,37,157,.61218983
2018,37,159,.73830158
2018,37,161,.61398774
2018,37,163,.65354186
2018,37,165,.63574493
2018,37,167,.62387627
2018,37,169,.55901176
2018,37,171,.63915855
2018,37,173,.61848253
2018,37,175,.59455585
2018,37,177,.56454509
2018,37,179,.70930231
2018,37,181,.61308879
2018,37,183,.94324154
2018,37,185,.56094927
2018,37,187,.71950775
2018,37,189,.58943784
2018,37,191,.63538349
2018,37,193,.6274721
2018,37,195,.76137173
2018,37,197,.62033421
2018,37,199,.63151276
2018,38,001,.76594961
2018,38,003,.69525546
2018,38,005,.69732946
2018,38,007,.7539683
2018,38,009,.77605319
2018,38,011,.75091577
2018,38,013,.91273999
2018,38,015,.88744199
2018,38,017,.87142855
2018,38,019,.77244073
2018,38,021,.65745556
2018,38,023,.94584578
2018,38,025,1.1502616
2018,38,027,.58698076
2018,38,029,.64910984
2018,38,031,.79191405
2018,38,033,.60275644
2018,38,035,.79087991
2018,38,037,.62129086
2018,38,039,.66580123
2018,38,041,.78820485
2018,38,043,.64725524
2018,38,045,.68240499
2018,38,047,.54154307
2018,38,049,.79562324
2018,38,051,.63798225
2018,38,053,1.2542896
2018,38,055,1.03023
2018,38,057,1.2241755
2018,38,059,.78487331
2018,38,061,1.1334037
2018,38,063,.61943626
2018,38,065,1.2959657
2018,38,067,.82158762
2018,38,069,.74326789
2018,38,071,.71031165
2018,38,073,.65423977
2018,38,075,.7076866
2018,38,077,.74554902
2018,38,079,.71216625
2018,38,081,.79840511
2018,38,083,.46446612
2018,38,085,.7752226
2018,38,087,1.0867605
2018,38,089,1.0311419
2018,38,091,.8892805
2018,38,093,.76691043
2018,38,095,.70289326
2018,38,097,.78356832
2018,38,099,.71958464
2018,38,101,.81409168
2018,38,103,.63705498
2018,38,105,1.3301394
2018,39,001,.67687201
2018,39,003,.80140018
2018,39,005,.68641883
2018,39,007,.65900737
2018,39,009,.7212581
2018,39,011,.79767615
2018,39,013,.7323789
2018,39,015,.62887353
2018,39,017,.83186775
2018,39,019,.63852817
2018,39,021,.74234599
2018,39,023,.70773381
2018,39,025,.74744993
2018,39,027,.83670104
2018,39,029,.67318332
2018,39,031,.68978238
2018,39,033,.69162667
2018,39,035,.97884065
2018,39,037,.70638138
2018,39,039,.75634891
2018,39,041,.92009681
2018,39,043,.67356569
2018,39,045,.63991696
2018,39,047,.62796211
2018,39,049,.93739188
2018,39,051,.73540145
2018,39,053,.69070452
2018,39,055,.74146509
2018,39,057,.95323741
2018,39,059,.7386573
2018,39,061,1.021808
2018,39,063,.88876772
2018,39,065,.64275175
2018,39,067,.85392845
2018,39,069,.74326813
2018,39,071,.62430835
2018,39,073,.58188862
2018,39,075,.70914787
2018,39,077,.74603468
2018,39,079,.622464
2018,39,081,.73108011
2018,39,083,.75991189
2018,39,085,.77791601
2018,39,087,.61475408
2018,39,089,.70390868
2018,39,091,.80454546
2018,39,093,.74146509
2018,39,095,.85036498
2018,39,097,.72466272
2018,39,099,.69848877
2018,39,101,.71946359
2018,39,103,.73879796
2018,39,105,.55699003
2018,39,107,.71283656
2018,39,109,.74370503
2018,39,111,.63537437
2018,39,113,.82374102
2018,39,115,.66857249
2018,39,117,.59754407
2018,39,119,.71428567
2018,39,121,.69311488
2018,39,123,.75740945
2018,39,125,.66027296
2018,39,127,.70866865
2018,39,129,.75233483
2018,39,131,.87698263
2018,39,133,.76923078
2018,39,135,.69562012
2018,39,137,.68424934
2018,39,139,.7008484
2018,39,141,.78016776
2018,39,143,.72943562
2018,39,145,.68056065
2018,39,147,.65935075
2018,39,149,.89115274
2018,39,151,.73051953
2018,39,153,.8515206
2018,39,155,.72797644
2018,39,157,.68429661
2018,39,159,.97860128
2018,39,161,.69347101
2018,39,163,.6233862
2018,39,165,.88287026
2018,39,167,.81980819
2018,39,169,.79872495
2018,39,171,.71560305
2018,39,173,.81751823
2018,39,175,.78199923
2018,40,001,.55476785
2018,40,003,.74796176
2018,40,005,.56097132
2018,40,007,.79049987
2018,40,009,.82506841
2018,40,011,.72669274
2018,40,013,.65175092
2018,40,015,.70365125
2018,40,017,.75997949
2018,40,019,.73555326
2018,40,021,.60350943
2018,40,023,.54679197
2018,40,025,.56894726
2018,40,027,.66103715
2018,40,029,.57337826
2018,40,031,.66537923
2018,40,033,.59819216
2018,40,035,.60173702
2018,40,037,.71013993
2018,40,039,.74264449
2018,40,041,.55476785
2018,40,043,.83864117
2018,40,045,.67327952
2018,40,047,.71378708
2018,40,049,.78252399
2018,40,051,.66997522
2018,40,053,.86316919
2018,40,055,.53292894
2018,40,057,.56983346
2018,40,059,.62655091
2018,40,061,.52552289
2018,40,063,.53615743
2018,40,065,.66111314
2018,40,067,.52906775
2018,40,069,.47678134
2018,40,071,.72580653
2018,40,073,.86228293
2018,40,075,.55210924
2018,40,077,.6912443
2018,40,079,.62300611
2018,40,081,.64250273
2018,40,083,.57915384
2018,40,085,.58444989
2018,40,087,.62691915
2018,40,089,.62477851
2018,40,091,.50868493
2018,40,093,.72846514
2018,40,095,.63186818
2018,40,097,.74503905
2018,40,099,.61148536
2018,40,101,.6912443
2018,40,103,.80733788
2018,40,105,.57953364
2018,40,107,.55299544
2018,40,109,.86574548
2018,40,111,.63629925
2018,40,113,.61625123
2018,40,115,.55116034
2018,40,117,.62920958
2018,40,119,.68765175
2018,40,121,.76593137
2018,40,123,.74477512
2018,40,125,.59565836
2018,40,127,.52906775
2018,40,129,.71339959
2018,40,131,.750256
2018,40,133,.63895786
2018,40,135,.48298481
2018,40,137,.72137547
2018,40,139,.69493312
2018,40,141,.59464735
2018,40,143,.83219522
2018,40,145,.66746324
2018,40,147,.87990797
2018,40,149,.63807166
2018,40,151,.74884796
2018,40,153,.83625835
2018,41,001,.57648402
2018,41,003,.75899607
2018,41,005,.72051787
2018,41,007,.57322836
2018,41,009,.53757387
2018,41,011,.60202789
2018,41,013,.70601481
2018,41,015,.52846152
2018,41,017,.66163141
2018,41,019,.59774315
2018,41,021,.66098428
2018,41,023,.62133074
2018,41,025,.58137637
2018,41,027,.58130813
2018,41,029,.62442398
2018,41,031,.6245923
2018,41,033,.55272108
2018,41,035,.61007106
2018,41,037,.62785387
2018,41,039,.64098662
2018,41,041,.58205205
2018,41,043,.64585251
2018,41,045,.56559247
2018,41,047,.68798149
2018,41,049,.8306216
2018,41,051,.81128627
2018,41,053,.56163329
2018,41,055,.72256196
2018,41,057,.60188138
2018,41,059,.62641633
2018,41,061,.63573045
2018,41,063,.57059014
2018,41,065,.58992153
2018,41,067,.95130879
2018,41,069,.46966732
2018,41,071,.57275546
2018,42,001,.6739496
2018,42,003,.99880379
2018,42,005,.69592196
2018,42,007,.78691041
2018,42,009,.63574493
2018,42,011,.80265337
2018,42,013,.69993007
2018,42,015,.80410916
2018,42,017,.79814458
2018,42,019,.84330142
2018,42,021,.67582017
2018,42,023,.68409741
2018,42,025,.57386363
2018,42,027,.80645156
2018,42,029,1.0924504
2018,42,031,.62947702
2018,42,033,.69305152
2018,42,035,.71972382
2018,42,037,.67621529
2018,42,039,.70290112
2018,42,041,.81751579
2018,42,043,.87745583
2018,42,045,.9205054
2018,42,047,.75483519
2018,42,049,.70707077
2018,42,051,.6570403
2018,42,053,.77190173
2018,42,055,.71113378
2018,42,057,.82199138
2018,42,059,.9515726
2018,42,061,.68409741
2018,42,063,.77883267
2018,42,065,.6778295
2018,42,067,.61515039
2018,42,069,.7149123
2018,42,071,.72913259
2018,42,073,.7033748
2018,42,075,.69785279
2018,42,077,.84172076
2018,42,079,.74122804
2018,42,081,.7336207
2018,42,083,.72182471
2018,42,085,.72664046
2018,42,087,.68409741
2018,42,089,.66981751
2018,42,091,1.0684581
2018,42,093,1.1212482
2018,42,095,.74350649
2018,42,097,.68808162
2018,42,099,.52780551
2018,42,101,1.012476
2018,42,103,.51837063
2018,42,105,.72797275
2018,42,107,.73513609
2018,42,109,.62389231
2018,42,111,.69215614
2018,42,113,.64380372
2018,42,115,.70542365
2018,42,117,.71365565
2018,42,119,.7473684
2018,42,121,.68141115
2018,42,123,.71722776
2018,42,125,.93301433
2018,42,127,.66805845
2018,42,129,.74846202
2018,42,131,.83684212
2018,42,133,.79334235
2018,44,001,.64104545
2018,44,003,.72223938
2018,44,005,.7416842
2018,44,007,.82740486
2018,44,009,.73204416
2018,45,001,.7141462
2018,45,003,.89890814
2018,45,005,.79132473
2018,45,007,.74357992
2018,45,009,.62186658
2018,45,011,.69558424
2018,45,013,.65278262
2018,45,015,.87645191
2018,45,017,.75995612
2018,45,019,.84125304
2018,45,021,.65420562
2018,45,023,.80670303
2018,45,025,.71903092
2018,45,027,.5558812
2018,45,029,.63294798
2018,45,031,.88315749
2018,45,033,.612544
2018,45,035,.6423794
2018,45,037,.70218372
2018,45,039,.87047857
2018,45,041,.72001529
2018,45,043,.71876192
2018,45,045,.86355138
2018,45,047,.75447822
2018,45,049,.76494724
2018,45,051,.59212947
2018,45,053,.64784056
2018,45,055,.69845855
2018,45,057,.88593155
2018,45,059,.74913234
2018,45,061,.68288398
2018,45,063,.7352941
2018,45,065,.66529894
2018,45,067,.59886676
2018,45,069,.81965613
2018,45,071,.6928407
2018,45,073,.8860265
2018,45,075,.7327081
2018,45,077,.71869159
2018,45,079,.83120203
2018,45,081,.56174642
2018,45,083,.85412669
2018,45,085,.70894086
2018,45,087,.72293866
2018,45,089,.72196174
2018,45,091,.79079795
2018,46,003,.60462475
2018,46,005,.73730099
2018,46,007,.61031085
2018,46,009,.63021231
2018,46,011,.7818892
2018,46,013,.77334082
2018,46,015,.58946174
2018,46,017,.71859676
2018,46,019,.6069147
2018,46,021,.63874149
2018,46,023,.62642157
2018,46,025,.57477683
2018,46,027,.66969252
2018,46,029,.72553426
2018,46,031,.70413196
2018,46,033,.60144925
2018,46,035,.72761196
2018,46,037,.61315393
2018,46,039,.74677789
2018,46,041,.72787195
2018,46,043,.62944263
2018,46,045,.70697504
2018,46,047,.68276513
2018,46,049,.61253291
2018,46,051,.74206954
2018,46,053,.57903719
2018,46,055,.68567741
2018,46,057,.7276684
2018,46,059,.63116002
2018,46,061,.68991661
2018,46,063,.72971952
2018,46,065,.79464626
2018,46,067,.66994697
2018,46,069,.70318425
2018,46,071,.555345
2018,46,073,.6595906
2018,46,075,.53923428
2018,46,077,.6785444
2018,46,079,.767627
2018,46,081,.66351604
2018,46,083,.8860414
2018,46,085,.55155426
2018,46,087,.63158852
2018,46,089,.56826568
2018,46,091,.73445797
2018,46,093,.72442114
2018,46,095,.47623536
2018,46,097,.6093632
2018,46,099,.8515085
2018,46,101,.70981807
2018,46,102,.74109179
2018,46,103,.73342991
2018,46,105,.58377564
2018,46,107,.6785444
2018,46,109,.63684613
2018,46,111,.60746783
2018,46,115,.67949206
2018,46,117,.64225245
2018,46,119,.69560277
2018,46,121,.67664903
2018,46,123,.62736923
2018,46,125,.62704468
2018,46,127,.96061826
2018,46,129,.63116002
2018,46,135,.78738672
2018,46,137,.63968921
2018,47,001,1.0450432
2018,47,003,.7497071
2018,47,005,.65152127
2018,47,007,.66753405
2018,47,009,.8565774
2018,47,011,.76739293
2018,47,013,.65852684
2018,47,015,.58149856
2018,47,017,.71357089
2018,47,019,.668239
2018,47,021,.73064631
2018,47,023,.6391772
2018,47,025,.70256209
2018,47,027,.58847082
2018,47,029,.67353886
2018,47,031,.86549824
2018,47,033,.770751
2018,47,035,.64413518
2018,47,037,1.036044
2018,47,039,.73458773
2018,47,041,.74259412
2018,47,043,.66495025
2018,47,045,.76104259
2018,47,047,.79894972
2018,47,049,.62249804
2018,47,051,.72357887
2018,47,053,.72328931
2018,47,055,.77662134
2018,47,057,.73705178
2018,47,059,.74859893
2018,47,061,.54243398
2018,47,063,.75370514
2018,47,065,.90634447
2018,47,067,.52542037
2018,47,069,.76961571
2018,47,071,.79680097
2018,47,073,.79086632
2018,47,075,.75853848
2018,47,077,.74683046
2018,47,079,.73759013
2018,47,081,.67487592
2018,47,083,.6014812
2018,47,085,.903938
2018,47,087,.63751006
2018,47,089,.80148208
2018,47,091,.81265014
2018,47,093,.89992458
2018,47,095,.63350683
2018,47,097,.73929572
2018,47,099,.67554045
2018,47,101,.61501592
2018,47,103,.70858282
2018,47,105,.80380696
2018,47,107,.83266616
2018,47,109,.65352285
2018,47,111,.6279574
2018,47,113,.7939254
2018,47,115,.68259066
2018,47,117,.79034781
2018,47,119,.84431475
2018,47,121,.7495997
2018,47,123,.75769693
2018,47,125,.69898534
2018,47,127,.89971983
2018,47,129,.66844392
2018,47,131,.7055645
2018,47,133,.69255406
2018,47,135,.62249804
2018,47,137,.6014812
2018,47,139,.57530582
2018,47,141,.74901187
2018,47,143,.85121179
2018,47,145,1.221602
2018,47,147,.66139913
2018,47,149,.82919031
2018,47,151,.6154924
2018,47,153,.5891239
2018,47,155,.58531356
2018,47,157,1.0146286
2018,47,159,.80654645
2018,47,161,.91799998
2018,47,163,.92610741
2018,47,165,.74129969
2018,47,167,.65078771
2018,47,169,.63742894
2018,47,171,.84512573
2018,47,173,.64172632
2018,47,175,.62449962
2018,47,177,.75029892
2018,47,179,.79205972
2018,47,181,.65752608
2018,47,183,.65552443
2018,47,185,.67654127
2018,47,187,1.1274858
2018,47,189,.71821731
2018,48,001,.81571865
2018,48,003,1.1803809
2018,48,005,.73898172
2018,48,007,.68391013
2018,48,009,.70429283
2018,48,011,.69548875
2018,48,013,.93315816
2018,48,015,.83273053
2018,48,017,.74648708
2018,48,019,.61783665
2018,48,021,.63722181
2018,48,023,.65964085
2018,48,025,.66841912
2018,48,027,.8632887
2018,48,029,.87303007
2018,48,031,.87820029
2018,48,033,.70974582
2018,48,035,.72709554
2018,48,037,.7397182
2018,48,039,1.0101279
2018,48,041,.74046648
2018,48,043,.74780625
2018,48,045,.60499609
2018,48,047,.81772047
2018,48,049,.71052629
2018,48,051,.8117364
2018,48,053,.77380961
2018,48,055,.64227915
2018,48,057,1.2094034
2018,48,059,.76741099
2018,48,061,.62742811
2018,48,063,.73489279
2018,48,065,1.4896617
2018,48,067,.69086647
2018,48,069,.68895346
2018,48,071,1.0873408
2018,48,073,.67554438
2018,48,075,.70698297
2018,48,077,.68608665
2018,48,079,.75234187
2018,48,081,.75819671
2018,48,083,.57474625
2018,48,085,1.1120719
2018,48,087,.75624508
2018,48,089,.79722869
2018,48,091,.7476719
2018,48,093,.64988285
2018,48,095,.67403316
2018,48,097,.85449034
2018,48,099,.77724665
2018,48,101,.723759
2018,48,103,1.2509757
2018,48,105,.77966428
2018,48,107,.66231346
2018,48,109,.96896952
2018,48,111,.80988592
2018,48,113,1.1388793
2018,48,115,.7542935
2018,48,117,.76747715
2018,48,119,.48497266
2018,48,121,.84399861
2018,48,123,.83785874
2018,48,125,.61572987
2018,48,127,1.0352466
2018,48,129,.65964085
2018,48,131,.72306788
2018,48,133,1.0158079
2018,48,135,1.0423965
2018,48,137,.6404084
2018,48,139,.737634
2018,48,141,.70524925
2018,48,143,.65262568
2018,48,145,.69964868
2018,48,147,.76833975
2018,48,149,.76137239
2018,48,151,.79527712
2018,48,153,.6976971
2018,48,155,.54121733
2018,48,157,.88136488
2018,48,159,.79722869
2018,48,161,.81381726
2018,48,163,.98263073
2018,48,165,.98653394
2018,48,167,.83981609
2018,48,169,.73770487
2018,48,171,.67560172
2018,48,173,1.0833976
2018,48,175,.62934506
2018,48,177,.78824449
2018,48,179,.91414338
2018,48,181,.78218007
2018,48,183,.84629631
2018,48,185,.93091333
2018,48,187,.76558018
2018,48,189,.70647925
2018,48,191,.53473848
2018,48,193,.6850915
2018,48,195,1.0722566
2018,48,197,.68696326
2018,48,199,.76191354
2018,48,201,1.1996109
2018,48,203,.90407306
2018,48,205,.74809885
2018,48,207,.68696326
2018,48,209,.65323669
2018,48,211,1.0949539
2018,48,213,.67828727
2018,48,215,.63582146
2018,48,217,.75953031
2018,48,219,.99768424
2018,48,221,.76783121
2018,48,223,.72723764
2018,48,225,.92509729
2018,48,227,.91756803
2018,48,229,1.0418229
2018,48,231,.86821169
2018,48,233,1.1261951
2018,48,235,1.1045022
2018,48,237,1.0990974
2018,48,239,.81349212
2018,48,241,.75505918
2018,48,243,.55763739
2018,48,245,1.0214258
2018,48,247,.74648708
2018,48,249,.85317469
2018,48,251,.76943648
2018,48,253,.69454956
2018,48,255,1.0145761
2018,48,257,.71082669
2018,48,259,.82787728
2018,48,261,1.2191834
2018,48,263,.7308743
2018,48,265,.76082861
2018,48,267,.56896549
2018,48,269,.72087556
2018,48,271,.83301669
2018,48,273,.69980878
2018,48,275,.76600307
2018,48,277,.7741313
2018,48,279,.76502728
2018,48,281,.64994186
2018,48,283,1.2889874
2018,48,285,.73215663
2018,48,287,.9125331
2018,48,289,1.0050741
2018,48,291,.78854311
2018,48,293,.79908669
2018,48,295,1.0255162
2018,48,297,1.0382513
2018,48,299,.68190438
2018,48,301,.94857484
2018,48,303,.78824627
2018,48,305,.89327377
2018,48,307,.78167123
2018,48,309,.84279233
2018,48,311,.99383676
2018,48,313,.69623858
2018,48,315,.62939107
2018,48,317,1.0216627
2018,48,319,.60061979
2018,48,321,1.0444745
2018,48,323,.63838071
2018,48,325,.68484038
2018,48,327,.53328145
2018,48,329,1.213519
2018,48,331,.78064007
2018,48,333,.62646365
2018,48,335,.85089767
2018,48,337,.75187266
2018,48,339,.95562232
2018,48,341,.867091
2018,48,343,.98848552
2018,48,345,.53864163
2018,48,347,.6835348
2018,48,349,.70868403
2018,48,351,.68793905
2018,48,353,.8108899
2018,48,355,.8112641
2018,48,357,.91136801
2018,48,359,.72893775
2018,48,361,.94384927
2018,48,363,.8263278
2018,48,365,.89209604
2018,48,367,.79707551
2018,48,369,.80015612
2018,48,371,.86775297
2018,48,373,.73931468
2018,48,375,.82048875
2018,48,377,.7777127
2018,48,379,.61572987
2018,48,381,.79699248
2018,48,383,1.1391673
2018,48,385,.49402931
2018,48,387,.64890707
2018,48,389,1.1369809
2018,48,391,.75308174
2018,48,393,.83879054
2018,48,395,.80433172
2018,48,397,.71601522
2018,48,399,.67232627
2018,48,401,.80282235
2018,48,403,.70062447
2018,48,405,.71373308
2018,48,407,.65866506
2018,48,409,.82538837
2018,48,411,.78844649
2018,48,413,.84992188
2018,48,415,1.0137166
2018,48,417,1.1046057
2018,48,419,.71135831
2018,48,421,.78942227
2018,48,423,.80955911
2018,48,425,1.0917362
2018,48,427,.56889147
2018,48,429,.73282588
2018,48,431,.8330124
2018,48,433,.72130209
2018,48,435,1.2831771
2018,48,437,.68110847
2018,48,439,.95399421
2018,48,441,.77308851
2018,48,443,.76386267
2018,48,445,.86210233
2018,48,447,.53766584
2018,48,449,.71330988
2018,48,451,.75860173
2018,48,453,1.0814228
2018,48,455,.61311787
2018,48,457,.66614723
2018,48,459,.66759259
2018,48,461,1.2773223
2018,48,463,.63914907
2018,48,465,.69471437
2018,48,467,.64967424
2018,48,469,.81503844
2018,48,471,.72673345
2018,48,473,.7903111
2018,48,475,1.1802325
2018,48,477,.71750557
2018,48,479,.65947467
2018,48,481,.72729015
2018,48,483,.7874707
2018,48,485,.73591417
2018,48,487,.69867289
2018,48,489,.66647148
2018,48,491,.90188807
2018,48,493,.66887534
2018,48,495,1.2470726
2018,48,497,.80988461
2018,48,499,.69754034
2018,48,501,1.1670569
2018,48,503,.79625291
2018,48,505,.94164711
2018,48,507,.68306005
2018,49,001,.58206105
2018,49,003,.64226526
2018,49,005,.62434965
2018,49,007,.69049269
2018,49,009,.52932155
2018,49,011,.72740823
2018,49,013,.7375803
2018,49,015,.74600971
2018,49,017,.50312281
2018,49,019,.54956168
2018,49,021,.56731433
2018,49,023,.55955172
2018,49,025,.53637904
2018,49,027,.67314363
2018,49,029,.65706724
2018,49,031,.43745726
2018,49,033,.45005116
2018,49,035,.84292102
2018,49,037,.59854263
2018,49,039,.54909784
2018,49,041,.61849409
2018,49,043,.69375002
2018,49,045,.6536926
2018,49,047,.70909089
2018,49,049,.74941456
2018,49,051,.61573178
2018,49,053,.58512396
2018,49,055,.52567661
2018,49,057,.67196298
2018,50,001,.75680554
2018,50,003,.69132906
2018,50,005,.66397029
2018,50,007,.76843965
2018,50,009,.62132227
2018,50,011,.67220104
2018,50,013,.50470173
2018,50,015,.63549554
2018,50,017,.64756542
2018,50,019,.62608242
2018,50,021,.70632279
2018,50,023,.79830563
2018,50,025,.66589934
2018,50,027,.72522223
2018,51,001,.63490725
2018,51,003,.78470981
2018,51,005,.56094652
2018,51,007,.53751582
2018,51,009,.60869563
2018,51,011,.48160535
2018,51,013,1.2510519
2018,51,015,.70830601
2018,51,017,.6082229
2018,51,019,.60535115
2018,51,021,.72671443
2018,51,023,.6694352
2018,51,025,.54612851
2018,51,027,.74974412
2018,51,029,.59412557
2018,51,031,.7633779
2018,51,033,.59110975
2018,51,035,.52371204
2018,51,036,.70223838
2018,51,037,.56465369
2018,51,041,.71800131
2018,51,043,.59747547
2018,51,045,.53903657
2018,51,047,.65398145
2018,51,049,.52203989
2018,51,051,.65250766
2018,51,053,.65258515
2018,51,057,.5239327
2018,51,059,1.1647966
2018,51,061,.66409534
2018,51,063,.48618218
2018,51,065,.57749856
2018,51,067,.55612415
2018,51,069,.70564514
2018,51,071,.66444898
2018,51,073,.52018154
2018,51,075,1.4604352
2018,51,077,.48106447
2018,51,079,.5034411
2018,51,081,.66894364
2018,51,083,.61156601
2018,51,085,.65100884
2018,51,087,.81967217
2018,51,089,.55015349
2018,51,091,.51944727
2018,51,093,.71026289
2018,51,095,.58197749
2018,51,097,.59473509
2018,51,099,1.1629921
2018,51,101,.67622954
2018,51,103,.56363922
2018,51,105,.5365063
2018,51,107,.88569427
2018,51,109,.7819525
2018,51,111,.55008489
2018,51,113,.5560928
2018,51,115,.42944309
2018,51,117,.56006765
2018,51,119,.58508939
2018,51,121,.71827739
2018,51,125,.49895275
2018,51,127,.56510091
2018,51,131,.49177632
2018,51,133,.69828171
2018,51,135,.56603777
2018,51,137,.58857423
2018,51,139,.53510857
2018,51,141,.48106447
2018,51,143,.58938926
2018,51,145,.59741491
2018,51,147,.56047195
2018,51,149,.79129893
2018,51,153,.66339409
2018,51,155,.66274309
2018,51,157,.57223266
2018,51,159,.60703665
2018,51,161,.67358804
2018,51,163,.51894701
2018,51,165,.68032789
2018,51,167,.65591949
2018,51,169,.53565335
2018,51,171,.59926957
2018,51,173,.56891847
2018,51,175,.57717896
2018,51,177,.53716689
2018,51,179,.69985974
2018,51,181,1.3319743
2018,51,183,.58244014
2018,51,185,.5990116
2018,51,187,.60821605
2018,51,191,.59877175
2018,51,193,.50264549
2018,51,195,.56520259
2018,51,197,.5661664
2018,51,199,.58588868
2018,51,510,1.0525947
2018,51,520,.58341861
2018,51,530,.53822935
2018,51,540,.81163979
2018,51,550,.65863585
2018,51,570,.47919297
2018,51,580,.87674493
2018,51,590,.61327189
2018,51,595,.48483837
2018,51,600,.7510519
2018,51,610,.94249648
2018,51,620,.4873586
2018,51,630,.6213184
2018,51,640,.52115315
2018,51,650,.70635176
2018,51,660,.61065573
2018,51,670,.83385879
2018,51,678,.69668007
2018,51,680,.71153843
2018,51,683,.84431976
2018,51,685,.66058904
2018,51,690,.54418284
2018,51,700,.79709017
2018,51,710,.83620155
2018,51,720,.61627507
2018,51,730,.62027115
2018,51,735,.50375473
2018,51,740,.82212144
2018,51,750,.69937539
2018,51,760,.93474156
2018,51,770,.74667776
2018,51,775,.78239202
2018,51,790,.59422195
2018,51,800,.70556951
2018,51,810,.6437735
2018,51,820,.59340125
2018,51,830,.6437735
2018,51,840,.74435484
2018,53,001,.67541039
2018,53,003,.67980903
2018,53,005,.90645266
2018,53,007,.66281438
2018,53,009,.65593219
2018,53,011,.78837854
2018,53,013,.68995184
2018,53,015,.82988971
2018,53,017,.60588032
2018,53,019,.6558395
2018,53,021,.69562984
2018,53,023,.83605367
2018,53,025,.71948195
2018,53,027,.69968271
2018,53,029,.65098101
2018,53,031,.63998646
2018,53,033,1.1981665
2018,53,035,.81201428
2018,53,037,.69753516
2018,53,039,.87894005
2018,53,041,.71613687
2018,53,043,.66557848
2018,53,045,.68504733
2018,53,047,.58410382
2018,53,049,.61569101
2018,53,051,.8395856
2018,53,053,.79443729
2018,53,055,.56576401
2018,53,057,.80932206
2018,53,059,.53329223
2018,53,061,.83356839
2018,53,063,.80670363
2018,53,065,.67912328
2018,53,067,.81614268
2018,53,069,.6433692
2018,53,071,.73058581
2018,53,073,.76788098
2018,53,075,.82220668
2018,53,077,.67439413
2018,54,001,.74608326
2018,54,003,.71155185
2018,54,005,.89855617
2018,54,007,.63240349
2018,54,009,.75365573
2018,54,011,.77137548
2018,54,013,.78429496
2018,54,015,.52511835
2018,54,017,1.041508
2018,54,019,.70434618
2018,54,021,.71551389
2018,54,023,.73978621
2018,54,025,.66873592
2018,54,027,.55516386
2018,54,029,.75271839
2018,54,031,.6285823
2018,54,033,.91538757
2018,54,035,1.255254
2018,54,037,.78007853
2018,54,039,.83909726
2018,54,041,.90667677
2018,54,043,.62642586
2018,54,045,.78781515
2018,54,047,.83397013
2018,54,049,.7702952
2018,54,051,1.3328962
2018,54,053,.82059604
2018,54,055,.68589985
2018,54,057,.76115483
2018,54,059,.83711272
2018,54,061,.91226143
2018,54,063,.73366445
2018,54,065,.61098653
2018,54,067,.67634696
2018,54,069,.77650809
2018,54,071,.57222009
2018,54,073,.92110234
2018,54,075,.57868606
2018,54,077,.70209253
2018,54,079,.93061072
2018,54,081,.73627603
2018,54,083,.65403652
2018,54,085,.77665263
2018,54,087,.69354218
2018,54,089,.59514707
2018,54,091,.80722195
2018,54,093,.64673287
2018,54,095,.84734422
2018,54,097,.71632415
2018,54,099,.78624535
2018,54,101,.64464217
2018,54,103,.63526934
2018,54,105,.5704698
2018,54,107,.74944067
2018,54,109,.82250667
2018,55,001,.60944426
2018,55,003,.63332188
2018,55,005,.63117546
2018,55,007,.54682219
2018,55,009,.79185897
2018,55,011,.60169494
2018,55,013,.54788685
2018,55,015,.63402754
2018,55,017,.6514495
2018,55,019,.64527136
2018,55,021,.64473683
2018,55,023,.58125633
2018,55,025,.85032946
2018,55,027,.71978569
2018,55,029,.5634867
2018,55,031,.6478132
2018,55,033,.67795169
2018,55,035,.73225588
2018,55,037,.45920107
2018,55,039,.74033612
2018,55,041,.60515529
2018,55,043,.61369061
2018,55,045,.65140843
2018,55,047,.62649363
2018,55,049,.69253933
2018,55,051,.52065545
2018,55,053,.70331162
2018,55,055,.646281
2018,55,057,.65776038
2018,55,059,.69263369
2018,55,061,.61717206
2018,55,063,.70883131
2018,55,065,.59235227
2018,55,067,.57954931
2018,55,069,.67941272
2018,55,071,.71440756
2018,55,073,.74739665
2018,55,075,.6947763
2018,55,077,.57679296
2018,55,078,.55479681
2018,55,079,.84228522
2018,55,081,.67750001
2018,55,083,.56860739
2018,55,085,.66226286
2018,55,087,.77930802
2018,55,089,.74300134
2018,55,091,.61454415
2018,55,093,.55736434
2018,55,095,.59775317
2018,55,097,.72048318
2018,55,099,.62222594
2018,55,101,.76491928
2018,55,103,.6008876
2018,55,105,.74163878
2018,55,107,.59149873
2018,55,109,.62558138
2018,55,111,.62771285
2018,55,113,.56624287
2018,55,115,.55906451
2018,55,117,.79657286
2018,55,119,.63417542
2018,55,121,.67770565
2018,55,123,.58597749
2018,55,125,.54370087
2018,55,127,.61966521
2018,55,129,.56290269
2018,55,131,.71533209
2018,55,133,.88053393
2018,55,135,.63374275
2018,55,137,.56418568
2018,55,139,.83725625
2018,55,141,.73097914
2018,56,001,.65159577
2018,56,003,.66621345
2018,56,005,.88851565
2018,56,007,.77461308
2018,56,009,.85859424
2018,56,011,.70152223
2018,56,013,.6590758
2018,56,015,.6012342
2018,56,017,.60506874
2018,56,019,.61007106
2018,56,021,.74490803
2018,56,023,.74046677
2018,56,025,.79493093
2018,56,027,.58548605
2018,56,029,.64673734
2018,56,031,.76648533
2018,56,033,.66013074
2018,56,035,.90644735
2018,56,037,.93092108
2018,56,039,.70643878
2018,56,041,.66159052
2018,56,043,.66706318
2018,56,045,.64955425
