year,state,county,poverty_exposure,poverty_exposure_quality
2018,01,001,0,1
2018,01,003,0,1
2018,01,005,0,1
2018,01,007,0,2
2018,01,009,0,1
2018,01,011,0.9186495176848875,2
2018,01,013,0,1
2018,01,015,0.16316825976271676,1
2018,01,017,0,1
2018,01,019,0,1
2018,01,021,0,1
2018,01,023,0,1
2018,01,025,0.12040078843626807,1
2018,01,027,0,2
2018,01,029,0,1
2018,01,031,0,1
2018,01,033,0.08924302788844622,1
2018,01,035,0,2
2018,01,037,0,2
2018,01,039,0.09415099970158161,1
2018,01,041,0,1
2018,01,043,0,1
2018,01,045,0,1
2018,01,047,0.4552135216787785,1
2018,01,049,0,1
2018,01,051,0,1
2018,01,053,0.09107402031930334,1
2018,01,055,0.09706687970782926,1
2018,01,057,0,1
2018,01,059,0,1
2018,01,061,0,1
2018,01,063,0.6610852713178295,1
2018,01,065,0,1
2018,01,067,0,1
2018,01,069,0.11774969597631259,1
2018,01,071,0,1
2018,01,073,0.17073659839390376,1
2018,01,075,0,2
2018,01,077,0.04086696343866306,1
2018,01,079,0,1
2018,01,081,0.2359896388846564,1
2018,01,083,0,1
2018,01,085,0,1
2018,01,087,0,1
2018,01,089,0.21122715404699738,1
2018,01,091,0,1
2018,01,093,0,1
2018,01,095,0,1
2018,01,097,0.19234605155482815,1
2018,01,099,0.2190214906264289,1
2018,01,101,0.1624705908221377,1
2018,01,103,0.16936383928571427,1
2018,01,105,0.9034845132743363,2
2018,01,107,0,1
2018,01,109,0.27979460234057796,1
2018,01,111,0,1
2018,01,113,0.20503002349664956,1
2018,01,115,0,1
2018,01,117,0,1
2018,01,119,0,1
2018,01,121,0.1657684565937277,1
2018,01,123,0,1
2018,01,125,0.24631510951905572,1
2018,01,127,0,1
2018,01,129,0,2
2018,01,131,0.24431468961278427,1
2018,01,133,0,1
2018,02,013,0,1
2018,02,016,0,2
2018,02,020,0,1
2018,02,050,0,1
2018,02,060,0,2
2018,02,068,0,3
2018,02,070,0,1
2018,02,090,0,1
2018,02,100,0,3
2018,02,105,0,2
2018,02,110,0,2
2018,02,122,0,1
2018,02,130,0,1
2018,02,150,0,2
2018,02,158,1,1
2018,02,164,0,2
2018,02,170,0,1
2018,02,180,0,1
2018,02,185,0,2
2018,02,188,0,1
2018,02,195,0,2
2018,02,198,0,1
2018,02,220,0,2
2018,02,230,0,3
2018,02,240,0,2
2018,02,261,0,2
2018,02,275,0,2
2018,02,282,0,3
2018,02,290,0,1
2018,04,001,0.6372521303663018,1
2018,04,003,0.09523573692551505,1
2018,04,005,0.1338546838795101,1
2018,04,007,0.34267807232997377,1
2018,04,009,0.2805391743892165,1
2018,04,011,0,2
2018,04,012,0,1
2018,04,013,0.15168246843956953,1
2018,04,015,0.028955122393472348,1
2018,04,017,0.4293671053940258,1
2018,04,019,0.1439945069287603,1
2018,04,021,0.06824325533933655,1
2018,04,023,0.21299638989169675,1
2018,04,025,0,1
2018,04,027,0.08526520657288561,1
2018,05,001,0,1
2018,05,003,0,1
2018,05,005,0,1
2018,05,007,0,1
2018,05,009,0,1
2018,05,011,0,1
2018,05,013,0,2
2018,05,015,0,1
2018,05,017,0.34942606347062793,1
2018,05,019,0,1
2018,05,021,0,1
2018,05,023,0,1
2018,05,025,0,1
2018,05,027,0.25957217328779436,1
2018,05,029,0,1
2018,05,031,0.10655166872020143,1
2018,05,033,0,1
2018,05,035,0.14987393780931926,1
2018,05,037,0,1
2018,05,039,0,2
2018,05,041,0.5136724492796236,1
2018,05,043,0,1
2018,05,045,0.0718383510179215,1
2018,05,047,0,2
2018,05,049,0,1
2018,05,051,0.1856800846278047,1
2018,05,053,0,2
2018,05,055,0.12754314578363968,1
2018,05,057,0,1
2018,05,059,0,1
2018,05,061,0,1
2018,05,063,0,1
2018,05,065,0,1
2018,05,067,0,1
2018,05,069,0,1
2018,05,071,0,1
2018,05,073,0,1
2018,05,075,0,1
2018,05,077,0,1
2018,05,079,0,2
2018,05,081,0,2
2018,05,083,0,1
2018,05,085,0,1
2018,05,087,0,1
2018,05,089,0,1
2018,05,091,0.3110740122426266,1
2018,05,093,0.2720554272517321,1
2018,05,095,0,1
2018,05,097,0,1
2018,05,099,0,2
2018,05,101,0,2
2018,05,103,0.2897588255854596,1
2018,05,105,0,2
2018,05,107,0.6340371081253998,1
2018,05,109,0,1
2018,05,111,0.18797579543236384,1
2018,05,113,0,1
2018,05,115,0,1
2018,05,117,0,1
2018,05,119,0.13840903920527792,1
2018,05,121,0,1
2018,05,123,0.3445142101784534,1
2018,05,125,0,1
2018,05,127,0,1
2018,05,129,0,2
2018,05,131,0.17250196695515344,1
2018,05,133,0,1
2018,05,135,0,1
2018,05,137,0,2
2018,05,139,0,1
2018,05,141,0,1
2018,05,143,0.14281485468245425,1
2018,05,145,0,1
2018,05,147,0,1
2018,05,149,0,1
2018,06,001,0.06709229652863931,1
2018,06,003,0,2
2018,06,005,0,1
2018,06,007,0.17842828191848684,1
2018,06,009,0,2
2018,06,011,0,1
2018,06,013,0,1
2018,06,015,0,1
2018,06,017,0,1
2018,06,019,0.33442066299818585,1
2018,06,021,0,1
2018,06,023,0.07741959416849056,1
2018,06,025,0.18734675050375083,1
2018,06,027,0,2
2018,06,029,0.23590518714749614,1
2018,06,031,0.10967098703888335,1
2018,06,033,0.09346642468239565,1
2018,06,035,0,1
2018,06,037,0.07907954685538468,1
2018,06,039,0.30115552063897344,1
2018,06,041,0,1
2018,06,043,0,1
2018,06,045,0,1
2018,06,047,0.14182031511900772,1
2018,06,049,0,2
2018,06,051,0,2
2018,06,053,0,1
2018,06,055,0.0068051575931232094,1
2018,06,057,0,1
2018,06,059,0.01983571764352453,1
2018,06,061,0,1
2018,06,063,0,1
2018,06,065,0.01952135229258021,1
2018,06,067,0.06073344577128764,1
2018,06,069,0,1
2018,06,071,0.11773420964687535,1
2018,06,073,0.04837917607083509,1
2018,06,075,0.025521892040138095,1
2018,06,077,0.09220956480655153,1
2018,06,079,0.25428433844149223,1
2018,06,081,0,1
2018,06,083,0.17530550706237105,1
2018,06,085,0.005031698365031699,1
2018,06,087,0.09372411766277486,1
2018,06,089,0,1
2018,06,091,0,3
2018,06,093,0,1
2018,06,095,0.03356067256398136,1
2018,06,097,0,1
2018,06,099,0.03330002556177817,1
2018,06,101,0,1
2018,06,103,0,1
2018,06,105,0,1
2018,06,107,0.23390565353324236,1
2018,06,109,0,1
2018,06,111,0.005995653151465188,1
2018,06,113,0.2305891629500037,1
2018,06,115,0,1
2018,08,001,0,1
2018,08,003,0,1
2018,08,005,0,1
2018,08,007,0,2
2018,08,009,0,1
2018,08,011,0,2
2018,08,013,0.2956727027447725,1
2018,08,014,0,1
2018,08,015,0,2
2018,08,017,0,3
2018,08,019,0,2
2018,08,021,0,1
2018,08,023,0,1
2018,08,025,0,2
2018,08,027,0,3
2018,08,029,0,1
2018,08,031,0.027974564697849095,1
2018,08,033,0,2
2018,08,035,0,1
2018,08,037,0,2
2018,08,039,0,2
2018,08,041,0,1
2018,08,043,0,1
2018,08,045,0,1
2018,08,047,0,3
2018,08,049,0,2
2018,08,051,0,2
2018,08,053,0,3
2018,08,055,0,2
2018,08,057,0,3
2018,08,059,0,1
2018,08,061,0,2
2018,08,063,0,2
2018,08,065,0,2
2018,08,067,0,1
2018,08,069,0.17923978829547468,1
2018,08,071,0,1
2018,08,073,0,2
2018,08,075,0,2
2018,08,077,0,1
2018,08,079,0,3
2018,08,081,0,2
2018,08,083,0,1
2018,08,085,0,1
2018,08,087,0,1
2018,08,089,0,1
2018,08,091,0,2
2018,08,093,0,2
2018,08,095,0,2
2018,08,097,0,2
2018,08,099,0,1
2018,08,101,0.09807332523714182,1
2018,08,103,0,2
2018,08,105,0,2
2018,08,107,0,1
2018,08,109,0,2
2018,08,111,NA,NA
2018,08,113,0,2
2018,08,115,0,2
2018,08,117,0,2
2018,08,119,0,2
2018,08,121,0,2
2018,08,123,0.08082030483417282,1
2018,08,125,0,2
2018,09,001,0.04155300852588959,1
2018,09,003,0.10655965712990532,1
2018,09,005,0,1
2018,09,007,0.04574204785039875,1
2018,09,009,0.09357139244347783,1
2018,09,011,0.0981637337413925,1
2018,09,013,0.029286474973375932,1
2018,09,015,0,1
2018,10,001,0,1
2018,10,003,0.1491955143832277,1
2018,10,005,0,1
2018,11,001,0.11243230408139036,1
2018,12,001,0.3552670513389555,1
2018,12,003,0,2
2018,12,005,0,1
2018,12,007,0,1
2018,12,009,0.056715388858246,1
2018,12,011,0.05248536522291097,1
2018,12,013,0,2
2018,12,015,0,1
2018,12,017,0,1
2018,12,019,0,1
2018,12,021,0.15234269206463844,1
2018,12,023,0,1
2018,12,027,0.3052728013029316,1
2018,12,029,0,1
2018,12,031,0.08811660155411496,1
2018,12,033,0,1
2018,12,035,0,1
2018,12,037,0,2
2018,12,039,0.22867773325701202,1
2018,12,041,0,2
2018,12,043,0,2
2018,12,045,0,2
2018,12,047,0,1
2018,12,049,0,1
2018,12,051,0,1
2018,12,053,0,1
2018,12,055,0.1468108219957581,1
2018,12,057,0.08163510641367173,1
2018,12,059,0,1
2018,12,061,0,1
2018,12,063,0,1
2018,12,065,0,2
2018,12,067,0,2
2018,12,069,0.02605540099189549,1
2018,12,071,0.02822095807778193,1
2018,12,073,0.47795166120062743,1
2018,12,075,0,1
2018,12,077,0,2
2018,12,079,0,1
2018,12,081,0,1
2018,12,083,0.0641084885539599,1
2018,12,085,0,1
2018,12,086,0.10886635616256712,1
2018,12,087,0,1
2018,12,089,0,1
2018,12,091,0,1
2018,12,093,0.13596233078281342,1
2018,12,095,0.02348340374170187,1
2018,12,097,0,1
2018,12,099,0.08541913891820653,1
2018,12,101,0.02078614257161892,1
2018,12,103,0.06889688619543936,1
2018,12,105,0.06874166704979082,1
2018,12,107,0,1
2018,12,109,0,1
2018,12,111,0.15937252834168206,1
2018,12,113,0,1
2018,12,115,0.041370526047637246,1
2018,12,117,0.02134442673301971,1
2018,12,119,0,1
2018,12,121,0,1
2018,12,123,0,2
2018,12,125,0,1
2018,12,127,0.09653113087674714,1
2018,12,129,0,2
2018,12,131,0,1
2018,12,133,0,1
2018,13,001,0,1
2018,13,003,0.25751421608448416,1
2018,13,005,0,2
2018,13,007,0,2
2018,13,009,0.21498431444916036,1
2018,13,011,0,1
2018,13,013,0,1
2018,13,015,0,1
2018,13,017,0.3553921568627451,1
2018,13,019,0,1
2018,13,021,0.41007327952421413,1
2018,13,023,0,2
2018,13,025,0,2
2018,13,027,0,1
2018,13,029,0,1
2018,13,031,0.34745007599979033,1
2018,13,033,0,1
2018,13,035,0,1
2018,13,037,0,1
2018,13,039,0,1
2018,13,043,0,1
2018,13,045,0.08170523520485584,1
2018,13,047,0,1
2018,13,049,0,2
2018,13,051,0.18467915614941066,1
2018,13,053,0,2
2018,13,055,0,1
2018,13,057,0,1
2018,13,059,0.48517656298207723,1
2018,13,061,1,2
2018,13,063,0.05093804337878649,1
2018,13,065,0.2510556621880998,1
2018,13,067,0.02939854845518049,1
2018,13,069,0,1
2018,13,071,0.3023502385580491,1
2018,13,073,0,1
2018,13,075,0,1
2018,13,077,0,1
2018,13,079,0,2
2018,13,081,0.39762180974477956,1
2018,13,083,0,1
2018,13,085,0,2
2018,13,087,0.28934718561017214,1
2018,13,089,0.049189278623428194,1
2018,13,091,0,1
2018,13,093,0,1
2018,13,095,0.5124166699154029,1
2018,13,097,0,1
2018,13,099,0.3587474472430225,1
2018,13,101,0,2
2018,13,103,0,1
2018,13,105,0,1
2018,13,107,0,1
2018,13,109,0,1
2018,13,111,0,1
2018,13,113,0,1
2018,13,115,0,1
2018,13,117,0,1
2018,13,119,0,1
2018,13,121,0.20460203999678742,1
2018,13,123,0,1
2018,13,125,0,2
2018,13,127,0.11519364448857994,1
2018,13,129,0,1
2018,13,131,0,1
2018,13,133,0,1
2018,13,135,0,1
2018,13,137,0,1
2018,13,139,0.19382746565909814,1
2018,13,141,0,2
2018,13,143,0,2
2018,13,145,0,2
2018,13,147,0,1
2018,13,149,0,2
2018,13,151,0,1
2018,13,153,0.14116692294549804,1
2018,13,155,0,2
2018,13,157,0,1
2018,13,159,0,1
2018,13,161,0,2
2018,13,163,0,1
2018,13,165,0,2
2018,13,167,0,2
2018,13,169,0,2
2018,13,171,0,2
2018,13,173,0,2
2018,13,175,0.11134453781512606,1
2018,13,177,0,1
2018,13,179,0,1
2018,13,181,0,2
2018,13,183,0,2
2018,13,185,0.3065171285811855,1
2018,13,187,0,1
2018,13,189,0,1
2018,13,191,0,2
2018,13,193,0,1
2018,13,195,0,1
2018,13,197,0,2
2018,13,199,0,1
2018,13,201,0,2
2018,13,205,0.2477655373103305,1
2018,13,207,0,2
2018,13,209,0,1
2018,13,211,0,2
2018,13,213,0,1
2018,13,215,0.22615572686675148,1
2018,13,217,0.13834874083519286,1
2018,13,219,0,2
2018,13,221,0,2
2018,13,223,0,1
2018,13,225,0.14706973293768547,1
2018,13,227,0,1
2018,13,229,0,1
2018,13,231,0,2
2018,13,233,0,1
2018,13,235,0,2
2018,13,237,0,2
2018,13,239,0,2
2018,13,241,0,1
2018,13,243,0,2
2018,13,245,0.15096983717412582,1
2018,13,247,0,1
2018,13,249,0,2
2018,13,251,0,1
2018,13,253,0,1
2018,13,255,0.14078236753758575,1
2018,13,257,0,2
2018,13,259,0.648849797023004,2
2018,13,261,0.11208651399491094,1
2018,13,263,0,2
2018,13,265,0,2
2018,13,267,0,1
2018,13,269,0,2
2018,13,271,0,1
2018,13,273,0.3991890895687431,1
2018,13,275,0,1
2018,13,277,0,1
2018,13,279,0,1
2018,13,281,0,2
2018,13,283,0,2
2018,13,285,0.12388745334481768,1
2018,13,287,0,2
2018,13,289,0,2
2018,13,291,0,2
2018,13,293,0,1
2018,13,295,0,1
2018,13,297,0,1
2018,13,299,0.10666836995401124,1
2018,13,301,0,1
2018,13,303,0,1
2018,13,305,0,1
2018,13,307,0,2
2018,13,309,0,2
2018,13,311,0,2
2018,13,313,0,1
2018,13,315,0,1
2018,13,317,0,1
2018,13,319,0,1
2018,13,321,0,1
2018,15,001,0.08380510440835266,1
2018,15,003,0.05344353938986792,1
2018,15,005,NA,NA
2018,15,007,0,1
2018,15,009,0,1
2018,16,001,0,1
2018,16,003,0,2
2018,16,005,0.09049516220830962,1
2018,16,007,0,2
2018,16,009,0,1
2018,16,011,0,1
2018,16,013,0,2
2018,16,015,0,2
2018,16,017,0,1
2018,16,019,0,1
2018,16,021,0,2
2018,16,023,0,2
2018,16,025,0,3
2018,16,027,0,1
2018,16,029,0,2
2018,16,031,0,1
2018,16,033,0,3
2018,16,035,0,1
2018,16,037,0,2
2018,16,039,0,1
2018,16,041,0,2
2018,16,043,0,2
2018,16,045,0,2
2018,16,047,0,2
2018,16,049,0,1
2018,16,051,0,2
2018,16,053,0,1
2018,16,055,0,1
2018,16,057,0,1
2018,16,059,0,2
2018,16,061,0,1
2018,16,063,0,2
2018,16,065,0.6518563080096254,1
2018,16,067,0,1
2018,16,069,0,1
2018,16,071,0,3
2018,16,073,0,1
2018,16,075,0,1
2018,16,077,0,3
2018,16,079,0,1
2018,16,081,0,2
2018,16,083,0,1
2018,16,085,0,3
2018,16,087,0,2
2018,17,001,0.05994411988823978,1
2018,17,003,0.31911613566289826,1
2018,17,005,0,2
2018,17,007,0,1
2018,17,009,0,2
2018,17,011,0,1
2018,17,013,0,2
2018,17,015,0,1
2018,17,017,0,1
2018,17,019,0.40954195639801044,1
2018,17,021,0,1
2018,17,023,0,2
2018,17,025,0,1
2018,17,027,0,1
2018,17,029,0.34156737382543834,1
2018,17,031,0.11501246754582145,1
2018,17,033,0,1
2018,17,035,0,1
2018,17,037,0.41100085752786963,1
2018,17,039,0,2
2018,17,041,0,1
2018,17,043,0,1
2018,17,045,0,1
2018,17,047,0,2
2018,17,049,0,1
2018,17,051,0,1
2018,17,053,0,2
2018,17,055,0.13077025409072768,1
2018,17,057,0,1
2018,17,059,0,1
2018,17,061,0,1
2018,17,063,0,1
2018,17,065,0,2
2018,17,067,0,1
2018,17,069,0,2
2018,17,071,0,2
2018,17,073,0,1
2018,17,075,0,1
2018,17,077,0.5628894994304094,1
2018,17,079,0,2
2018,17,081,0.10792580101180438,1
2018,17,083,0,2
2018,17,085,0,1
2018,17,087,0.011560693641618497,1
2018,17,089,0,1
2018,17,091,0.10719260478662783,1
2018,17,093,0,2
2018,17,095,0,1
2018,17,097,0.0014651109424370268,1
2018,17,099,0,1
2018,17,101,0,1
2018,17,103,0,1
2018,17,105,0,1
2018,17,107,0,1
2018,17,109,0.39245786751209744,1
2018,17,111,0,1
2018,17,113,0.12236722557198315,1
2018,17,115,0.22198858516070893,1
2018,17,117,0,1
2018,17,119,0,1
2018,17,121,0,1
2018,17,123,0,1
2018,17,125,0,1
2018,17,127,0,1
2018,17,129,0,2
2018,17,131,0,1
2018,17,133,0,2
2018,17,135,0,1
2018,17,137,0,1
2018,17,139,0,2
2018,17,141,0,1
2018,17,143,0.2487645847632121,1
2018,17,145,0,1
2018,17,147,0,2
2018,17,149,0,1
2018,17,151,0,2
2018,17,153,0,1
2018,17,155,0,2
2018,17,157,0,1
2018,17,159,0,1
2018,17,161,0.07362906714086606,1
2018,17,163,0.28266918179674605,1
2018,17,165,0,1
2018,17,167,0.24718833882640753,1
2018,17,169,0.6648501362397821,2
2018,17,171,0,2
2018,17,173,0,1
2018,17,175,0,2
2018,17,177,0,1
2018,17,179,0,1
2018,17,181,0,1
2018,17,183,0.21734111895708855,1
2018,17,185,0,2
2018,17,187,0,2
2018,17,189,0,1
2018,17,191,0,1
2018,17,193,0,1
2018,17,195,0,1
2018,17,197,0,1
2018,17,199,0,1
2018,17,201,0.19416370754802878,1
2018,17,203,0,1
2018,18,001,0,1
2018,18,003,0.2560105832278845,1
2018,18,005,0,1
2018,18,007,0,1
2018,18,009,0,2
2018,18,011,0,1
2018,18,013,0,2
2018,18,015,0,1
2018,18,017,0,1
2018,18,019,0,1
2018,18,021,0,1
2018,18,023,0,1
2018,18,025,0,2
2018,18,027,0,1
2018,18,029,0,1
2018,18,031,0,2
2018,18,033,0,1
2018,18,035,0.4459760273972603,1
2018,18,037,0,2
2018,18,039,0,1
2018,18,041,0,1
2018,18,043,0,1
2018,18,045,0,1
2018,18,047,0,2
2018,18,049,0,2
2018,18,051,0,1
2018,18,053,0.13641745602165087,1
2018,18,055,0,1
2018,18,057,0,1
2018,18,059,0,2
2018,18,061,0,1
2018,18,063,0,1
2018,18,065,0,1
2018,18,067,0.10932775063968364,1
2018,18,069,0,1
2018,18,071,0,1
2018,18,073,0,1
2018,18,075,0,1
2018,18,077,0,1
2018,18,079,0,1
2018,18,081,0,1
2018,18,083,0.16774837743384924,1
2018,18,085,0,1
2018,18,087,0,2
2018,18,089,0.1555856277428575,1
2018,18,091,0,1
2018,18,093,0,1
2018,18,095,0.09890369530290143,1
2018,18,097,0.15033365653339417,1
2018,18,099,0,1
2018,18,101,0,2
2018,18,103,0,1
2018,18,105,0.4748421717171717,1
2018,18,107,0,1
2018,18,109,0,1
2018,18,111,0,2
2018,18,113,0,1
2018,18,115,0,2
2018,18,117,0,1
2018,18,119,0,2
2018,18,121,0,1
2018,18,123,0,1
2018,18,125,0,2
2018,18,127,0,1
2018,18,129,0,1
2018,18,131,0,2
2018,18,133,0,1
2018,18,135,0,1
2018,18,137,0,1
2018,18,139,0,1
2018,18,141,0.1117010767559024,1
2018,18,143,0,1
2018,18,145,0,1
2018,18,147,0,2
2018,18,149,0,1
2018,18,151,0,1
2018,18,153,0,1
2018,18,155,0,2
2018,18,157,0.28766239232301694,1
2018,18,159,0,2
2018,18,161,0,2
2018,18,163,0.14257851239669422,1
2018,18,165,0,1
2018,18,167,0.23612833647883527,1
2018,18,169,0,1
2018,18,171,0,2
2018,18,173,0,1
2018,18,175,0,1
2018,18,177,0,1
2018,18,179,0,1
2018,18,181,0,1
2018,18,183,0,1
2018,19,001,0,2
2018,19,003,0,2
2018,19,005,0,1
2018,19,007,0,2
2018,19,009,0,2
2018,19,011,0,1
2018,19,013,0.12779053294904988,1
2018,19,015,0,1
2018,19,017,0,1
2018,19,019,0,1
2018,19,021,0,2
2018,19,023,0,1
2018,19,025,0,1
2018,19,027,0,1
2018,19,029,0,2
2018,19,031,0,1
2018,19,033,0,1
2018,19,035,0,2
2018,19,037,0,2
2018,19,039,0,2
2018,19,041,0,2
2018,19,043,0,1
2018,19,045,0,1
2018,19,047,0,1
2018,19,049,0,1
2018,19,051,0,2
2018,19,053,0,1
2018,19,055,0,2
2018,19,057,0,1
2018,19,059,0,2
2018,19,061,0,1
2018,19,063,0,2
2018,19,065,0,1
2018,19,067,0,1
2018,19,069,0,2
2018,19,071,0,1
2018,19,073,0,1
2018,19,075,0,2
2018,19,077,0,1
2018,19,079,0,2
2018,19,081,0,1
2018,19,083,0,1
2018,19,085,0,1
2018,19,087,0,1
2018,19,089,0,2
2018,19,091,0,1
2018,19,093,0,2
2018,19,095,0,2
2018,19,097,0,1
2018,19,099,0,1
2018,19,101,0,2
2018,19,103,0.33625849239728245,1
2018,19,105,0,1
2018,19,107,0,1
2018,19,109,0,1
2018,19,111,0.17853620043401067,1
2018,19,113,0,1
2018,19,115,0,2
2018,19,117,0,2
2018,19,119,0,2
2018,19,121,0,2
2018,19,123,0,1
2018,19,125,0,1
2018,19,127,0,1
2018,19,129,0,2
2018,19,131,0,2
2018,19,133,0,1
2018,19,135,0,2
2018,19,137,0,2
2018,19,139,0,1
2018,19,141,0,2
2018,19,143,0,2
2018,19,145,0,1
2018,19,147,0,2
2018,19,149,0,2
2018,19,151,0,1
2018,19,153,0,1
2018,19,155,0,1
2018,19,157,0,1
2018,19,159,0,2
2018,19,161,0,1
2018,19,163,0,1
2018,19,165,0,2
2018,19,167,0,2
2018,19,169,0.6856479732282614,1
2018,19,171,0,1
2018,19,173,0,1
2018,19,175,0,1
2018,19,177,0,2
2018,19,179,0,1
2018,19,181,0,1
2018,19,183,0,1
2018,19,185,0,1
2018,19,187,0,1
2018,19,189,0,2
2018,19,191,0,2
2018,19,193,0.12695267850339098,1
2018,19,195,0,2
2018,19,197,0,1
2018,20,001,0,1
2018,20,003,0,2
2018,20,005,0,2
2018,20,007,0,2
2018,20,009,0,1
2018,20,011,0,1
2018,20,013,0,1
2018,20,015,0,1
2018,20,017,0,2
2018,20,019,0,1
2018,20,021,0,1
2018,20,023,0,2
2018,20,025,0,2
2018,20,027,0,2
2018,20,029,0,2
2018,20,031,0,1
2018,20,033,0,3
2018,20,035,0,1
2018,20,037,0,1
2018,20,039,0,2
2018,20,041,0,1
2018,20,043,0,2
2018,20,045,0.1589956142464697,1
2018,20,047,0,2
2018,20,049,0,1
2018,20,051,0,1
2018,20,053,0,2
2018,20,055,0,1
2018,20,057,0,2
2018,20,059,0,2
2018,20,061,0,1
2018,20,063,0,2
2018,20,065,0,2
2018,20,067,0,3
2018,20,069,0,2
2018,20,071,0,3
2018,20,073,0,2
2018,20,075,0,3
2018,20,077,0,2
2018,20,079,0,1
2018,20,081,0,2
2018,20,083,0,3
2018,20,085,0,1
2018,20,087,0,2
2018,20,089,0,2
2018,20,091,0,1
2018,20,093,0,2
2018,20,095,0,2
2018,20,097,0,2
2018,20,099,0,1
2018,20,101,0,3
2018,20,103,0,1
2018,20,105,0,2
2018,20,107,0,1
2018,20,109,0,2
2018,20,111,0,1
2018,20,113,0,1
2018,20,115,0,1
2018,20,117,0,2
2018,20,119,0,2
2018,20,121,0,2
2018,20,123,0,2
2018,20,125,0,1
2018,20,127,0,2
2018,20,129,0,2
2018,20,131,0,2
2018,20,133,0,1
2018,20,135,0,2
2018,20,137,0,2
2018,20,139,0,1
2018,20,141,0,2
2018,20,143,0,2
2018,20,145,0,2
2018,20,147,0,2
2018,20,149,0,2
2018,20,151,0,2
2018,20,153,0,2
2018,20,155,0,1
2018,20,157,0,2
2018,20,159,0,2
2018,20,161,0.3922648034441386,1
2018,20,163,0,2
2018,20,165,0,2
2018,20,167,0,2
2018,20,169,0,1
2018,20,171,0,3
2018,20,173,0.08992443682039214,1
2018,20,175,0,1
2018,20,177,0,1
2018,20,179,0,3
2018,20,181,0,2
2018,20,183,0,2
2018,20,185,0,2
2018,20,187,0,3
2018,20,189,0,2
2018,20,191,0,1
2018,20,193,0,2
2018,20,195,0,3
2018,20,197,0,2
2018,20,199,0,3
2018,20,201,0,2
2018,20,203,0,3
2018,20,205,0,1
2018,20,207,0,1
2018,20,209,0.14263385332066567,1
2018,21,001,0,1
2018,21,003,0,1
2018,21,005,0,2
2018,21,007,0,2
2018,21,009,0,1
2018,21,011,0,1
2018,21,013,0.30444148117755665,1
2018,21,015,0,1
2018,21,017,0,1
2018,21,019,0.07023714966526722,1
2018,21,021,0,1
2018,21,023,0,1
2018,21,025,0.26941641070645017,1
2018,21,027,0,1
2018,21,029,0,1
2018,21,031,0,1
2018,21,033,0,2
2018,21,035,0.4389055472263868,1
2018,21,037,0.22383055282957148,1
2018,21,039,0,2
2018,21,041,0,1
2018,21,043,0.19661856872176067,1
2018,21,045,0,1
2018,21,047,0.2322289156626506,1
2018,21,049,0,1
2018,21,051,0.2750406063887385,1
2018,21,053,0,2
2018,21,055,0,2
2018,21,057,0,1
2018,21,059,0.10375064004096263,1
2018,21,061,0.10888888888888888,2
2018,21,063,0,1
2018,21,065,0,1
2018,21,067,0.3279642140529794,1
2018,21,069,0,2
2018,21,071,0,1
2018,21,073,0,1
2018,21,075,0,1
2018,21,077,0,2
2018,21,079,0,1
2018,21,081,0,2
2018,21,083,0,1
2018,21,085,0,1
2018,21,087,0,1
2018,21,089,0,1
2018,21,091,0,2
2018,21,093,0,1
2018,21,095,0.40060650423507266,1
2018,21,097,0,1
2018,21,099,0,1
2018,21,101,0,1
2018,21,103,0,1
2018,21,105,0,2
2018,21,107,0.10332661290322581,1
2018,21,109,0,1
2018,21,111,0.19974392959867276,1
2018,21,113,0,1
2018,21,115,0,1
2018,21,117,0.13991850360842456,1
2018,21,119,0.1814663951120163,1
2018,21,121,0.0766886245206961,1
2018,21,123,0,2
2018,21,125,0,1
2018,21,127,0,1
2018,21,129,0,1
2018,21,131,0,1
2018,21,133,0,1
2018,21,135,0,1
2018,21,137,0,1
2018,21,139,0,2
2018,21,141,0,1
2018,21,143,0,2
2018,21,145,0.036417910447761194,1
2018,21,147,0.4730379956860793,1
2018,21,149,0,2
2018,21,151,0.05418034857287194,1
2018,21,153,0,1
2018,21,155,0,1
2018,21,157,0,1
2018,21,159,0,1
2018,21,161,0,1
2018,21,163,0,1
2018,21,165,0,1
2018,21,167,0,1
2018,21,169,0,1
2018,21,171,0,1
2018,21,173,0,1
2018,21,175,0,1
2018,21,177,0,1
2018,21,179,0,1
2018,21,181,0,2
2018,21,183,0,1
2018,21,185,0,1
2018,21,187,0,2
2018,21,189,0.4976897689768977,1
2018,21,191,0,2
2018,21,193,0.12041365632525854,1
2018,21,195,0.05986498535218444,1
2018,21,197,0,2
2018,21,199,0,1
2018,21,201,0,2
2018,21,203,0,1
2018,21,205,0.38263205013428825,2
2018,21,207,0,1
2018,21,209,0,1
2018,21,211,0,1
2018,21,213,0,2
2018,21,215,0,2
2018,21,217,0,1
2018,21,219,0,2
2018,21,221,0.015415549597855228,2
2018,21,223,0,2
2018,21,225,0,1
2018,21,227,0.21842245085253345,1
2018,21,229,0,1
2018,21,231,0,1
2018,21,233,0,1
2018,21,235,0,1
2018,21,237,0,2
2018,21,239,0,1
2018,22,001,0.3024998297118725,1
2018,22,003,0,1
2018,22,005,0,1
2018,22,007,0,1
2018,22,009,0.1269681742043551,1
2018,22,011,0,1
2018,22,013,0.3653895602982772,1
2018,22,015,0.14908313869701337,1
2018,22,017,0.24979744249128122,1
2018,22,019,0.026570266606416627,1
2018,22,021,0,2
2018,22,023,0,2
2018,22,025,0,1
2018,22,027,0.3463869463869464,1
2018,22,029,0,1
2018,22,031,0.17886421225219853,1
2018,22,033,0.23912058594044952,1
2018,22,035,0.6563896336014299,1
2018,22,037,0,1
2018,22,039,0.3198592029067787,1
2018,22,041,0.44411601699612047,1
2018,22,043,0.3402390438247012,1
2018,22,045,0,1
2018,22,047,0,1
2018,22,049,0.4579831932773109,1
2018,22,051,0.041771620486985725,1
2018,22,053,0.19360213262245918,1
2018,22,055,0.05387647831800263,1
2018,22,057,0,1
2018,22,059,0,2
2018,22,061,0.566930934593688,1
2018,22,063,0,1
2018,22,065,0.5688325991189427,1
2018,22,067,0.6898910918737783,1
2018,22,069,0.48394388152766954,1
2018,22,071,0.2414997243153832,1
2018,22,073,0.3797671730980635,1
2018,22,075,0.16396716219214555,1
2018,22,077,0,1
2018,22,079,0.18250766499919316,1
2018,22,081,0,2
2018,22,083,0.4047366560622128,1
2018,22,085,0,1
2018,22,087,0.08572710951526032,1
2018,22,089,0,1
2018,22,091,0,2
2018,22,093,0,1
2018,22,095,0,1
2018,22,097,0.27365065873353167,1
2018,22,099,0,1
2018,22,101,0,1
2018,22,103,0,1
2018,22,105,0.11824482028080002,1
2018,22,107,0.8159311087190527,1
2018,22,109,0.13779213695296438,1
2018,22,111,0,1
2018,22,113,0,1
2018,22,115,0,1
2018,22,117,0.32144959219709074,1
2018,22,119,0.20619469026548673,1
2018,22,121,0,1
2018,22,123,0,1
2018,22,125,0,2
2018,22,127,0,1
2018,23,001,0.1205519244734931,1
2018,23,003,0,1
2018,23,005,0.04594741613780599,1
2018,23,007,0,1
2018,23,009,0,1
2018,23,011,0,1
2018,23,013,0,1
2018,23,015,0,1
2018,23,017,0,1
2018,23,019,0.21843123461132607,1
2018,23,021,0,1
2018,23,023,0,1
2018,23,025,0,1
2018,23,027,0,1
2018,23,029,0,1
2018,23,031,0,1
2018,24,001,0,1
2018,24,003,0,1
2018,24,005,0.008475144493167585,1
2018,24,009,0,1
2018,24,011,0,1
2018,24,013,0,1
2018,24,015,0,1
2018,24,017,0,1
2018,24,019,0,1
2018,24,021,0,1
2018,24,023,0,1
2018,24,025,0,1
2018,24,027,0,1
2018,24,029,0,1
2018,24,031,0,1
2018,24,033,0.022267464053950883,1
2018,24,035,0,2
2018,24,037,0,1
2018,24,039,0,1
2018,24,041,0,1
2018,24,043,0,1
2018,24,045,0,1
2018,24,047,0,1
2018,24,510,0.1762724231345427,1
2018,25,001,0,1
2018,25,003,0,1
2018,25,005,0.014478130655519787,1
2018,25,007,0,2
2018,25,009,0.01273823058397819,1
2018,25,011,0,1
2018,25,013,0.33746627264550944,1
2018,25,015,0.010954275437353535,1
2018,25,017,0.027582534611288605,1
2018,25,019,0,2
2018,25,021,0,1
2018,25,023,0.032720050177712734,1
2018,25,025,0.16929169229493354,1
2018,25,027,0.03715028098374524,1
2018,26,001,0,1
2018,26,003,0,2
2018,26,005,0,1
2018,26,007,0,1
2018,26,009,0,1
2018,26,011,0,1
2018,26,013,0,1
2018,26,015,0,1
2018,26,017,0.07534535802618085,1
2018,26,019,0,1
2018,26,021,0.2065759819703799,1
2018,26,023,0,1
2018,26,025,0.14116794273546868,1
2018,26,027,0,1
2018,26,029,0,1
2018,26,031,0,1
2018,26,033,0,1
2018,26,035,0,1
2018,26,037,0.2342706013363029,1
2018,26,039,0,1
2018,26,041,0,1
2018,26,043,0,1
2018,26,045,0,1
2018,26,047,0,1
2018,26,049,0.33589414214983226,1
2018,26,051,0,1
2018,26,053,0,1
2018,26,055,0,1
2018,26,057,0,1
2018,26,059,0,1
2018,26,061,0.31437843939607735,1
2018,26,063,0,1
2018,26,065,0.2080316721347532,1
2018,26,067,0,1
2018,26,069,0,1
2018,26,071,0,1
2018,26,073,0.4708230597628273,1
2018,26,075,0.24297457465111832,1
2018,26,077,0.2013962033067973,1
2018,26,079,0,1
2018,26,081,0.10177414883697487,1
2018,26,083,0.011764705882352941,2
2018,26,085,0,1
2018,26,087,0,1
2018,26,089,0,1
2018,26,091,0,1
2018,26,093,0,1
2018,26,095,0,2
2018,26,097,0,1
2018,26,099,0.05761384541072732,1
2018,26,101,0,1
2018,26,103,0.1245735451798421,1
2018,26,105,0,1
2018,26,107,3.495688650664181e-4,1
2018,26,109,0,1
2018,26,111,0,1
2018,26,113,0,1
2018,26,115,0.04413539086810186,1
2018,26,117,0,1
2018,26,119,0,1
2018,26,121,0.23034103720405863,1
2018,26,123,0,1
2018,26,125,0.07053281260243695,1
2018,26,127,0,1
2018,26,129,0,1
2018,26,131,0,1
2018,26,133,0,1
2018,26,135,0,1
2018,26,137,0,1
2018,26,139,0.19082063205028846,1
2018,26,141,0,1
2018,26,143,0,1
2018,26,145,0.2587414708112206,1
2018,26,147,0.051278388801599774,1
2018,26,149,0,1
2018,26,151,0,1
2018,26,153,0,1
2018,26,155,0,1
2018,26,157,0,1
2018,26,159,0,1
2018,26,161,0.30050844010575556,1
2018,26,163,0.41050083634759155,1
2018,26,165,0,1
2018,27,001,0,1
2018,27,003,0,1
2018,27,005,0,1
2018,27,007,0,1
2018,27,009,0,1
2018,27,011,0,2
2018,27,013,0.4924442101563873,1
2018,27,015,0,1
2018,27,017,0,1
2018,27,019,0,1
2018,27,021,0,1
2018,27,023,0,2
2018,27,025,0,1
2018,27,027,0,1
2018,27,029,0,1
2018,27,031,0,2
2018,27,033,0,1
2018,27,035,0,1
2018,27,037,0,1
2018,27,039,0,1
2018,27,041,0,1
2018,27,043,0,1
2018,27,045,0,1
2018,27,047,0,1
2018,27,049,0,1
2018,27,051,0,2
2018,27,053,0.21355739616661185,1
2018,27,055,0,1
2018,27,057,0,1
2018,27,059,0,1
2018,27,061,0,1
2018,27,063,0,2
2018,27,065,0,1
2018,27,067,0,1
2018,27,069,0,2
2018,27,071,0,1
2018,27,073,0,1
2018,27,075,0,2
2018,27,077,0,2
2018,27,079,0,1
2018,27,081,0,1
2018,27,083,0,1
2018,27,085,0,1
2018,27,087,0,1
2018,27,089,0,1
2018,27,091,0,1
2018,27,093,0,1
2018,27,095,0,1
2018,27,097,0,1
2018,27,099,0,1
2018,27,101,0,1
2018,27,103,0,1
2018,27,105,0,1
2018,27,107,0,1
2018,27,109,0.0530763528539659,1
2018,27,111,0,1
2018,27,113,0,2
2018,27,115,0,1
2018,27,117,0,2
2018,27,119,0,1
2018,27,121,0,1
2018,27,123,0.07447303763093237,1
2018,27,125,0,1
2018,27,127,0,1
2018,27,129,0,1
2018,27,131,0,1
2018,27,133,0,2
2018,27,135,0,1
2018,27,137,0.18131526173846899,1
2018,27,139,0,1
2018,27,141,0,1
2018,27,143,0,1
2018,27,145,0.2780053245955355,1
2018,27,147,0,1
2018,27,149,0,2
2018,27,151,0,1
2018,27,153,0,1
2018,27,155,0,2
2018,27,157,0,1
2018,27,159,0,1
2018,27,161,0,2
2018,27,163,0,1
2018,27,165,0,2
2018,27,167,0,2
2018,27,169,0.19111176298034616,1
2018,27,171,0,1
2018,27,173,0,1
2018,28,001,0.39959718026183283,1
2018,28,003,0,1
2018,28,005,0,1
2018,28,007,0.311284969179706,1
2018,28,009,0,2
2018,28,011,0.47887717989368644,1
2018,28,013,0.1733296058149287,1
2018,28,015,0,2
2018,28,017,0,1
2018,28,019,0,2
2018,28,021,0.7260681449432126,1
2018,28,023,0,1
2018,28,025,0,1
2018,28,027,0.5802938196555217,1
2018,28,029,0,1
2018,28,031,0,2
2018,28,033,0,1
2018,28,035,0.3890836254381572,1
2018,28,037,0,2
2018,28,039,0,2
2018,28,041,0,2
2018,28,043,0.24656188605108054,1
2018,28,045,0,1
2018,28,047,0.1824709024033859,1
2018,28,049,0.3144849702495943,1
2018,28,051,0.7788499669530734,1
2018,28,053,0.28553654743390355,1
2018,28,055,1,2
2018,28,057,0,1
2018,28,059,0,1
2018,28,061,0,2
2018,28,063,1,2
2018,28,065,0,1
2018,28,067,0.20724809719991621,1
2018,28,069,0.7630434782608696,1
2018,28,071,0.09530026109660575,1
2018,28,073,0,1
2018,28,075,0.39558195656209394,1
2018,28,077,0,2
2018,28,079,0,1
2018,28,081,0,1
2018,28,083,0.7640671273445212,1
2018,28,085,0,1
2018,28,087,0.20095618778901167,1
2018,28,089,0.26483357452966716,1
2018,28,091,0.19642857142857142,1
2018,28,093,0.1870527000650618,1
2018,28,095,0,1
2018,28,097,0,1
2018,28,099,0,1
2018,28,101,0,1
2018,28,103,0.36897880539499034,1
2018,28,105,0.14672279013830428,1
2018,28,107,0,1
2018,28,109,0,1
2018,28,111,0,2
2018,28,113,0.4292944785276074,1
2018,28,115,0,1
2018,28,117,0,1
2018,28,119,0,1
2018,28,121,0.02391904323827047,1
2018,28,123,0,1
2018,28,125,0,2
2018,28,127,0,1
2018,28,129,0,2
2018,28,131,0,2
2018,28,133,0.13381580814531005,1
2018,28,135,0,1
2018,28,137,0,1
2018,28,139,0,1
2018,28,141,0,2
2018,28,143,0,2
2018,28,145,0,1
2018,28,147,0,2
2018,28,149,0.2790285595163644,1
2018,28,151,0.3360221992772328,1
2018,28,153,0.4339410308350214,1
2018,28,155,0.35294117647058826,1
2018,28,157,0.6250483185156552,2
2018,28,159,0,1
2018,28,161,0,2
2018,28,163,0.5618346694703641,1
2018,29,001,0.2068676716917923,1
2018,29,003,0,2
2018,29,005,0,1
2018,29,007,0,1
2018,29,009,0,1
2018,29,011,0,1
2018,29,013,0,1
2018,29,015,0,1
2018,29,017,0,2
2018,29,019,0.3764825040023524,1
2018,29,021,0.10317297850562948,1
2018,29,023,0.13273946992191796,1
2018,29,025,0,1
2018,29,027,0,1
2018,29,029,0,1
2018,29,031,0.30015625,1
2018,29,033,0,2
2018,29,035,0,2
2018,29,037,0,1
2018,29,039,0,2
2018,29,041,0,1
2018,29,043,0,1
2018,29,045,0,2
2018,29,047,0,1
2018,29,049,0,1
2018,29,051,0,1
2018,29,053,0,1
2018,29,055,0,1
2018,29,057,0,1
2018,29,059,0,2
2018,29,061,0,1
2018,29,063,0,2
2018,29,065,0,1
2018,29,067,0,2
2018,29,069,0,1
2018,29,071,0,1
2018,29,073,0,1
2018,29,075,0,2
2018,29,077,0.16921864899806077,1
2018,29,079,0,1
2018,29,081,0,1
2018,29,083,0,1
2018,29,085,0,2
2018,29,087,0,2
2018,29,089,0,1
2018,29,091,0,1
2018,29,093,0,1
2018,29,095,0.14232289567508913,1
2018,29,097,0,1
2018,29,099,0,1
2018,29,101,0.2645966029723992,1
2018,29,103,0,2
2018,29,105,0,1
2018,29,107,0,1
2018,29,109,0,1
2018,29,111,0,1
2018,29,113,0,1
2018,29,115,0,1
2018,29,117,0,1
2018,29,119,0,1
2018,29,121,0,1
2018,29,123,0,1
2018,29,125,0,2
2018,29,127,0,1
2018,29,129,0,2
2018,29,131,0,1
2018,29,133,0,1
2018,29,135,0,2
2018,29,137,0,1
2018,29,139,0,1
2018,29,141,0,1
2018,29,143,0,1
2018,29,145,0,1
2018,29,147,0,1
2018,29,149,0,1
2018,29,151,0,2
2018,29,153,0,1
2018,29,155,0.2744006849315068,1
2018,29,157,0,2
2018,29,159,0,1
2018,29,161,0.19778327773593027,1
2018,29,163,0,1
2018,29,165,0,1
2018,29,167,0,1
2018,29,169,0,1
2018,29,171,0,2
2018,29,173,0,2
2018,29,175,0,1
2018,29,177,0,2
2018,29,179,0,2
2018,29,181,0,1
2018,29,183,0,1
2018,29,185,0,1
2018,29,186,0,2
2018,29,187,0,1
2018,29,189,0.008019577515520054,1
2018,29,195,0,1
2018,29,197,0,1
2018,29,199,0,2
2018,29,201,0,1
2018,29,203,0,1
2018,29,205,0,2
2018,29,207,0,1
2018,29,209,0,1
2018,29,211,0,2
2018,29,213,0,1
2018,29,215,0,1
2018,29,217,0,1
2018,29,219,0,1
2018,29,221,0,1
2018,29,223,0,1
2018,29,225,0,1
2018,29,227,0,2
2018,29,229,0,1
2018,29,510,0.3194801290110971,1
2018,30,001,0,1
2018,30,003,0,1
2018,30,005,0.6909739928607853,1
2018,30,007,0,3
2018,30,009,0,2
2018,30,011,0,3
2018,30,013,0,1
2018,30,015,0,1
2018,30,017,0,1
2018,30,019,0,3
2018,30,021,0,2
2018,30,023,0,2
2018,30,025,0,3
2018,30,027,0,2
2018,30,029,0,1
2018,30,031,0.10612991765782251,1
2018,30,033,0,2
2018,30,035,0.517573315424222,1
2018,30,037,0,2
2018,30,039,0,2
2018,30,041,0,1
2018,30,043,0,2
2018,30,045,0,2
2018,30,047,0.27441785252263906,1
2018,30,049,0,1
2018,30,051,0,2
2018,30,053,0,1
2018,30,055,0,2
2018,30,057,0,2
2018,30,059,0,3
2018,30,061,0,2
2018,30,063,0,1
2018,30,065,0,2
2018,30,067,0,1
2018,30,069,0,3
2018,30,071,0,2
2018,30,073,0,2
2018,30,075,0,2
2018,30,077,0,2
2018,30,079,0,3
2018,30,081,0,1
2018,30,083,0,2
2018,30,085,0,1
2018,30,087,0,1
2018,30,089,0,1
2018,30,091,0,2
2018,30,093,0.3152846534653465,1
2018,30,095,0,2
2018,30,097,0,3
2018,30,099,0,2
2018,30,101,0,2
2018,30,103,0,2
2018,30,105,0,2
2018,30,107,0,3
2018,30,109,0,3
2018,30,111,0,1
2018,31,001,0,1
2018,31,003,0,2
2018,31,005,0,3
2018,31,007,0,3
2018,31,009,0,3
2018,31,011,0,2
2018,31,013,0,2
2018,31,015,0,2
2018,31,017,0,2
2018,31,019,0,1
2018,31,021,0,2
2018,31,023,0,2
2018,31,025,0,1
2018,31,027,0,2
2018,31,029,0,2
2018,31,031,0,2
2018,31,033,0,2
2018,31,035,0,1
2018,31,037,0,2
2018,31,039,0,2
2018,31,041,0,2
2018,31,043,0,2
2018,31,045,0,2
2018,31,047,0,1
2018,31,049,0,2
2018,31,051,0,2
2018,31,053,0,1
2018,31,055,0.09909544242143106,1
2018,31,057,0,2
2018,31,059,0,2
2018,31,061,0,2
2018,31,063,0,2
2018,31,065,0,2
2018,31,067,0,1
2018,31,069,0,2
2018,31,071,0,3
2018,31,073,0,3
2018,31,075,0,2
2018,31,077,0,2
2018,31,079,0,1
2018,31,081,0,2
2018,31,083,0,2
2018,31,085,0,2
2018,31,087,0,2
2018,31,089,0,2
2018,31,091,0,2
2018,31,093,0,2
2018,31,095,0,2
2018,31,097,0,2
2018,31,099,0,2
2018,31,101,0,2
2018,31,103,0,3
2018,31,105,0,2
2018,31,107,0,1
2018,31,109,0.1880262887656603,1
2018,31,111,0,1
2018,31,113,0,3
2018,31,115,0,3
2018,31,117,0,3
2018,31,119,0,1
2018,31,121,0,2
2018,31,123,0,2
2018,31,125,0,2
2018,31,127,0,2
2018,31,129,0,2
2018,31,131,0,2
2018,31,133,0,2
2018,31,135,0,3
2018,31,137,0,2
2018,31,139,0,2
2018,31,141,0,2
2018,31,143,0,2
2018,31,145,0,2
2018,31,147,0,2
2018,31,149,0,2
2018,31,151,0,2
2018,31,153,0,1
2018,31,155,0,2
2018,31,157,0,1
2018,31,159,0,2
2018,31,161,0,2
2018,31,163,0,2
2018,31,165,0,3
2018,31,167,0,2
2018,31,169,0,1
2018,31,171,0,3
2018,31,173,0,1
2018,31,175,0,2
2018,31,177,0,2
2018,31,179,0,2
2018,31,181,0,2
2018,31,183,0,3
2018,31,185,0,1
2018,32,001,0,1
2018,32,003,0.05096116241990313,1
2018,32,005,0,1
2018,32,007,0.19725669497060744,1
2018,32,009,0,3
2018,32,011,0,3
2018,32,013,0,2
2018,32,015,0,3
2018,32,017,0,3
2018,32,019,0,1
2018,32,021,0,2
2018,32,023,0,1
2018,32,027,0,2
2018,32,029,0,3
2018,32,031,0,1
2018,32,033,0,2
2018,32,510,0,1
2018,33,001,0,1
2018,33,003,0,1
2018,33,005,0,1
2018,33,007,0,1
2018,33,009,0,1
2018,33,011,0.029146191646191647,1
2018,33,013,0,1
2018,33,015,0,1
2018,33,017,0.12814895947426067,1
2018,33,019,0,1
2018,34,001,0.13866723599583677,1
2018,34,003,0,1
2018,34,005,0,1
2018,34,007,0.1905807128882951,1
2018,34,009,0,1
2018,34,011,0.15215465163109143,1
2018,34,013,0.12933595284872298,1
2018,34,015,0,1
2018,34,017,0.010601756438106909,1
2018,34,019,0,1
2018,34,021,0.1709888572427922,1
2018,34,023,0.09511804484517736,1
2018,34,025,0.02559239639875308,1
2018,34,027,0,1
2018,34,029,0.09330489997931155,1
2018,34,031,0.1874479311302416,1
2018,34,033,0.12520143795710922,1
2018,34,035,0,1
2018,34,037,0,1
2018,34,039,0,1
2018,34,041,0,1
2018,35,001,0.10194807421888397,1
2018,35,003,0,3
2018,35,005,0,1
2018,35,006,0.1374667061260728,1
2018,35,007,0,2
2018,35,009,0.17225022235398754,1
2018,35,011,0,3
2018,35,013,0.26486048635885767,1
2018,35,015,0,1
2018,35,017,0,1
2018,35,019,0,2
2018,35,021,0,3
2018,35,023,0,2
2018,35,025,0,1
2018,35,027,0,2
2018,35,028,0,2
2018,35,029,0,1
2018,35,031,0.526706688216732,1
2018,35,033,0,2
2018,35,035,0.3715235792019347,1
2018,35,037,0,2
2018,35,039,NA,NA
2018,35,041,0.32319061073679634,1
2018,35,043,0.09042472983161598,1
2018,35,045,0.10967162167222076,1
2018,35,047,0.12119141959284055,1
2018,35,049,0,1
2018,35,051,0,1
2018,35,053,0.15200166805671392,1
2018,35,055,0,1
2018,35,057,0,1
2018,35,059,0,2
2018,35,061,0,1
2018,36,001,0.1274377845871875,1
2018,36,003,0,1
2018,36,005,0.3737338293319723,1
2018,36,007,0.17483811285846437,1
2018,36,009,0,1
2018,36,011,0,1
2018,36,013,0.11453896131835979,1
2018,36,015,0.18589529843281094,1
2018,36,017,0,1
2018,36,019,0.10311214451797532,1
2018,36,021,0,1
2018,36,023,0,1
2018,36,025,0,1
2018,36,027,0.0015788434971383462,1
2018,36,029,0.2542897392669915,1
2018,36,031,0,1
2018,36,033,0,1
2018,36,035,0,1
2018,36,037,0,1
2018,36,039,0,1
2018,36,041,0,2
2018,36,043,0,1
2018,36,045,0.10354702245362837,1
2018,36,047,0.22159773200495023,1
2018,36,049,0,1
2018,36,051,0,1
2018,36,053,0,1
2018,36,055,0.26380813268623665,1
2018,36,057,0.10353404497875428,1
2018,36,059,0,1
2018,36,061,0.1430377392156044,1
2018,36,063,0.18514678013372904,1
2018,36,065,0.2889059000311871,1
2018,36,067,0.2807362264556437,1
2018,36,069,0,1
2018,36,071,0.25919206301816594,1
2018,36,073,0,1
2018,36,075,0.07081208316987053,1
2018,36,077,0,1
2018,36,079,0,1
2018,36,081,0.025063947283722663,1
2018,36,083,0.062137710601874424,1
2018,36,085,0.08294738946456535,1
2018,36,087,0.304934996601846,1
2018,36,089,0.0035946196660482377,1
2018,36,091,0,1
2018,36,093,0.08209302325581395,1
2018,36,095,0,1
2018,36,097,0,1
2018,36,099,0,1
2018,36,101,0,1
2018,36,103,0,1
2018,36,105,0,1
2018,36,107,0,1
2018,36,109,0.22017142857142857,1
2018,36,111,0,1
2018,36,113,0,1
2018,36,115,0,1
2018,36,117,0,1
2018,36,119,0.039557869149448484,1
2018,36,121,0,1
2018,36,123,0,1
2018,37,001,0.0575312214438014,1
2018,37,003,0,1
2018,37,005,0,1
2018,37,007,0,1
2018,37,009,0,1
2018,37,011,0,1
2018,37,013,0,1
2018,37,015,0,1
2018,37,017,0,1
2018,37,019,0,1
2018,37,021,0.037603319285177565,1
2018,37,023,0,1
2018,37,025,0,1
2018,37,027,0,1
2018,37,029,0,2
2018,37,031,0,1
2018,37,033,0,1
2018,37,035,0,1
2018,37,037,0,1
2018,37,039,0,1
2018,37,041,0,2
2018,37,043,0,2
2018,37,045,0.06567334648530786,1
2018,37,047,0,1
2018,37,049,0.06999664767013074,1
2018,37,051,0.06851787573759112,1
2018,37,053,0,2
2018,37,055,0,1
2018,37,057,0.046520906479412705,1
2018,37,059,0,1
2018,37,061,0.2798804780876494,1
2018,37,063,0.16686251468860164,1
2018,37,065,0,1
2018,37,067,0.18701690441777163,1
2018,37,069,0,1
2018,37,071,0.03147881406793902,1
2018,37,073,0,2
2018,37,075,0,2
2018,37,077,0,1
2018,37,079,0,1
2018,37,081,0.1829245645095393,1
2018,37,083,0,1
2018,37,085,0,1
2018,37,087,0,1
2018,37,089,0,1
2018,37,091,0,1
2018,37,093,0,1
2018,37,095,0,3
2018,37,097,0,1
2018,37,099,0,1
2018,37,101,0.0782136199579582,1
2018,37,103,0,1
2018,37,105,0.1705808345565108,1
2018,37,107,0.3282466521332918,1
2018,37,109,0,1
2018,37,111,0,1
2018,37,113,0,1
2018,37,115,0,1
2018,37,117,0,1
2018,37,119,0.06809141727193216,1
2018,37,121,0,1
2018,37,123,0,1
2018,37,125,0,1
2018,37,127,0,1
2018,37,129,0.21068028296367214,1
2018,37,131,0,1
2018,37,133,0,1
2018,37,135,0.2646741904383826,1
2018,37,137,0,2
2018,37,139,0.220364487543889,1
2018,37,141,0,1
2018,37,143,0,2
2018,37,145,0,1
2018,37,147,0.24243316886368657,1
2018,37,149,0,1
2018,37,151,0,1
2018,37,153,0.12063220032371703,1
2018,37,155,0.10628972167433706,1
2018,37,157,0,1
2018,37,159,0,1
2018,37,161,0,1
2018,37,163,0,1
2018,37,165,0.3777408637873754,1
2018,37,167,0,1
2018,37,169,0,1
2018,37,171,0.08690933377859408,1
2018,37,173,0,2
2018,37,175,0,1
2018,37,177,0,2
2018,37,179,0,1
2018,37,181,0.1681178834561286,1
2018,37,183,0.06893478979144348,1
2018,37,185,0,1
2018,37,187,0,1
2018,37,189,0.6208285822881033,1
2018,37,191,0.11924014392385963,1
2018,37,193,0,1
2018,37,195,0.3545300740913599,1
2018,37,197,0,1
2018,37,199,0,1
2018,38,001,0,2
2018,38,003,0,2
2018,38,005,0.5896464646464646,1
2018,38,007,0,3
2018,38,009,0,2
2018,38,011,0,2
2018,38,013,0,3
2018,38,015,0,1
2018,38,017,0.08328290885087189,1
2018,38,019,0,2
2018,38,021,0,2
2018,38,023,0,2
2018,38,025,0,2
2018,38,027,0,2
2018,38,029,0,2
2018,38,031,0,2
2018,38,033,0,3
2018,38,035,0.1076611839211892,1
2018,38,037,0,2
2018,38,039,0,3
2018,38,041,0,2
2018,38,043,0,2
2018,38,045,0,2
2018,38,047,0,2
2018,38,049,0,2
2018,38,051,0,2
2018,38,053,0.3105294467578822,2
2018,38,055,0,1
2018,38,057,0,2
2018,38,059,0,2
2018,38,061,0,2
2018,38,063,0,2
2018,38,065,0,3
2018,38,067,0,2
2018,38,069,0,2
2018,38,071,0,2
2018,38,073,0,2
2018,38,075,0,3
2018,38,077,0,1
2018,38,079,0,1
2018,38,081,0,2
2018,38,083,0,2
2018,38,085,0,1
2018,38,087,0,3
2018,38,089,0,1
2018,38,091,0,3
2018,38,093,0,1
2018,38,095,0,2
2018,38,097,0,2
2018,38,099,0,1
2018,38,101,0,1
2018,38,103,0,2
2018,38,105,0,2
2018,39,001,0,1
2018,39,003,0.2445420750253464,1
2018,39,005,0,1
2018,39,007,0.14826186511240633,1
2018,39,009,0.277190332326284,1
2018,39,011,0,1
2018,39,013,0.0889219501029984,1
2018,39,015,0,1
2018,39,017,0.1762988172517384,1
2018,39,019,0,1
2018,39,021,0,1
2018,39,023,0.2342719614921781,1
2018,39,025,0,1
2018,39,027,0,1
2018,39,029,0,1
2018,39,031,0,1
2018,39,033,0,1
2018,39,035,0.2950125958206211,1
2018,39,037,0,1
2018,39,039,0,1
2018,39,041,0,1
2018,39,043,0,1
2018,39,045,0,1
2018,39,047,0,1
2018,39,049,0.2627854061188708,1
2018,39,051,0,1
2018,39,053,0,1
2018,39,055,0,1
2018,39,057,0.0885392079727249,1
2018,39,059,0,1
2018,39,061,0.27665399829364773,1
2018,39,063,0,1
2018,39,065,0,1
2018,39,067,0,1
2018,39,069,0,1
2018,39,071,0,1
2018,39,073,0,1
2018,39,075,0,1
2018,39,077,0,1
2018,39,079,0,1
2018,39,081,0.10843994161586674,1
2018,39,083,0,1
2018,39,085,0,1
2018,39,087,0,1
2018,39,089,0,1
2018,39,091,0,1
2018,39,093,0.17569058065148654,1
2018,39,095,0.320352973254344,1
2018,39,097,0,1
2018,39,099,0.3233690829340027,1
2018,39,101,0.18981481481481483,1
2018,39,103,0,1
2018,39,105,0,1
2018,39,107,0,1
2018,39,109,0,1
2018,39,111,0,1
2018,39,113,0.18550092372070248,1
2018,39,115,0,1
2018,39,117,0,1
2018,39,119,0.10666471578023265,1
2018,39,121,0,2
2018,39,123,0,1
2018,39,125,0,1
2018,39,127,0,1
2018,39,129,0,1
2018,39,131,0,1
2018,39,133,0.1470067826599823,1
2018,39,135,0,1
2018,39,137,0,2
2018,39,139,0.05744286596664608,1
2018,39,141,0,1
2018,39,143,0,1
2018,39,145,0.2409526033154331,1
2018,39,147,0,1
2018,39,149,0,1
2018,39,151,0.1562648785906999,1
2018,39,153,0.1623548350005749,1
2018,39,155,0.14619697144838747,1
2018,39,157,0,1
2018,39,159,0,2
2018,39,161,0,1
2018,39,163,0,1
2018,39,165,0,1
2018,39,167,0.07274969173859433,1
2018,39,169,0,1
2018,39,171,0,1
2018,39,173,0.32105102352581727,1
2018,39,175,0,1
2018,40,001,0,1
2018,40,003,0,2
2018,40,005,0,1
2018,40,007,0,2
2018,40,009,0,2
2018,40,011,0,2
2018,40,013,0,1
2018,40,015,0,1
2018,40,017,0,1
2018,40,019,0,1
2018,40,021,0,1
2018,40,023,0.28197879858657243,1
2018,40,025,0,2
2018,40,027,0.12063482448435654,1
2018,40,029,0,1
2018,40,031,0.16197709879739916,1
2018,40,033,0,2
2018,40,035,0,1
2018,40,037,0,1
2018,40,039,0.3930921052631579,1
2018,40,041,0,1
2018,40,043,0,2
2018,40,045,0,1
2018,40,047,0,1
2018,40,049,0,1
2018,40,051,0,1
2018,40,053,0,2
2018,40,055,0,2
2018,40,057,0,2
2018,40,059,0,2
2018,40,061,0,1
2018,40,063,0,1
2018,40,065,0,1
2018,40,067,0,1
2018,40,069,0,1
2018,40,071,0,1
2018,40,073,0,2
2018,40,075,0,1
2018,40,077,0,1
2018,40,079,0,1
2018,40,081,0,1
2018,40,083,0,1
2018,40,085,0,1
2018,40,087,0,1
2018,40,089,0,1
2018,40,091,0,1
2018,40,093,0,2
2018,40,095,0,1
2018,40,097,0,1
2018,40,099,0,1
2018,40,101,0.10242587601078167,1
2018,40,103,0,1
2018,40,105,0,1
2018,40,107,0,1
2018,40,109,0.17388353679940716,1
2018,40,111,0,1
2018,40,113,0,1
2018,40,115,0,1
2018,40,117,0,1
2018,40,119,0.5199361219864002,1
2018,40,121,0,1
2018,40,123,0,1
2018,40,125,0.1420197175592859,1
2018,40,127,0,1
2018,40,129,0,2
2018,40,131,0,1
2018,40,133,0,1
2018,40,135,0,1
2018,40,137,0,1
2018,40,139,0,1
2018,40,141,0,1
2018,40,143,0.07685076871657753,1
2018,40,145,0,1
2018,40,147,0,1
2018,40,149,0,1
2018,40,151,0,2
2018,40,153,0,2
2018,41,001,0,1
2018,41,003,0.4106510321240992,1
2018,41,005,9.35809328849247e-4,1
2018,41,007,0,1
2018,41,009,0,1
2018,41,011,0,1
2018,41,013,0,1
2018,41,015,0,1
2018,41,017,0,1
2018,41,019,0,1
2018,41,021,0,2
2018,41,023,0,2
2018,41,025,0,2
2018,41,027,0,2
2018,41,029,0.027173440713809786,1
2018,41,031,0,1
2018,41,033,0,1
2018,41,035,0,1
2018,41,037,0,2
2018,41,039,0.15004028527946048,1
2018,41,041,0,1
2018,41,043,0,1
2018,41,045,0,1
2018,41,047,0,1
2018,41,049,0,2
2018,41,051,0.05640403223087556,1
2018,41,053,0,1
2018,41,055,0,2
2018,41,057,0,1
2018,41,059,0,1
2018,41,061,0,1
2018,41,063,0,2
2018,41,065,0,1
2018,41,067,0,1
2018,41,069,0,2
2018,41,071,0,1
2018,42,001,0,1
2018,42,003,0.15756479474185664,1
2018,42,005,0,1
2018,42,007,0.07193080357142857,1
2018,42,009,0,1
2018,42,011,0.31088473508205594,1
2018,42,013,0.11005950694247663,1
2018,42,015,0,1
2018,42,017,0,1
2018,42,019,0,1
2018,42,021,0.2291390052088653,1
2018,42,023,0,1
2018,42,025,0,1
2018,42,027,0.44587658263944335,1
2018,42,029,0.06502615658883011,1
2018,42,031,0,1
2018,42,033,0,1
2018,42,035,0.19026344168849177,1
2018,42,037,0.16295454545454546,1
2018,42,039,0,1
2018,42,041,0.0784902175795002,1
2018,42,043,0.10791029919784531,1
2018,42,045,0.0552434456928839,1
2018,42,047,0,1
2018,42,049,0.17826777539007754,1
2018,42,051,0,1
2018,42,053,0,2
2018,42,055,0,1
2018,42,057,0,1
2018,42,059,0,1
2018,42,061,0,1
2018,42,063,0.2133283693224125,1
2018,42,065,0,1
2018,42,067,0,1
2018,42,069,0.11301548068167035,1
2018,42,071,0.05174254556546938,1
2018,42,073,0.1380544229008904,1
2018,42,075,0,1
2018,42,077,0.17100885035876773,1
2018,42,079,0.06613349738541988,1
2018,42,081,0.16211127702395636,1
2018,42,083,0.2339506172839506,1
2018,42,085,0.17549380649481083,1
2018,42,087,0,1
2018,42,089,0,1
2018,42,091,0.025889383547908394,1
2018,42,093,0,1
2018,42,095,0.11842055545059513,1
2018,42,097,0,1
2018,42,099,0,1
2018,42,101,0.34639630533012317,1
2018,42,103,0,1
2018,42,105,0,1
2018,42,107,0.09055163640568983,1
2018,42,109,0,1
2018,42,111,0,1
2018,42,113,0,2
2018,42,115,0,1
2018,42,117,0,1
2018,42,119,0,1
2018,42,121,0,1
2018,42,123,0,1
2018,42,125,0.02785322468978005,1
2018,42,127,0,1
2018,42,129,0.07467924745411657,1
2018,42,131,0,1
2018,42,133,0.22097231506880893,1
2018,44,001,0,1
2018,44,003,0,1
2018,44,005,0,1
2018,44,007,0.07167979242051063,1
2018,44,009,0.019912881144990666,1
2018,45,001,0,1
2018,45,003,0.0841786525359576,1
2018,45,005,0,2
2018,45,007,0.11506169482307352,1
2018,45,009,0,1
2018,45,011,0,1
2018,45,013,1.0139931048468871e-4,1
2018,45,015,0,1
2018,45,017,0,2
2018,45,019,0.21602187383484545,1
2018,45,021,0,1
2018,45,023,0,1
2018,45,025,0,1
2018,45,027,0.31475883821789985,1
2018,45,029,0,1
2018,45,031,0,1
2018,45,033,0.4797822706065319,1
2018,45,035,0,1
2018,45,037,0,1
2018,45,039,0,1
2018,45,041,0.12485436893203883,1
2018,45,043,0,1
2018,45,045,0.018861334264757248,1
2018,45,047,0.18639188747137717,1
2018,45,049,0,1
2018,45,051,0,1
2018,45,053,0,1
2018,45,055,0,1
2018,45,057,0.16923439710737306,1
2018,45,059,0,1
2018,45,061,0.1570823998008464,1
2018,45,063,0,1
2018,45,065,0,2
2018,45,067,0,1
2018,45,069,0,1
2018,45,071,0,1
2018,45,073,0,1
2018,45,075,0.05213315939508141,1
2018,45,077,0.3924312604710752,1
2018,45,079,0.24129704464676957,1
2018,45,081,0,1
2018,45,083,0.11284602275344295,1
2018,45,085,0,1
2018,45,087,0,1
2018,45,089,0,1
2018,45,091,2.055639303823489e-4,1
2018,46,003,0,2
2018,46,005,0,1
2018,46,007,0.6374674761491761,2
2018,46,009,0,2
2018,46,011,0,1
2018,46,013,0,1
2018,46,015,0,2
2018,46,017,0,1
2018,46,019,0,2
2018,46,021,0,3
2018,46,023,0,1
2018,46,025,0,2
2018,46,027,0.5763281775386685,1
2018,46,029,0,1
2018,46,031,1,1
2018,46,033,0,2
2018,46,035,0,2
2018,46,037,0,1
2018,46,039,0,2
2018,46,041,0,1
2018,46,043,0,2
2018,46,045,0,2
2018,46,047,0,2
2018,46,049,0,3
2018,46,051,0,2
2018,46,053,0,1
2018,46,055,0,3
2018,46,057,0,2
2018,46,059,0,2
2018,46,061,0,2
2018,46,063,0,2
2018,46,065,0,2
2018,46,067,0,2
2018,46,069,0,3
2018,46,071,0.8516086671043992,1
2018,46,073,0,3
2018,46,075,0,3
2018,46,077,0,2
2018,46,079,0,2
2018,46,081,0,2
2018,46,083,0,2
2018,46,085,0.7964285714285714,1
2018,46,087,0,2
2018,46,089,0,3
2018,46,091,0,2
2018,46,093,0,1
2018,46,095,1,1
2018,46,097,0,2
2018,46,099,0,1
2018,46,101,0,2
2018,46,102,0.7089530892448512,1
2018,46,103,0,1
2018,46,105,0,2
2018,46,107,0,3
2018,46,109,0,1
2018,46,111,0,2
2018,46,115,0,2
2018,46,117,0,3
2018,46,119,0,3
2018,46,121,1,1
2018,46,123,0,2
2018,46,125,0,1
2018,46,127,0,1
2018,46,129,0,2
2018,46,135,0,2
2018,46,137,1,1
2018,47,001,0,1
2018,47,003,0,1
2018,47,005,0,1
2018,47,007,0,1
2018,47,009,0,1
2018,47,011,0.05468142387077475,1
2018,47,013,0,1
2018,47,015,0,2
2018,47,017,0,1
2018,47,019,0,1
2018,47,021,0,1
2018,47,023,0,2
2018,47,025,0,1
2018,47,027,0,2
2018,47,029,0,1
2018,47,031,0,1
2018,47,033,0,1
2018,47,035,0,1
2018,47,037,0.135400635856794,1
2018,47,039,0,1
2018,47,041,0,1
2018,47,043,0,1
2018,47,045,0,1
2018,47,047,0,1
2018,47,049,0,1
2018,47,051,0,1
2018,47,053,0,1
2018,47,055,0,1
2018,47,057,0,1
2018,47,059,0,1
2018,47,061,0,1
2018,47,063,0.13686206612251628,1
2018,47,065,0.22696368243243242,1
2018,47,067,0,2
2018,47,069,0,1
2018,47,071,0,1
2018,47,073,0,1
2018,47,075,0,1
2018,47,077,0,1
2018,47,079,0,1
2018,47,081,0,2
2018,47,083,0,2
2018,47,085,0,2
2018,47,087,0,1
2018,47,089,0,1
2018,47,091,0,1
2018,47,093,0.2770034843205575,1
2018,47,095,0,1
2018,47,097,0,1
2018,47,099,0,1
2018,47,101,0,2
2018,47,103,0,1
2018,47,105,0,1
2018,47,107,0,1
2018,47,109,0,1
2018,47,111,0,1
2018,47,113,0.2427897795810944,1
2018,47,115,0,1
2018,47,117,0,1
2018,47,119,0,1
2018,47,121,0,1
2018,47,123,0,1
2018,47,125,0.03190344403444034,1
2018,47,127,0,2
2018,47,129,0,1
2018,47,131,0.234663927208688,1
2018,47,133,0,1
2018,47,135,0,1
2018,47,137,0,2
2018,47,139,0,1
2018,47,141,0.1331236897274633,1
2018,47,143,0,1
2018,47,145,0,1
2018,47,147,0,1
2018,47,149,0,1
2018,47,151,0,1
2018,47,153,0,2
2018,47,155,0.07401442476017085,1
2018,47,157,0.32577343506942064,1
2018,47,159,0,1
2018,47,161,0,2
2018,47,163,0,1
2018,47,165,0,1
2018,47,167,0,1
2018,47,169,0,2
2018,47,171,0,1
2018,47,173,0,1
2018,47,175,0,2
2018,47,177,0,1
2018,47,179,0.07183758459135867,1
2018,47,181,0,1
2018,47,183,0.05725251879098033,1
2018,47,185,0,1
2018,47,187,0,1
2018,47,189,0,1
2018,48,001,0,1
2018,48,003,0,2
2018,48,005,0,1
2018,48,007,0,2
2018,48,009,0,2
2018,48,011,0,3
2018,48,013,0,1
2018,48,015,0,2
2018,48,017,0,3
2018,48,019,0,2
2018,48,021,0,1
2018,48,023,0,2
2018,48,025,0,1
2018,48,027,0.08799582008969391,1
2018,48,029,0.09830497456649277,1
2018,48,031,0,2
2018,48,033,NA,NA
2018,48,035,0,1
2018,48,037,0.2253595461142631,1
2018,48,039,0,1
2018,48,041,0.40053716010900037,1
2018,48,043,0,2
2018,48,045,0,2
2018,48,047,0.8146132918771861,1
2018,48,049,0,1
2018,48,051,0,2
2018,48,053,0,2
2018,48,055,0,1
2018,48,057,0,2
2018,48,059,0,1
2018,48,061,0.36804946775203506,1
2018,48,063,0,1
2018,48,065,0,2
2018,48,067,0,1
2018,48,069,0,2
2018,48,071,0,1
2018,48,073,0.10058571750394232,1
2018,48,075,0,2
2018,48,077,0,2
2018,48,079,0,2
2018,48,081,0,2
2018,48,083,0,2
2018,48,085,0.04041534842216273,1
2018,48,087,0,2
2018,48,089,0,2
2018,48,091,0,1
2018,48,093,0,2
2018,48,095,0,3
2018,48,097,0.3343755747654957,1
2018,48,099,0.002817591571726081,1
2018,48,101,0,2
2018,48,103,0,3
2018,48,105,0,3
2018,48,107,0,1
2018,48,109,0,2
2018,48,111,0,3
2018,48,113,0.059617975036506336,1
2018,48,115,0,2
2018,48,117,0,2
2018,48,119,0.784072249589491,1
2018,48,121,0.08246877478962841,1
2018,48,123,0,2
2018,48,125,0,2
2018,48,127,0,2
2018,48,129,0,2
2018,48,131,0,1
2018,48,133,0,1
2018,48,135,0,1
2018,48,137,0,3
2018,48,139,0,1
2018,48,141,0.14332281028252394,1
2018,48,143,0,1
2018,48,145,0.4935524652338812,1
2018,48,147,0,1
2018,48,149,0,1
2018,48,151,0,2
2018,48,153,0,2
2018,48,155,0,3
2018,48,157,0,1
2018,48,159,0,2
2018,48,161,0,1
2018,48,163,0,2
2018,48,165,0,2
2018,48,167,0.04772522415674368,1
2018,48,169,0,3
2018,48,171,0,2
2018,48,173,0,3
2018,48,175,0,2
2018,48,177,0,2
2018,48,179,0,1
2018,48,181,0,1
2018,48,183,0.0636264206571877,1
2018,48,185,0.021304347826086957,2
2018,48,187,0,1
2018,48,189,0,1
2018,48,191,0,2
2018,48,193,0,2
2018,48,195,0,2
2018,48,197,0,2
2018,48,199,0,1
2018,48,201,0.126350967392775,1
2018,48,203,0,1
2018,48,205,0,3
2018,48,207,0,2
2018,48,209,0.1563548835474794,1
2018,48,211,0,3
2018,48,213,0,1
2018,48,215,0.28817260123373845,1
2018,48,217,0,1
2018,48,219,0,1
2018,48,221,0,1
2018,48,223,0,1
2018,48,225,0.2660098522167488,1
2018,48,227,0.1450669684965101,1
2018,48,229,0,2
2018,48,231,0.19052193403778417,1
2018,48,233,0.2604166666666667,1
2018,48,235,0,3
2018,48,237,0,2
2018,48,239,0,2
2018,48,241,0,1
2018,48,243,0,3
2018,48,245,0.1657012542759407,1
2018,48,247,0,2
2018,48,249,0,1
2018,48,251,0,1
2018,48,253,0,1
2018,48,255,0,1
2018,48,257,0,1
2018,48,259,0,2
2018,48,261,0,3
2018,48,263,0,3
2018,48,265,0,1
2018,48,267,0,2
2018,48,269,NA,NA
2018,48,271,0,2
2018,48,273,0.23217290022000778,1
2018,48,275,0,2
2018,48,277,0,1
2018,48,279,0,1
2018,48,281,0,2
2018,48,283,0,3
2018,48,285,0,1
2018,48,287,0,2
2018,48,289,0,2
2018,48,291,0,1
2018,48,293,0,1
2018,48,295,0,2
2018,48,297,0,2
2018,48,299,0,2
2018,48,301,NA,NA
2018,48,303,0.13992288434479103,1
2018,48,305,0,1
2018,48,307,0,2
2018,48,309,0.4027717344008354,1
2018,48,311,0,3
2018,48,313,0,2
2018,48,315,0,2
2018,48,317,0,3
2018,48,319,0,2
2018,48,321,0,1
2018,48,323,0,1
2018,48,325,0,1
2018,48,327,0,3
2018,48,329,0,1
2018,48,331,0,2
2018,48,333,0,2
2018,48,335,0,3
2018,48,337,0,2
2018,48,339,0,1
2018,48,341,0,2
2018,48,343,0,2
2018,48,345,0,3
2018,48,347,0.26655730982161163,1
2018,48,349,0,1
2018,48,351,0,2
2018,48,353,0,2
2018,48,355,0.10824116770100198,1
2018,48,357,0,2
2018,48,359,0,2
2018,48,361,0,1
2018,48,363,0,1
2018,48,365,0,1
2018,48,367,0,1
2018,48,369,0,2
2018,48,371,0,2
2018,48,373,0,1
2018,48,375,0.05876698562502731,1
2018,48,377,0,2
2018,48,379,0,2
2018,48,381,0,1
2018,48,383,0,3
2018,48,385,0,2
2018,48,387,0,2
2018,48,389,0,2
2018,48,391,0,2
2018,48,393,0,3
2018,48,395,0,1
2018,48,397,0,1
2018,48,399,0,2
2018,48,401,0,1
2018,48,403,0,1
2018,48,405,0,2
2018,48,407,0,2
2018,48,409,0,1
2018,48,411,0,2
2018,48,413,0,2
2018,48,415,0,2
2018,48,417,0,2
2018,48,419,0,1
2018,48,421,0,2
2018,48,423,0.10736731360225919,1
2018,48,425,0,2
2018,48,427,0.3314828080229226,1
2018,48,429,0,2
2018,48,431,0,3
2018,48,433,0,3
2018,48,435,0,3
2018,48,437,0,2
2018,48,439,0.06786643538594969,1
2018,48,441,0.016574585635359115,1
2018,48,443,0,3
2018,48,445,0,2
2018,48,447,0,2
2018,48,449,0,1
2018,48,451,0,1
2018,48,453,0.09514608280933948,1
2018,48,455,0,1
2018,48,457,0,2
2018,48,459,0,1
2018,48,461,0,2
2018,48,463,0,1
2018,48,465,0,1
2018,48,467,0,1
2018,48,469,0,1
2018,48,471,0.46797608881298036,1
2018,48,473,0,1
2018,48,475,0,2
2018,48,477,0,2
2018,48,479,0.5232840405241386,1
2018,48,481,0,1
2018,48,483,0,2
2018,48,485,0.09182672087480723,1
2018,48,487,0,2
2018,48,489,0.4562115066846928,1
2018,48,491,0,1
2018,48,493,0,1
2018,48,495,0,2
2018,48,497,0,1
2018,48,499,0,1
2018,48,501,0,3
2018,48,503,0,2
2018,48,505,0.8587983597789267,2
2018,48,507,0.36289156626506025,2
2018,49,001,0,3
2018,49,003,0,1
2018,49,005,0.3006236547270821,1
2018,49,007,0,1
2018,49,009,NA,NA
2018,49,011,0,1
2018,49,013,0,1
2018,49,015,0,2
2018,49,017,0,2
2018,49,019,0,3
2018,49,021,0,1
2018,49,023,0,2
2018,49,025,0,2
2018,49,027,0,2
2018,49,029,0,3
2018,49,031,0,2
2018,49,033,0,3
2018,49,035,0.008542969654852907,1
2018,49,037,0.3123259934193875,1
2018,49,039,0,1
2018,49,041,0,1
2018,49,043,0,1
2018,49,045,0,1
2018,49,047,0,1
2018,49,049,0.19121066501317624,1
2018,49,051,0,2
2018,49,053,0,1
2018,49,055,0,3
2018,49,057,0.09271069794256477,1
2018,50,001,0,1
2018,50,003,0,1
2018,50,005,0,1
2018,50,007,0.12614422862246036,1
2018,50,009,0,1
2018,50,011,0,1
2018,50,013,0,2
2018,50,015,0,1
2018,50,017,0,1
2018,50,019,0,1
2018,50,021,0,1
2018,50,023,0,1
2018,50,025,0,1
2018,50,027,0,1
2018,51,001,0,1
2018,51,003,0.016950904392764858,1
2018,51,005,0,1
2018,51,007,0,2
2018,51,009,0,1
2018,51,011,0,2
2018,51,013,0,1
2018,51,015,0,1
2018,51,017,0,3
2018,51,019,0,1
2018,51,021,0,3
2018,51,023,0,2
2018,51,025,0,1
2018,51,027,0.29305342208568014,1
2018,51,029,0,2
2018,51,031,0,1
2018,51,033,0,2
2018,51,035,0,1
2018,51,036,0,1
2018,51,037,0,1
2018,51,041,0,1
2018,51,043,0,2
2018,51,045,0,3
2018,51,047,0,1
2018,51,049,0,2
2018,51,051,0,1
2018,51,053,0,2
2018,51,057,0,2
2018,51,059,0,1
2018,51,061,0,1
2018,51,063,0,2
2018,51,065,0,2
2018,51,067,0,1
2018,51,069,0,1
2018,51,071,0,2
2018,51,073,0,2
2018,51,075,0,2
2018,51,077,0,1
2018,51,079,0,2
2018,51,081,0,2
2018,51,083,0,1
2018,51,085,0,1
2018,51,087,0.043528206401937344,1
2018,51,089,0,1
2018,51,091,0,2
2018,51,093,0,1
2018,51,095,0,2
2018,51,097,0,2
2018,51,099,0,2
2018,51,101,0,2
2018,51,103,0,2
2018,51,105,0,1
2018,51,107,0,1
2018,51,109,0,1
2018,51,111,0,2
2018,51,113,0,2
2018,51,115,0,3
2018,51,117,0,1
2018,51,119,0,2
2018,51,121,0.3554079784516788,1
2018,51,125,0,2
2018,51,127,0,2
2018,51,131,0,2
2018,51,133,0,2
2018,51,135,0.0010660980810234541,2
2018,51,137,0,2
2018,51,139,0,1
2018,51,141,0,2
2018,51,143,0,1
2018,51,145,0,2
2018,51,147,0,2
2018,51,149,0,2
2018,51,153,0,1
2018,51,155,0,1
2018,51,157,0,2
2018,51,159,0,3
2018,51,161,0,1
2018,51,163,0,2
2018,51,165,0,1
2018,51,167,0,1
2018,51,169,0,1
2018,51,171,0,1
2018,51,173,0,1
2018,51,175,0,2
2018,51,177,0,1
2018,51,179,0.0014272121788772598,1
2018,51,181,0,2
2018,51,183,0,1
2018,51,185,0,1
2018,51,187,0,1
2018,51,191,0,1
2018,51,193,0,2
2018,51,195,0,1
2018,51,197,0,1
2018,51,199,0,1
2018,51,510,0,1
2018,51,520,0,1
2018,51,530,0,2
2018,51,540,0.46495648190563443,1
2018,51,550,0,1
2018,51,570,0,2
2018,51,580,0,2
2018,51,590,0.15016634163129516,1
2018,51,595,0,2
2018,51,600,0,1
2018,51,610,0,3
2018,51,620,0,2
2018,51,630,0.00789760348583878,1
2018,51,640,0,2
2018,51,650,0.05594643117084769,1
2018,51,660,0.4676136802285185,1
2018,51,670,0,1
2018,51,678,0,2
2018,51,680,0.18535107363983666,1
2018,51,683,0,2
2018,51,685,0,2
2018,51,690,0,1
2018,51,700,0.07858033790679216,1
2018,51,710,0.20201461401931634,1
2018,51,720,0,2
2018,51,730,0.1269130272489735,1
2018,51,735,0,3
2018,51,740,0.19137963965111096,1
2018,51,750,0.8397705544933078,1
2018,51,760,0.31276530651267737,1
2018,51,770,0.3164222288735907,1
2018,51,775,0,2
2018,51,790,0,2
2018,51,800,0,1
2018,51,810,0.027713901747050917,1
2018,51,820,0,1
2018,51,830,0,1
2018,51,840,0,2
2018,53,001,0,1
2018,53,003,0,1
2018,53,005,0.14586044242029927,1
2018,53,007,0,1
2018,53,009,0,1
2018,53,011,0,1
2018,53,013,0,2
2018,53,015,0.04629741119807345,1
2018,53,017,0,1
2018,53,019,0,1
2018,53,021,0,1
2018,53,023,0,3
2018,53,025,0,1
2018,53,027,0,1
2018,53,029,0,1
2018,53,031,0,1
2018,53,033,0.048757498699080026,1
2018,53,035,0,1
2018,53,037,0.35920757538001497,1
2018,53,039,0,2
2018,53,041,0,1
2018,53,043,0,1
2018,53,045,0,1
2018,53,047,0,1
2018,53,049,0,1
2018,53,051,0,1
2018,53,053,0.042597683823919666,1
2018,53,055,0,1
2018,53,057,0,1
2018,53,059,0,1
2018,53,061,0,1
2018,53,063,0.09779460265565403,1
2018,53,065,0,1
2018,53,067,0,1
2018,53,069,0,2
2018,53,071,0,1
2018,53,073,0.16732302069878074,1
2018,53,075,0.6319469343850843,1
2018,53,077,0.09219730941704037,1
2018,54,001,0,1
2018,54,003,0,1
2018,54,005,0,1
2018,54,007,0,1
2018,54,009,0,1
2018,54,011,0.3523258077072791,1
2018,54,013,0,2
2018,54,015,0.4915038232795242,2
2018,54,017,0,2
2018,54,019,0,1
2018,54,021,0,1
2018,54,023,0,2
2018,54,025,0,1
2018,54,027,0,1
2018,54,029,0,1
2018,54,031,0,2
2018,54,033,0,1
2018,54,035,0,1
2018,54,037,0,1
2018,54,039,0.06531488243961817,1
2018,54,041,0,1
2018,54,043,0,1
2018,54,045,0.12144335230212105,1
2018,54,047,0.28578714722883375,1
2018,54,049,0.20375306535878027,1
2018,54,051,0,1
2018,54,053,0,1
2018,54,055,0,1
2018,54,057,0,1
2018,54,059,0.17833853132974198,1
2018,54,061,0.3082237469029922,1
2018,54,063,0,2
2018,54,065,0,2
2018,54,067,0,1
2018,54,069,0.05844275938598113,1
2018,54,071,0,2
2018,54,073,0,2
2018,54,075,0,1
2018,54,077,0,1
2018,54,079,0,1
2018,54,081,0,1
2018,54,083,0,1
2018,54,085,0,2
2018,54,087,0,1
2018,54,089,0,2
2018,54,091,0,1
2018,54,093,0,2
2018,54,095,0,2
2018,54,097,0,1
2018,54,099,0,1
2018,54,101,0,2
2018,54,103,0,1
2018,54,105,0,2
2018,54,107,0,1
2018,54,109,0,1
2018,55,001,0,1
2018,55,003,0,1
2018,55,005,0,1
2018,55,007,0,1
2018,55,009,0.028333397320228815,1
2018,55,011,0,1
2018,55,013,0,1
2018,55,015,0,1
2018,55,017,0,1
2018,55,019,0,1
2018,55,021,0,1
2018,55,023,0,1
2018,55,025,0.23309017487869216,1
2018,55,027,0,1
2018,55,029,0,1
2018,55,031,0,1
2018,55,033,0,1
2018,55,035,0.3022212879265644,1
2018,55,037,0,2
2018,55,039,0,1
2018,55,041,0,1
2018,55,043,0,1
2018,55,045,0,1
2018,55,047,0,1
2018,55,049,0,1
2018,55,051,0,1
2018,55,053,0,1
2018,55,055,0,1
2018,55,057,0,1
2018,55,059,0.058857808857808856,1
2018,55,061,0,1
2018,55,063,0.3620411456232352,1
2018,55,065,0,1
2018,55,067,0,1
2018,55,069,0,1
2018,55,071,0,1
2018,55,073,0,1
2018,55,075,0,1
2018,55,077,0,1
2018,55,078,0,2
2018,55,079,0.2572739957010564,1
2018,55,081,0,1
2018,55,083,0,1
2018,55,085,0,1
2018,55,087,0,1
2018,55,089,0,1
2018,55,091,0,1
2018,55,093,0,1
2018,55,095,0,1
2018,55,097,0,1
2018,55,099,0,1
2018,55,101,0.17640640684327674,1
2018,55,103,0,1
2018,55,105,0.08620449156088715,1
2018,55,107,0,1
2018,55,109,0,1
2018,55,111,0,1
2018,55,113,0,1
2018,55,115,0,1
2018,55,117,0,1
2018,55,119,0,1
2018,55,121,0,1
2018,55,123,0,1
2018,55,125,0,1
2018,55,127,0.1573274018307811,1
2018,55,129,0,1
2018,55,131,0,1
2018,55,133,0,1
2018,55,135,0,1
2018,55,137,0,1
2018,55,139,0.07391576313594662,1
2018,55,141,0,1
2018,56,001,0.04621641607098841,1
2018,56,003,0,2
2018,56,005,0,2
2018,56,007,0,2
2018,56,009,0,2
2018,56,011,0,2
2018,56,013,0,1
2018,56,015,0,2
2018,56,017,0,2
2018,56,019,0,2
2018,56,021,0,1
2018,56,023,0,2
2018,56,025,0,1
2018,56,027,0,2
2018,56,029,0,2
2018,56,031,0,2
2018,56,033,0,2
2018,56,035,0,3
2018,56,037,0,1
2018,56,039,0,2
2018,56,041,0,2
2018,56,043,0,2
2018,56,045,0,2
