year,state,county,haz_idx,haz_idx_quality
2014,01,001,5.738374201973302,1
2014,01,003,37.74025783844565,1
2014,01,005,8.555035215162802,1
2014,01,007,11.901690725290248,1
2014,01,009,25.647133315985776,1
2014,01,011,5.955017301038063,1
2014,01,013,13.952199970764507,1
2014,01,015,15.323204137012954,1
2014,01,017,11.415798891202957,1
2014,01,019,22.985331387758237,1
2014,01,021,12.598958452296658,1
2014,01,023,19.656208474826517,1
2014,01,025,14.202992380877186,1
2014,01,027,19.125651758830873,1
2014,01,029,23.53302201467645,1
2014,01,031,14.605724874817648,1
2014,01,033,31.889559743810903,1
2014,01,035,12.78167115902965,1
2014,01,037,14.749533208855695,1
2014,01,039,16.491856075605185,1
2014,01,041,14.944683598794661,1
2014,01,043,23.07156493281103,1
2014,01,045,13.21396436926399,1
2014,01,047,9.516833165664552,1
2014,01,049,44.06947688324845,1
2014,01,051,7.553815316044372,1
2014,01,053,15.894117028547395,1
2014,01,055,18.041334537003245,1
2014,01,057,20.951642282155237,1
2014,01,059,36.08195685816253,1
2014,01,061,18.847106205250597,1
2014,01,063,13.242782450556945,1
2014,01,065,14.13389202884428,1
2014,01,067,15.24279096699479,1
2014,01,069,15.58981945886165,1
2014,01,071,47.86005055459141,1
2014,01,073,8.237214533554734,1
2014,01,075,24.842444631342865,1
2014,01,077,34.90050657469282,1
2014,01,079,35.267385843061916,1
2014,01,081,6.879423506326544,1
2014,01,083,33.693266947353926,1
2014,01,085,14.59598827624107,1
2014,01,087,4.701584979273348,1
2014,01,089,26.93053325913603,1
2014,01,091,13.701254331592562,1
2014,01,093,31.56546663609264,1
2014,01,095,34.24044580911805,1
2014,01,097,16.044541052301078,1
2014,01,099,21.45097516548936,1
2014,01,101,5.568503386497706,1
2014,01,103,23.415227485301976,1
2014,01,105,13.373321572086642,1
2014,01,107,18.615466911202812,1
2014,01,109,9.112084537572255,1
2014,01,111,20.04862700228833,1
2014,01,113,4.526237276237277,1
2014,01,115,16.03223762933765,1
2014,01,117,10.67252743975185,1
2014,01,119,18.131318394997393,1
2014,01,121,12.929303441773904,1
2014,01,123,11.204358881220486,1
2014,01,125,7.1279458398349025,1
2014,01,127,15.696289136246243,1
2014,01,129,16.141506681449496,1
2014,01,131,13.453241840415236,1
2014,01,133,29.624628957783642,1
2014,02,013,99,1
2014,02,016,99,1
2014,02,020,69.43892909604331,1
2014,02,050,99,1
2014,02,060,99,1
2014,02,068,99,1
2014,02,070,99,1
2014,02,090,95.12897834251251,1
2014,02,100,99,1
2014,02,105,99,1
2014,02,110,99,1
2014,02,122,99,1
2014,02,130,97.27434922491956,1
2014,02,150,99,1
2014,02,158,99,1
2014,02,164,99,1
2014,02,170,98.92351054420682,1
2014,02,180,99,1
2014,02,185,98.10012476606363,1
2014,02,188,90.97262773722628,1
2014,02,195,99,1
2014,02,198,99,1
2014,02,220,99,1
2014,02,230,99,1
2014,02,240,99,1
2014,02,261,99,1
2014,02,275,99,1
2014,02,282,99,1
2014,02,290,99,1
2014,04,001,97.84800809514569,1
2014,04,003,88.98074262080776,1
2014,04,005,92.55520295691997,1
2014,04,007,81.02355283422861,1
2014,04,009,78.22092680442765,1
2014,04,011,85.03045454545455,1
2014,04,012,45.0464419107529,1
2014,04,013,19.89020480514213,1
2014,04,015,63.58961784257366,1
2014,04,017,92.8347086678637,1
2014,04,019,43.2890114625875,1
2014,04,021,38.966544494566335,1
2014,04,023,81.45801058201059,1
2014,04,025,85.50598767367529,1
2014,04,027,32.740793137853494,1
2014,05,001,50.59636286517152,1
2014,05,003,35.55875355693427,1
2014,05,005,35.62302570831511,1
2014,05,007,50.25958789567132,1
2014,05,009,57.63523366246065,1
2014,05,011,29.24107458465889,1
2014,05,013,32.619635396885684,1
2014,05,015,70.67009339028452,1
2014,05,017,60.055357298285315,1
2014,05,019,21.274166666666666,1
2014,05,021,62.93182255890095,1
2014,05,023,42.030861086341254,1
2014,05,025,37.81307432825404,1
2014,05,027,24.33,1
2014,05,029,28.925194805194806,1
2014,05,031,52.76389041919167,1
2014,05,033,36.25678932470684,1
2014,05,035,42.04341066730447,1
2014,05,037,53.06433645922137,1
2014,05,039,33.0887603721398,1
2014,05,041,54.669179495318204,1
2014,05,043,41.82063619353114,1
2014,05,045,25.359563342501104,1
2014,05,047,35.110801781737194,1
2014,05,049,48.0530365035194,1
2014,05,051,31.251342919714062,1
2014,05,053,33.34839569223937,1
2014,05,055,50.99634628810798,1
2014,05,057,33.389357241625405,1
2014,05,059,25.026715148601134,1
2014,05,061,37.017099013518454,1
2014,05,063,43.468571118526356,1
2014,05,065,47.674308534240495,1
2014,05,067,51.21531612757805,1
2014,05,069,32.4966579599491,1
2014,05,071,34.93474467837618,1
2014,05,073,36.3686916520092,1
2014,05,075,51.319466293771484,1
2014,05,077,64.09388237612058,1
2014,05,079,48.89286473464182,1
2014,05,081,33.80656707127295,1
2014,05,083,40.1615527136337,1
2014,05,085,38.04120197381557,1
2014,05,087,71.79746432212029,1
2014,05,089,54.829684286923914,1
2014,05,091,28.48138365068792,1
2014,05,093,56.42456758841027,1
2014,05,095,55.88007638446849,1
2014,05,097,49.00742254733218,1
2014,05,099,30.80928241523037,1
2014,05,101,58.87344730045505,1
2014,05,103,26.9579088155462,1
2014,05,105,38.70570048309179,1
2014,05,107,60.48126828800307,1
2014,05,109,41.85992670063467,1
2014,05,111,61.79408021675766,1
2014,05,113,59.78136305857045,1
2014,05,115,28.83720707642733,1
2014,05,117,54.06053097345133,1
2014,05,119,23.874848232292052,1
2014,05,121,50.913060582218726,1
2014,05,123,56.67440850879097,1
2014,05,125,27.298101260162237,1
2014,05,127,53.230043541364296,1
2014,05,129,58.94400199104032,1
2014,05,131,26.482969377213113,1
2014,05,133,39.08376811594203,1
2014,05,135,45.85318689022609,1
2014,05,137,56.21251296783976,1
2014,05,139,12.268520779411046,1
2014,05,141,43.066530134581626,1
2014,05,143,50.58552191407759,1
2014,05,145,37.309064196742256,1
2014,05,147,56.35861291232027,1
2014,05,149,36.653642746421085,1
2014,06,001,51.178594607351464,1
2014,06,003,97,1
2014,06,005,35.16970316746952,1
2014,06,007,16.975038135554975,1
2014,06,009,41.90792725006122,1
2014,06,011,35.928538088125464,1
2014,06,013,39.154910324518696,1
2014,06,015,51.43992731418798,1
2014,06,017,33.11807235555066,1
2014,06,019,13.139273684609904,1
2014,06,021,28.744887397837182,1
2014,06,023,67.69633589370977,1
2014,06,025,17.180651429733487,1
2014,06,027,95.17750420304789,1
2014,06,029,23.632257237125902,1
2014,06,031,32.322478367131254,1
2014,06,033,58.87671510224423,1
2014,06,035,87.83145461086461,1
2014,06,037,14.004828957745191,1
2014,06,039,18.288195628788078,1
2014,06,041,81.62661116346446,1
2014,06,043,44.35991307255099,1
2014,06,045,57.168983700862896,1
2014,06,047,30.065670523567615,1
2014,06,049,86.02260310658811,1
2014,06,051,98.42267314873529,1
2014,06,053,47.91577612154558,1
2014,06,055,63.69439796629157,1
2014,06,057,23.806026002474493,1
2014,06,059,20.102729098077944,1
2014,06,061,13.756225139550452,1
2014,06,063,64.3988385357254,1
2014,06,065,43.22270379050853,1
2014,06,067,17.541856486726328,1
2014,06,069,71.7777035578681,1
2014,06,071,39.678964930967496,1
2014,06,073,34.97418306372035,1
2014,06,075,35.406395343227125,1
2014,06,077,30.2146451750945,1
2014,06,079,75.35218685262451,1
2014,06,081,74.44710929569621,1
2014,06,083,74.73411036831922,1
2014,06,085,44.89165108665491,1
2014,06,087,52.26416993821177,1
2014,06,089,19.052778400179253,1
2014,06,091,81,1
2014,06,093,32.05736427102867,1
2014,06,095,44.88077054437129,1
2014,06,097,68.73887228288497,1
2014,06,099,28.38089572565867,1
2014,06,101,13.28665046756498,1
2014,06,103,32.55628594905505,1
2014,06,105,51.664816870144286,1
2014,06,107,12.308462718462097,1
2014,06,109,47.0587704933115,1
2014,06,111,41.61052417473289,1
2014,06,113,32.45503080886747,1
2014,06,115,13.41833312801982,1
2014,08,001,48.404828862244834,1
2014,08,003,98.26739494755137,1
2014,08,005,64.46926011087946,1
2014,08,007,97.95268710847346,1
2014,08,009,99,1
2014,08,011,97,1
2014,08,013,82.72155482589804,1
2014,08,014,62.46617649550206,1
2014,08,015,99,1
2014,08,017,98,1
2014,08,019,99,1
2014,08,021,99,1
2014,08,023,99,1
2014,08,025,98,1
2014,08,027,99,1
2014,08,029,96.96978076239384,1
2014,08,031,34.08327219195395,1
2014,08,033,99,1
2014,08,035,85.95676697999293,1
2014,08,037,98.73870924511324,1
2014,08,039,98.40161393077086,1
2014,08,041,90.54703913694601,1
2014,08,043,98.45201476140703,1
2014,08,045,89.06201044386422,1
2014,08,047,99,1
2014,08,049,99,1
2014,08,051,99,1
2014,08,053,99,1
2014,08,055,99,1
2014,08,057,99,1
2014,08,059,63.785717424500426,1
2014,08,061,98,1
2014,08,063,98.1322334400394,1
2014,08,065,99,1
2014,08,067,96.3266409119455,1
2014,08,069,83.63874644789442,1
2014,08,071,98.31780377307459,1
2014,08,073,98.33559135847675,1
2014,08,075,96.25650327375686,1
2014,08,077,84.85699855602032,1
2014,08,079,99,1
2014,08,081,97.79256360078278,1
2014,08,083,98.37295162110368,1
2014,08,085,97.26635685459215,1
2014,08,087,93.90568767200621,1
2014,08,089,96.92117357845233,1
2014,08,091,99,1
2014,08,093,99,1
2014,08,095,98.31288483466362,1
2014,08,097,99,1
2014,08,099,96.39412573832834,1
2014,08,101,88.99688349496445,1
2014,08,103,97.80828016026116,1
2014,08,105,99,1
2014,08,107,98.91847362130784,1
2014,08,109,99,1
2014,08,111,99,1
2014,08,113,99,1
2014,08,115,98,1
2014,08,117,99,1
2014,08,119,98.68950905277576,1
2014,08,121,98.42794394478143,1
2014,08,123,44.99107769385738,1
2014,08,125,98,1
2014,09,001,67.76103894713744,1
2014,09,003,66.29860013773522,1
2014,09,005,87.11487026905974,1
2014,09,007,77.87899162709776,1
2014,09,009,72.25848869487041,1
2014,09,011,87.43316148005444,1
2014,09,013,82.17596600350737,1
2014,09,015,87.60036635628148,1
2014,10,001,73.02407494760475,1
2014,10,003,49.42148884483902,1
2014,10,005,84.80798774891159,1
2014,11,001,19.737467967734197,1
2014,12,001,28.41894430784997,1
2014,12,003,38.61821340133792,1
2014,12,005,43.11804287002567,1
2014,12,007,42.08119192799071,1
2014,12,009,62.406011393883304,1
2014,12,011,50.32238803174626,1
2014,12,013,26.73562120488504,1
2014,12,015,59.08617170596564,1
2014,12,017,44.58266736304384,1
2014,12,019,37.732336761294825,1
2014,12,021,64.53947989978295,1
2014,12,023,33.15227158523248,1
2014,12,027,38.47733218341239,1
2014,12,029,49.713081737621614,1
2014,12,031,30.577326142492193,1
2014,12,033,35.582057159017296,1
2014,12,035,61.92192669182441,1
2014,12,037,66.18167755242351,1
2014,12,039,17.50681745439027,1
2014,12,041,44.59151522303517,1
2014,12,043,46.786656557998484,1
2014,12,045,47.008998162347126,1
2014,12,047,37.34992395962948,1
2014,12,049,39.412864350793136,1
2014,12,051,43.22009906152242,1
2014,12,053,49.61864182471,1
2014,12,055,39.85171125879037,1
2014,12,057,32.910139192353014,1
2014,12,059,25.547439339445823,1
2014,12,061,68.31214607076456,1
2014,12,063,23.91943793911007,1
2014,12,065,19.303732124171606,1
2014,12,067,44.326040131504364,1
2014,12,069,42.305868660043934,1
2014,12,071,57.66188148015455,1
2014,12,073,13.1749026281499,1
2014,12,075,49.224180542726614,1
2014,12,077,28.045049385690195,1
2014,12,079,29.535791757049893,1
2014,12,081,57.69559611719867,1
2014,12,083,37.26042578359535,1
2014,12,085,65.15078378703444,1
2014,12,086,45.114013782358995,1
2014,12,087,96.08886022763535,1
2014,12,089,49.40027763688299,1
2014,12,091,35.94347140498667,1
2014,12,093,48.14653028072491,1
2014,12,095,29.066270857269497,1
2014,12,097,34.45131957616022,1
2014,12,099,64.02607289963608,1
2014,12,101,49.075112375593605,1
2014,12,103,53.60862458514859,1
2014,12,105,34.1787475924273,1
2014,12,107,43.74405323058846,1
2014,12,109,54.85794633287775,1
2014,12,111,64.5819999436596,1
2014,12,113,40.60311552072801,1
2014,12,115,58.96789716341383,1
2014,12,117,35.52963310076712,1
2014,12,119,35.79890654530027,1
2014,12,121,37.82946272232974,1
2014,12,123,42.73776994270604,1
2014,12,125,41.38589592344999,1
2014,12,127,49.06859780232113,1
2014,12,129,25.6955344188296,1
2014,12,131,41.99425814150568,1
2014,12,133,27.985847526358477,1
2014,13,001,38.81352803865154,1
2014,13,003,35.93395203085453,1
2014,13,005,40.16470167917113,1
2014,13,007,29.293836026331537,1
2014,13,009,19.57883717887207,1
2014,13,011,46.52372113337337,1
2014,13,013,24.22984775584496,1
2014,13,015,21.46839864643598,1
2014,13,017,34.76617085541688,1
2014,13,019,33.733382221989416,1
2014,13,021,13.910433723918912,1
2014,13,023,26.365396530359355,1
2014,13,025,47.40508043113253,1
2014,13,027,24.424901687174934,1
2014,13,029,40.21435451297188,1
2014,13,031,38.2771615234918,1
2014,13,033,33.58372233748271,1
2014,13,035,18.01090800630619,1
2014,13,037,27.382043060009163,1
2014,13,039,46.79155353270955,1
2014,13,043,38.08013748191028,1
2014,13,045,27.432762442791763,1
2014,13,047,24.61276268185667,1
2014,13,049,42.76591846083372,1
2014,13,051,41.50588260934316,1
2014,13,053,9.706905284484215,1
2014,13,055,34.786258044263064,1
2014,13,057,27.89110659559993,1
2014,13,059,23.13045512654473,1
2014,13,061,20,1
2014,13,063,11.399990916694737,1
2014,13,065,38.589198760513504,1
2014,13,067,14.48204451842239,1
2014,13,069,32.27212610892495,1
2014,13,071,27.482505925587667,1
2014,13,073,23.78033725691664,1
2014,13,075,27.742336322607116,1
2014,13,077,21.311378111232013,1
2014,13,079,22.841735800893428,1
2014,13,081,27.44114002478315,1
2014,13,083,48.486239641928265,1
2014,13,085,53.91844444444445,1
2014,13,087,23.98320488585139,1
2014,13,089,10.777437304241465,1
2014,13,091,28.628925813245964,1
2014,13,093,29.495118742643495,1
2014,13,095,19.360858451379272,1
2014,13,097,24.67948043869458,1
2014,13,099,23.59913712249109,1
2014,13,101,35.9019412643106,1
2014,13,103,35.148156428744436,1
2014,13,105,35.44465319386615,1
2014,13,107,35.091592978751486,1
2014,13,109,39.19884063305116,1
2014,13,111,71.03270988490183,1
2014,13,113,22.039034559436672,1
2014,13,115,20.99493478667859,1
2014,13,117,34.370854770381484,1
2014,13,119,37.10960954151739,1
2014,13,121,12.012587506592077,1
2014,13,123,66.98315811680321,1
2014,13,125,36,1
2014,13,127,57.26119080272311,1
2014,13,129,24.39352567096612,1
2014,13,131,19.95233567098538,1
2014,13,133,24.137924644842496,1
2014,13,135,19.409530561423885,1
2014,13,137,62.95583960131051,1
2014,13,139,38.635539990718655,1
2014,13,141,25.758487227689926,1
2014,13,143,32.03634072051255,1
2014,13,145,16.036694428224592,1
2014,13,147,38.17771392584429,1
2014,13,149,25.652047284563988,1
2014,13,151,16.480764723607994,1
2014,13,153,17.573601516254413,1
2014,13,155,37.500105462982496,1
2014,13,157,30.872127757352942,1
2014,13,159,18.933025573386093,1
2014,13,161,37.887277082778816,1
2014,13,163,34.9537271958439,1
2014,13,165,40.890038662724585,1
2014,13,167,32.344162436548224,1
2014,13,169,19.57266441997012,1
2014,13,171,24.388349514563107,1
2014,13,173,31.402085747392817,1
2014,13,175,24.71822686766053,1
2014,13,177,23.237840652664467,1
2014,13,179,40.785219184667156,1
2014,13,181,30.50294871794872,1
2014,13,183,42,1
2014,13,185,18.877065280184866,1
2014,13,187,65.12930108401966,1
2014,13,189,29.9533460093679,1
2014,13,191,59.5774061529777,1
2014,13,193,26.20959808881394,1
2014,13,195,32.05244829791771,1
2014,13,197,22.95989029825163,1
2014,13,199,25.508537837081274,1
2014,13,201,30.289180654811368,1
2014,13,205,26.852901833872707,1
2014,13,207,17.392451844109303,1
2014,13,209,34.336888888888886,1
2014,13,211,11.980689577969327,1
2014,13,213,47.02920133955754,1
2014,13,215,7.122367551589684,1
2014,13,217,11.199422677162252,1
2014,13,219,25.498060351209688,1
2014,13,221,32.02395372575706,1
2014,13,223,28.55850650911964,1
2014,13,225,19.058272670739292,1
2014,13,227,55.307445008460235,1
2014,13,229,40.695864262990455,1
2014,13,231,26.70910723303967,1
2014,13,233,28.750254545454546,1
2014,13,235,28.25442572479261,1
2014,13,237,21.047677376802035,1
2014,13,239,12,1
2014,13,241,81.72453433331285,1
2014,13,243,24.195520172716233,1
2014,13,245,20.327110373476973,1
2014,13,247,14.760329716193656,1
2014,13,249,27.41650178076771,1
2014,13,251,38.51880120439745,1
2014,13,253,26.729327578373468,1
2014,13,255,21.06549275951584,1
2014,13,257,50.74624140476283,1
2014,13,259,19.690847457627118,1
2014,13,261,22.22522324235945,1
2014,13,263,24.022141340612677,1
2014,13,265,28,1
2014,13,267,41.62020823473734,1
2014,13,269,24,1
2014,13,271,30.802582913963498,1
2014,13,273,23.835877042132417,1
2014,13,275,18.42375874633939,1
2014,13,277,25.816065420790256,1
2014,13,279,34.34955265473746,1
2014,13,281,79.5485473289597,1
2014,13,283,31.18006193776729,1
2014,13,285,16.08070201096892,1
2014,13,287,33.35649511247203,1
2014,13,289,23.540757083139805,1
2014,13,291,77.00830510833758,1
2014,13,293,23.7986582212061,1
2014,13,295,36.05960990576375,1
2014,13,297,20.537058727072548,1
2014,13,299,34.77608241681749,1
2014,13,301,29.512264486313544,1
2014,13,303,28.79732515219788,1
2014,13,305,38.582366589327144,1
2014,13,307,26.526967930029155,1
2014,13,309,31.47528996469995,1
2014,13,311,66.81079220120316,1
2014,13,313,22.58470697746577,1
2014,13,315,35.8001324357135,1
2014,13,317,31.830188679245282,1
2014,13,319,25.62993125330513,1
2014,13,321,28.744675871752868,1
2014,15,001,98.94476771815695,1
2014,15,003,93.20904592973137,1
2014,15,005,99,1
2014,15,007,99,1
2014,15,009,99,1
2014,16,001,33.95733544456907,1
2014,16,003,94.63178096212897,1
2014,16,005,93.13203587788091,1
2014,16,007,98.41390338326882,1
2014,16,009,79.52191496338398,1
2014,16,011,94.95004170507924,1
2014,16,013,98.52419013587851,1
2014,16,015,92,1
2014,16,017,60.45485219687523,1
2014,16,019,86.21841935090859,1
2014,16,021,81.4809685407686,1
2014,16,023,99,1
2014,16,025,99,1
2014,16,027,49.126949675715245,1
2014,16,029,90.75236984103836,1
2014,16,031,94.78917293233083,1
2014,16,033,98,1
2014,16,035,66.24883720930232,1
2014,16,037,99,1
2014,16,039,93.56856047667843,1
2014,16,041,97,1
2014,16,043,97.47850122850123,1
2014,16,045,82.79703562036816,1
2014,16,047,93.99639131290597,1
2014,16,049,70.58038614771682,1
2014,16,051,95.395830202855,1
2014,16,053,90.87533215234721,1
2014,16,055,42.41198181856384,1
2014,16,057,81.8559846271289,1
2014,16,059,98.27644353602453,1
2014,16,061,71.28283621140764,1
2014,16,063,97,1
2014,16,065,92.38237007999152,1
2014,16,067,92.9157545441038,1
2014,16,069,63.87592989534737,1
2014,16,071,97,1
2014,16,073,93.65054328776726,1
2014,16,075,73.30108570924178,1
2014,16,077,97,1
2014,16,079,85.75302874336843,1
2014,16,081,99,1
2014,16,083,93.06619538089265,1
2014,16,085,97,1
2014,16,087,90.58760429082241,1
2014,17,001,71.5571349813002,1
2014,17,003,63.13975194987853,1
2014,17,005,77.04587103750498,1
2014,17,007,69.83838533469124,1
2014,17,009,86,1
2014,17,011,81.24818835307471,1
2014,17,013,72.45002980329824,1
2014,17,015,86.35922007053969,1
2014,17,017,80.21428571428571,1
2014,17,019,69.78930435719393,1
2014,17,021,81.30867354351301,1
2014,17,023,81.55997536945813,1
2014,17,025,81.99210237659963,1
2014,17,027,72.62518444350759,1
2014,17,029,81.259677569658,1
2014,17,031,8.496965038691908,1
2014,17,033,70.655406093957,1
2014,17,035,83.71698630136986,1
2014,17,037,70.37265890830069,1
2014,17,039,83.36729238806876,1
2014,17,041,64.63039210751498,1
2014,17,043,15.637497638925616,1
2014,17,045,83.23823675086676,1
2014,17,047,77.51099147599821,1
2014,17,049,74.79005250875146,1
2014,17,051,81.57542761217731,1
2014,17,053,87.61433913418668,1
2014,17,055,63.89867752803339,1
2014,17,057,84.0450076469303,1
2014,17,059,74.33259790402647,1
2014,17,061,79.0341449148205,1
2014,17,063,67.62830606102884,1
2014,17,065,77.90120654641022,1
2014,17,067,86.40663547426627,1
2014,17,069,68.36275437766209,1
2014,17,071,88.3466214305909,1
2014,17,073,82.52347544522397,1
2014,17,075,87.7703949166439,1
2014,17,077,56.900989604989604,1
2014,17,079,82.38703665355146,1
2014,17,081,67.36863312325653,1
2014,17,083,65.31532679882203,1
2014,17,085,87.1460739287466,1
2014,17,087,70.07541501976284,1
2014,17,089,36.12102538160552,1
2014,17,091,53.57703981114996,1
2014,17,093,50.517158231382304,1
2014,17,095,80.84431902682708,1
2014,17,097,42.56907575692934,1
2014,17,099,62.166409341780685,1
2014,17,101,78.1885089082865,1
2014,17,103,79.68568429414435,1
2014,17,105,84.65212080257822,1
2014,17,107,81.05321662728392,1
2014,17,109,82.74524515252563,1
2014,17,111,59.48307501429091,1
2014,17,113,73.00480886362318,1
2014,17,115,64.65811732357307,1
2014,17,117,75.74926422325267,1
2014,17,119,39.03786337833147,1
2014,17,121,66.84720723498279,1
2014,17,123,84.90218361880022,1
2014,17,125,83.82018310154449,1
2014,17,127,58.531753366781096,1
2014,17,129,83.31734871227683,1
2014,17,131,87.75598617625278,1
2014,17,133,55.44577952236838,1
2014,17,135,80.76919973100202,1
2014,17,137,81.19179519165344,1
2014,17,139,84.87003222341568,1
2014,17,141,81.79184191580462,1
2014,17,143,60.28431011180735,1
2014,17,145,70.85368067531996,1
2014,17,147,84.33077573707105,1
2014,17,149,81.93930066486087,1
2014,17,151,68.65405777166437,1
2014,17,153,68.52203787497905,1
2014,17,155,81.0676844783715,1
2014,17,157,62.952555075398145,1
2014,17,159,80.19741080277502,1
2014,17,161,60.36115647369424,1
2014,17,163,39.89692081292029,1
2014,17,165,66.37678887280913,1
2014,17,167,66.97864774053357,1
2014,17,169,85.61953313657096,1
2014,17,171,83,1
2014,17,173,84.36388188692834,1
2014,17,175,89.54330842391305,1
2014,17,177,85.63445476377701,1
2014,17,179,71.17135244936411,1
2014,17,181,67.50124858115778,1
2014,17,183,78.34752949624256,1
2014,17,185,77.39138959931799,1
2014,17,187,87.11324786324786,1
2014,17,189,76.53713774351208,1
2014,17,191,79.64184759728153,1
2014,17,193,76.95168052787133,1
2014,17,195,75.56017683772538,1
2014,17,197,38.7841119001683,1
2014,17,199,59.68903424739552,1
2014,17,201,55.869018512050296,1
2014,17,203,83.7175413832927,1
2014,18,001,86.82384965105841,1
2014,18,003,70.22557965594615,1
2014,18,005,62.87375998372081,1
2014,18,007,90,1
2014,18,009,85.56440839694656,1
2014,18,011,74.5433615771529,1
2014,18,013,80.10614302772987,1
2014,18,015,87.00009966115208,1
2014,18,017,84.16883552801445,1
2014,18,019,37.89759562257156,1
2014,18,021,80.91917005634959,1
2014,18,023,83.43777851881045,1
2014,18,025,63.48994927672365,1
2014,18,027,75.2768690135589,1
2014,18,029,68.84091091492778,1
2014,18,031,80.09160539215686,1
2014,18,033,83.17490134921198,1
2014,18,035,77.78982638090616,1
2014,18,037,67.16276974152241,1
2014,18,039,71.22128954015155,1
2014,18,041,82.51266958881236,1
2014,18,043,36.67437790828704,1
2014,18,045,80.6280437595577,1
2014,18,047,81.06031331592689,1
2014,18,049,88.50847950382789,1
2014,18,051,73.90180432322991,1
2014,18,053,82.86980797253041,1
2014,18,055,81.79604584874765,1
2014,18,057,64.51483836229212,1
2014,18,059,72.35786368576308,1
2014,18,061,14.095088739290086,1
2014,18,063,66.4357153738649,1
2014,18,065,83.21071769557356,1
2014,18,067,72.32493909351858,1
2014,18,069,85.70653967910387,1
2014,18,071,63.411343242052546,1
2014,18,073,84.49645665759651,1
2014,18,075,85.06626251233611,1
2014,18,077,66.99417511634357,1
2014,18,079,75.38202884172483,1
2014,18,081,64.7991014611688,1
2014,18,083,75.61365600691444,1
2014,18,085,82.5754981360072,1
2014,18,087,88.28528297889245,1
2014,18,089,54.08661232104473,1
2014,18,091,79.44571536394922,1
2014,18,093,73.80339351751142,1
2014,18,095,77.5999556194907,1
2014,18,097,43.48986224840537,1
2014,18,099,82.89539037251234,1
2014,18,101,78.65805323489411,1
2014,18,103,86.78889377369896,1
2014,18,105,61.270827279749966,1
2014,18,107,83.24377340701359,1
2014,18,109,71.85268880781045,1
2014,18,111,85.62503536067892,1
2014,18,113,87.00684253742341,1
2014,18,115,71.53103902519348,1
2014,18,117,76.21223931970034,1
2014,18,119,80.71830589559589,1
2014,18,121,85.38761627906976,1
2014,18,123,57.87918980053465,1
2014,18,125,76.09966229482447,1
2014,18,127,71.5825870376736,1
2014,18,129,70.43282243282243,1
2014,18,131,89.94402132520945,1
2014,18,133,81.4448155216285,1
2014,18,135,86.2684779659703,1
2014,18,137,76.9596167966155,1
2014,18,139,82.43704438094127,1
2014,18,141,77.38578054519024,1
2014,18,143,67.01644557894296,1
2014,18,145,73.82234176645359,1
2014,18,147,67.72804288517685,1
2014,18,149,87.29291406418264,1
2014,18,151,87.14273179292191,1
2014,18,153,81.18306873321713,1
2014,18,155,70.40232071523683,1
2014,18,157,68.01629662896119,1
2014,18,159,85.75529066802652,1
2014,18,161,84,1
2014,18,163,50.84414270471093,1
2014,18,165,83.38233450351053,1
2014,18,167,66.95827791324909,1
2014,18,169,83.15776191062416,1
2014,18,171,86.58472865455408,1
2014,18,173,63.835772572599026,1
2014,18,175,66.47017882000215,1
2014,18,177,78.39607957870099,1
2014,18,179,86.6212317899899,1
2014,18,181,86.61482540330815,1
2014,18,183,85.25066802774191,1
2014,19,001,94.22537451942198,1
2014,19,003,93.85242570485141,1
2014,19,005,95.3553561334087,1
2014,19,007,90.70103496942136,1
2014,19,009,96,1
2014,19,011,91.56045568642595,1
2014,19,013,81.47595625516306,1
2014,19,015,90.62223657220999,1
2014,19,017,92.69658102201707,1
2014,19,019,93.24242134911921,1
2014,19,021,96.26862170087976,1
2014,19,023,94.06788721101162,1
2014,19,025,96,1
2014,19,027,95.51342865423631,1
2014,19,029,94.30509712282752,1
2014,19,031,89.30232179668005,1
2014,19,033,92.18859679227583,1
2014,19,035,96.08913370055083,1
2014,19,037,95.08248844188499,1
2014,19,039,88.01820336062042,1
2014,19,041,96.30607067351254,1
2014,19,043,94.46329608938548,1
2014,19,045,83.13328401454905,1
2014,19,047,94.7354423778898,1
2014,19,049,87.52111641062615,1
2014,19,051,90.55436394751854,1
2014,19,053,90.54405020516533,1
2014,19,055,93.86528615314597,1
2014,19,057,80.66819818701106,1
2014,19,059,96.1201635361735,1
2014,19,061,87.01541516928314,1
2014,19,063,96.04261025029797,1
2014,19,065,95.00057990624849,1
2014,19,067,95.02055345756206,1
2014,19,069,95.55552402572835,1
2014,19,071,90.66777777777777,1
2014,19,073,94.9671793760832,1
2014,19,075,94.65024590824801,1
2014,19,077,93.81221048730777,1
2014,19,079,89.32161687170475,1
2014,19,081,95.50747203579418,1
2014,19,083,94.65948523497644,1
2014,19,085,90.91219178082191,1
2014,19,087,88.87631826508887,1
2014,19,089,95.16570469094344,1
2014,19,091,95.42143664577125,1
2014,19,093,96.35187014820042,1
2014,19,095,91.43650404510909,1
2014,19,097,90.74236874236874,1
2014,19,099,89.24733760043578,1
2014,19,101,68.8792538884341,1
2014,19,103,79.73536936594495,1
2014,19,105,71.74547483864706,1
2014,19,107,91.23906958787762,1
2014,19,109,96.15520948719619,1
2014,19,111,79.65838771377138,1
2014,19,113,66.099429108488,1
2014,19,115,89.74639540026537,1
2014,19,117,91.27649402390438,1
2014,19,119,96.71121575342465,1
2014,19,121,91.85232580459403,1
2014,19,123,87.63483496877788,1
2014,19,125,88.4773327729074,1
2014,19,127,90.18080738966815,1
2014,19,129,88.78817074802623,1
2014,19,131,95.64696574832465,1
2014,19,133,91.83418952891026,1
2014,19,135,91.26025688988652,1
2014,19,137,92.91591620058773,1
2014,19,139,78.73908579695265,1
2014,19,141,96.64255979679673,1
2014,19,143,97,1
2014,19,145,91.96295354896105,1
2014,19,147,96.57303249487207,1
2014,19,149,95.29041326960922,1
2014,19,151,96.16339869281046,1
2014,19,153,77.25094577836886,1
2014,19,155,70.26289008405526,1
2014,19,157,92.16120436983746,1
2014,19,159,92.43329397874852,1
2014,19,161,96.53060421176934,1
2014,19,163,64.40777291748165,1
2014,19,165,94.5030746219046,1
2014,19,167,96.24158664370567,1
2014,19,169,87.94757393489161,1
2014,19,171,93.28073770491804,1
2014,19,173,93,1
2014,19,175,91.21594710849132,1
2014,19,177,90,1
2014,19,179,83.66553691464723,1
2014,19,181,88.63470610735688,1
2014,19,183,89.2231352140966,1
2014,19,185,91.98433829287393,1
2014,19,187,93.39140083959464,1
2014,19,189,94.92851103804603,1
2014,19,191,95.54540249081452,1
2014,19,193,89.30176220060173,1
2014,19,195,95.6833619664332,1
2014,19,197,93.16275851464596,1
2014,20,001,73.56297305479866,1
2014,20,003,76.73775433308214,1
2014,20,005,73.71655613311825,1
2014,20,007,77.33176806859943,1
2014,20,009,91.36777189291156,1
2014,20,011,69.32052571581842,1
2014,20,013,88.94932500503728,1
2014,20,015,66.29813278322993,1
2014,20,017,81,1
2014,20,019,69,1
2014,20,021,69.74885499787526,1
2014,20,023,98,1
2014,20,025,92,1
2014,20,027,88.39787234042554,1
2014,20,029,91.19279796048438,1
2014,20,031,81,1
2014,20,033,91,1
2014,20,035,71.48780420430374,1
2014,20,037,70.37581790869974,1
2014,20,039,97.33481989708405,1
2014,20,041,85.05442696400387,1
2014,20,043,83.91295546558705,1
2014,20,045,68.4264355382004,1
2014,20,047,93.49434464404524,1
2014,20,049,77,1
2014,20,051,91.63536255973405,1
2014,20,053,89.89399348129753,1
2014,20,055,91.80252837003692,1
2014,20,057,91.77537278927292,1
2014,20,059,75.79530850816754,1
2014,20,061,78.18103022656207,1
2014,20,063,96.39913854989231,1
2014,20,065,95.74404304381245,1
2014,20,067,92.19539205702648,1
2014,20,069,95,1
2014,20,071,98,1
2014,20,073,81.90839107005388,1
2014,20,075,96,1
2014,20,077,78.34270233660683,1
2014,20,079,76.78377446331581,1
2014,20,081,94,1
2014,20,083,95,1
2014,20,085,85,1
2014,20,087,82.09998943587577,1
2014,20,089,95.37058823529412,1
2014,20,091,58.109980804428375,1
2014,20,093,94,1
2014,20,095,84.45626598465473,1
2014,20,097,92,1
2014,20,099,72.07114252061248,1
2014,20,101,97,1
2014,20,103,70.9728912173208,1
2014,20,105,92,1
2014,20,107,74.87927965658047,1
2014,20,109,96,1
2014,20,111,72.91405550581916,1
2014,20,113,82.22205541149174,1
2014,20,115,86.31287799371019,1
2014,20,117,87.83678550089624,1
2014,20,119,93.24077407740774,1
2014,20,121,74.8763314512437,1
2014,20,123,91.91603415559773,1
2014,20,125,56.641292410843306,1
2014,20,127,83.23243801652893,1
2014,20,129,96,1
2014,20,131,88.36217442778216,1
2014,20,133,68.85941773536742,1
2014,20,135,96,1
2014,20,137,96,1
2014,20,139,80.06619239096814,1
2014,20,141,95,1
2014,20,143,90.63637860082305,1
2014,20,145,92.52852421324903,1
2014,20,147,94.78723021582734,1
2014,20,149,83.41328677589757,1
2014,20,151,88.62266857962697,1
2014,20,153,98,1
2014,20,155,81.67710944677141,1
2014,20,157,93.53368940016433,1
2014,20,159,89.35213930348259,1
2014,20,161,77.479201911974,1
2014,20,163,95.60185543100116,1
2014,20,165,94.3705772811918,1
2014,20,167,92.34214686018106,1
2014,20,169,79.68788199236464,1
2014,20,171,96,1
2014,20,173,37.757469411736686,1
2014,20,175,91.18229769715683,1
2014,20,177,70.0986954087346,1
2014,20,179,96.88661417322835,1
2014,20,181,97.17242513984863,1
2014,20,183,95.53664990738291,1
2014,20,185,92,1
2014,20,187,97,1
2014,20,189,93.2715877437326,1
2014,20,191,75.48449269873332,1
2014,20,193,95.72857682144205,1
2014,20,195,96,1
2014,20,197,82.66704577765141,1
2014,20,199,98,1
2014,20,201,92,1
2014,20,203,97,1
2014,20,205,60.554211615996515,1
2014,20,207,74.16512630930376,1
2014,20,209,51.66927119260532,1
2014,21,001,72.47945565363598,1
2014,21,003,67.8919827884663,1
2014,21,005,71.00752400295421,1
2014,21,007,64.64467005076142,1
2014,21,009,63.84795390129067,1
2014,21,011,74.61600673967986,1
2014,21,013,64.26669972373733,1
2014,21,015,47.424254246931646,1
2014,21,017,76.40566793510915,1
2014,21,019,39.34543682222493,1
2014,21,021,69.2356089193825,1
2014,21,023,80.12566497221894,1
2014,21,025,51.51240576740101,1
2014,21,027,66.05015939430166,1
2014,21,029,47.00859474590304,1
2014,21,031,64.37446276471047,1
2014,21,033,63.30846273291925,1
2014,21,035,52.814249229878094,1
2014,21,037,38.08667879212867,1
2014,21,039,70.13536076326774,1
2014,21,041,61.171925305859624,1
2014,21,043,64.12653522358687,1
2014,21,045,76.23553305836771,1
2014,21,047,54.53354392096243,1
2014,21,049,59.28456767603065,1
2014,21,051,47.1575118903292,1
2014,21,053,73.29062009419152,1
2014,21,055,67.57510265830992,1
2014,21,057,72.44457460828818,1
2014,21,059,54.47252409583022,1
2014,21,061,66.2532751091703,1
2014,21,063,71.87726513301632,1
2014,21,065,72.15027153364954,1
2014,21,067,54.08355749114043,1
2014,21,069,78.52726645984143,1
2014,21,071,25.31708752270576,1
2014,21,073,64.98392211517098,1
2014,21,075,62.87969465648855,1
2014,21,077,64.04255319148936,1
2014,21,079,74.74383886255924,1
2014,21,081,69.74180078647586,1
2014,21,083,57.02715548316467,1
2014,21,085,64.71886326829645,1
2014,21,087,74.44868585732165,1
2014,21,089,48.55172413793103,1
2014,21,091,64.44476542639242,1
2014,21,093,52.122642123367264,1
2014,21,095,68.73817144447537,1
2014,21,097,75.53650163600278,1
2014,21,099,65.75921202583166,1
2014,21,101,58.59434409621934,1
2014,21,103,69.24826602709535,1
2014,21,105,71,1
2014,21,107,62.46763345043269,1
2014,21,109,71.64786836200449,1
2014,21,111,27.810066734532292,1
2014,21,113,64.99153242878168,1
2014,21,115,47.69636596836255,1
2014,21,117,40.95075193774511,1
2014,21,119,37.25751285705434,1
2014,21,121,42.32137363844681,1
2014,21,123,66.410912431974,1
2014,21,125,52.529033341731754,1
2014,21,127,57.334574132492115,1
2014,21,129,67.30438744955084,1
2014,21,131,57.82108195542775,1
2014,21,133,59.28675151262257,1
2014,21,135,76.46533795493934,1
2014,21,137,77.04057687606942,1
2014,21,139,24.73472413427936,1
2014,21,141,57.7185963343764,1
2014,21,143,53.282828282828284,1
2014,21,145,37.16150736135479,1
2014,21,147,66.14413766391856,1
2014,21,149,67.9794952681388,1
2014,21,151,55.405638416096394,1
2014,21,153,52.53540838176812,1
2014,21,155,71.36694214876033,1
2014,21,157,23.847067866636774,1
2014,21,159,33.76094117647059,1
2014,21,161,74.8608460742614,1
2014,21,163,42.43957812553505,1
2014,21,165,76.83604229130503,1
2014,21,167,73.45150391816433,1
2014,21,169,72.44,1
2014,21,171,70.7274153363477,1
2014,21,173,67.19771708112515,1
2014,21,175,71.95170832717054,1
2014,21,177,64.31607785671052,1
2014,21,179,49.53848239707145,1
2014,21,181,78.29827293318233,1
2014,21,183,65.64568375354817,1
2014,21,185,56.91494223072062,1
2014,21,187,76.66545623836127,1
2014,21,189,61.580025608194624,1
2014,21,191,76.79210490370168,1
2014,21,193,40.53911751176533,1
2014,21,195,39.30183286735011,1
2014,21,197,73.54987253027406,1
2014,21,199,64.10939296118416,1
2014,21,201,83,1
2014,21,203,71.37418213969939,1
2014,21,205,70.79944645518415,1
2014,21,207,70.55491329479769,1
2014,21,209,63.891288872617814,1
2014,21,211,58.54789931392121,1
2014,21,213,49.42863654492621,1
2014,21,215,65.04121935817211,1
2014,21,217,60.04281894728441,1
2014,21,219,62.09288743099448,1
2014,21,221,61.71408559221125,1
2014,21,223,70.23979128856624,1
2014,21,225,69.4315429173249,1
2014,21,227,44.43938243050636,1
2014,21,229,74.88627748294162,1
2014,21,231,70.32014666152065,1
2014,21,233,68.85744016649323,1
2014,21,235,48.49022695952977,1
2014,21,237,68.49841880929465,1
2014,21,239,69.05041549043776,1
2014,22,001,36.82445873837275,1
2014,22,003,22.730606048810866,1
2014,22,005,1.1955248067813513,1
2014,22,007,18.091713422529132,1
2014,22,009,43.14318334775503,1
2014,22,011,14.771137389570468,1
2014,22,013,30.32983996601048,1
2014,22,015,22.69207172033662,1
2014,22,017,22.10764727291227,1
2014,22,019,3.1043638396864726,1
2014,22,021,38.56324940047961,1
2014,22,023,17.884254431699688,1
2014,22,025,48.13238586586197,1
2014,22,027,33.74073853838378,1
2014,22,029,48.24154495608715,1
2014,22,031,25.72411747256007,1
2014,22,033,2.117933354072832,1
2014,22,035,56.72744014732965,1
2014,22,037,21.11660989781607,1
2014,22,039,33.23198531588608,1
2014,22,041,48.848776943569874,1
2014,22,043,26.90175736707955,1
2014,22,045,26.55612666983115,1
2014,22,047,2.511131086142322,1
2014,22,049,28.411815544169393,1
2014,22,051,13.729138283378747,1
2014,22,053,40.71672170710021,1
2014,22,055,30.254563392015434,1
2014,22,057,20.40240654085463,1
2014,22,059,38.11711711711712,1
2014,22,061,25.615837266896683,1
2014,22,063,6.614853208232446,1
2014,22,065,37.63307794803465,1
2014,22,067,39.001903437168274,1
2014,22,069,26.77486724764349,1
2014,22,071,12.836343252993407,1
2014,22,073,24.460926683195414,1
2014,22,075,46.69666595880229,1
2014,22,077,25.88224117361142,1
2014,22,079,24.78142799869893,1
2014,22,081,30.44433255007273,1
2014,22,083,44.79002158791077,1
2014,22,085,37.75636168986247,1
2014,22,087,14.368244393637204,1
2014,22,089,0.17378744108256045,1
2014,22,091,20.505714546950717,1
2014,22,093,1.0560095491690387,1
2014,22,095,0,1
2014,22,097,33.179590028496854,1
2014,22,099,34.32552107983265,1
2014,22,101,40.38611854826714,1
2014,22,103,27.615151742600517,1
2014,22,105,14.936773413897281,1
2014,22,107,52.436301916932905,1
2014,22,109,28.932591582194405,1
2014,22,111,30.112540335057243,1
2014,22,113,31.413462847033205,1
2014,22,115,21.52535765649837,1
2014,22,117,23.09094022216039,1
2014,22,119,28.250036683785765,1
2014,22,121,2.2410153201626484,1
2014,22,123,56.658913383093214,1
2014,22,125,31.671488537294156,1
2014,22,127,27.9124,1
2014,23,001,86.46510654136038,1
2014,23,003,95.99879693714351,1
2014,23,005,83.0623630653664,1
2014,23,007,95.05593902319343,1
2014,23,009,95.20311097268281,1
2014,23,011,88.42753915412281,1
2014,23,013,95.25453307442059,1
2014,23,015,93.8566463183106,1
2014,23,017,93.92108420119268,1
2014,23,019,89.53028439011372,1
2014,23,021,94.18105494760002,1
2014,23,023,88.55860064953563,1
2014,23,025,91.63442293574437,1
2014,23,027,94.99401089862225,1
2014,23,029,97.1134981634102,1
2014,23,031,85.8325977459861,1
2014,24,001,83.86021141991998,1
2014,24,003,46.04337151465919,1
2014,24,005,48.973646235875364,1
2014,24,009,72.14847482543183,1
2014,24,011,80.28447144296224,1
2014,24,013,72.92893625409948,1
2014,24,015,70.25646591947192,1
2014,24,017,59.82802066772655,1
2014,24,019,78.23630956031153,1
2014,24,021,63.972238592619526,1
2014,24,023,93.5310736349975,1
2014,24,025,67.26607372524987,1
2014,24,027,43.515018261163036,1
2014,24,029,76.85206834532374,1
2014,24,031,35.848010172253744,1
2014,24,033,34.58236207621467,1
2014,24,035,74.0329073680299,1
2014,24,037,72.98126705509256,1
2014,24,039,82.24903614917739,1
2014,24,041,76.7364490420647,1
2014,24,043,55.641770698327214,1
2014,24,045,62.326103849525786,1
2014,24,047,88.75421854998254,1
2014,24,510,31.7112383511364,1
2014,25,001,95.32903279778033,1
2014,25,003,93.60191905523435,1
2014,25,005,82.10854073475906,1
2014,25,007,97.48950635530593,1
2014,25,009,70.98744248377663,1
2014,25,011,86.50415147265078,1
2014,25,013,61.66149423192774,1
2014,25,015,77.78822788284018,1
2014,25,017,59.007370284550525,1
2014,25,019,97.91309775302477,1
2014,25,021,65.64331927481474,1
2014,25,023,83.34412866534072,1
2014,25,025,35.48213731803061,1
2014,25,027,83.35915662292204,1
2014,26,001,97.22088767945951,1
2014,26,003,98.30012610340479,1
2014,26,005,88.22215987030802,1
2014,26,007,96.55488680664797,1
2014,26,009,96.24657651489215,1
2014,26,011,95.67437676689796,1
2014,26,013,98.0695652173913,1
2014,26,015,89.81333852166411,1
2014,26,017,88.31572557296823,1
2014,26,019,97.40830945558739,1
2014,26,021,84.30040002051388,1
2014,26,023,89.53406118503355,1
2014,26,025,84.85733629300776,1
2014,26,027,85.93588584834907,1
2014,26,029,96.76895306859205,1
2014,26,031,97.36586499360985,1
2014,26,033,92.82412527779213,1
2014,26,035,96.04713181316183,1
2014,26,037,88.00239281371357,1
2014,26,039,95.48030987734022,1
2014,26,041,96.4277842620993,1
2014,26,043,96.02164999808407,1
2014,26,045,86.61333629407574,1
2014,26,047,96.92409331146347,1
2014,26,049,83.90845184806547,1
2014,26,051,95.19598421813352,1
2014,26,053,97.67105099114823,1
2014,26,055,93.24037715916882,1
2014,26,057,93.37487219725611,1
2014,26,059,91.5502139060542,1
2014,26,061,98.58961866136802,1
2014,26,063,97.05162182936203,1
2014,26,065,82.51257777054239,1
2014,26,067,89.83656371139178,1
2014,26,069,96.9079752195734,1
2014,26,071,97.79078777442962,1
2014,26,073,91.76881400164525,1
2014,26,075,84.58532330375733,1
2014,26,077,81.54846784635305,1
2014,26,079,96.60980004650081,1
2014,26,081,66.32918955898866,1
2014,26,083,99,1
2014,26,085,96.43460764587525,1
2014,26,087,90.16316714877205,1
2014,26,089,97.09922259533558,1
2014,26,091,79.48550731938302,1
2014,26,093,82.1100925440894,1
2014,26,095,97.3367628992629,1
2014,26,097,97.9360108303249,1
2014,26,099,55.48402748506477,1
2014,26,101,96.7468323487472,1
2014,26,103,97.73618123935736,1
2014,26,105,95.30088834697789,1
2014,26,107,95.08559663165687,1
2014,26,109,92.52965852840003,1
2014,26,111,82.94775173403492,1
2014,26,113,96.45248898972375,1
2014,26,115,77.94899602919438,1
2014,26,117,92.32479459442312,1
2014,26,119,95.17462655165158,1
2014,26,121,86.53012934254762,1
2014,26,123,93.75821801105431,1
2014,26,125,70.44558231582948,1
2014,26,127,95.79331433998101,1
2014,26,129,95.6540027137042,1
2014,26,131,98.29218362282879,1
2014,26,133,95.97985167402581,1
2014,26,135,96,1
2014,26,137,95.77625797894387,1
2014,26,139,84.78414722289145,1
2014,26,141,96.92100853138331,1
2014,26,143,96.48978915537882,1
2014,26,145,87.6389921457363,1
2014,26,147,83.88397470933121,1
2014,26,149,87.09992130889538,1
2014,26,151,95.9828136450675,1
2014,26,153,98.31000599161175,1
2014,26,155,88.64375368424079,1
2014,26,157,93.65261428962496,1
2014,26,159,89.2323704164406,1
2014,26,161,77.06978438145532,1
2014,26,163,55.722472428575735,1
2014,26,165,95.13954555185174,1
2014,27,001,97.23365071410674,1
2014,27,003,42.079978353691175,1
2014,27,005,96.26074429043705,1
2014,27,007,94.20877177469272,1
2014,27,009,84.5455361723961,1
2014,27,011,90.29536679536679,1
2014,27,013,83.3567521631644,1
2014,27,015,81.91459256065535,1
2014,27,017,95.31270110076207,1
2014,27,019,82.47574618944508,1
2014,27,021,97.34702972034107,1
2014,27,023,92.23073150796894,1
2014,27,025,80.83326517714413,1
2014,27,027,86.05917110657438,1
2014,27,029,97.69582140812823,1
2014,27,031,99,1
2014,27,033,74.81380609797876,1
2014,27,035,96.73971383147854,1
2014,27,037,59.1792607534505,1
2014,27,039,92.91855181270374,1
2014,27,041,95.44442918737813,1
2014,27,043,93.85436283741369,1
2014,27,045,94.97524229920353,1
2014,27,047,93.39324611716182,1
2014,27,049,91.05464433701657,1
2014,27,051,97,1
2014,27,053,35.19213134801295,1
2014,27,055,92.53263693727133,1
2014,27,057,97.45740325567795,1
2014,27,059,88.37792615868028,1
2014,27,061,96.07489570227138,1
2014,27,063,89.64171539961013,1
2014,27,065,94.41096742103954,1
2014,27,067,95.00725493903015,1
2014,27,069,98,1
2014,27,071,97.02527020855534,1
2014,27,073,96.85259301014656,1
2014,27,075,97.42989528310629,1
2014,27,077,98,1
2014,27,079,91.79665909008912,1
2014,27,081,98,1
2014,27,083,96.28902969989115,1
2014,27,085,92.29296140661285,1
2014,27,087,98,1
2014,27,089,97.42669630570552,1
2014,27,091,93.85010967584694,1
2014,27,093,95.51777768177301,1
2014,27,095,94.18747827430381,1
2014,27,097,95.94832698009319,1
2014,27,099,90.76203194953194,1
2014,27,101,97.61705101327743,1
2014,27,103,85.26899128268991,1
2014,27,105,96.02654129417759,1
2014,27,107,98,1
2014,27,109,87.34697587345944,1
2014,27,111,96.81564693383493,1
2014,27,113,95.85556584288868,1
2014,27,115,94.87664837973217,1
2014,27,117,97.36951206548315,1
2014,27,119,94.90034777110338,1
2014,27,121,96.69322126804312,1
2014,27,123,20.067526114356422,1
2014,27,125,93.06460329157456,1
2014,27,127,93.00429455601869,1
2014,27,129,94.92502936186872,1
2014,27,131,86.31094109117834,1
2014,27,133,96.24700114738708,1
2014,27,135,97.75792859440334,1
2014,27,137,92.12456933731546,1
2014,27,139,79.07243448852577,1
2014,27,141,84.30038988526233,1
2014,27,143,91.66766030736619,1
2014,27,145,85.57899662554044,1
2014,27,147,90.56081377495065,1
2014,27,149,95.36243331965531,1
2014,27,151,95.66277858779421,1
2014,27,153,96.92650886611355,1
2014,27,155,92.95513748191027,1
2014,27,157,90.83607167791483,1
2014,27,159,97.29096989966555,1
2014,27,161,92.72384587232708,1
2014,27,163,55.893540841366146,1
2014,27,165,91.02340597255852,1
2014,27,167,95.48285322359396,1
2014,27,169,88.32225797016672,1
2014,27,171,86.96815976637934,1
2014,27,173,95.22378579106811,1
2014,28,001,42.46994314828047,1
2014,28,003,37.253601223208776,1
2014,28,005,32.82750636721463,1
2014,28,007,31.55706366885976,1
2014,28,009,40.3684824448851,1
2014,28,011,55.377521274402994,1
2014,28,013,33.92978909776969,1
2014,28,015,44.85793818391246,1
2014,28,017,29.926680478821364,1
2014,28,019,32.65424455292297,1
2014,28,021,39.04469987228608,1
2014,28,023,19.47652795444909,1
2014,28,025,20.07220534927011,1
2014,28,027,58.97543777177106,1
2014,28,029,25.27618161774838,1
2014,28,031,25.07571172095409,1
2014,28,033,34.47860657019475,1
2014,28,035,17.80570910857548,1
2014,28,037,33.408358509566966,1
2014,28,039,28.285540069686412,1
2014,28,041,26,1
2014,28,043,33.1556325023084,1
2014,28,045,46.61299184686281,1
2014,28,047,37.80516964345683,1
2014,28,049,17.045136464743226,1
2014,28,051,38.48684418665964,1
2014,28,053,55.42697122776192,1
2014,28,055,57,1
2014,28,057,31.544052957505873,1
2014,28,059,29.460426266459336,1
2014,28,061,14.781266854437586,1
2014,28,063,43.24011003405816,1
2014,28,065,29.175371900826445,1
2014,28,067,16.290978864265522,1
2014,28,069,23.131425800193988,1
2014,28,071,34.74026981852913,1
2014,28,073,23.294634549777733,1
2014,28,075,13.522445521486151,1
2014,28,077,25.58594491927825,1
2014,28,079,24.48078568983225,1
2014,28,081,22.01094717926893,1
2014,28,083,46.69013596877754,1
2014,28,085,25.4026533425224,1
2014,28,087,9.806498593812776,1
2014,28,089,20.511944596540324,1
2014,28,091,27.146924269348556,1
2014,28,093,42.128562070094986,1
2014,28,095,15.570651128274195,1
2014,28,097,35.6128455896182,1
2014,28,099,23.962663873496417,1
2014,28,101,21.77190715703013,1
2014,28,103,20.89172597864769,1
2014,28,105,20.769999383211005,1
2014,28,107,45.57779580954589,1
2014,28,109,26.222180022787693,1
2014,28,111,23.075741394890333,1
2014,28,113,22.917182720286505,1
2014,28,115,32.1617831039705,1
2014,28,117,38.219748993606444,1
2014,28,119,57.32903062515819,1
2014,28,121,19.575620519235926,1
2014,28,123,22.73142130545352,1
2014,28,125,56.04777460187832,1
2014,28,127,26.883391066545123,1
2014,28,129,21.271659324522762,1
2014,28,131,26.20818237556435,1
2014,28,133,58.85357067175249,1
2014,28,135,55.64209203914309,1
2014,28,137,44.63133382358091,1
2014,28,139,38.864243962118806,1
2014,28,141,37.55611304525906,1
2014,28,143,60.53746574695266,1
2014,28,145,33.39675334108077,1
2014,28,147,32.75961919873066,1
2014,28,149,34.12710442939678,1
2014,28,151,52.929793357048645,1
2014,28,153,23.149580321187717,1
2014,28,155,34.12116701399226,1
2014,28,157,36.615546883240164,1
2014,28,159,24.54983582247643,1
2014,28,161,40.96991876457814,1
2014,28,163,39.423422139905966,1
2014,29,001,86.3264565946494,1
2014,29,003,83.40908305992056,1
2014,29,005,88.24347826086957,1
2014,29,007,77.17736084565277,1
2014,29,009,66.6474594321908,1
2014,29,011,66.96402409246296,1
2014,29,013,74.84213349225269,1
2014,29,015,69.1696640472549,1
2014,29,017,66.7575439728901,1
2014,29,019,62.670097701286046,1
2014,29,021,73.40960060757683,1
2014,29,023,54.671648392578625,1
2014,29,025,86,1
2014,29,027,73.14621316008363,1
2014,29,029,64.28097007270986,1
2014,29,031,31.361127338344303,1
2014,29,033,84.13945615376215,1
2014,29,035,60.44007639662581,1
2014,29,037,72.50130059099652,1
2014,29,039,74.45665612420932,1
2014,29,041,84.87239549631164,1
2014,29,043,59.83566670006011,1
2014,29,045,87.33038137408941,1
2014,29,047,58.51874254333637,1
2014,29,049,81.67739109272328,1
2014,29,051,58.96219872818151,1
2014,29,053,68.0174011941996,1
2014,29,055,62.72301458670989,1
2014,29,057,71.16723104975254,1
2014,29,059,69.80122655122655,1
2014,29,061,86.80081691494473,1
2014,29,063,85.22894572676232,1
2014,29,065,69.48963714048848,1
2014,29,067,65.89591160220995,1
2014,29,069,61.59802379004343,1
2014,29,071,57.74813634664936,1
2014,29,073,74.84441188224324,1
2014,29,075,90,1
2014,29,077,48.47290108566685,1
2014,29,079,87.48059149722735,1
2014,29,081,87.60602615122228,1
2014,29,083,70.84679678322942,1
2014,29,085,72.29299363057325,1
2014,29,087,86.52566560170393,1
2014,29,089,79.58970833742512,1
2014,29,091,57.85215844226445,1
2014,29,093,72.46815042210284,1
2014,29,095,54.834758990042275,1
2014,29,097,54.52096652877022,1
2014,29,099,52.06265472120712,1
2014,29,101,76.58117262755434,1
2014,29,103,88.46444335458558,1
2014,29,105,55.78269187485933,1
2014,29,107,75.13257129033234,1
2014,29,109,50.58687934005117,1
2014,29,111,84.50766509433963,1
2014,29,113,69.21736690485989,1
2014,29,115,85.57443572915,1
2014,29,117,84.25009977384595,1
2014,29,119,66.96380902367511,1
2014,29,121,84.12326914407161,1
2014,29,123,71.41997895248117,1
2014,29,125,73.32116948779952,1
2014,29,127,76.89439744834281,1
2014,29,129,89.85194109772424,1
2014,29,131,67.62059827343907,1
2014,29,133,61.787895769123004,1
2014,29,135,76.72695464088046,1
2014,29,137,83.88687679083094,1
2014,29,139,77.24224323875892,1
2014,29,141,70.48252436743132,1
2014,29,143,61.31909737182249,1
2014,29,145,62.923350885264895,1
2014,29,147,86.09933035714286,1
2014,29,149,55.834168564920276,1
2014,29,151,74.1776715899218,1
2014,29,153,57.50176862255514,1
2014,29,155,58.2635757912271,1
2014,29,157,53.127927738682914,1
2014,29,159,72.86845284627958,1
2014,29,161,62.99026413253199,1
2014,29,163,80.85855812200506,1
2014,29,165,59.4785401903439,1
2014,29,167,67.3598097808624,1
2014,29,169,64.08134150685189,1
2014,29,171,90.54571370392995,1
2014,29,173,80.91549295774648,1
2014,29,175,80.05419129606855,1
2014,29,177,80.90796857463525,1
2014,29,179,68.89343768813967,1
2014,29,181,61.63830392714855,1
2014,29,183,39.91639375738613,1
2014,29,185,72.31366427307732,1
2014,29,186,63.870011655658544,1
2014,29,187,63.30501572637625,1
2014,29,189,30.507903156964606,1
2014,29,195,76.56670804263152,1
2014,29,197,90,1
2014,29,199,89.5738379267791,1
2014,29,201,52.055880624473005,1
2014,29,203,60.22188995215311,1
2014,29,205,87.04503055644902,1
2014,29,207,53.539077149745516,1
2014,29,209,62.301933972715474,1
2014,29,211,89.0627385132041,1
2014,29,213,52.723128508457975,1
2014,29,215,71.4096759187471,1
2014,29,217,67.71039839878003,1
2014,29,219,63.81115474776996,1
2014,29,221,68.76605742045952,1
2014,29,223,65.6789277736411,1
2014,29,225,70.14881654370423,1
2014,29,227,91,1
2014,29,229,68.24874764341503,1
2014,29,510,20.137578554687867,1
2014,30,001,99,1
2014,30,003,94.78224634910926,1
2014,30,005,98.4257907542579,1
2014,30,007,98,1
2014,30,009,98.54961232701933,1
2014,30,011,99,1
2014,30,013,92.74919771088307,1
2014,30,015,98.65557262331455,1
2014,30,017,95.66374589266155,1
2014,30,019,99,1
2014,30,021,96.51599956611346,1
2014,30,023,99,1
2014,30,025,98,1
2014,30,027,99,1
2014,30,029,77.42236367769803,1
2014,30,031,96.01235124801306,1
2014,30,033,99,1
2014,30,035,99,1
2014,30,037,99,1
2014,30,039,98,1
2014,30,041,98.23968601679445,1
2014,30,043,97.77261229829917,1
2014,30,045,99,1
2014,30,047,91.63007555110912,1
2014,30,049,94.63453344037548,1
2014,30,051,99,1
2014,30,053,86.45597532767925,1
2014,30,055,99,1
2014,30,057,99,1
2014,30,059,99,1
2014,30,061,88.95555555555555,1
2014,30,063,80.45444145174802,1
2014,30,065,98.58718487394958,1
2014,30,067,98.67990026850786,1
2014,30,069,98,1
2014,30,071,98,1
2014,30,073,99,1
2014,30,075,98,1
2014,30,077,98,1
2014,30,079,98,1
2014,30,081,93.4531496062992,1
2014,30,083,98,1
2014,30,085,98.57545345732437,1
2014,30,087,95.9196572040707,1
2014,30,089,86.6588411149213,1
2014,30,091,99,1
2014,30,093,98.16241077128431,1
2014,30,095,96.57390926850445,1
2014,30,097,99,1
2014,30,099,98.38090534979423,1
2014,30,101,98.29109062980031,1
2014,30,103,97,1
2014,30,105,98.62303804203246,1
2014,30,107,99,1
2014,30,109,99,1
2014,30,111,82.8644819530813,1
2014,31,001,64.98522104726717,1
2014,31,003,98,1
2014,31,005,99,1
2014,31,007,99,1
2014,31,009,98,1
2014,31,011,97.65173945225759,1
2014,31,013,97.79607357622922,1
2014,31,015,98,1
2014,31,017,98,1
2014,31,019,93.36551447623872,1
2014,31,021,93.5576980568012,1
2014,31,023,94.63618864292589,1
2014,31,025,87.40161959312661,1
2014,31,027,97,1
2014,31,029,98,1
2014,31,031,99,1
2014,31,033,97.56571087216248,1
2014,31,035,95,1
2014,31,037,94.0146499238965,1
2014,31,039,95.77964981830195,1
2014,31,041,97.63373382624769,1
2014,31,043,88.72232322265812,1
2014,31,045,94.76960945191992,1
2014,31,047,95.79091096880809,1
2014,31,049,98,1
2014,31,051,96.55966101694915,1
2014,31,053,73.07506395950139,1
2014,31,055,66.50312301692662,1
2014,31,057,98,1
2014,31,059,95,1
2014,31,061,96,1
2014,31,063,98,1
2014,31,065,97,1
2014,31,067,85.15245100278679,1
2014,31,069,98,1
2014,31,071,98,1
2014,31,073,97,1
2014,31,075,99,1
2014,31,077,98,1
2014,31,079,89.0565896750411,1
2014,31,081,94.4894482303803,1
2014,31,083,96,1
2014,31,085,98,1
2014,31,087,98,1
2014,31,089,97.62595858895706,1
2014,31,091,99,1
2014,31,093,96,1
2014,31,095,91.14670219853431,1
2014,31,097,90.04113557358053,1
2014,31,099,96,1
2014,31,101,94.07506702412869,1
2014,31,103,99,1
2014,31,105,99,1
2014,31,107,97.7163186749096,1
2014,31,109,75.67626631622669,1
2014,31,111,94.8370777167582,1
2014,31,113,98,1
2014,31,115,98,1
2014,31,117,99,1
2014,31,119,94.27000541264279,1
2014,31,121,95.2578947368421,1
2014,31,123,98,1
2014,31,125,97,1
2014,31,127,90,1
2014,31,129,95.5188445046265,1
2014,31,131,77.9328253968254,1
2014,31,133,91,1
2014,31,135,98,1
2014,31,137,96.35346610077266,1
2014,31,139,97,1
2014,31,141,87.17725103894105,1
2014,31,143,96,1
2014,31,145,95.93232056763395,1
2014,31,147,88.86949131965521,1
2014,31,149,99,1
2014,31,151,91.7863379199553,1
2014,31,153,75.45612967370673,1
2014,31,155,91.01677289500168,1
2014,31,157,95.18920312669634,1
2014,31,159,91.98287974496724,1
2014,31,161,99,1
2014,31,163,97,1
2014,31,165,99,1
2014,31,167,94.05366492146597,1
2014,31,169,94.49422410473623,1
2014,31,171,98,1
2014,31,173,95,1
2014,31,175,97.41391426563598,1
2014,31,177,85.55783655744177,1
2014,31,179,96.3656197301855,1
2014,31,181,96.5207607822127,1
2014,31,183,98,1
2014,31,185,93.11219830397913,1
2014,32,001,83.87982092249558,1
2014,32,003,30.18248084834746,1
2014,32,005,84.6315264665323,1
2014,32,007,97.52779902335706,1
2014,32,009,99,1
2014,32,011,98,1
2014,32,013,95.67299888255013,1
2014,32,015,96,1
2014,32,017,95.22112836046952,1
2014,32,019,86.57717288043584,1
2014,32,021,96,1
2014,32,023,87.92812893008524,1
2014,32,027,92,1
2014,32,029,83,1
2014,32,031,59.79032059257881,1
2014,32,033,99,1
2014,32,510,76.82241827433467,1
2014,33,001,88.88325698731992,1
2014,33,003,93.48279192826995,1
2014,33,005,89.54079847511619,1
2014,33,007,97.06294640084467,1
2014,33,009,92.29646374216652,1
2014,33,011,68.45755457127535,1
2014,33,013,82.79980255991285,1
2014,33,015,79.10961632773713,1
2014,33,017,84.63417398924325,1
2014,33,019,90.08736226929385,1
2014,34,001,78.30090983383275,1
2014,34,003,33.63398141790591,1
2014,34,005,44.45449678444091,1
2014,34,007,27.585960299005915,1
2014,34,009,88.89450179673058,1
2014,34,011,73.5650241832128,1
2014,34,013,29.46213349273571,1
2014,34,015,31.32719835694931,1
2014,34,017,12.10476455156533,1
2014,34,019,65.04633676802423,1
2014,34,021,50.866685970675945,1
2014,34,023,43.56791004385678,1
2014,34,025,62.3178614646293,1
2014,34,027,68.20805547341295,1
2014,34,029,70.94207043874148,1
2014,34,031,39.74005496603701,1
2014,34,033,53.154898398497735,1
2014,34,035,56.20249829633956,1
2014,34,037,80.419380752682315,1
2014,34,039,29.604268610289857,1
2014,34,041,58.6299710101836,1
2014,35,001,64.37593103663977,1
2014,35,003,98,1
2014,35,005,75.98522399392559,1
2014,35,006,91.4826226635514,1
2014,35,007,98.73243365500603,1
2014,35,009,93.48940665298069,1
2014,35,011,93,1
2014,35,013,59.00201463309258,1
2014,35,015,75.02343436553963,1
2014,35,017,96.64723748421663,1
2014,35,019,93,1
2014,35,021,98,1
2014,35,023,80.6191381495564,1
2014,35,025,84.13423350678869,1
2014,35,027,98.40422577125285,1
2014,35,028,97.66746411483254,1
2014,35,029,75.83893854972541,1
2014,35,031,96.20554993021537,1
2014,35,033,99,1
2014,35,035,91.96561950622946,1
2014,35,037,92.67229653139877,1
2014,35,039,95.63558709998755,1
2014,35,041,93.87904310989285,1
2014,35,043,81.38679349956728,1
2014,35,045,74.52474128048493,1
2014,35,047,97.76608187134502,1
2014,35,049,91.30765026202336,1
2014,35,051,90.45048411754713,1
2014,35,053,94.0019309404816,1
2014,35,055,98.07000242747907,1
2014,35,057,96.07975307102326,1
2014,35,059,99,1
2014,35,061,84.19190638075314,1
2014,36,001,66.82055310919758,1
2014,36,003,96.92760452187571,1
2014,36,005,5.4510657324292815,1
2014,36,007,84.78847266306836,1
2014,36,009,95.86568762043906,1
2014,36,011,91.6741862835143,1
2014,36,013,92.67238461768846,1
2014,36,015,90.82029972598414,1
2014,36,017,94.13924761370016,1
2014,36,019,91.84510381405126,1
2014,36,021,82.87045181927229,1
2014,36,023,93.59035973268875,1
2014,36,025,96.43876924380069,1
2014,36,027,71.89017658556313,1
2014,36,029,73.29637208453623,1
2014,36,031,96.12259418509419,1
2014,36,033,95.97949833035645,1
2014,36,035,90.58702387461273,1
2014,36,037,92.96499279756122,1
2014,36,039,86.94991566909376,1
2014,36,041,97.66046414384277,1
2014,36,043,92.23379813148036,1
2014,36,045,95.33275013668671,1
2014,36,047,5.147902151897405,1
2014,36,049,96.72706523339714,1
2014,36,051,95.03484051983288,1
2014,36,053,93.52298194717521,1
2014,36,055,78.76596762895748,1
2014,36,057,87.33660987768013,1
2014,36,059,41.37396314677688,1
2014,36,061,2.771180513075276,1
2014,36,063,74.74100003256223,1
2014,36,065,87.9160055397873,1
2014,36,067,78.87010255511429,1
2014,36,069,92.72663454920854,1
2014,36,071,76.60119940830614,1
2014,36,073,93.03480655182152,1
2014,36,075,92.1336029393633,1
2014,36,077,95.33688368027452,1
2014,36,079,78.99394164317883,1
2014,36,081,9.565857172799111,1
2014,36,083,78.00446741854637,1
2014,36,085,24.295678674589944,1
2014,36,087,64.4760234579774,1
2014,36,089,93.66045618890327,1
2014,36,091,77.41890325016179,1
2014,36,093,75.20068566420498,1
2014,36,095,96.21068018536373,1
2014,36,097,94.97486184852097,1
2014,36,099,90.46747275204359,1
2014,36,101,94.5639677709595,1
2014,36,103,70.13070749740231,1
2014,36,105,91.93769182749831,1
2014,36,107,90.6549223208624,1
2014,36,109,89.41756558989717,1
2014,36,111,80.76600513221511,1
2014,36,113,79.93128708631554,1
2014,36,115,82.88159275154983,1
2014,36,117,92.02301721446489,1
2014,36,119,41.18358984910409,1
2014,36,121,96.19693370762255,1
2014,36,123,95.58348166607334,1
2014,37,001,44.5332470253004,1
2014,37,003,47.94431741761937,1
2014,37,005,90.26079825041006,1
2014,37,007,43.485651298034895,1
2014,37,009,91.04857763220845,1
2014,37,011,92.06539263769096,1
2014,37,013,74.08077836383886,1
2014,37,015,78.14600764134062,1
2014,37,017,63.49514535300014,1
2014,37,019,73.06109452912574,1
2014,37,021,71.62057081181852,1
2014,37,023,52.879175724235836,1
2014,37,025,30.09278082821671,1
2014,37,027,54.71541271000731,1
2014,37,029,83.48859484546263,1
2014,37,031,79.43897658103786,1
2014,37,033,61.809521770775355,1
2014,37,035,36.46141644600115,1
2014,37,037,48.5865404996215,1
2014,37,039,79.27979083812049,1
2014,37,041,82.10535264911923,1
2014,37,043,82.77769404672193,1
2014,37,045,39.959133628827054,1
2014,37,047,62.119279454722495,1
2014,37,049,62.06830569740088,1
2014,37,051,38.83320575107879,1
2014,37,053,87.21567817611101,1
2014,37,055,90.98192875760209,1
2014,37,057,40.25020025069553,1
2014,37,059,48.700997319552776,1
2014,37,061,68.01199226305609,1
2014,37,063,33.32424527834234,1
2014,37,065,64.58828591405367,1
2014,37,067,40.858093429760146,1
2014,37,069,54.45521118545761,1
2014,37,071,27.34634488120204,1
2014,37,073,78.77561673823357,1
2014,37,075,87.43406153494224,1
2014,37,077,48.01447674920197,1
2014,37,079,71.90118484522081,1
2014,37,081,34.979746415944135,1
2014,37,083,57.95437057413155,1
2014,37,085,46.07788059676982,1
2014,37,087,85.51779299125602,1
2014,37,089,71.69517313746066,1
2014,37,091,72.79223221586263,1
2014,37,093,39.66256945277212,1
2014,37,095,92,1
2014,37,097,36.756808323977445,1
2014,37,099,87.17926991477412,1
2014,37,101,52.404532829939036,1
2014,37,103,64.74391201885311,1
2014,37,105,34.58462501692162,1
2014,37,107,66.90508503257466,1
2014,37,109,41.197188800748975,1
2014,37,111,71.71275176737362,1
2014,37,113,82.9956560283688,1
2014,37,115,84.41009975657487,1
2014,37,117,76.73708606506034,1
2014,37,119,17.895368094992257,1
2014,37,121,88.64733420026008,1
2014,37,123,41.278867733294724,1
2014,37,125,43.82685832256925,1
2014,37,127,58.67625612036901,1
2014,37,129,44.34602502075521,1
2014,37,131,66.44265603003285,1
2014,37,133,53.255088262145954,1
2014,37,135,41.70874521945001,1
2014,37,137,78.52166590108712,1
2014,37,139,80.0867447120523,1
2014,37,141,67.30635582278948,1
2014,37,143,84.80935811060931,1
2014,37,145,58.500089051726334,1
2014,37,147,64.87024321785222,1
2014,37,149,64.95666273584905,1
2014,37,151,45.69975962214288,1
2014,37,153,42.69132284042576,1
2014,37,155,52.54265341368141,1
2014,37,157,56.463748083194744,1
2014,37,159,34.59531559683463,1
2014,37,161,47.51362736487995,1
2014,37,163,61.93339807650136,1
2014,37,165,42.82838430371316,1
2014,37,167,36.546958862484104,1
2014,37,169,66.25391608690084,1
2014,37,171,71.03161150549795,1
2014,37,173,85.64136460554371,1
2014,37,175,84.62207449230489,1
2014,37,177,87,1
2014,37,179,31.528557169260747,1
2014,37,181,53.54293524156629,1
2014,37,183,37.30349507040849,1
2014,37,185,62.01754896257514,1
2014,37,187,80.04198800342759,1
2014,37,189,88.7034660809587,1
2014,37,191,57.46211309259991,1
2014,37,193,70.70487603664625,1
2014,37,195,57.01343574767789,1
2014,37,197,62.93727198761187,1
2014,37,199,90.12965689049938,1
2014,38,001,99,1
2014,38,003,98.40474044700792,1
2014,38,005,99,1
2014,38,007,99,1
2014,38,009,98.33226934184526,1
2014,38,011,99,1
2014,38,013,99,1
2014,38,015,89.7366422408287,1
2014,38,017,77.98230206085762,1
2014,38,019,99,1
2014,38,021,99,1
2014,38,023,99,1
2014,38,025,98,1
2014,38,027,99,1
2014,38,029,99,1
2014,38,031,99,1
2014,38,033,99,1
2014,38,035,90.78328246067151,1
2014,38,037,99,1
2014,38,039,99,1
2014,38,041,99,1
2014,38,043,99,1
2014,38,045,99,1
2014,38,047,99,1
2014,38,049,99,1
2014,38,051,99,1
2014,38,053,92.91695667826713,1
2014,38,055,99,1
2014,38,057,98.61204875761838,1
2014,38,059,92.93773744195863,1
2014,38,061,94.02298982042777,1
2014,38,063,99,1
2014,38,065,99,1
2014,38,067,98.61946050096338,1
2014,38,069,99,1
2014,38,071,97.88804027078632,1
2014,38,073,98.2888848129127,1
2014,38,075,98,1
2014,38,077,95.73600294352119,1
2014,38,079,99,1
2014,38,081,98.6109241522133,1
2014,38,083,99,1
2014,38,085,99,1
2014,38,087,99,1
2014,38,089,96.89625711960944,1
2014,38,091,99,1
2014,38,093,97.91090425531915,1
2014,38,095,99,1
2014,38,097,97.78842832469776,1
2014,38,099,98.45702135360116,1
2014,38,101,96.52774318947976,1
2014,38,103,99,1
2014,38,105,93.18510308135669,1
2014,39,001,79.64127443370263,1
2014,39,003,76.38781948049487,1
2014,39,005,83.06905755422729,1
2014,39,007,84.16461044785044,1
2014,39,009,69.8529611351018,1
2014,39,011,81.99103930930734,1
2014,39,013,75.88736692791541,1
2014,39,015,79.38860651313422,1
2014,39,017,47.71903306983085,1
2014,39,019,80.68513262552997,1
2014,39,021,83.04802160088826,1
2014,39,023,71.55295951290212,1
2014,39,025,62.35761845073954,1
2014,39,027,78.40577010341286,1
2014,39,029,76.59495226125941,1
2014,39,031,76.28565600522194,1
2014,39,033,85.16237568547263,1
2014,39,035,49.63020418725488,1
2014,39,037,84.47655937720083,1
2014,39,039,80.92849594019847,1
2014,39,041,66.26196093960543,1
2014,39,043,80.16933626465662,1
2014,39,045,69.45946091971878,1
2014,39,047,80.8265974025974,1
2014,39,049,44.99915413596617,1
2014,39,051,81.700359653040593,1
2014,39,053,65.42092773786692,1
2014,39,055,82.98177341476674,1
2014,39,057,65.28251272097138,1
2014,39,059,76.54450419661255,1
2014,39,061,34.72488023981914,1
2014,39,063,80.24865187939966,1
2014,39,065,88.46807641550933,1
2014,39,067,82.92750668875016,1
2014,39,069,87.47805798959892,1
2014,39,071,82.89603845976055,1
2014,39,073,78.5627426058878,1
2014,39,075,84.05581804706318,1
2014,39,077,87.43256851282398,1
2014,39,079,69.47371934935664,1
2014,39,081,69.15006568384177,1
2014,39,083,81.36390285442903,1
2014,39,085,72.55350127612128,1
2014,39,087,39.34114331723028,1
2014,39,089,69.56879537373966,1
2014,39,091,86.82576156614871,1
2014,39,093,68.38852429206685,1
2014,39,095,61.545643555995774,1
2014,39,097,78.86077643908969,1
2014,39,099,66.3294785186316,1
2014,39,101,78.57626452675643,1
2014,39,103,75.27489071807273,1
2014,39,105,68.51799354948226,1
2014,39,107,86.54097918556474,1
2014,39,109,71.18085219836153,1
2014,39,111,79.47854694996573,1
2014,39,113,49.64524748457838,1
2014,39,115,77.01735995192628,1
2014,39,117,86.17724557743419,1
2014,39,119,70.37153129254075,1
2014,39,121,77.3828720554907,1
2014,39,123,87.07498063141584,1
2014,39,125,88.15653345773079,1
2014,39,127,79.89908333333334,1
2014,39,129,75.21245935428846,1
2014,39,131,75.94463934886332,1
2014,39,133,74.67200237692893,1
2014,39,135,80.95327906032898,1
2014,39,137,88.3183092013078,1
2014,39,139,82.42813871495689,1
2014,39,141,66.04300340416752,1
2014,39,143,81.30548117293134,1
2014,39,145,61.60546357615894,1
2014,39,147,83.0385918003565,1
2014,39,149,76.89679650157632,1
2014,39,151,67.90150897118025,1
2014,39,153,55.98187506463957,1
2014,39,155,63.81192797549086,1
2014,39,157,71.8597434568541,1
2014,39,159,78.57801845922019,1
2014,39,161,86.02495456451838,1
2014,39,163,78.19153089571289,1
2014,39,165,54.74040887222398,1
2014,39,167,51.08792477998471,1
2014,39,169,76.29917897336883,1
2014,39,171,87.17149867975355,1
2014,39,173,78.53870406355598,1
2014,39,175,88.24983359218993,1
2014,40,001,50.09119749776586,1
2014,40,003,62.030860950377,1
2014,40,005,61.72976071070354,1
2014,40,007,91.69951621573195,1
2014,40,009,79.18748092934048,1
2014,40,011,76.05248169243288,1
2014,40,013,60.96699162748022,1
2014,40,015,75.89590876789279,1
2014,40,017,48.99767975771786,1
2014,40,019,51.58196653412856,1
2014,40,021,48.012202256581695,1
2014,40,023,57.31828665568369,1
2014,40,025,98,1
2014,40,027,45.40462530290563,1
2014,40,029,56.906584992343035,1
2014,40,031,68.56772545305499,1
2014,40,033,77.41936007796005,1
2014,40,035,63.5743645213629,1
2014,40,037,51.47510870027051,1
2014,40,039,76.30821581421455,1
2014,40,041,63.07180973077387,1
2014,40,043,81.02657255553248,1
2014,40,045,84.30051057622174,1
2014,40,047,58.0326938358497,1
2014,40,049,59.68239670325663,1
2014,40,051,56.32431669833149,1
2014,40,053,70.63674552288305,1
2014,40,055,84,1
2014,40,057,84,1
2014,40,059,89,1
2014,40,061,45.902406729496064,1
2014,40,063,60.046387283236996,1
2014,40,065,76.05830637488107,1
2014,40,067,74.9233181746903,1
2014,40,069,67.48238703250928,1
2014,40,071,51.761189139599395,1
2014,40,073,63.99421128798842,1
2014,40,075,83.55123147457086,1
2014,40,077,51.69847083600403,1
2014,40,079,45.632412883631716,1
2014,40,081,62.428446720595936,1
2014,40,083,57.90647597254004,1
2014,40,085,63.73438479214539,1
2014,40,087,57.90259341885109,1
2014,40,089,45.366059582680016,1
2014,40,091,55.804219533785776,1
2014,40,093,74.7269276083257,1
2014,40,095,58.35110248058131,1
2014,40,097,49.72785025800798,1
2014,40,099,68.75380785002929,1
2014,40,101,45.60061827308952,1
2014,40,103,66.53200556618542,1
2014,40,105,64.44613927048792,1
2014,40,107,59.70848287112561,1
2014,40,109,42.87017876726615,1
2014,40,111,53.172827349391504,1
2014,40,113,53.47099317854684,1
2014,40,115,63.030013089821104,1
2014,40,117,61.81480140045877,1
2014,40,119,55.328315739999745,1
2014,40,121,47.50435647943388,1
2014,40,123,62.119108599794046,1
2014,40,125,63.16349363507779,1
2014,40,127,55.533097657976136,1
2014,40,129,82,1
2014,40,131,47.93486273800371,1
2014,40,133,65.57906520031422,1
2014,40,135,35.79352828379674,1
2014,40,137,67.27830734966592,1
2014,40,139,92.55966503838101,1
2014,40,141,81.77890154909743,1
2014,40,143,34.40274098888543,1
2014,40,145,49.82679524389102,1
2014,40,147,52.53694437979986,1
2014,40,149,80.76183101015316,1
2014,40,151,69.41560616208976,1
2014,40,153,84.47982799439532,1
2014,41,001,93.95488815502523,1
2014,41,003,74.29980007903852,1
2014,41,005,22.181007390231795,1
2014,41,007,96.5524760983994,1
2014,41,009,70.9734820070958,1
2014,41,011,80.01265196719743,1
2014,41,013,86.30281757861333,1
2014,41,015,83.15281321337451,1
2014,41,017,74.76953678106669,1
2014,41,019,53.520913434618684,1
2014,41,021,92,1
2014,41,023,93.60232081911263,1
2014,41,025,96.30015166138149,1
2014,41,027,80.42541998231654,1
2014,41,029,42.9769826171563,1
2014,41,031,75.04512139257902,1
2014,41,033,43.15014273497067,1
2014,41,035,74.15502008032128,1
2014,41,037,94.93926661573721,1
2014,41,039,39.57667632567002,1
2014,41,041,92.13513806406867,1
2014,41,043,43.868800202925506,1
2014,41,045,81.7227716330514,1
2014,41,047,38.84825307070102,1
2014,41,049,85.02888472853704,1
2014,41,051,18.246344261927113,1
2014,41,053,63.76532747436702,1
2014,41,055,92,1
2014,41,057,94.54760401042078,1
2014,41,059,80.16028442820797,1
2014,41,061,93.83186975442959,1
2014,41,063,93.74365298128536,1
2014,41,065,79.73324930082326,1
2014,41,067,35.2290926493878,1
2014,41,069,92,1
2014,41,071,63.21193997173736,1
2014,42,001,72.44437114782507,1
2014,42,003,37.159306427416176,1
2014,42,005,78.60421696442943,1
2014,42,007,63.1775293315464,1
2014,42,009,86.23510094867429,1
2014,42,011,43.26392682123695,1
2014,42,013,85.76617103892414,1
2014,42,015,90.83676211806112,1
2014,42,017,42.64249087758801,1
2014,42,019,69.08132559421512,1
2014,42,021,87.89724855327155,1
2014,42,023,96,1
2014,42,025,80.66888121589542,1
2014,42,027,84.16518817204302,1
2014,42,029,55.07340518381903,1
2014,42,031,89.23148312498415,1
2014,42,033,91.34235074626865,1
2014,42,035,83.61540986089723,1
2014,42,037,77.52847709758679,1
2014,42,039,89.99749433377752,1
2014,42,041,54.362722412496865,1
2014,42,043,53.815648314848154,1
2014,42,045,24.587670634389905,1
2014,42,047,93.44867654508612,1
2014,42,049,81.97577570573873,1
2014,42,051,71.52054278454084,1
2014,42,053,93.84220159497974,1
2014,42,055,68.41383475121603,1
2014,42,057,82.55312945005764,1
2014,42,059,70.68806161745827,1
2014,42,061,86.41821545157781,1
2014,42,063,85.18302170983341,1
2014,42,065,90.06861021475464,1
2014,42,067,83.71415318839995,1
2014,42,069,80.32046555744009,1
2014,42,071,48.66072747082126,1
2014,42,073,67.83082384624801,1
2014,42,075,61.668681204876314,1
2014,42,077,24.37743592347202,1
2014,42,079,78.8726559964044,1
2014,42,081,66.08186773629538,1
2014,42,083,95.38150799553738,1
2014,42,085,68.96483467111345,1
2014,42,087,83.19197088106199,1
2014,42,089,79.19320787444607,1
2014,42,091,30.990119500056835,1
2014,42,093,77.52129905277403,1
2014,42,095,34.2025365527613,1
2014,42,097,76.7591257131949,1
2014,42,099,77.2080457761859,1
2014,42,101,12.250980658340444,1
2014,42,103,87.36682312817538,1
2014,42,105,97.41367256890723,1
2014,42,107,81.93157816046647,1
2014,42,109,79.08253594509293,1
2014,42,111,89.21693004895404,1
2014,42,113,94,1
2014,42,115,81.93027067528332,1
2014,42,117,95.12162991642666,1
2014,42,119,76.83926148370593,1
2014,42,121,86.07105869344882,1
2014,42,123,92.1957397253627,1
2014,42,125,54.389604961639535,1
2014,42,127,91.01289279735217,1
2014,42,129,57.64528513156842,1
2014,42,131,80.91048212830776,1
2014,42,133,51.66536392939651,1
2014,44,001,85.24506465604605,1
2014,44,003,78.58590161751981,1
2014,44,005,87.33298700043493,1
2014,44,007,62.72991673023137,1
2014,44,009,89.53740255432078,1
2014,45,001,35.144581673306774,1
2014,45,003,24.7371695369683,1
2014,45,005,25.350154582626907,1
2014,45,007,28.240968998171404,1
2014,45,009,31.810786631733656,1
2014,45,011,27.68959483106744,1
2014,45,013,51.67855128730269,1
2014,45,015,26.12977467100908,1
2014,45,017,34.01297318874327,1
2014,45,019,34.82707274785738,1
2014,45,021,31.61674475380114,1
2014,45,023,26.235018955607192,1
2014,45,025,42.66939330498781,1
2014,45,027,38.56133317376735,1
2014,45,029,30.650064057311685,1
2014,45,031,37.01320403163099,1
2014,45,033,45.54213581147515,1
2014,45,035,27.60909001765052,1
2014,45,037,30.287810935912393,1
2014,45,039,34.73338465486272,1
2014,45,041,31.86992423474192,1
2014,45,043,50.39717498219874,1
2014,45,045,28.258328748177533,1
2014,45,047,27.484305962012968,1
2014,45,049,26.164150943396226,1
2014,45,051,57.56256354137249,1
2014,45,053,29.030182013670224,1
2014,45,055,31.219001636136152,1
2014,45,057,31.382280072942212,1
2014,45,059,30.445744841090526,1
2014,45,061,36.77207611716913,1
2014,45,063,26.9072977063083,1
2014,45,065,24.95071478556433,1
2014,45,067,48.25747431427602,1
2014,45,069,41.412666996536366,1
2014,45,071,30.161652435293806,1
2014,45,073,43.78853675525075,1
2014,45,075,29.493918607963884,1
2014,45,077,39.27250223705228,1
2014,45,079,19.185673610070435,1
2014,45,081,36.17753967856606,1
2014,45,083,27.4776883433543,1
2014,45,085,25.137583269933756,1
2014,45,087,29.08598962194218,1
2014,45,089,42.430393325387364,1
2014,45,091,14.214841575111036,1
2014,46,003,98,1
2014,46,005,96.4320946322955,1
2014,46,007,99,1
2014,46,009,97,1
2014,46,011,94.27956626948877,1
2014,46,013,95.71517267107227,1
2014,46,015,96.90152513650914,1
2014,46,017,98,1
2014,46,019,95.3100692075251,1
2014,46,021,99,1
2014,46,023,97.6246063633402,1
2014,46,025,99,1
2014,46,027,95.41423253150057,1
2014,46,029,96.60710921081238,1
2014,46,031,99,1
2014,46,033,97,1
2014,46,035,95.75828687278256,1
2014,46,037,99,1
2014,46,039,99,1
2014,46,041,99,1
2014,46,043,98,1
2014,46,045,98.42641228939544,1
2014,46,047,98,1
2014,46,049,99,1
2014,46,051,98.28169207526439,1
2014,46,053,98,1
2014,46,055,99,1
2014,46,057,98.52563456043032,1
2014,46,059,98.43331339712918,1
2014,46,061,98,1
2014,46,063,99,1
2014,46,065,97.19575349559814,1
2014,46,067,98,1
2014,46,069,98,1
2014,46,071,99,1
2014,46,073,98,1
2014,46,075,98,1
2014,46,077,98.40342345847111,1
2014,46,079,97.37545431493534,1
2014,46,081,93.19552251000898,1
2014,46,083,87.95422753797128,1
2014,46,085,98,1
2014,46,087,98,1
2014,46,089,99,1
2014,46,091,99,1
2014,46,093,94.17132679638425,1
2014,46,095,99,1
2014,46,097,98,1
2014,46,099,81.7462474575886,1
2014,46,101,97,1
2014,46,102,98.34116387004642,1
2014,46,103,86.03881461931265,1
2014,46,105,99,1
2014,46,107,99,1
2014,46,109,98.58808114141512,1
2014,46,111,98,1
2014,46,115,98.27335164835165,1
2014,46,117,98,1
2014,46,119,99,1
2014,46,121,99,1
2014,46,123,98.39935123445666,1
2014,46,125,97,1
2014,46,127,93.7328994644431,1
2014,46,129,99,1
2014,46,135,94.14481842338353,1
2014,46,137,99,1
2014,47,001,41.36360258009715,1
2014,47,003,48.310665790626366,1
2014,47,005,53.82551238910982,1
2014,47,007,68.3845166163142,1
2014,47,009,35.58820267609595,1
2014,47,011,9.753940438002456,1
2014,47,013,63.453259334506086,1
2014,47,015,69.37247932685332,1
2014,47,017,61.559994388130896,1
2014,47,019,71.98785297916157,1
2014,47,021,48.60240565557929,1
2014,47,023,54.080312680949625,1
2014,47,025,61.55996985019315,1
2014,47,027,73.25634452704435,1
2014,47,029,64.49482413335966,1
2014,47,031,55.718086207220935,1
2014,47,033,66.30358243715322,1
2014,47,035,69.96971821113137,1
2014,47,037,22.89263124433876,1
2014,47,039,54.59074946466809,1
2014,47,041,65.70423871784057,1
2014,47,043,53.62059263693505,1
2014,47,045,64.47976727120243,1
2014,47,047,48.98921477343265,1
2014,47,049,78.92735185805155,1
2014,47,051,39.798875063916825,1
2014,47,053,63.73952288845906,1
2014,47,055,50.268304431599226,1
2014,47,057,48.40639852138708,1
2014,47,059,65.08569012770424,1
2014,47,061,69.5909090909091,1
2014,47,063,34.848766364952354,1
2014,47,065,23.73650702493242,1
2014,47,067,55.039367730390694,1
2014,47,069,52.47387048192771,1
2014,47,071,48.81381647348762,1
2014,47,073,42.32667735852382,1
2014,47,075,54.88139648703029,1
2014,47,077,54.52033043664843,1
2014,47,079,59.351126119148674,1
2014,47,081,62.22698530015603,1
2014,47,083,58.888463379607465,1
2014,47,085,50.7933085907652,1
2014,47,087,71.98147987884033,1
2014,47,089,36.07261434650922,1
2014,47,091,88.6443142241141,1
2014,47,093,20.117649728179483,1
2014,47,095,70.36491909385113,1
2014,47,097,65.26394873094608,1
2014,47,099,56.166880524664954,1
2014,47,101,62.60999167360533,1
2014,47,103,49.36506657113858,1
2014,47,105,25.198878369414462,1
2014,47,107,30.655555343547864,1
2014,47,109,46.49804881781314,1
2014,47,111,66.17447524577096,1
2014,47,113,46.31689439225733,1
2014,47,115,48.73330738473515,1
2014,47,117,52.17625980566226,1
2014,47,119,46.504079585151516,1
2014,47,121,28.868565076107405,1
2014,47,123,43.42060352873206,1
2014,47,125,48.956086036865095,1
2014,47,127,59.63137996219282,1
2014,47,129,66.78093844324522,1
2014,47,131,64.28953406845561,1
2014,47,133,76.06287032430232,1
2014,47,135,61.256655203158836,1
2014,47,137,77,1
2014,47,139,55.739276099311994,1
2014,47,141,63.87945983587531,1
2014,47,143,49.3582052553297,1
2014,47,145,38.03821167131597,1
2014,47,147,53.758772976844114,1
2014,47,149,38.58082632387162,1
2014,47,151,70.02022258414766,1
2014,47,153,62.24509735985032,1
2014,47,155,46.699020105660054,1
2014,47,157,25.19750248362941,1
2014,47,159,63.75785669390321,1
2014,47,161,60.562917887461495,1
2014,47,163,39.01822123047498,1
2014,47,165,41.49046424542116,1
2014,47,167,49.71378575032963,1
2014,47,169,62.92429062221657,1
2014,47,171,82.12407152682256,1
2014,47,173,47.778253827263704,1
2014,47,175,73,1
2014,47,177,63.085358818070084,1
2014,47,179,59.70151765252648,1
2014,47,181,58.777921848293744,1
2014,47,183,65.69298827055535,1
2014,47,185,70.18653683968412,1
2014,47,187,41.73247353303665,1
2014,47,189,40.00321949424672,1
2014,48,001,54.379502100406306,1
2014,48,003,78.78413741783456,1
2014,48,005,35.39822492651516,1
2014,48,007,95.1404412072502,1
2014,48,009,78.36541285439964,1
2014,48,011,93,1
2014,48,013,78.13184299678484,1
2014,48,015,73.22047764935246,1
2014,48,017,96,1
2014,48,019,81.24934599360527,1
2014,48,021,72.75623447984361,1
2014,48,023,84,1
2014,48,025,86.70639516973692,1
2014,48,027,64.71133831481602,1
2014,48,029,60.163045082187125,1
2014,48,031,79,1
2014,48,033,86,1
2014,48,035,73.5223243961888,1
2014,48,037,32.0825847767224,1
2014,48,039,33.74444584409958,1
2014,48,041,62.34049521163102,1
2014,48,043,95.03721682847896,1
2014,48,045,94,1
2014,48,047,87.27819444444444,1
2014,48,049,76.13149354932327,1
2014,48,051,73.93670225110235,1
2014,48,053,75.57254446494045,1
2014,48,055,73.49920246977103,1
2014,48,057,85.19801567063841,1
2014,48,059,82.6555958280938,1
2014,48,061,90.33829435104059,1
2014,48,063,45.85188156944556,1
2014,48,065,93.61558611656844,1
2014,48,067,37.79980230642504,1
2014,48,069,95.15437328681784,1
2014,48,071,45.66593707250342,1
2014,48,073,48.8063408604893,1
2014,48,075,80.1536937446929,1
2014,48,077,75.43367782307766,1
2014,48,079,93,1
2014,48,081,81,1
2014,48,083,82.07047134935306,1
2014,48,085,48.54022297708218,1
2014,48,087,85,1
2014,48,089,78.50965288142122,1
2014,48,091,68.91087835037303,1
2014,48,093,79.8358415121774,1
2014,48,095,85,1
2014,48,097,59.888505627885266,1
2014,48,099,72.95218679532225,1
2014,48,101,84,1
2014,48,103,81,1
2014,48,105,80,1
2014,48,107,90.8655601659751,1
2014,48,109,90,1
2014,48,111,96.44070720137991,1
2014,48,113,39.063674001395704,1
2014,48,115,88.60001471345545,1
2014,48,117,94.90729915679479,1
2014,48,119,64.2943309791945,1
2014,48,121,43.878902440917436,1
2014,48,123,72.5213021522773,1
2014,48,125,86,1
2014,48,127,63.43162190376768,1
2014,48,129,88.43014301430144,1
2014,48,131,85.3770182068018,1
2014,48,133,78.4262348530131,1
2014,48,135,70.19746501807744,1
2014,48,137,87,1
2014,48,139,55.2301760474467,1
2014,48,141,47.89917243421835,1
2014,48,143,77.92972945458247,1
2014,48,145,75.23453549417941,1
2014,48,147,69.20467801628423,1
2014,48,149,79.61087967644085,1
2014,48,151,83.43688820195776,1
2014,48,153,93.40012773431263,1
2014,48,155,82,1
2014,48,157,44.51295687151826,1
2014,48,159,51.37,1
2014,48,161,60.01637760032552,1
2014,48,163,76.99971984086962,1
2014,48,165,86.30725562283737,1
2014,48,167,41.08696356971774,1
2014,48,169,85,1
2014,48,171,82.95929147305294,1
2014,48,173,84,1
2014,48,175,83.85089030854968,1
2014,48,177,78.37877730128653,1
2014,48,179,85.66466119186684,1
2014,48,181,61.4499118671859,1
2014,48,183,14.281751075479077,1
2014,48,185,65.8659928390273,1
2014,48,187,68.5444101668468,1
2014,48,189,90.98441196938066,1
2014,48,191,85,1
2014,48,193,78.55762304921969,1
2014,48,195,95,1
2014,48,197,80,1
2014,48,199,26.8506384134746,1
2014,48,201,16.652215144809546,1
2014,48,203,19.215317077541027,1
2014,48,205,96,1
2014,48,207,83,1
2014,48,209,66.66048353969838,1
2014,48,211,86,1
2014,48,213,56.89930995991679,1
2014,48,215,81.73186582627253,1
2014,48,217,69.40682901761498,1
2014,48,219,88.87330316742081,1
2014,48,221,65.29014079125834,1
2014,48,223,59.491036698799256,1
2014,48,225,54.72934214504773,1
2014,48,227,71.00910313147723,1
2014,48,229,84,1
2014,48,231,59.50883606857981,1
2014,48,233,69.73294755547455,1
2014,48,235,84,1
2014,48,237,73.2919594067135,1
2014,48,239,82.00837053571429,1
2014,48,241,30.137525819237425,1
2014,48,243,97,1
2014,48,245,6.17451062717356,1
2014,48,247,90,1
2014,48,249,86.53378639837477,1
2014,48,251,54.708405371326066,1
2014,48,253,82.63617360143341,1
2014,48,255,70.63873958613276,1
2014,48,257,59.75570160289024,1
2014,48,259,77.37090243496588,1
2014,48,261,93,1
2014,48,263,83,1
2014,48,265,81.53808550707217,1
2014,48,267,84.0185758513932,1
2014,48,269,80,1
2014,48,271,76,1
2014,48,273,86.70110758509115,1
2014,48,275,82.55084745762711,1
2014,48,277,56.72215515853855,1
2014,48,279,93.96158558558558,1
2014,48,281,76.05094905094906,1
2014,48,283,75,1
2014,48,285,78.10340570017492,1
2014,48,287,77.28410663778058,1
2014,48,289,63.09628217349857,1
2014,48,291,42.43521451757988,1
2014,48,293,67.21257065148103,1
2014,48,295,91.43885313048567,1
2014,48,297,81.93687169875618,1
2014,48,299,76.13553341635533,1
2014,48,301,70,1
2014,48,303,82.33849002779453,1
2014,48,305,90.89734757147778,1
2014,48,307,79.67531837477259,1
2014,48,309,55.54671967361514,1
2014,48,311,77,1
2014,48,313,62.29801757316099,1
2014,48,315,30.346105466860184,1
2014,48,317,81.287284144427,1
2014,48,319,81.50603299679882,1
2014,48,321,85.12299582092814,1
2014,48,323,71.1019329642966,1
2014,48,325,77.02593420632385,1
2014,48,327,85,1
2014,48,329,70.85567024394243,1
2014,48,331,74.20711005412498,1
2014,48,333,80.35894283958206,1
2014,48,335,82.19564746643569,1
2014,48,337,67.30141046606705,1
2014,48,339,28.504094220455496,1
2014,48,341,93.41737326357568,1
2014,48,343,41.92229597813354,1
2014,48,345,91,1
2014,48,347,33.411423410183396,1
2014,48,349,58.86445613962099,1
2014,48,351,24.125602178314598,1
2014,48,353,80.55131945365336,1
2014,48,355,84.51594232039756,1
2014,48,357,92.61957140147923,1
2014,48,359,96,1
2014,48,361,5.1066149364854905,1
2014,48,363,68.42821464250035,1
2014,48,365,22.229145728643218,1
2014,48,367,59.07677987043345,1
2014,48,369,96.45080995653892,1
2014,48,371,86.86515277157619,1
2014,48,373,47.70791354328299,1
2014,48,375,86.28390125601173,1
2014,48,377,83.53656906003476,1
2014,48,379,63.27448125227521,1
2014,48,381,89.3237013663084,1
2014,48,383,83,1
2014,48,385,84,1
2014,48,387,56.89352950482519,1
2014,48,389,71.38624982114752,1
2014,48,391,85.00822481151474,1
2014,48,393,92,1
2014,48,395,71.9938353680648,1
2014,48,397,56.61626160814041,1
2014,48,399,82,1
2014,48,401,33.37179416163519,1
2014,48,403,37.335892332480334,1
2014,48,405,43.03668679503247,1
2014,48,407,42.258618761879916,1
2014,48,409,83.71188691630158,1
2014,48,411,78.41399762752076,1
2014,48,413,85,1
2014,48,415,84.6456628477905,1
2014,48,417,82,1
2014,48,419,34.9004591797027,1
2014,48,421,96,1
2014,48,423,41.40780962581787,1
2014,48,425,70.20291545189504,1
2014,48,427,85.37711154094133,1
2014,48,429,78.9545598313126,1
2014,48,431,84,1
2014,48,433,81,1
2014,48,435,84,1
2014,48,437,94.15316471947618,1
2014,48,439,41.48492959490696,1
2014,48,441,74.5286238394729,1
2014,48,443,87,1
2014,48,445,90.61193912152038,1
2014,48,447,83,1
2014,48,449,43.207713583282114,1
2014,48,451,70.28841749180732,1
2014,48,453,56.4006952313136,1
2014,48,455,50.575006919457515,1
2014,48,457,41.45355419450631,1
2014,48,459,33.71007001079019,1
2014,48,461,81.33752620545073,1
2014,48,463,77.6792960430445,1
2014,48,465,73.27378109757342,1
2014,48,467,59.85792225073662,1
2014,48,469,61.761452419762804,1
2014,48,471,44.880491274933945,1
2014,48,473,65.81039598438372,1
2014,48,475,71.52720007265462,1
2014,48,477,74.4068274626164,1
2014,48,479,42.80846029036,1
2014,48,481,81.2800650185594,1
2014,48,483,85.57436907105782,1
2014,48,485,68.97839941730778,1
2014,48,487,80.93577082548059,1
2014,48,489,91.67723068552775,1
2014,48,491,65.28207988311921,1
2014,48,493,80.06843910421664,1
2014,48,495,80.48905996758509,1
2014,48,497,52.54658765497492,1
2014,48,499,50.5858688223233,1
2014,48,501,83.60591010677923,1
2014,48,503,77.50043539784478,1
2014,48,505,84.72004778300892,1
2014,48,507,71.22200948971947,1
2014,49,001,95.45194964691434,1
2014,49,003,92.43085768478454,1
2014,49,005,92.37539886506718,1
2014,49,007,96.746188085993,1
2014,49,009,99,1
2014,49,011,66.90533486963476,1
2014,49,013,96.7696872742285,1
2014,49,015,98.35591655898098,1
2014,49,017,99,1
2014,49,019,94.56899871630296,1
2014,49,021,97.67128945960407,1
2014,49,023,95.88153444777274,1
2014,49,025,96.64450907076582,1
2014,49,027,96.30821808933396,1
2014,49,029,91.14364640883979,1
2014,49,031,99,1
2014,49,033,99,1
2014,49,035,35.37980106612013,1
2014,49,037,97.60572805139186,1
2014,49,039,98.09061822318604,1
2014,49,041,97.2081491447242,1
2014,49,043,96.58821976397286,1
2014,49,045,92.79777566571624,1
2014,49,047,94.3486811661268,1
2014,49,049,79.87710043021696,1
2014,49,051,94.9771819960861,1
2014,49,053,69.75949297174891,1
2014,49,055,99,1
2014,49,057,71.76792900760451,1
2014,50,001,93.60464170485048,1
2014,50,003,94.47222297830643,1
2014,50,005,94.77032370053682,1
2014,50,007,81.08366837654235,1
2014,50,009,96.47456267051838,1
2014,50,011,92.86200389831211,1
2014,50,013,84.14844533600802,1
2014,50,015,96.09825705430102,1
2014,50,017,94.7938258374529,1
2014,50,019,95.00548600883653,1
2014,50,021,93.98056322292324,1
2014,50,023,92.31933325468121,1
2014,50,025,91.1155505107832,1
2014,50,027,93.03319840931685,1
2014,51,001,89.32952386696017,1
2014,51,003,61.158711463148904,1
2014,51,005,85.75912725469534,1
2014,51,007,63.04935756816045,1
2014,51,009,68.73918168564073,1
2014,51,011,69.70046904934928,1
2014,51,013,21.836710223324385,1
2014,51,015,77.44489668552512,1
2014,51,017,92,1
2014,51,019,69.38241168145807,1
2014,51,021,89.3836777166642,1
2014,51,023,74.98516840356442,1
2014,51,025,62.18041389069041,1
2014,51,027,59.26787146898619,1
2014,51,029,71.60924320524836,1
2014,51,031,59.959039264676385,1
2014,51,033,55.42936297621915,1
2014,51,035,84.89896589806231,1
2014,51,036,60.845121610287954,1
2014,51,037,64.60698443422856,1
2014,51,041,47.199971017799385,1
2014,51,043,74.08841869263645,1
2014,51,045,88,1
2014,51,047,67.11390106449593,1
2014,51,049,65.92870108914884,1
2014,51,051,73.13464002049706,1
2014,51,053,54.62537062837138,1
2014,51,057,71.29930145083289,1
2014,51,059,38.584769826833,1
2014,51,061,65.43161586188292,1
2014,51,063,89.71369402019157,1
2014,51,065,66.53702062054346,1
2014,51,067,76.50512775017744,1
2014,51,069,67.192306256765,1
2014,51,071,85.95212922173275,1
2014,51,073,74.55398234880069,1
2014,51,075,60.54385721551764,1
2014,51,077,90.70317928548018,1
2014,51,079,73.9375466268784,1
2014,51,081,58.719670892452356,1
2014,51,083,55.541311897826574,1
2014,51,085,48.14272661363208,1
2014,51,087,40.61430776364179,1
2014,51,089,64.93376132930514,1
2014,51,091,97,1
2014,51,093,72.04195056027929,1
2014,51,095,65.65086206896552,1
2014,51,097,71,1
2014,51,099,64.42039305041298,1
2014,51,101,63.16908694297289,1
2014,51,103,82.33793656450463,1
2014,51,105,64.19893617021276,1
2014,51,107,51.63664742886143,1
2014,51,109,66.77639806774738,1
2014,51,111,63.0477619010026,1
2014,51,113,76.94192913385827,1
2014,51,115,82.58691023198476,1
2014,51,117,58.83445617773321,1
2014,51,119,79.1688083572155,1
2014,51,121,78.01043754175016,1
2014,51,125,82.58084877786732,1
2014,51,127,59.47146505446396,1
2014,51,131,90.24498123061858,1
2014,51,133,82.96939935064935,1
2014,51,135,61.95252602183295,1
2014,51,137,70.13160431087357,1
2014,51,139,81.83823467893745,1
2014,51,141,82.93378709501769,1
2014,51,143,62.86526884282424,1
2014,51,145,61.03029120703721,1
2014,51,147,63.91037165082109,1
2014,51,149,47.66995542509241,1
2014,51,153,49.73227262974262,1
2014,51,155,81.70308980652614,1
2014,51,157,83.15310233682514,1
2014,51,159,76.37863756613757,1
2014,51,161,71.8970749189862,1
2014,51,163,81.37237895113337,1
2014,51,165,79.06558924300214,1
2014,51,167,79.03371537055267,1
2014,51,169,56.01387120846319,1
2014,51,171,78.66346221647667,1
2014,51,173,86.41159493035512,1
2014,51,175,71.14223480723155,1
2014,51,177,54.05676703645008,1
2014,51,179,54.3326526672211,1
2014,51,181,72,1
2014,51,183,66.99597416757527,1
2014,51,185,84.59098599174392,1
2014,51,187,76.36778354569766,1
2014,51,191,74.18304670545109,1
2014,51,193,73.60355063363397,1
2014,51,195,77.46063319632022,1
2014,51,197,84.95030588878636,1
2014,51,199,66.03022428884026,1
2014,51,510,25.900240401032633,1
2014,51,520,62.03574879227053,1
2014,51,530,76,1
2014,51,540,41.89306819458488,1
2014,51,550,65.8795843413625,1
2014,51,570,40.91295177288793,1
2014,51,580,84.34290107637109,1
2014,51,590,46.70637411015362,1
2014,51,595,43.568109820485745,1
2014,51,600,40.98187773854597,1
2014,51,610,27.629799602264036,1
2014,51,620,57.527771267869696,1
2014,51,630,40.71215079603485,1
2014,51,640,86.3314711359404,1
2014,51,650,71.00298019049845,1
2014,51,660,66.42262057023672,1
2014,51,670,22.808625698324022,1
2014,51,678,74,1
2014,51,680,41.327145544018755,1
2014,51,683,52.12602631318627,1
2014,51,685,51.45791088580577,1
2014,51,690,52.28315751182248,1
2014,51,700,59.963774109240084,1
2014,51,710,52.08959983625013,1
2014,51,720,77,1
2014,51,730,40.27383704799778,1
2014,51,735,77.55713459472858,1
2014,51,740,62.38600310394034,1
2014,51,750,74.40004707820867,1
2014,51,760,33.59570365246395,1
2014,51,770,60.066912372765415,1
2014,51,775,70.3673566878981,1
2014,51,790,74.17690203878668,1
2014,51,800,70.67978520537689,1
2014,51,810,65.6228224306196,1
2014,51,820,72.75492279359683,1
2014,51,830,64,1
2014,51,840,54.121786097443675,1
2014,53,001,76.08796369584718,1
2014,53,003,57.45698018674562,1
2014,53,005,53.10499689650816,1
2014,53,007,41.695645091225025,1
2014,53,009,78.05314895034988,1
2014,53,011,31.68338155300818,1
2014,53,013,89,1
2014,53,015,52.189924758993655,1
2014,53,017,43.10828675701197,1
2014,53,019,88.79979104087762,1
2014,53,021,41.36090074312491,1
2014,53,023,92,1
2014,53,025,63.30123116621837,1
2014,53,027,89.18384587503833,1
2014,53,029,62.556699725145975,1
2014,53,031,70.4697111214891,1
2014,53,033,9.732439122606953,1
2014,53,035,29.514802021970397,1
2014,53,037,77.86557966670664,1
2014,53,039,84.89776466034449,1
2014,53,041,51.524090631715794,1
2014,53,043,75.64914977423383,1
2014,53,045,49.32897510209459,1
2014,53,047,59.702917000072745,1
2014,53,049,96.12634889910477,1
2014,53,051,66.56991901272657,1
2014,53,053,15.459320847212156,1
2014,53,055,79.57241118192718,1
2014,53,057,58.02868270758001,1
2014,53,059,79.8348222261926,1
2014,53,061,16.99634460278153,1
2014,53,063,17.186300450781005,1
2014,53,065,69.23008199168599,1
2014,53,067,28.862499517988663,1
2014,53,069,94,1
2014,53,071,70.83766561302038,1
2014,53,073,44.79962900588221,1
2014,53,075,80.12060083038062,1
2014,53,077,56.56757250346994,1
2014,54,001,90.00568079889972,1
2014,54,003,61.155845849949685,1
2014,54,005,58.80360308364596,1
2014,54,007,84.03691691967983,1
2014,54,009,57.118005633329126,1
2014,54,011,29.856639745522898,1
2014,54,013,77.03547408677305,1
2014,54,015,78.56037285931065,1
2014,54,017,54.24462690171456,1
2014,54,019,81.71935505042771,1
2014,54,021,77.69687571789571,1
2014,54,023,91.33274156733452,1
2014,54,025,89.50166951934678,1
2014,54,027,86.75686407028807,1
2014,54,029,69.41361256544502,1
2014,54,031,90.36918667144393,1
2014,54,033,64.81087028913116,1
2014,54,035,60.879947996852444,1
2014,54,037,68.7111802378774,1
2014,54,039,29.51579276718901,1
2014,54,041,79.38758225688521,1
2014,54,043,56.43784434464558,1
2014,54,045,55.77104702922392,1
2014,54,047,76.96743574080165,1
2014,54,049,78.20224699283925,1
2014,54,051,75.45555691404817,1
2014,54,053,61.62432462233984,1
2014,54,055,85.55161596499413,1
2014,54,057,84.8883992548008,1
2014,54,059,48.39223759960349,1
2014,54,061,79.69308894470359,1
2014,54,063,88.34117125110915,1
2014,54,065,81.82527220630372,1
2014,54,067,90.27922575699502,1
2014,54,069,65.91475566475566,1
2014,54,071,95.44279069767443,1
2014,54,073,70.35197368421052,1
2014,54,075,95.97772675086108,1
2014,54,077,92.2076512455516,1
2014,54,079,46.250266165093336,1
2014,54,081,82.53594580537126,1
2014,54,083,93.26122393533926,1
2014,54,085,70.0014675667743,1
2014,54,087,74.47182859854905,1
2014,54,089,88.348419592671,1
2014,54,091,84.21934115151159,1
2014,54,093,94.85020011435105,1
2014,54,095,69.1664464993395,1
2014,54,097,87.32200759586719,1
2014,54,099,46.20879357853121,1
2014,54,101,93.24786229872294,1
2014,54,103,71.28245678558294,1
2014,54,105,75,1
2014,54,107,43.689243027888445,1
2014,54,109,79.43709865103651,1
2014,55,001,92.88735197049117,1
2014,55,003,94.9172735760971,1
2014,55,005,95.66558029660091,1
2014,55,007,97.75856346255975,1
2014,55,009,87.09897585259876,1
2014,55,011,94.00388814116943,1
2014,55,013,95.93747969064795,1
2014,55,015,92.37608581471456,1
2014,55,017,93.60236951039634,1
2014,55,019,96.51919016630514,1
2014,55,021,90.76679786088707,1
2014,55,023,93.07509833585476,1
2014,55,025,83.94681540565902,1
2014,55,027,91.20218085766857,1
2014,55,029,96.86347115765231,1
2014,55,031,90.26208970182911,1
2014,55,033,91.61142013849472,1
2014,55,035,89.38265727036887,1
2014,55,037,97,1
2014,55,039,91.21735539627761,1
2014,55,041,98,1
2014,55,043,92.44273677640818,1
2014,55,045,90.6239755484028,1
2014,55,047,94,1
2014,55,049,93.88629283489097,1
2014,55,051,98,1
2014,55,053,91.79058560093462,1
2014,55,055,87.11274212895334,1
2014,55,057,90.69545608298569,1
2014,55,059,77.75835784489561,1
2014,55,061,96.73735702117304,1
2014,55,063,88.55473512492487,1
2014,55,065,93.1852555351101,1
2014,55,067,96.79655942352584,1
2014,55,069,95.9896730378772,1
2014,55,071,78.80472743023327,1
2014,55,073,91.90972376673635,1
2014,55,075,94.10629579637485,1
2014,55,077,93.41894377299002,1
2014,55,078,95.67617526243724,1
2014,55,079,68.692122202515,1
2014,55,081,93.46761681000089,1
2014,55,083,95.71539097724302,1
2014,55,085,96.63002740952061,1
2014,55,087,89.58082829534607,1
2014,55,089,85.92311054871736,1
2014,55,091,92.54221921515561,1
2014,55,093,87.66604664822928,1
2014,55,095,93.78273605199323,1
2014,55,097,91.53715683068656,1
2014,55,099,97.09036578341014,1
2014,55,101,82.31653156548178,1
2014,55,103,91.84200201771102,1
2014,55,105,79.091066587729415,1
2014,55,107,96.50179706939453,1
2014,55,109,82.83396924229302,1
2014,55,111,91.15408177916753,1
2014,55,113,96.57737951077743,1
2014,55,115,95.3103580593328,1
2014,55,117,89.07417859127536,1
2014,55,119,97.18935715672946,1
2014,55,121,93.79083828653413,1
2014,55,123,95.16365688487585,1
2014,55,125,97.53374204417821,1
2014,55,127,85.974310143801,1
2014,55,129,96.39759265125119,1
2014,55,131,90.1804551559694,1
2014,55,133,79.96801618298595,1
2014,55,135,94.17739217038229,1
2014,55,137,94.01257732803474,1
2014,55,139,84.19768663939244,1
2014,55,141,84.86350843646059,1
2014,56,001,97.58600214938205,1
2014,56,003,98,1
2014,56,005,97.43028157140448,1
2014,56,007,97.95163026274138,1
2014,56,009,97.73640197269674,1
2014,56,011,98,1
2014,56,013,98.65271607059574,1
2014,56,015,97.61357432681667,1
2014,56,017,99,1
2014,56,019,99,1
2014,56,021,94.84595178578994,1
2014,56,023,99,1
2014,56,025,97.86451752323083,1
2014,56,027,99,1
2014,56,029,98.36293718461806,1
2014,56,031,98.72313860252005,1
2014,56,033,95.47586043681115,1
2014,56,035,99,1
2014,56,037,95.40565085771948,1
2014,56,039,99,1
2014,56,041,97.31335461432178,1
2014,56,043,96.77877783041212,1
2014,56,045,97.47414155571128,1
