year,state,place,share_affordable_80_ami,share_affordable_50_ami,share_affordable_30_ami,share_affordable_80_ami_quality,share_affordable_50_ami_quality,share_affordable_30_ami_quality
2021,01,03076,1.6106648135192874,1.5725114770982163,1.0797692004738686,2,2,2
2021,01,07000,1.4562017095750073,1.339042690581233,1.1017129397576066,3,3,3
2021,01,35896,1.7837232729307717,1.6030016201400994,1.5012359308015644,3,3,3
2021,01,37000,1.873915860557826,1.9082371418629778,1.8416749894072122,3,3,3
2021,01,50000,1.4540660222720305,1.3028447400519851,1.339220914603044,3,3,3
2021,01,51000,1.6193848847189998,1.2209018504013447,1.1088907167957935,3,3,3
2021,01,77256,1.396090399963076,1.0959277425195761,0.8823092525632276,2,2,2
2021,02,03000,1.550457840518886,1.4462796612898032,1.092617521942814,2,2,2
2021,04,04720,1.5491660954923963,1.3052758660633006,1.2124689389372574,2,2,2
2021,04,07940,1.91920680760383,1.8213829818050418,NA,2,2,NA
2021,04,12000,1.4876995562894069,1.294370633513639,1.33481000205325,3,3,3
2021,04,23620,1.4696935105472222,1.2463068216443816,1.2818029286150094,3,3,3
2021,04,27400,1.6709765238489755,1.776646590138999,2.5520751598617224,1,1,1
2021,04,27820,1.507668320370768,1.207724884064726,1.0756591091947691,1,1,1
2021,04,28380,1.6104050945665955,1.4188576957655594,NA,2,2,NA
2021,04,46000,1.44978704867788,1.3000771227890713,1.267213146393054,2,2,2
2021,04,54050,1.6310584942285653,1.5376222002344175,1.6449570348048785,2,2,2
2021,04,55000,1.4355568494302582,1.1423522794010266,1.0707625055617371,2,2,2
2021,04,65000,1.5157863971634686,1.5218968721305066,1.5813872461643865,3,3,3
2021,04,71510,1.795957894026208,1.926879185928309,2.543701439767115,1,1,1
2021,04,73000,1.3543638495027261,0.8461945396889785,0.9082861608524319,3,3,3
2021,04,77000,1.51711601186795,1.3203639352066612,1.1624184606692682,2,2,2
2021,04,85540,1.865864732725321,1.9180514374505924,1.8994650910986788,2,2,2
2021,05,23290,1.8992401238648797,1.708276600651658,1.320082019977454,2,2,2
2021,05,24550,1.9292946189318265,1.8621737060541406,1.7996793671553906,2,2,2
2021,05,35710,1.9087016911804342,1.7221304305613585,1.6497617348499123,2,2,2
2021,05,41000,1.5552847866941901,1.284991607456485,0.9012551646475847,1,1,1
2021,05,66080,2.1258657105179535,1.8291542002820895,1.48629082663724,3,3,3
2021,06,00562,1.2767604884958843,1.2789147710668463,1.0161013310433662,2,2,2
2021,06,00884,1.3649080984188433,1.040918946264783,0.8934324659231722,2,2,2
2021,06,02000,1.3382855588020246,0.9984116990831736,0.7984910159917569,3,3,3
2021,06,02252,1.2376809632185786,0.7317134726176984,0.5510595531710161,1,1,1
2021,06,02364,1.505749083614219,1.2441679618892476,1.2591467231084887,2,2,2
2021,06,03526,1.2046005109306153,1.0276821941586576,0.7952685874617046,2,2,2
2021,06,04982,1.2926173210912326,1.0189700980410346,0.9583298643538907,2,2,2
2021,06,06000,1.3678806529427163,1.0015144252951467,0.8777776706281933,1,1,1
2021,06,08786,1.463324600048102,1.2307475742439036,1.1287846784066904,3,3,3
2021,06,08954,1.099633241601202,0.7073370903321115,0.5452221637470867,1,1,1
2021,06,11194,1.1870596412693208,0.9485400715259803,0.9263040113209913,1,1,1
2021,06,11530,1.4210485687487857,1.4138558178839014,1.7557973508608764,1,1,1
2021,06,13014,1.2807459976874687,0.9489117291414751,0.7996438112199467,1,1,1
2021,06,13210,0.9881527300014431,1.0444393385583908,NA,2,2,NA
2021,06,13214,1.00152935700512,1.080932456664674,NA,2,2,NA
2021,06,13392,1.2871300510967254,0.994771978151975,0.8257837919424514,1,1,1
2021,06,13588,1.2759081018791798,1.039897602728167,0.7876267316495086,1,1,1
2021,06,14218,1.4309736232094104,1.491438892380078,1.139298956161322,1,1,1
2021,06,15044,1.2910682005193928,1.0909633801586682,0.776801787778656,2,2,2
2021,06,16000,1.2991603740540256,0.9699323733716917,0.9644637625432368,3,3,3
2021,06,16350,0.97833904441110775,0.9850078834145158,1.1590388138666554,2,2,2
2021,06,16532,1.413495402112797,0.9133579457420848,0.9986152350001818,2,2,2
2021,06,17918,1.3570436164334512,1.254111730246623,0.999516411741679,2,2,2
2021,06,19766,1.1204940834948192,0.9054882905951525,0.9483295529106589,1,1,1
2021,06,21712,1.2471783151353282,0.8729575072749574,0.6002713069754146,2,2,2
2021,06,22020,1.2969849258761428,1.5210735254266599,1.5004176545132437,1,1,1
2021,06,22230,1.2677769542647477,0.930499513063714,0.7645478486041658,1,1,1
2021,06,22804,1.2464337980166067,0.8554944890858405,0.7822361460399617,1,1,1
2021,06,23182,1.0857097574242076,0.8014050460794683,0.8850994721883881,1,1,1
2021,06,24638,1.372741736642553,1.26574673664589,0.837337295287189,2,2,2
2021,06,24680,1.301003334757618,0.9206408849251893,0.8749182038543772,1,1,1
2021,06,26000,1.526236051853305,1.3386134792974023,1.3554842424782305,2,2,2
2021,06,27000,1.3581088138571282,0.9644181756320399,0.7893479976349227,3,3,3
2021,06,28000,1.2825423977328043,1.0664175610279467,1.0126712252123167,3,3,3
2021,06,29000,1.2619252610731542,1.0058098982536057,0.8461675505168695,3,3,3
2021,06,30000,1.0968988259055648,0.6352246756510637,0.36888430887284623,2,2,2
2021,06,32548,1.3402509656617878,1.1009152172698513,0.5254080245029679,2,2,2
2021,06,33000,1.3417369036144777,1.0069456877436291,0.9949054087927449,1,1,1
2021,06,33182,1.0923061577521624,1.0140990646201546,0.9707154750239049,2,2,2
2021,06,33434,1.3509996943544804,1.0863243056748142,1.1115500261289641,2,2,2
2021,06,36000,1.4405369872839051,1.1214655276942662,1.0460508338220686,3,3,3
2021,06,36448,1.4602919864151158,1.3191588269427286,1.5602864623567996,2,2,2
2021,06,36546,1.353753879531115,1.004780728544162,0.7435175246717953,1,1,1
2021,06,36770,1.1784419000727702,0.8285909550965385,0.6583665281637898,2,2,2
2021,06,37692,1.4161070586924904,1.1986628172117935,NA,2,2,NA
2021,06,39496,1.2636837108191432,0.9348210273796789,0.8824081334487293,3,3,3
2021,06,39892,1.4333288892585063,1.4723935356569546,1.481130907445952,2,2,2
2021,06,40130,1.3086274029672564,1.082542473252246,0.9483861290250367,1,1,1
2021,06,41992,1.4331425513009597,1.307894587696517,1.469956161769979,2,2,2
2021,06,43000,1.2363031019709207,0.9327066838131006,0.6192507369324756,2,2,2
2021,06,44000,1.0907202078464988,0.7945112138905748,0.48167199964314183,1,1,1
2021,06,45484,1.097662628887054,1.274549714965392,NA,3,3,NA
2021,06,46842,1.0421387140585006,1.0122555255174837,1.0904650203939967,2,2,2
2021,06,46898,1.371863018562207,1.016371724797907,0.8551354174592237,2,2,2
2021,06,47766,1.7879009941035455,1.4726409457403593,1.4205676234258382,2,2,2
2021,06,48256,1.3381092900167006,1.1906181051181082,1.2504996003861522,1,1,1
2021,06,48354,1.2215418193707008,0.991467587626788,0.899302169656356,1,1,1
2021,06,49270,1.0000889463878004,0.9081466717416784,0.8642884601506831,1,1,1
2021,06,49670,1.6368198895980002,1.2706417876018101,0.9989253089736703,2,2,2
2021,06,50076,1.1222787458075554,1.2878882111119412,NA,2,2,NA
2021,06,50258,1.2256386083732944,1.1000615722991764,1.069299133760828,2,2,2
2021,06,51182,1.3214697889005254,0.9484371271736002,0.8799304243967528,3,3,3
2021,06,52526,1.348820366165452,1.1455573056610766,1.2657882050457978,1,1,1
2021,06,53000,1.2647118499724683,1.0694122464235805,0.7990613397602323,3,3,3
2021,06,53322,1.1195595889157794,0.6766121814721621,0.7401716855422893,2,2,2
2021,06,53896,0.8726227498393685,0.7262261352374049,0.6927246009708427,1,1,1
2021,06,53980,1.3353261496174722,1.012988075482279,0.8290434657820256,2,2,2
2021,06,54652,1.3280895278557672,1.0367874936451182,0.9722604284035683,1,1,1
2021,06,55156,1.2916117675366674,1.0030702099007816,0.8133345341389326,1,1,1
2021,06,56000,1.0925237074871124,0.787435741849045,0.5350319684685783,3,3,3
2021,06,56700,1.563810640374329,NA,NA,2,NA,NA
2021,06,57456,1.3051366643938513,0.9904682737600444,0.9979005630308235,2,2,2
2021,06,57792,1.4484641469268282,1.3190032775405744,1.4771995087086578,3,3,3
2021,06,58072,1.326523182989978,1.0222204240045965,0.8302948967473874,1,1,1
2021,06,59444,1.4242525278002673,1.2478074519272735,1.2096576222584134,2,2,2
2021,06,59451,0.9547250648505524,0.9321547077066313,1.0256785050089186,1,1,1
2021,06,59920,1.380094710153547,1.2167055079241682,0.9130898084108461,2,2,2
2021,06,60102,1.5343326965647228,1.5131640785354241,1.0771006257313294,2,2,2
2021,06,60466,1.3715274732481988,1.3881061098482705,1.2953971484329538,2,2,2
2021,06,60620,1.3207338891217324,1.258954288594431,1.120703067032418,2,2,2
2021,06,62000,1.1243065347083805,0.7822418116693646,0.8037234441636757,2,2,2
2021,06,62938,1.306911175619123,1.1487009416648213,1.2450715722312626,1,1,1
2021,06,64000,1.2882996585001418,0.9917931158418278,0.8508139889039598,2,2,2
2021,06,64224,1.3741452904568707,1.0676076030893493,1.2942660317217323,1,1,1
2021,06,65000,1.3631604174659129,0.9631308320314905,0.9575141397514816,3,3,3
2021,06,65042,1.4159833275064433,1.1768713152813497,1.1901999252816775,1,1,1
2021,06,66000,1.2610950947547874,0.9198083180257217,0.6790359518116429,1,1,1
2021,06,67000,1.376483317397212,1.2583642204101804,1.0514515518352896,2,2,2
2021,06,68000,1.3660907207545143,1.177513370368182,1.0456622560054123,1,1,1
2021,06,68084,1.3760409066723185,1.3758868290314024,1.093654875973511,2,2,2
2021,06,68196,1.255665038897964,0.9179741750765734,0.9070631163561103,2,2,2
2021,06,68252,1.3897123281722241,1.127667500235784,0.912339935073737,2,2,2
2021,06,68378,1.4395323025888984,1.472465947163179,NA,2,2,NA
2021,06,69000,1.3571550293160703,1.0410349293067171,0.6457849331752604,2,2,2
2021,06,69070,1.1281822762279603,0.9405410281028903,0.6831076286263389,2,2,2
2021,06,69084,1.6925013759694032,1.1275038929951142,0.9551168890780767,1,1,1
2021,06,69088,1.2938325386616683,0.9437639861622775,0.8978176651825909,1,1,1
2021,06,69196,1.35587191757541,1.025674624877371,0.8580358075970008,2,2,2
2021,06,70000,1.0988987250901805,0.810577068683042,0.5089669108360697,3,3,3
2021,06,70098,1.2015536211826676,0.8569979381800491,0.7915729430513335,1,1,1
2021,06,72016,1.0277466413242247,0.938545956841889,0.9298760875001036,1,1,1
2021,06,73080,1.2708133214006754,1.144024359957338,0.8686350960999406,2,2,2
2021,06,75000,1.3650760881328992,0.9826387706214166,0.8871016401068962,3,3,3
2021,06,77000,1.6148040620935153,1.094201842672648,1.1240457739117335,3,3,3
2021,06,78120,0.9487693833754779,1.0277656646690234,1.1171437605177135,1,1,1
2021,06,78582,1.1236423449676927,1.1469124865031401,1.0451313512322722,1,1,1
2021,06,80000,1.287661943949644,0.9322186595269437,1.0926180505657401,2,2,2
2021,06,80238,1.0405853179173,1.2682055100521221,1.1620854303781134,2,2,2
2021,06,80854,1.3918260125889756,1.0615020027916564,0.8840828230187019,3,3,3
2021,06,81344,1.2314723604256594,0.9723648813890927,0.707618879264628,2,2,2
2021,06,81554,1.0821598597070916,1.0745352619959874,1.1324924451332528,2,2,2
2021,06,81666,1.1269006454104924,0.8636276982908051,0.814567078430591,1,1,1
2021,06,82590,1.420993732180845,1.2838437817447854,1.1498703767345515,2,2,2
2021,06,82954,1.2461202150560153,0.9812453669384729,0.8673359976605907,1,1,1
2021,06,82996,1.370162595197262,0.7923306165675488,0.8362427620059838,2,2,2
2021,06,84200,1.2511069140127453,1.0644284168705749,1.2551987818918988,2,2,2
2021,06,84550,1.2732470879215447,0.9605434227077388,0.818335319975197,2,2,2
2021,06,85292,1.3492388911030082,1.1572973437990082,0.9738626593828811,2,2,2
2021,08,03455,1.5286362817829553,1.187259822245212,1.6132090841003697,1,1,1
2021,08,04000,1.3628588644166029,0.9826557794651803,0.9366371244931987,3,3,3
2021,08,07850,1.2133332309077551,0.9265826266030628,0.77095875407807,2,2,2
2021,08,12815,1.5144490201740333,1.2995909508145334,1.5610558035082074,2,2,2
2021,08,16000,1.3755338481359105,1.314637842909662,1.3550669412963126,3,3,3
2021,08,20000,1.3748420966445543,1.0258200717893167,0.8203112064003731,1,1,1
2021,08,27425,1.3828939564037928,1.2464909312366639,1.165245554614444,2,2,2
2021,08,32155,1.4653500226951874,1.28521426549687,1.192740521169528,2,2,2
2021,08,43000,1.4658146699824606,1.1677609303260992,1.1725351276323537,3,3,3
2021,08,45970,1.4764483484380684,1.351776244099665,1.4660476970689966,2,2,2
2021,08,46465,1.34671917124411,1.429596979639688,1.6949701778815094,2,2,2
2021,08,62000,1.3953145203557713,1.3500541076628017,1.2025377269950988,3,3,3
2021,08,77290,1.516510731974553,1.0740322753153388,1.0525526962997287,2,2,2
2021,08,83835,1.5464229936009317,1.0687830046211897,1.4247857811633597,2,2,2
2021,09,08000,1.2144063854271234,1.0814568356009744,0.6331046978128639,1,1,1
2021,09,18430,1.5278215891093478,1.1592420107855885,0.8007739957857541,2,2,2
2021,09,37000,1.2342553612296217,1.1464164989175434,0.5337078651685393,3,3,3
2021,09,52000,1.169397382570762,0.8313739252500438,0.5446751863684771,1,1,1
2021,09,55990,1.0273093522265653,0.8449353260505329,0.5691353911868863,2,2,2
2021,09,73000,1.1794462022621641,0.8961420648551647,0.4950466181575617,3,3,3
2021,09,80000,1.3472168410176935,1.2941970898318376,0.7737834283209118,2,2,2
2021,11,50000,1.3293265091031832,1.1640029213444978,0.7766065790813729,1,1,1
2021,12,07300,1.1582206676344617,1.0880880759227178,1.125336312583825,2,2,2
2021,12,07875,1.3991831189742523,1.2682268327183372,1.1198676470660356,2,2,2
2021,12,10275,1.4893972194136698,1.2963489551685206,1.2688576435262926,1,1,1
2021,12,12875,1.431092527809107,1.1413803292148874,0.8639463946944294,2,2,2
2021,12,14400,1.320803215157441,1.009035798760385,0.9692269301812012,1,1,1
2021,12,16475,1.5000486964427984,1.0522913135382803,1.0142339163029677,2,2,2
2021,12,16725,1.2403541935342328,0.9779794068788715,1.0775677437377782,2,2,2
2021,12,17200,1.6390767953602792,1.6725177283253945,1.4421697993126565,2,2,2
2021,12,17935,0.9749323646364872,0.6606243087132849,0.6344200330734704,2,2,2
2021,12,24000,1.2173850671316593,0.8268741708653364,0.6041741905617188,3,3,3
2021,12,24125,1.5365223869875035,1.1788817951865715,0.9281440929985503,2,2,2
2021,12,25175,1.3808218776702317,0.9894094582692791,0.7855526234656921,1,1,1
2021,12,30000,1.1871478672340283,0.8834377011699489,0.821590848266499,2,2,2
2021,12,32000,1.2420654662099941,0.8494704629061374,0.7230144395581959,2,2,2
2021,12,32275,1.2668165193584435,1.0481863074595295,0.7934691882403059,3,3,3
2021,12,35000,1.407190906170642,1.1737136666236534,1.0317174418207606,3,3,3
2021,12,36950,1.2725653736339666,0.8594613832000015,0.7634550352312821,2,2,2
2021,12,38250,1.6772869907617718,1.4573234736832783,1.522937680104875,2,2,2
2021,12,39425,1.7034461116714246,1.390345586373351,1.3252157976490948,2,2,2
2021,12,43975,1.6173429806764785,1.572489651801086,1.5735119701275964,2,2,2
2021,12,45000,0.9954410003504475,0.7463905039128722,0.5238483983283511,2,2,2
2021,12,45025,1.050827269980536,0.6859711455851952,0.5823560892786257,2,2,2
2021,12,45060,1.1781691635442875,0.9732527569194611,0.8874876426607519,2,2,2
2021,12,45975,1.3818065344147148,1.1778732226997481,0.9369615725381308,2,2,2
2021,12,49675,1.6558527989809781,2.09444221853357,1.851071888493296,3,3,3
2021,12,53000,1.2548405951241746,0.7065556162689904,0.6035771799394558,3,3,3
2021,12,54000,1.4257788259568593,1.2821041062815386,1.4234347312463085,1,1,1
2021,12,54200,1.4102927959888367,1.5028487569060776,1.6251868890166763,2,2,2
2021,12,55775,1.5250813454724461,1.2365692202802547,1.0074102450946358,2,2,2
2021,12,57425,1.31943454623823,0.9872610465294496,0.8790588537410412,2,2,2
2021,12,58050,1.3098229423660934,0.8559507694794932,0.6789865246148363,2,2,2
2021,12,58715,1.6077311387397266,1.7521226910883487,2.050548761476079,1,1,1
2021,12,63000,1.3466968139779314,1.1479645072765876,0.9717537551955202,3,3,3
2021,12,69700,1.267159962711799,0.9374108201653247,0.8476504770743392,2,2,2
2021,12,70600,1.4217329065048225,0.9814365210240574,0.7130862051463479,1,1,1
2021,12,71000,1.2771635190518635,0.9128579474399539,0.7935963283604344,2,2,2
2021,12,76600,1.240161556548936,0.9711430492947732,0.7066161412095593,2,2,2
2021,13,03440,1.3635048988068905,0.9991098544350194,0.7953884503531367,2,2,2
2021,13,04000,1.3920117318625018,0.9767218532148986,0.7754210089061018,3,3,3
2021,13,04204,1.5624576418757365,1.2130278931246108,1.0474236999737252,1,1,1
2021,13,19000,1.6495255646502045,1.3180136925818693,1.08823332268598,3,3,3
2021,13,42425,2.0293954714980127,NA,NA,2,NA,NA
2021,13,49008,1.6143899819776562,1.4100403017717806,1.3806529930155658,1,1,1
2021,13,67284,1.6772840590350584,1.2737928199931756,NA,2,2,NA
2021,13,68516,1.442960541676395,0.9250875774723796,0.5448926480156148,1,1,1
2021,13,69000,1.4828045858794576,1.0677351541635907,0.8610464313562387,3,3,3
2021,13,80508,2.619939304043172,2.2313307510290663,1.9100144657544647,2,2,2
2021,15,71550,1.15625943589724,1.0508042570302365,0.9401443100038477,1,1,1
2021,16,08830,1.6057843741071223,1.4388379438856485,1.3719073404086708,2,2,2
2021,16,52120,1.4802872596573549,1.449619872279781,1.4843605525513937,3,3,3
2021,16,56260,1.7068447419531787,1.5708165896790747,1.7301058934748563,2,2,2
2021,17,02154,1.8939880671368774,1.5315203183422232,0.9469651073211786,3,3,3
2021,17,03012,1.7619890915088978,1.4905088555569594,1.1367332423107623,2,2,2
2021,17,06613,1.737905401227795,1.8334066403069846,1.548405931706929,2,2,2
2021,17,12385,1.8897753097891568,1.8579435624659497,1.2517562443707693,3,3,3
2021,17,14000,1.3179438198377047,1.1001065026864356,0.6361342479387684,1,1,1
2021,17,14351,1.4800226891299335,1.3838671323606053,0.6223079196384067,2,2,2
2021,17,23074,1.650656339580953,1.4699493062274311,1.1136113368448488,2,2,2
2021,17,24582,1.5099684676883527,1.2622522671709677,0.7756166504098991,2,2,2
2021,17,38570,1.662935073707642,1.498166406409555,1.277237173410392,2,2,2
2021,17,51622,1.6445030847522761,1.1167993599810904,0.6436508205508403,2,2,2
2021,17,59000,1.5038301469028568,1.695287772381864,1.4073516980548257,3,3,3
2021,17,65000,1.6193689279454142,1.5771269047863745,1.4891972663603652,3,3,3
2021,17,68003,1.7018918676295212,1.2955193911242122,0.9043831874203103,2,2,2
2021,17,72000,1.9107869179413657,2.2152102811381864,1.6722326466820376,2,2,2
2021,17,79293,1.6550089193379287,1.6511120179284169,1.1621186867983528,2,2,2
2021,18,05860,1.486684840201383,1.2790012177076802,0.8070917267483225,2,2,2
2021,18,10342,2.2057235523182066,2.2027487377353254,NA,2,2,NA
2021,18,22000,1.556504507731568,1.8431404813744605,1.7420334196864455,3,3,3
2021,18,23278,2.4410260473025684,2.6427925402361745,NA,2,2,NA
2021,18,25000,1.7976024286276486,1.7719781499048552,1.4733039132528527,1,1,1
2021,18,31000,1.509256809111792,1.540141705947884,1.265195783733804,3,3,3
2021,18,36003,1.6208664658532117,1.5874381415978722,1.0722617186015069,1,1,1
2021,18,71000,1.867419258393408,1.7605050496763894,1.6170954723618547,3,3,3
2021,19,12000,1.6348597453352562,1.896539199990373,1.6808529950722377,3,3,3
2021,19,19000,1.7402545711504516,2.1166534111362054,1.7474645157445325,3,3,3
2021,19,21000,1.7178816352761965,1.6546203522435998,1.2160815336132103,3,3,3
2021,19,73335,1.8285167685761052,1.9801487187189462,2.0874279862991836,2,2,2
2021,20,36000,1.502272322177092,1.5050328985500698,1.1780567473478198,3,3,3
2021,20,38900,1.52050535225789,1.3574316949508354,0.8311045546133111,1,1,1
2021,20,52575,1.8569202159868852,1.6546877970174043,1.1337450527960107,2,2,2
2021,20,53775,1.9349862378109168,1.682924283474314,1.1417581010439342,2,2,2
2021,20,71000,1.4999107146687012,1.495163887946768,1.3409375759400897,3,3,3
2021,20,79000,1.6438937135023894,1.7402136099585954,1.3821567921277018,2,2,2
2021,21,46027,1.6056587728275127,1.3617710100919889,0.9375412567189514,1,1,1
2021,21,48006,1.70076113852263,1.4577731925164266,1.2834591181499058,2,2,2
2021,22,05000,1.4528864362140794,1.2484370886788594,0.9486422131866331,3,3,3
2021,22,40735,1.8192549438121068,1.6384487105455745,1.4312151956409795,2,2,2
2021,22,41155,1.6226009377003363,1.622895431225462,1.6602210865806954,2,2,2
2021,22,55000,1.2126226387465222,0.900152787184778,0.7571431327532653,3,3,3
2021,22,70000,1.559949418173538,1.3468081012813895,1.214680561724042,3,3,3
2021,24,04000,1.3651696422728437,1.218843648208469,0.7746205887730847,2,2,2
2021,24,30325,1.519413641966033,1.3785797962711175,1.1911359461914333,2,2,2
2021,25,07000,1.2389182351059616,0.9414683427923123,0.7791727227252191,2,2,2
2021,25,09000,1.2108534274968452,1.0166445721019297,0.901707881159936,2,2,2
2021,25,11000,1.118335124411011,0.8325389444315275,0.8133870524677227,3,3,3
2021,25,23000,1.338434357881629,1.4295905092220869,0.659672927517839,2,2,2
2021,25,34550,1.294715978688247,1.087217068601081,0.7344768837732114,2,2,2
2021,25,37000,1.2383521666836337,1.035964588712652,0.902500434103143,3,3,3
2021,25,37490,1.1980781195566224,0.9984651633508554,0.8081864754545381,1,1,1
2021,25,45000,1.3362923229047152,1.207695160056278,0.6924678635894739,3,3,3
2021,25,45560,1.373929189157372,1.1678102465967128,0.8184857733932802,2,2,2
2021,25,55745,1.311553210411076,1.0434757963949666,0.8024953318621627,1,1,1
2021,25,62535,1.2969725266692924,0.8017137563579124,0.702218067476842,2,2,2
2021,25,67000,1.260372360746759,0.9203622411945663,0.7241751237927146,3,3,3
2021,25,82000,1.4153486577866528,1.056822101665151,0.746307765602668,3,3,3
2021,26,03000,1.4731368602854742,1.204535961293282,0.7312319137671933,3,3,3
2021,26,21000,1.5772519353494043,1.377842373344138,0.9616761529234936,3,3,3
2021,26,22000,1.3481327722644671,1.3166030960773456,1.161694252171375,1,1,1
2021,26,27440,1.6249890360448955,1.095760039774536,0.6791480124813458,2,2,2
2021,26,29000,1.5029658224272668,1.5651231669435817,1.3391980360065467,3,3,3
2021,26,34000,1.6204633917176023,1.3991949034533944,1.2582650209870636,1,1,1
2021,26,46000,1.668595383966951,1.83365799411566,1.4361598342951087,3,3,3
2021,26,49000,1.9176384747885222,1.8478123839906047,1.594802624042847,2,2,2
2021,26,69035,2.067246172121055,1.6222783907804286,1.2884995715149146,2,2,2
2021,26,74900,1.6343477995540985,1.1032806498974872,0.6791480124813458,2,2,2
2021,26,76460,1.5496206843164577,1.364777179236043,1.1749086960813344,1,1,1
2021,26,80700,1.9165728126037769,1.6323140118667274,1.2947647448641484,2,2,2
2021,26,84000,1.7761570194924716,1.5351561000259015,1.47095617572715,2,2,2
2021,26,86000,1.6203925490008255,1.5579612305195079,1.2998229005691824,2,2,2
2021,26,88940,1.7634542780928362,1.602786058243522,NA,2,2,NA
2021,27,06616,1.607041774769839,1.5935325326341556,1.3239638468510677,2,2,2
2021,27,07966,1.6024063314881742,1.7366284622731614,NA,2,2,NA
2021,27,17000,1.723928270156234,1.6894711202744708,1.2117069975459152,3,3,3
2021,27,43000,1.4824660848732905,1.2273982881700893,0.8433849973441123,2,2,2
2021,27,51730,1.6820083682008369,1.5144092219020173,NA,2,2,NA
2021,27,54880,1.879388552114925,1.9585069004165836,1.9370086309879362,2,2,2
2021,27,58000,1.5764339061706911,1.498540738627636,1.0725070838023523,1,1,1
2021,27,71428,1.7376288680397864,1.8207753452547917,NA,2,2,NA
2021,28,36000,1.3964119760657268,1.1482350922578821,1.0579000352562273,3,3,3
2021,29,15670,1.704915821260812,1.6765978595941402,0.955899934350676,2,2,2
2021,29,35000,1.7154178948274619,1.8440460943666817,1.5214064724676082,3,3,3
2021,29,38000,1.581235163686972,1.4634946687422932,1.0991061783162723,1,1,1
2021,29,41348,2.0287997899419237,1.8521501633484256,NA,1,1,NA
2021,29,54074,2.2336661664802278,2.020994207181504,NA,2,2,NA
2021,29,65000,1.466480569720415,1.5832648364293933,1.1076431324621603,3,3,3
2021,29,70000,1.6245725942431763,1.4921204178348186,1.1854666604329156,3,3,3
2021,30,06550,1.6009945110158743,1.6231503332846335,1.5487175131289146,1,1,1
2021,31,28000,1.5765660234090297,1.562755396540646,1.2132969264927216,3,3,3
2021,31,37000,1.5732826444728103,1.3494773507765772,0.8898106141742596,3,3,3
2021,32,31900,1.4094774440067988,1.165705914692624,1.2418601760196382,1,1,1
2021,32,40000,1.296224835324317,0.993764006780101,0.8169509320193462,2,2,2
2021,32,51800,1.4479154123504319,1.105766161569796,1.0718645938765807,1,1,1
2021,32,60600,1.4586107738489977,1.1152701473657434,1.015701336112139,1,1,1
2021,32,68400,1.6696243452489108,1.5920209362374846,2.290813212443528,2,2,2
2021,33,45140,1.3546717918391484,1.4492373849358329,0.8627028579635214,1,1,1
2021,33,50260,1.54076934146722,1.3478771575454167,1.0104659280216943,2,2,2
2021,34,13690,1.2555442396576613,0.9001896184704136,0.48216537728290176,2,2,2
2021,34,21000,1.2179771133259505,1.0021144385949772,0.4196887818217332,3,3,3
2021,34,36000,1.2190722338241382,0.780819304737778,0.4532780959117114,3,3,3
2021,34,51000,1.0993223138625847,0.9201450287531391,0.4587573762079877,3,3,3
2021,34,57000,1.1441092539747248,0.8409475465313029,0.491694016662459,2,2,2
2021,34,74000,1.3364785948245717,1.2394547930089204,0.8693193675541888,2,2,2
2021,35,02000,1.5195099135139454,1.3287518181454958,1.1580997714195884,2,2,2
2021,35,39380,1.3631408300582906,1.3294188642707367,1.3049778697169365,1,1,1
2021,35,63460,1.9736173280985068,2.1987963142308864,2.387308467595013,2,2,2
2021,35,70500,1.6091458777148693,1.4654625390161096,1.472219851359378,2,2,2
2021,36,01000,1.373989106330048,1.2026229826797155,0.7342656991260474,3,3,3
2021,36,11000,1.3234459233815181,1.3157038782588493,0.9315996117875419,2,2,2
2021,36,50617,1.2647525667485415,1.0883464706100925,0.7184739469978235,2,2,2
2021,36,51000,1.1900386195632129,0.9556517422978936,0.6656309415731115,1,1,1
2021,36,63000,1.3622200595047445,1.2881375522146785,0.7785634606730926,3,3,3
2021,36,73000,1.3484824335708918,1.25086445905112,0.8816253628041973,3,3,3
2021,36,84000,1.2419906241683556,1.0595742482174229,0.7137208683420142,2,2,2
2021,37,02140,1.7852311548390236,1.6023712895344426,1.5949760483694817,2,2,2
2021,37,10740,2.277527547287331,1.6710201124394022,1.2765188929029172,2,2,2
2021,37,12000,1.561110240363913,1.129099781971467,0.8972811286236968,2,2,2
2021,37,14100,2.0988230968775468,1.779971437738124,1.67996131964287,2,2,2
2021,37,19000,1.70652824456378,1.208596429776172,1.0608933632743802,3,3,3
2021,37,22920,1.496869090786674,0.9909344052460594,0.8965703749119077,1,1,1
2021,37,25580,1.471092932568039,1.3507995383330211,1.1710657161347002,2,2,2
2021,37,28000,1.5896549542286702,1.1997778343202492,1.09634558961097,2,2,2
2021,37,28080,1.4283429064641455,1.1380934203096111,0.9251496720079287,2,2,2
2021,37,31400,1.7920150442758322,1.564122276228918,1.4423082741193372,2,2,2
2021,37,55000,1.7067297636090872,1.2874080134548194,0.8324357869438698,3,3,3
2021,37,74440,1.386883707645342,1.2694904655676438,1.098890077723245,2,2,2
2021,37,75000,1.535374639190974,1.3966599110188287,1.1332100698712764,3,3,3
2021,38,25700,1.7092177745960675,2.0595887250255487,1.6403580998171938,2,2,2
2021,39,01000,1.5091768345089958,1.6770351510795614,1.0976097570732353,3,3,3
2021,39,15000,1.3632587546702901,1.3102901063473051,0.8086440144231759,2,2,2
2021,39,16000,1.332658051900388,1.3478068503600753,1.0574235964471845,3,3,3
2021,39,18000,1.5713551026254189,1.3607962447595123,0.8771479470723348,2,2,2
2021,39,21000,1.5476006389046617,1.660145552296143,1.3590991497911031,3,3,3
2021,39,61000,1.755711121945415,1.975705784518527,1.8110931885424841,3,3,3
2021,39,77000,1.5713344544942793,1.6140801297172145,1.310259279217806,3,3,3
2021,40,09050,1.9465177050113855,1.7282058913133205,1.493652578712207,2,2,2
2021,40,23200,1.6616631926745526,1.8863143580989647,NA,2,2,NA
2021,40,41850,1.635048152511024,2.038737245773505,1.5834920333822713,1,1,1
2021,40,52500,1.7652273087864028,1.5930874126962729,1.4493178708617704,2,2,2
2021,40,55000,1.7500144561404536,1.607189051373691,1.2975616975392357,3,3,3
2021,40,75000,1.612150869175661,1.4692305492428488,1.1425336366119938,3,3,3
2021,41,05350,1.59126596797948,0.957478612676689,0.774333287070613,2,2,2
2021,41,05800,1.335721297527389,1.3671221730328778,1.2268655142478202,2,2,2
2021,41,23850,1.350256748670251,1.1153212320417327,0.8703731241037258,2,2,2
2021,41,31250,1.4757592986253367,1.1042138834934485,0.8796637017233142,2,2,2
2021,41,34100,1.7922331047880269,1.244117345771853,1.017491241275918,1,1,1
2021,41,47000,1.3848287567178759,1.079564914527777,1.0083324684845854,2,2,2
2021,41,59000,1.4043969743630913,1.0555068280882125,0.6838522054530385,2,2,2
2021,41,64900,1.4317936507375195,1.1733946362180827,0.9976383279270685,2,2,2
2021,42,02000,1.2382042477425919,0.9823639221851052,0.7403452975920036,3,3,3
2021,42,06088,1.713636321908518,1.5273135533624216,1.5708340186133638,2,2,2
2021,42,24000,1.6940414588455768,1.6458753580681842,1.392702846921362,3,3,3
2021,42,60000,1.3909612849469208,1.209197868682494,0.9137813985064495,1,1,1
2021,42,61000,1.5062285330858705,1.3877969769321343,1.054654903653414,2,2,2
2021,42,63624,1.5056207209616037,1.3360962733810255,0.9184172240040362,2,2,2
2021,42,69000,1.8526012252894375,1.8403333403428137,1.3693821532121413,3,3,3
2021,44,19180,1.3396462791266526,1.1632607919917233,0.8368286984158088,2,2,2
2021,44,54640,1.4377550458944073,1.2605261725131311,0.8627560380341772,2,2,2
2021,44,59000,1.2796361954678588,0.9175811255682709,0.7460474884779185,3,3,3
2021,44,74300,1.3795675033366148,1.2978868792361582,0.9668588258367422,2,2,2
2021,45,13330,1.4806103792219665,1.3351580400443679,1.166857859696056,2,2,2
2021,45,16000,1.5077265971612566,1.0853913941657942,0.9039012809306152,3,3,3
2021,45,48535,1.4604701033379976,1.54959520098382,1.5060718057022175,2,2,2
2021,45,50875,1.9054004011418826,1.3993203709721627,1.238686565435004,2,2,2
2021,46,59020,1.879601173801952,1.8244783580161232,1.5482132199880245,1,1,1
2021,47,14000,1.6119034375693366,1.3088446304899335,1.1614587690739966,3,3,3
2021,47,15160,1.7159621719068228,1.43726318970435,1.6012176223906427,2,2,2
2021,47,27740,1.5916005141777259,1.933524504692388,NA,3,3,NA
2021,47,40000,1.5057136458275335,1.2168503902425785,1.1119135563892422,3,3,3
2021,47,48000,1.3719592711515773,1.0278839605900747,0.7897503368290069,2,2,2
2021,47,51560,2.057802407028848,2.029014858874751,2.2192281557701072,2,2,2
2021,47,52006,1.3805490961411422,1.0809337270740709,0.9385504380111712,1,1,1
2021,48,01000,1.5349898615669826,1.4349170950952805,1.3911031253914525,3,3,3
2021,48,01924,1.7113079360682917,1.4344041328300632,NA,2,2,NA
2021,48,03000,1.5961615393897477,1.6163955482013685,1.3810103615004343,3,3,3
2021,48,04000,1.5047017032914523,1.0463301427814944,0.6915232919117802,3,3,3
2021,48,05000,1.471147071667281,1.0058229744204807,0.5853393740654216,2,2,2
2021,48,06128,1.5454528053973307,1.5048722083840769,1.5290927492146584,2,2,2
2021,48,07000,1.5227404280855028,1.292266678799603,1.1055017497268855,3,3,3
2021,48,10768,1.6543866112859529,1.5689628945316432,1.4573186385171597,1,1,1
2021,48,10912,1.376057291683149,0.9500284411152087,0.6645374453251724,2,2,2
2021,48,13024,1.8169891921433001,0.981677453577119,0.5406825985612412,2,2,2
2021,48,13552,1.9474142630650257,1.230412414972701,NA,3,3,NA
2021,48,15976,1.3306712391310151,0.9208621006181468,0.6589262064503238,2,2,2
2021,48,16432,1.754181205781506,1.539828512999491,NA,3,3,NA
2021,48,17000,1.5412611898324868,1.1945050475886743,1.0684362505508624,2,2,2
2021,48,19000,1.426768010510533,1.1319094356811776,0.7388134421739504,2,2,2
2021,48,19972,1.4689248120056089,1.062261669641512,0.4726724084243878,2,2,2
2021,48,22660,1.6572730412707855,1.3907013020009225,1.271753392830429,2,2,2
2021,48,24000,1.485343462624829,1.328882385884744,1.2381948024031042,2,2,2
2021,48,26232,2.2438452753316835,2.017823738074584,NA,2,2,NA
2021,48,27000,1.4878922269196304,1.1630769040144613,0.9257323845021446,2,2,2
2021,48,27684,1.6733972591136572,1.3433544135627788,1.097375412690014,2,2,2
2021,48,29000,1.4572753474231792,1.1456404014580723,0.7547399502362478,3,3,3
2021,48,30464,1.581904120026272,1.2223526847037136,0.8554732707177305,2,2,2
2021,48,35000,1.4295853713909068,1.1745419328070177,0.8204804963394172,2,2,2
2021,48,37000,1.5950627893868674,1.1697923960490946,0.5943368822374551,3,3,3
2021,48,39148,1.4331163789978585,1.058356573402483,0.8941666509300217,1,1,1
2021,48,41464,1.562559103696098,1.3225476815754664,1.1757984614389383,1,1,1
2021,48,41980,1.8274452099769949,1.5901766477892203,NA,2,2,NA
2021,48,42508,1.6229874860806996,0.8820174697882539,0.9729561632073022,1,1,1
2021,48,43888,1.8391572554368427,1.7854133846462168,1.709314731771556,2,2,2
2021,48,45000,1.5262949845237406,1.2493745809786068,0.9103414778234823,3,3,3
2021,48,45384,1.8501446610674448,1.532521520020792,1.4506355817920975,1,1,1
2021,48,45744,1.3860851832456356,0.7713016452857723,0.613556455052702,1,1,1
2021,48,47892,1.695013229926727,1.5918241046102517,1.2882055869580717,2,2,2
2021,48,48072,1.6223961267227838,1.6332204256291685,1.3011579976444785,1,1,1
2021,48,48768,1.610980319559244,1.6405311739087234,1.4178130972682865,2,2,2
2021,48,50820,1.9576353250634138,2.2403235973928446,2.1684891668446094,2,2,2
2021,48,53388,1.6782243752777934,1.5698842504800488,1.4127737482709979,2,2,2
2021,48,56000,1.7421995083217903,1.675842896160554,1.4142048327711956,3,3,3
2021,48,56348,1.8805587465042044,2.2006542634433033,NA,2,2,NA
2021,48,57200,1.301712409231551,1.1897270602362242,1.2658380591767326,2,2,2
2021,48,58016,1.5892286442975796,0.9869298203053923,0.5090189576082621,1,1,1
2021,48,61796,1.7113691223370235,1.0725038888509335,0.41180187576386634,2,2,2
2021,48,63500,1.6838844478268182,1.2232143955322632,0.93330761317002,2,2,2
2021,48,64472,1.8769924059436798,1.7213194937885976,1.6562113012906636,1,1,1
2021,48,65000,1.472100318062993,1.1837735261798485,1.0458591729027527,2,2,2
2021,48,70808,2.0274898847886007,1.2009980107092226,0.8535434913939584,2,2,2
2021,48,72176,1.638169274133122,1.4398678112758614,1.2102506913751125,2,2,2
2021,48,74144,1.881774666848978,1.5659244686856608,1.5106648807405214,1,1,1
2021,48,76000,1.4240196702975234,1.0877923404941863,1.0281788016470503,1,1,1
2021,48,79000,1.6464153807342208,1.6958585327308462,1.5637996961560632,3,3,3
2021,49,43660,1.781270419114175,1.68372582554927,NA,3,3,NA
2021,49,44320,1.9914789614389359,NA,NA,3,NA,NA
2021,49,55980,1.6299632210427513,1.580134673728862,1.5750119398241191,2,2,2
2021,49,57300,1.9228587498784582,1.6027357306557668,1.6122763978313162,2,2,2
2021,49,62470,1.257554646848051,1.2460192475940508,0.741159627773801,1,1,1
2021,49,65330,1.3457437439694568,1.5258162470255852,NA,2,2,NA
2021,49,67000,1.5230759320393794,1.3637636176494283,1.1484593693079317,3,3,3
2021,49,67440,1.8925933556224384,1.7815836274789547,1.8470776091316146,2,2,2
2021,49,70850,1.8644076116218906,1.5237890459946737,NA,3,3,NA
2021,49,82950,1.926040204824978,1.5282944724727137,NA,2,2,NA
2021,49,83470,1.682797522927588,1.4448182143207027,1.5216751486736626,2,2,2
2021,51,01000,1.318209771096686,0.9420138731468468,0.43201974242307395,3,3,3
2021,51,16000,1.4806419822610164,1.4200358698437099,1.3264786169244769,3,3,3
2021,51,35000,1.463551160878245,1.1767757434892754,0.8418065202972986,3,3,3
2021,51,47672,1.9479741613331587,1.738027279311726,1.992016723423749,2,2,2
2021,51,56000,1.4202166892496741,1.1222382239220239,0.8247062632596367,2,2,2
2021,51,57000,1.3052354931725114,1.0117604994405598,0.7037644008512096,2,2,2
2021,51,64000,1.3419703060022872,1.0281788793103448,0.6829586184424895,3,3,3
2021,51,67000,1.4017758538721008,1.0145739220344976,0.6147792855208009,3,3,3
2021,51,68000,1.6230434195778751,1.620378809788695,1.2927959781686533,3,3,3
2021,51,76432,1.558922324927672,1.3785682988173802,1.2126390949100931,2,2,2
2021,51,82000,1.461234968247534,0.9629273820080796,0.7925873426165263,2,2,2
2021,53,03180,1.4411031368118734,1.122791315504666,0.8502351074332042,2,2,2
2021,53,05210,1.6597855815502025,1.1414164362293788,0.7972605028739403,1,1,1
2021,53,05280,1.2476328820435885,1.1273382436993333,1.0322339949261305,2,2,2
2021,53,22640,1.4642802913040243,1.0947810092951678,0.9424488401281369,2,2,2
2021,53,23515,1.3505954783770535,1.0380269596271923,0.8595641855905777,2,2,2
2021,53,35275,1.6024560167669177,1.6084593662569002,1.3783260365175125,2,2,2
2021,53,35415,1.4503467029914618,1.1107777817879032,0.9994979680803483,1,1,1
2021,53,35940,1.7464956592491536,0.9002927637689211,0.6944904995479398,2,2,2
2021,53,53545,1.9310466849304002,2.159016675917527,NA,2,2,NA
2021,53,57745,1.3689526058965142,1.0629399634916248,0.7770803265042205,2,2,2
2021,53,63000,1.401256184705872,0.9475359675469631,0.5126396687810528,2,2,2
2021,53,67000,1.483091804239361,1.3437705530323798,0.9997985598486279,3,3,3
2021,53,67167,1.5212313519084155,1.2853569825519922,1.2657871235334137,2,2,2
2021,53,70000,1.348469818595549,0.9930347557379149,0.7242265389760707,3,3,3
2021,53,74060,1.4756027674773766,1.1525410543971342,1.0660094327014042,1,1,1
2021,53,80010,1.4766034670157242,1.492924789057343,0.9590840348695967,2,2,2
2021,55,02375,2.065845201359698,2.6944797189035588,2.698488340478996,3,3,3
2021,55,31000,1.6005852569839056,1.8202244840271435,1.4284605559204562,2,2,2
2021,55,39225,1.8142397836833724,1.4521941721599898,0.8943994426330251,2,2,2
2021,55,48000,1.4229672595855338,1.2522538228545281,0.6363069288387886,3,3,3
2021,55,53000,1.4372995353926483,1.3570555077299493,0.7192994411633158,2,2,2
2021,55,66000,1.7997071554875437,1.609564852986812,NA,3,3,NA
2022,01,03076,1.5338485761151968,1.3998572295334433,1.0732139613272789,2,2,2
2022,01,07000,1.3946052183706048,1.319134827286785,1.0954686038378236,2,2,2
2022,01,35896,1.7747439885664482,1.5474725805355087,1.4617285936171387,3,3,3
2022,01,37000,1.8250266476567194,1.8161072470643826,1.4454326235046615,2,2,2
2022,01,50000,1.5221636089442618,1.1443827906102981,1.1334868862432161,2,2,2
2022,01,51000,1.6046262018060748,1.4700346977990029,1.2191725804336235,1,1,1
2022,01,77256,1.4524467380167367,1.3549785645854897,0.9636244302830733,2,2,2
2022,02,03000,1.6381788982837684,1.6146091442924544,0.9443338796534769,1,1,1
2022,04,04720,1.277825779073166,1.1334970908750275,NA,2,2,NA
2022,04,07940,1.5157355967106754,1.5838282759850197,1.6953151702985891,2,2,2
2022,04,12000,1.611291452468728,1.497991216488935,1.7706409949124684,1,1,1
2022,04,23620,1.3384778046017163,1.2981377987443747,1.5062101832125008,2,2,2
2022,04,27400,1.7066887692530688,1.7946111081705771,2.2684243876074754,1,1,1
2022,04,27820,1.548693537957484,1.3382263808685233,1.186363226874268,1,1,1
2022,04,28380,1.5407941973851578,1.3847025203996939,NA,2,2,NA
2022,04,46000,1.528088381118351,1.359641085160524,1.4088691621353973,1,1,1
2022,04,54050,1.3580125816404316,1.4730118366723843,1.5341293834493586,2,2,2
2022,04,55000,1.4816697965445158,1.2058491841653702,1.1433261687629708,1,1,1
2022,04,65000,1.5245364183627275,1.521389484306755,1.507869023434964,2,2,2
2022,04,71510,1.7055267536174918,1.9480318929352822,2.4062501132007,1,1,1
2022,04,73000,1.4574208820923518,0.9543697520522586,0.780980659378922,1,1,1
2022,04,77000,1.4186667610984374,1.2216261699923214,1.0907380576954815,1,1,1
2022,04,85540,1.5263609957660411,1.5391873427876333,1.5859789381522629,1,1,1
2022,05,23290,1.4403752745087357,1.557577370949125,1.071133453808936,1,1,1
2022,05,24550,1.7100516718217595,1.9426764924223998,2.01612200948653,2,2,2
2022,05,35710,1.781612778294291,1.5613471508947874,1.4032187728781649,2,2,2
2022,05,41000,1.6263624457587122,1.4570992287408253,1.0656387913123067,1,1,1
2022,05,66080,1.866517933328056,1.8514666569632443,2.0277134256902696,2,2,2
2022,06,00562,1.3935926655521795,1.2073401905792396,1.2022780066308787,2,2,2
2022,06,00884,1.2464957054217236,0.8578254085456749,0.6579968609429522,2,2,2
2022,06,02000,1.2525617711140522,0.8435286529407308,0.646890181400419,1,1,1
2022,06,02252,1.1385671608044998,1.1229927611588943,0.791806775678272,1,1,1
2022,06,02364,1.2620612059602647,0.9183603828048914,0.8879854686362321,2,2,2
2022,06,03526,1.316924932112055,0.958432793617554,0.7151878968820925,1,1,1
2022,06,04982,1.169387235620752,0.7159285713756413,0.5915068493150685,2,2,2
2022,06,06000,1.260723789157501,0.802295633725277,0.5514949205392499,1,1,1
2022,06,08786,1.3178081987178114,1.0542432379370374,1.189637240487904,3,3,3
2022,06,08954,1.1211540023963775,0.6434183182835878,0.4232178838178008,1,1,1
2022,06,11194,1.18135338661063,1.1367844138417948,1.2507625003444989,1,1,1
2022,06,11530,1.3568696779137448,1.2506640606957102,1.2711711750533652,1,1,1
2022,06,13014,1.2950175693184043,0.9361383045198918,0.8154691304076409,2,2,2
2022,06,13210,1.032868277362616,1.1631764618077773,0.9652046702557421,2,2,2
2022,06,13214,1.0163674463385626,1.1328664018398495,NA,2,2,NA
2022,06,13392,1.1768656948897298,0.929436922532774,0.750028878986851,1,1,1
2022,06,13588,1.3573593550860148,0.8664271727757649,0.7297675197766403,1,1,1
2022,06,14218,1.3066053766711987,0.7416133056084637,0.6670644542321658,1,1,1
2022,06,15044,1.2760066945159747,0.9805616115623408,0.8402947371291994,2,2,2
2022,06,16000,1.3127268630521074,1.0605528012259173,0.9472547737994023,2,2,2
2022,06,16350,0.9604473808450577,0.9159342820187741,0.8757977307518621,2,2,2
2022,06,16532,1.279994374143823,0.8082123091132091,0.7297432366614672,2,2,2
2022,06,17918,1.5023928790816623,1.2530966509085868,1.255859765606234,2,2,2
2022,06,19766,1.2921900864818443,0.9271679348569799,1.0458125167186176,1,1,1
2022,06,21712,1.275777174216793,0.9626309521584018,0.721334528927246,2,2,2
2022,06,22020,1.195533442663101,1.1311636835995047,1.0376968898243832,1,1,1
2022,06,22230,1.2385397301881633,0.8276859192309604,0.7207602586385431,1,1,1
2022,06,22804,1.1898657774089563,0.8279067049608649,0.6864895130733969,1,1,1
2022,06,23182,1.1566045403614869,0.9463894410832472,0.852839610119442,1,1,1
2022,06,24638,1.4237683093217455,1.3677126972398697,NA,2,2,NA
2022,06,24680,1.2546563135627145,0.9833738534129689,0.9175887252860667,1,1,1
2022,06,26000,1.384666451743007,1.2052863884210914,1.2153506572063713,1,1,1
2022,06,27000,1.1908758257491872,0.8258196426348253,0.6471384551790532,1,1,1
2022,06,28000,1.2499791463031693,0.950842670995458,0.6526977075768637,2,2,2
2022,06,29000,1.362028967390887,1.0624627209364674,1.0486606926434303,1,1,1
2022,06,30000,1.0133486502010338,0.5427820267686424,0.39932407456302477,1,1,1
2022,06,32548,1.2749694426697984,0.8391889289760933,0.48278763962165483,2,2,2
2022,06,33000,1.2118862299880802,1.1058479793706313,1.009228137694826,1,1,1
2022,06,33182,1.2776338042030724,1.0125954345628123,0.949245609901639,2,2,2
2022,06,33434,1.18493575330696,0.8751174535495588,0.8455173858164778,2,2,2
2022,06,36000,1.1462854417381036,0.997833357657783,0.9350596825029026,1,1,1
2022,06,36448,1.4008469673721113,1.323284721858555,1.2729192171873347,2,2,2
2022,06,36546,1.2000908451613408,0.6978891468533427,0.3337400837502323,1,1,1
2022,06,36770,1.1059787908724024,0.9690477618158886,0.7960694525333598,1,1,1
2022,06,37692,1.2033343556006928,1.049925298804781,0.7134453781512605,2,2,2
2022,06,39496,1.2501200766873986,0.9787706688607669,0.8656736884311906,2,2,2
2022,06,39892,1.3801876642728692,1.486515378914693,1.3542176039119804,2,2,2
2022,06,40130,1.3153604731885502,1.0107122129187,0.7578833160555895,1,1,1
2022,06,41992,1.4116735941952987,1.3512271659792925,1.0076914119225335,2,2,2
2022,06,43000,1.2105291196888415,0.8332500338041833,0.6345037558814927,1,1,1
2022,06,44000,1.088154781096372,0.7932668840579737,0.49198375997546784,1,1,1
2022,06,45484,1.1609866233978907,0.9403502859235129,0.9842826222136397,2,2,2
2022,06,46842,1.0022823519797128,0.9164450387280542,0.8811158869933923,1,1,1
2022,06,46898,1.4364811562509674,0.9378405012245506,0.5790027907125056,2,2,2
2022,06,47766,1.712569304216271,1.394186990727244,1.4964879872990424,2,2,2
2022,06,48256,1.4230070163134778,1.2389764958897436,1.0752344552566813,2,2,2
2022,06,48354,1.201022527355948,1.0015882948151806,0.8317545721361828,1,1,1
2022,06,49270,1.0338298308161409,0.9258119949521288,0.9653040099689648,1,1,1
2022,06,49670,1.6235486377923034,1.3098587764343024,0.846321559597816,2,2,2
2022,06,50076,1.1039540675615964,1.2319619919126072,NA,2,2,NA
2022,06,50258,1.1922127209120377,1.011755542414005,0.887364390555201,2,2,2
2022,06,51182,1.2668323673861837,0.856169709840048,0.842062100111951,2,2,2
2022,06,52526,1.3321036601088077,1.066036744558789,1.1837570012925462,1,1,1
2022,06,53000,1.2269349876843514,1.026430861918181,0.8258648217136775,1,1,1
2022,06,53322,1.1270463391878256,0.8303581852330811,0.7921639278125582,2,2,2
2022,06,53896,0.8773508045687614,0.8910805231888472,0.855284441425699,1,1,1
2022,06,53980,1.3192007324035857,1.0901520311478325,1.0159415057194605,2,2,2
2022,06,54652,1.1853564377789716,0.9643960576536557,1.08692455845148,1,1,1
2022,06,55156,1.2144138651240677,1.0069236637503651,0.7923669898913089,1,1,1
2022,06,56000,1.177150280595895,0.7561825140831757,0.6405468737884897,1,1,1
2022,06,56700,1.1220073438191047,1.2701240111055607,NA,2,2,NA
2022,06,57456,1.1873792995459052,1.0035839306551093,1.0821173548587395,2,2,2
2022,06,57792,1.2726684432529616,0.8381465701792572,0.6896623401943328,2,2,2
2022,06,58072,1.2947488341211837,1.0899581330759025,1.0197006524242036,1,1,1
2022,06,59444,1.3804235103694757,1.1946162356421401,0.8633983797335447,2,2,2
2022,06,59451,1.15310214673272,1.2362228479485116,1.374016436439937,1,1,1
2022,06,59920,1.3895214794536392,1.0465924081256868,0.9301675478458846,2,2,2
2022,06,60102,1.4987377500633674,1.146844385924852,0.9358023576028045,2,2,2
2022,06,60466,1.6308573463459322,1.3641905948636384,1.3259110084541001,2,2,2
2022,06,60620,1.2322823474827747,1.0373296867113904,0.8514524792851528,2,2,2
2022,06,62000,1.0625464131669717,0.8189371177000192,0.7024534412326767,1,1,1
2022,06,62938,1.2530725477409246,1.1492029986809487,1.2343074608596596,1,1,1
2022,06,64000,1.3619436547962547,1.0097870419650494,0.7390904118728904,1,1,1
2022,06,64224,1.3676956373163232,0.9070690136909751,0.9850065849458008,1,1,1
2022,06,65000,1.2580660598127735,1.0110988352232564,0.7874238907858953,2,2,2
2022,06,65042,1.171838423152065,0.9091353709908738,0.7058749606869061,1,1,1
2022,06,66000,1.2045133698058328,0.9097395504929008,0.7256294245101838,1,1,1
2022,06,67000,1.4289313111081285,1.2995990341044599,1.1462161828011375,1,1,1
2022,06,68000,1.3501170069537387,1.1187050537200132,1.04948959983104,1,1,1
2022,06,68084,1.3991568498613993,1.2007170336331041,1.1992532438892551,2,2,2
2022,06,68196,1.2000861627795396,0.7861072714970305,0.8145102806750062,2,2,2
2022,06,68252,1.449339875753416,1.1083387328387795,0.9071757754328371,2,2,2
2022,06,68378,1.2565217391304349,1.229247730220493,NA,2,2,NA
2022,06,69000,1.3488767341325958,1.0334605797745942,0.9581829259340436,1,1,1
2022,06,69070,1.2399944696008047,0.8158429952647931,0.7287724137931034,2,2,2
2022,06,69084,1.5222764844036292,1.1429173801267631,0.9601633898381061,1,1,1
2022,06,69088,1.1947145648231878,1.2227734092328146,1.2687849248630925,1,1,1
2022,06,69196,1.3554077084404244,1.2181855961947556,1.058841600829689,2,2,2
2022,06,70000,1.1996655102571636,0.8394074197556852,0.47353466407541606,1,1,1
2022,06,70098,1.2676939269992142,1.1072026257043868,1.0254533359380804,1,1,1
2022,06,72016,NA,NA,NA,1,1,1
2022,06,73080,1.2319059431568091,1.0422263984205384,0.7898288508557458,2,2,2
2022,06,75000,1.2356736293592345,0.8841263989130828,0.6392505476789972,1,1,1
2022,06,77000,1.7925124836559942,1.119992301797206,1.040019193770837,1,1,1
2022,06,78120,0.9882861739809751,1.064467394442808,1.0180925118459785,1,1,1
2022,06,78582,1.1392708210448712,0.9418496305667801,0.9693187908952107,1,1,1
2022,06,80000,1.3548530927493998,1.1572339387142883,1.1685281491219166,1,1,1
2022,06,80238,0.9715136351118707,1.1792778379094373,NA,2,2,NA
2022,06,80854,1.3248488715126356,0.8226437303950405,0.6645636993133051,2,2,2
2022,06,81344,0.9105626175682608,0.8876531768098033,0.7874379599520794,2,2,2
2022,06,81554,1.2438046252540578,1.076770712383034,1.037709497206704,2,2,2
2022,06,81666,1.1706456589842043,0.8494800130031058,0.776757501742446,1,1,1
2022,06,82590,1.0654270083175363,0.8253891730785172,0.6158059185662764,2,2,2
2022,06,82954,1.690197356000568,1.176561811745056,1.1588521439776243,1,1,1
2022,06,82996,1.2650303046819307,0.8902465938099524,0.8770998964743714,2,2,2
2022,06,84200,1.1644208908938527,0.9044676773001881,0.9984378145242739,2,2,2
2022,06,84550,1.311106535783217,1.0260756860413105,1.0044933622358854,2,2,2
2022,06,85292,1.313485007512246,1.1778434670064026,1.200013072193557,2,2,2
2022,08,03455,1.6694494264519597,1.5594952258953356,2.0168275144290755,2,2,2
2022,08,04000,1.3228719672257057,1.0473535990201708,0.8944672782823806,1,1,1
2022,08,07850,1.3373051529692308,1.1387495199376128,0.7367795435426165,1,1,1
2022,08,12815,1.5911702772003427,1.251622798540088,1.3583090762862124,2,2,2
2022,08,16000,1.4066639888088026,1.2403511815489723,1.164611981761886,1,1,1
2022,08,20000,1.3436037395543163,0.9705611021070505,0.7449019243643724,1,1,1
2022,08,27425,1.3768611553183288,1.0643934696831658,0.9051792893341642,2,2,2
2022,08,32155,1.3902385468463991,1.3066004774798115,1.3466822719537157,1,1,1
2022,08,43000,1.607108629021584,1.301610667779372,1.2349051057378315,2,2,2
2022,08,45970,1.5251496952227541,1.3833118101028246,1.2789856412179395,1,1,1
2022,08,46465,1.4693468646656922,1.2151328638502974,1.2897477322655402,2,2,2
2022,08,62000,1.5013310124138661,1.5452838157860658,1.2941155150584598,2,2,2
2022,08,77290,1.4954942279245043,1.3297453609958123,1.4350150609367536,2,2,2
2022,08,83835,1.560320605786855,1.3491034105002842,1.036044718729366,2,2,2
2022,09,08000,1.1719716961304034,1.0284465745700593,0.6972692680743118,1,1,1
2022,09,18430,1.548874393126802,1.2755716465251405,1.0299106401537133,2,2,2
2022,09,37000,1.1694462975316877,0.9718132099284813,0.5200695745250201,1,1,1
2022,09,52000,1.2281264072474902,0.7715389292228461,0.581170156915359,1,1,1
2022,09,55990,1.4233406186425333,1.2190651239351469,0.629731417863835,1,1,1
2022,09,73000,1.1117294666180122,0.875123111875296,0.6446281590817988,2,2,2
2022,09,80000,1.2815727261415952,1.1554152907244075,0.526364105800677,1,1,1
2022,11,50000,1.3100767256443862,1.1715858771235668,0.806752815902828,1,1,1
2022,12,07300,1.0319211970106683,0.7468802688094286,0.5185556023492288,1,1,1
2022,12,07875,1.3490161511388516,1.3698686301415213,1.2660752400005588,2,2,2
2022,12,10275,1.3359209568617343,1.4516370560231224,1.1178486946818662,1,1,1
2022,12,12875,1.3758455470661735,1.0187054792323835,0.7647911661203178,2,2,2
2022,12,14400,1.0234719387241815,0.7637111426573935,0.4772380425540288,1,1,1
2022,12,16475,1.2981785171749063,0.9036793601657671,1.180557637965227,2,2,2
2022,12,16725,1.2243317273152787,1.0499625554849021,0.7739965110836172,1,1,1
2022,12,17200,1.4928936691631498,1.6005516316530024,1.5020363833831116,2,2,2
2022,12,17935,0.8360575657987944,0.7556743302049067,0.38394380862635413,1,1,1
2022,12,24000,1.2195296607954447,0.8332435029901328,0.6634913551341587,1,1,1
2022,12,24125,1.3591732030008348,1.0882226518620497,1.0139059805684336,2,2,2
2022,12,25175,1.3168166327701114,0.9059055136133488,0.5915630395087247,1,1,1
2022,12,30000,1.1087865217234787,0.8698955702709538,0.7581761687038553,1,1,1
2022,12,32000,1.1581794551394131,0.780427469308893,0.596860483830071,2,2,2
2022,12,32275,1.2663587359891557,0.9038351065618082,0.6983427690624594,2,2,2
2022,12,35000,1.4410600625097356,1.0925256314404714,0.9714372227564517,1,1,1
2022,12,36950,1.0533585212105305,0.7175542749450611,0.7668854097659564,2,2,2
2022,12,38250,1.438891274273306,1.3913012916037475,1.3914508831560524,2,2,2
2022,12,39425,1.4340928732973617,1.3488294316160825,1.016791990101873,2,2,2
2022,12,43975,1.562029330359998,1.2602302299174257,1.2227817909249568,2,2,2
2022,12,45000,1.0678224617369243,0.7768692842496089,0.6113724916642337,1,1,1
2022,12,45025,1.1087129232923638,0.6035940145014036,0.42690516548030255,1,1,1
2022,12,45060,1.2007251816640694,0.8901618509020333,0.8074467267350461,2,2,2
2022,12,45975,1.1836484309201125,1.1575024240394345,0.9271309680030114,1,1,1
2022,12,49675,1.602155409259111,1.7789057875559897,1.771781424462866,2,2,2
2022,12,53000,1.2016971880342062,0.8448050390432498,0.7374658909653171,2,2,2
2022,12,54000,1.4398752674329407,1.6194232234404051,2.0083093288914604,1,1,1
2022,12,54200,1.4512282713812,1.7808672329012067,2.1738636363636363,1,1,1
2022,12,55775,1.2212312723475605,1.0943656075395054,0.8773209434257012,1,1,1
2022,12,57425,1.1780357595831719,1.1051929017762678,0.8345079220961094,2,2,2
2022,12,58050,1.2314677844380926,1.0379223039684706,0.7857619809345948,1,1,1
2022,12,58715,1.315395297943354,1.3411760244584918,1.199680298488134,1,1,1
2022,12,63000,1.3588857044979197,1.1097516325286616,0.9317787110663652,1,1,1
2022,12,69700,1.181193986876917,1.0548469471796535,0.8092370638019452,2,2,2
2022,12,70600,1.3081524279378023,1.0566478756125157,0.7832798548630178,1,1,1
2022,12,71000,1.2093523785238136,0.8674269309040423,0.7186127226810912,1,1,1
2022,12,76600,1.2415909424643157,1.0832681927782744,0.902163115271114,2,2,2
2022,13,03440,1.3331077145738992,0.864358095618654,0.5257958357766505,1,1,1
2022,13,04000,1.3744606370439847,0.9593187784451785,0.7819478551746059,1,1,1
2022,13,04204,1.5119137255607298,1.2640988775187054,1.054698890431648,1,1,1
2022,13,19000,1.4581917262206345,1.1759870223283586,1.0575070314583503,1,1,1
2022,13,42425,1.8125095927896895,1.4985387255512745,NA,2,2,NA
2022,13,49008,1.483727067102287,1.1252145673857574,1.0571649712516586,1,1,1
2022,13,67284,1.8215667625018845,1.6149136684368455,NA,2,2,NA
2022,13,68516,1.5487466143190027,0.9910468757504239,0.7046113077991452,1,1,1
2022,13,69000,1.4175578748020672,1.021991203271739,0.851041282936378,2,2,2
2022,13,72122,1.7209302348364022,1.4880124033601698,1.1383710707852503,2,2,2
2022,13,80508,2.1169397624876787,1.9064341223199857,2.029087270499276,2,2,2
2022,15,71550,1.2656484186664323,1.0950420740514613,0.8812724987786222,1,1,1
2022,16,08830,1.5512146761986547,1.6145498671722045,1.7152270223899084,2,2,2
2022,16,52120,1.6591075972928322,1.696789941792673,1.9951624649419746,2,2,2
2022,16,56260,1.6209400362862034,1.7855530655577592,2.041638041173516,2,2,2
2022,17,02154,1.7090203504186008,1.604731187621268,0.8833654402709484,3,3,3
2022,17,03012,1.520105454244664,1.5147897008781592,1.1453880490405342,2,2,2
2022,17,06613,1.668788469358637,2.0045206534208053,1.4627016677127211,2,2,2
2022,17,12385,1.5711514251072987,1.4890140550236646,0.62739348936099,2,2,2
2022,17,14000,1.3007209476232173,1.0867778476385785,0.6113835358699776,1,1,1
2022,17,14351,1.4293961183110806,1.3208852546060015,0.8715454983148773,2,2,2
2022,17,23074,1.7048967751640325,1.6901481386423065,1.1296193453516212,2,2,2
2022,17,24582,1.6356706918558048,1.2609885197770185,0.6335177873769965,2,2,2
2022,17,38570,1.695119843728494,1.5581643671819352,1.204021780546585,2,2,2
2022,17,51622,1.7713172462977353,1.5489170578863871,1.1481834283032373,2,2,2
2022,17,59000,1.6985138516263227,1.7493099125220994,1.2277349425247228,2,2,2
2022,17,65000,1.6601528775008285,1.5532629869339714,1.1229369560646096,1,1,1
2022,17,68003,1.8084779578591677,1.5873831065915271,NA,2,2,NA
2022,17,72000,2.067416934375554,2.4531937972802584,1.7716197511204734,2,2,2
2022,17,79293,1.4903537111652303,1.4909328418633427,1.1377728766217503,2,2,2
2022,18,05860,1.6361605702354498,1.4169044481584414,0.8290071237782694,2,2,2
2022,18,10342,1.9752272198261571,1.8680855936950547,NA,2,2,NA
2022,18,22000,1.674610198563482,1.761136995451976,1.3902941055453015,2,2,2
2022,18,23278,2.2018115241190643,2.2498206173724875,NA,2,2,NA
2022,18,25000,1.6862359982347774,1.809317926199013,1.594970985405146,1,1,1
2022,18,31000,1.5068866875164075,1.549402561881067,1.2689455946076071,2,2,2
2022,18,36003,1.5643219911590052,1.4629386759514398,0.9164901438019177,1,1,1
2022,18,71000,1.75703264161329,1.822665287265506,1.489396484565262,1,1,1
2022,19,12000,1.655722397200975,1.7668788628730212,1.2991822545166036,1,1,1
2022,19,19000,1.597056673165544,1.5971229197696646,1.364916925199316,2,2,2
2022,19,21000,1.4878088428804819,1.4747135612478413,0.8079691493237968,1,1,1
2022,19,73335,1.816149249867416,2.0749456761223657,1.4641225800122184,2,2,2
2022,20,36000,1.4489414637842901,1.553875466411434,1.3029837740133638,1,1,1
2022,20,38900,1.4260976879365088,1.3279579652485698,0.8712857836147793,1,1,1
2022,20,52575,1.8425694229852396,1.455261998417668,1.4220081850132567,2,2,2
2022,20,53775,1.8798626312729456,1.524645412115201,0.6994714794886744,2,2,2
2022,20,71000,1.5026146202450723,1.5526224077292559,1.4183996532376333,1,1,1
2022,20,79000,1.5584122966021978,1.6407564689186185,1.228446185991675,2,2,2
2022,21,46027,1.4885688187558745,1.326656644862471,0.8246823303764086,1,1,1
2022,21,48006,1.5960502352179993,1.4975274068475726,1.2656459286145958,2,2,2
2022,22,05000,1.3476985660683727,1.3588524272162035,0.9636469001991708,1,1,1
2022,22,40735,1.49584826367648,1.4917305276229338,1.4053681349107228,2,2,2
2022,22,41155,1.8758088115526006,1.5336928043518876,1.443474194492233,2,2,2
2022,22,55000,1.1573004994772913,0.9813950364375189,0.7599312123817713,1,1,1
2022,22,70000,1.3737926461333403,1.1684361481832415,1.0514860432773727,1,1,1
2022,24,04000,1.3060979204934575,1.2206765970117348,0.8587988826815642,1,1,1
2022,24,30325,1.6737671267456136,1.575646529606951,1.0412241034809127,2,2,2
2022,25,07000,1.1713677425425801,0.8917407734073457,0.7392370350573444,1,1,1
2022,25,09000,1.2238847881899872,0.8856311809191391,0.8072737966865994,1,1,1
2022,25,11000,1.2532630725577625,0.9089169758812616,0.7819896934230064,1,1,1
2022,25,23000,1.3116085902794319,1.2361070845596636,0.7800844685027661,2,2,2
2022,25,34550,1.2131312307875581,0.8005787509714443,0.5437643458301453,2,2,2
2022,25,37000,1.2250580839141725,1.1833023755987877,0.8694291127769997,1,1,1
2022,25,37490,1.17340670683409,0.9375958641984622,0.8189111471703812,1,1,1
2022,25,45000,1.3961479234010012,1.3061113149884975,1.043296273652907,2,2,2
2022,25,45560,1.4547713674536418,1.2696241037405593,0.7847887323943661,2,2,2
2022,25,55745,1.3950143556151975,1.0993877129511438,0.966344833634508,1,1,1
2022,25,62535,1.4165045250080357,0.9829791641420419,0.7145261907119517,2,2,2
2022,25,67000,1.2309164363172442,0.9580385007570373,0.6448129579637486,1,1,1
2022,25,82000,1.2283072004871365,0.9388375852903297,0.7154439819632328,1,1,1
2022,26,03000,1.6203970901063116,1.0463286641673624,0.5850486572443069,1,1,1
2022,26,21000,1.4437662822559587,1.27786885597792,0.9104814198210774,2,2,2
2022,26,22000,1.2635744018423782,1.2644131812375983,1.0228597632872658,1,1,1
2022,26,27440,1.980869425307423,1.6220341346795988,0.6802981747248154,2,2,2
2022,26,29000,1.4375306427488075,1.4323629870342214,1.3854033486770252,1,1,1
2022,26,34000,1.6694255571389363,1.298381010293968,1.043797935096613,1,1,1
2022,26,46000,1.6689037456230498,1.7594407859010364,1.1153522661558783,1,1,1
2022,26,49000,2.043596744573779,1.8609724512032784,1.8835943693807669,2,2,2
2022,26,69035,2.2227564732247234,2.439567275328816,NA,2,2,NA
2022,26,74900,2.006627579276527,1.63396404366509,0.6802981747248154,2,2,2
2022,26,76460,1.6771547021601572,1.486493768945773,1.4969175443103004,1,1,1
2022,26,80700,2.035363739919466,2.2368218387274275,NA,2,2,NA
2022,26,84000,1.558725683159713,1.4742356705875592,1.3036080128098617,1,1,1
2022,26,86000,1.6076951550684213,1.6034701451961937,1.233079342153586,2,2,2
2022,26,88940,1.80676416302166,2.1413883129847195,NA,2,2,NA
2022,27,06616,1.658136620012534,1.5627519032691448,1.4271459349132554,2,2,2
2022,27,07966,1.5256978242653325,1.5413978812807005,NA,2,2,NA
2022,27,17000,1.3865175646090178,1.3225304625783465,0.9864460386661317,1,1,1
2022,27,43000,1.4137156132250885,1.2056738020461275,0.7660880443707676,1,1,1
2022,27,51730,1.686072312812245,1.5995804750471962,NA,2,2,NA
2022,27,54880,1.5989730207372275,1.9173068664408075,2.0468052786480584,2,2,2
2022,27,58000,1.4031068918752312,1.3712082820531384,0.8638913205589599,1,1,1
2022,27,71428,2.4179673168812683,1.857098714600538,NA,2,2,NA
2022,28,36000,1.414524961378276,1.1669043974485398,1.0720060136787783,1,1,1
2022,29,15670,1.5356601385944113,1.70942657288691,1.058433137904546,1,1,1
2022,29,35000,1.5963851132816205,1.8218655118454425,1.4384064021293597,2,2,2
2022,29,38000,1.5242114534821367,1.4384968849285777,1.143692181050325,1,1,1
2022,29,41348,1.9137233436948344,1.842731613088291,1.9384077141782783,1,1,1
2022,29,54074,2.056344797308375,1.925600977687012,NA,2,2,NA
2022,29,65000,1.4281228086222142,1.52124265823917,1.0718457943925233,1,1,1
2022,29,70000,1.5493952954429375,1.3824725183707753,1.155565539861484,2,2,2
2022,30,06550,1.6548866025391364,1.6177903485058363,1.5142288246928215,1,1,1
2022,31,28000,1.5713710700553076,1.487632098771937,1.2505000908573982,1,1,1
2022,31,37000,1.5471991820027293,1.3834191987230526,0.8127850559829645,1,1,1
2022,32,31900,1.264817319521729,1.0105074050336404,1.0149555018751106,1,1,1
2022,32,40000,1.3197395423533118,1.0390111746037203,1.0639516715585493,1,1,1
2022,32,51800,1.274936708259369,1.0535433448575957,0.9633816536119605,1,1,1
2022,32,60600,1.4380282066796168,1.1345280364751356,1.1271648234440415,1,1,1
2022,32,68400,1.5733183545423142,1.4005985828926528,1.4625048497595519,2,2,2
2022,33,45140,1.4839398104608261,1.3619281045751634,0.9211838006230529,1,1,1
2022,33,50260,1.4406137047338332,1.2793298586522726,0.9661321744342873,1,1,1
2022,34,13690,1.271289290174761,1.0779636430561808,0.5403419477602646,2,2,2
2022,34,21000,1.245768342455785,1.0322179732313574,0.4939922919972795,1,1,1
2022,34,36000,1.1958554305508722,0.8656267920633101,0.5001432254368375,1,1,1
2022,34,51000,1.1570217651513302,0.9577273254946185,0.611200766554037,1,1,1
2022,34,57000,1.1974039291882557,0.8690797336520403,0.5088227406811477,1,1,1
2022,34,74000,1.3939051281961932,1.1654812035630508,0.7952932169465367,2,2,2
2022,35,02000,1.5234247200707451,1.258572041382594,1.0945996505890176,1,1,1
2022,35,39380,1.5154611294638034,1.1914683282517677,1.129869727026772,1,1,1
2022,35,63460,1.7980314591527982,1.9543251399027508,2.2138201905220973,2,2,2
2022,35,70500,1.641106366697117,1.5806493382100542,1.462134291082403,2,2,2
2022,36,01000,1.3700754898947092,1.2549961806316374,0.8007845039673076,1,1,1
2022,36,11000,1.372545696646895,1.3356283149734802,0.9291053402173075,1,1,1
2022,36,50617,1.442490918967491,1.210770628140443,0.892859249381323,2,2,2
2022,36,51000,1.1951730126554285,1.0114873160749667,0.7072177244399823,1,1,1
2022,36,63000,1.3712434364366044,1.1803152240739596,0.6838058811533722,1,1,1
2022,36,73000,1.3792720135977956,1.3492974441151426,0.8653631417732344,1,1,1
2022,36,84000,1.1511464768087112,1.069983973135923,0.8527260355532874,1,1,1
2022,37,02140,1.7551652436801781,1.492057565205308,1.5328200475178186,2,2,2
2022,37,10740,2.144231418791897,1.731642902558478,1.6963497051736798,2,2,2
2022,37,12000,1.4950541012446816,1.1174516388897806,0.90170060971278,1,1,1
2022,37,14100,1.6038373273889026,1.5789997574479726,1.7788276147031088,2,2,2
2022,37,19000,1.8006787615723325,1.4063785447334172,1.2162631042773926,1,1,1
2022,37,22920,1.4374473069715912,1.1721859486204014,1.0917507097712986,1,1,1
2022,37,25580,1.5816702946231125,1.543085905685198,1.3783397884214894,2,2,2
2022,37,28000,1.5554262373851928,1.2730803792555159,1.0663402344719135,1,1,1
2022,37,28080,1.5585712918348953,1.502924452399368,1.1271883264779703,2,2,2
2022,37,31400,1.834011724112014,1.7010864455135526,1.6738389011883068,2,2,2
2022,37,55000,1.820696613988738,1.3511558057117516,1.0228232641497073,1,1,1
2022,37,74440,1.4032099001254357,1.1294118110716167,1.14581031959757,2,2,2
2022,37,75000,1.503412237482833,1.301335986220898,1.1044438952811784,1,1,1
2022,38,25700,1.5144034163109787,1.8104207937645813,1.2120216866099842,2,2,2
2022,39,01000,1.466905061304652,1.6282158160137326,1.1390936751305056,1,1,1
2022,39,15000,1.3566951713751119,1.268403794399318,0.8666810514780899,1,1,1
2022,39,16000,1.27113845114384,1.2253555405315493,0.9121478021000531,1,1,1
2022,39,18000,1.5428363103743137,1.33184257218143,0.819926251049763,2,2,2
2022,39,21000,1.5355977336866218,1.646394430837955,1.3245196075413517,1,1,1
2022,39,61000,1.7649525126450694,2.1965857798136748,1.9979705195596404,2,2,2
2022,39,77000,1.529810953632777,1.5346565550916274,1.1645126455367498,1,1,1
2022,40,09050,2.055979197037217,2.027425644881504,1.5511932840449982,2,2,2
2022,40,23200,1.7554650468578885,1.2690540029646944,0.9091112682374703,2,2,2
2022,40,41850,1.673691647500329,1.601894918516252,1.3156683438735126,2,2,2
2022,40,52500,1.5590960313511004,1.4113531837185431,1.0773387799632148,1,1,1
2022,40,55000,1.5743036856263761,1.471854108897483,1.2267168960801762,2,2,2
2022,40,75000,1.613320168154377,1.578298791455972,1.2128072896292443,2,2,2
2022,41,05350,1.4870254037877886,1.0215691647018041,0.8856839086403867,2,2,2
2022,41,05800,1.2558190148732578,1.4802399366678178,1.7689034869435003,1,1,1
2022,41,23850,1.3278933088007179,1.0517652880824744,0.8068905804763209,2,2,2
2022,41,31250,1.4087741753088903,1.1050652843767093,0.8161329656302649,2,2,2
2022,41,34100,1.74518073585912,1.16327219760444,1.084071141777093,1,1,1
2022,41,47000,1.3487440377479119,1.0776396850211392,0.8685645676953588,2,2,2
2022,41,59000,1.3971749106741973,0.9889815360515487,0.6331285293884373,1,1,1
2022,41,64900,1.3768892646566608,1.1444353430475922,1.0056919191410383,2,2,2
2022,42,02000,1.302057327054957,1.133418721314975,0.9193846153846154,1,1,1
2022,42,06088,1.4984458118591262,1.144999472960796,0.8841815116123914,2,2,2
2022,42,24000,1.5352156406876993,1.679950187640547,1.3426991365930758,2,2,2
2022,42,60000,1.3678457155380233,1.1894076457856062,0.8856117360389507,1,1,1
2022,42,61000,1.506823784740035,1.4820004730284697,1.076655799097299,1,1,1
2022,42,63624,1.4596001849306999,1.478883085432394,0.9151995315596405,2,2,2
2022,42,69000,1.641655957432551,1.470582488930125,1.2266927398092036,2,2,2
2022,44,19180,1.5283796728216568,1.3648418830730737,0.9753110610365435,2,2,2
2022,44,54640,1.4067195925263314,1.143120192680871,0.8356044581026699,2,2,2
2022,44,59000,1.3151866689606018,0.9369179101893848,0.6364449746495675,1,1,1
2022,44,74300,1.4845909972732152,1.3739100616961601,0.8759771253587793,2,2,2
2022,45,13330,1.5013062770256902,1.2532978246783673,1.158490948281679,2,2,2
2022,45,16000,1.4928552386090324,1.1803618173861665,0.9530995981253727,2,2,2
2022,45,48535,1.3301659563042931,1.4562709192534684,0.8880652311374586,1,1,1
2022,45,50875,1.57077102105588,1.2739639376794656,1.2721923059962534,2,2,2
2022,46,59020,1.6138796863005036,1.9104120045490574,1.167295935328228,1,1,1
2022,47,14000,1.644196230614078,1.476968960042257,1.4840875866451675,2,2,2
2022,47,15160,1.3784162752467743,1.2999355019141625,1.169533359125245,1,1,1
2022,47,27740,1.8375829131280248,1.9748356071518403,NA,2,2,NA
2022,47,40000,1.6084643466145672,1.3797752684206823,1.2447096228558152,2,2,2
2022,47,48000,1.4115470291963863,1.1339234767079476,0.8650968076426878,1,1,1
2022,47,51560,1.4742704935029607,1.4819725961451045,1.8558850301898155,1,1,1
2022,47,52006,1.3897231285131897,1.0632817552532832,1.0439162336195889,1,1,1
2022,48,01000,1.6704455407387964,1.3034554059138017,1.0553471058929929,1,1,1
2022,48,01924,1.6114003731963769,1.1385298687189704,NA,2,2,NA
2022,48,03000,1.60139434853274,1.3393781621725012,1.1334110383956337,1,1,1
2022,48,04000,1.434403049716361,1.0200641979570562,0.7735949928520561,2,2,2
2022,48,05000,1.459563468638117,1.0308946782952473,0.6280607150488712,1,1,1
2022,48,06128,1.5529918458340821,1.404451539122842,1.1112997056369995,2,2,2
2022,48,07000,1.597248841995472,1.3136205443982256,1.0392133415723859,1,1,1
2022,48,10768,1.4776273213462998,1.2907349870724967,1.187641616649477,1,1,1
2022,48,10912,1.4402223752294594,1.073706712122463,0.729871138010298,2,2,2
2022,48,13024,1.7263529878676036,0.9947893515467022,0.5225735827952537,2,2,2
2022,48,13552,1.8040718367035378,1.3642178620761118,0.996165735239438,3,3,3
2022,48,15976,1.341168627935807,1.0005784745758204,0.653054845045631,2,2,2
2022,48,16432,1.6820898687926524,1.5467457775725724,1.3063641671346011,3,3,3
2022,48,17000,1.3623884355162434,1.1892803242307926,1.049018620426448,1,1,1
2022,48,19000,1.407941690500271,1.0943900419003252,0.7523096025333837,1,1,1
2022,48,19972,1.4491396092486415,1.1831555143881927,0.6900772414188384,2,2,2
2022,48,22660,1.4880996288396289,1.2880034747136342,1.0945073856302883,2,2,2
2022,48,24000,1.4232336069179865,1.2402112866369395,1.1326637244901248,1,1,1
2022,48,26232,2.293250932664936,1.3761701287100279,NA,2,2,NA
2022,48,27000,1.441139914102448,1.1859427487329677,0.9712919248051669,2,2,2
2022,48,27684,1.6872176921901803,1.0905751123445777,0.5673044593321115,2,2,2
2022,48,29000,1.4273240481717973,1.1372842362275515,0.8075382775829434,2,2,2
2022,48,30464,1.6553764468862942,1.325825045706895,1.133388275043513,2,2,2
2022,48,35000,1.4169916409318533,1.1748576403740087,0.7759008822991484,1,1,1
2022,48,37000,1.531180411725515,1.11775228813483,0.8301278207670053,1,1,1
2022,48,39148,1.3788778246671052,1.043369950224916,0.7212516506891788,1,1,1
2022,48,41464,1.5555946336368858,1.2743230706903526,1.070616457489905,1,1,1
2022,48,41980,1.484561637188957,1.203693084546572,1.030541257474464,2,2,2
2022,48,42508,1.4457334037276242,0.6923669691694568,0.4189942828889486,1,1,1
2022,48,43888,1.694535163708645,1.5228072905823107,1.204617744909798,2,2,2
2022,48,45000,1.4291814777994427,1.1527927749772013,0.8318427381093336,1,1,1
2022,48,45384,1.6743931656363882,1.2550384990827763,1.223159259610849,1,1,1
2022,48,45744,1.3200416356100935,0.8674732914566406,0.7667233093510695,1,1,1
2022,48,47892,1.7586760732313502,1.5150875075398993,1.154591292463037,2,2,2
2022,48,48072,1.524028479274897,1.6682722218277803,1.3238157677961873,1,1,1
2022,48,48768,1.7020166442279014,1.6586773253749822,1.5522124039978293,2,2,2
2022,48,50820,1.6066646986395374,1.5566079726245763,1.521994159658097,2,2,2
2022,48,53388,1.7093108834100006,1.5324285079141347,1.5111269443652109,2,2,2
2022,48,56000,1.5352594292786397,1.4243679152704167,1.1307608247314878,1,1,1
2022,48,56348,1.7099391615857134,1.7582260344505878,1.270533139926875,2,2,2
2022,48,57200,1.4916238379533209,1.604446424585876,1.4679660711062987,2,2,2
2022,48,58016,1.6758886840577925,1.195666201414087,0.7745737572979323,1,1,1
2022,48,61796,1.3095296816638706,0.9057713991118399,0.5183235655862024,2,2,2
2022,48,63500,1.4910603083436027,1.1314262137184308,1.1429956313423992,2,2,2
2022,48,64472,1.442666423657347,1.2916323516707187,1.3961719032141566,1,1,1
2022,48,65000,1.3916385741856,1.1690613134887167,0.9349345913188881,1,1,1
2022,48,70808,1.4947345855584955,1.281131248095124,1.1341982124766183,2,2,2
2022,48,72176,1.639598392246307,1.4910596141310857,1.3850703371976054,2,2,2
2022,48,74144,1.7018897966318556,1.609102525910019,1.1968796837742945,1,1,1
2022,48,76000,1.2848695494006834,1.0784973889942984,0.7730948705269752,1,1,1
2022,48,79000,1.650289412920145,1.3854831376132637,1.1056381069143197,1,1,1
2022,49,43660,1.7359838673217147,1.7654101163879021,NA,2,2,NA
2022,49,44320,2.2176091899975523,NA,NA,3,NA,NA
2022,49,55980,1.670708779282614,1.8745782190573668,1.6316977365396952,2,2,2
2022,49,57300,1.672024057278098,1.5859114176294897,2.1744559479682146,2,2,2
2022,49,62470,1.348360753961138,1.323650492524123,0.9142376014527203,1,1,1
2022,49,65330,1.5436067876193538,1.7611582261583802,2.3553626947312414,2,2,2
2022,49,67000,1.508880039873926,1.3569296463784826,1.070507067285308,1,1,1
2022,49,67440,1.8510260325781898,1.45703012016374,2.186446770074317,2,2,2
2022,49,70850,2.188235376235724,NA,NA,2,NA,NA
2022,49,82950,1.7463450876890776,1.5372227172264639,1.5942167306005546,1,1,1
2022,49,83470,1.606972854085732,1.4137985886120552,1.4796969405016887,1,1,1
2022,51,01000,1.4269042790171893,1.0945092106434102,0.5198889916743756,1,1,1
2022,51,16000,1.4837636211120375,1.1643196744993067,0.8971251592274224,1,1,1
2022,51,35000,1.329768692209979,1.084957170765917,0.822930383636204,1,1,1
2022,51,47672,1.6775980729691051,1.5344494439881387,1.380851170282917,2,2,2
2022,51,56000,1.4354949258219285,1.2294980751071403,0.7859432649851812,1,1,1
2022,51,57000,1.3389395978035565,1.0837265817061799,0.7452597648843383,1,1,1
2022,51,64000,1.2310857663821424,0.8805070692330451,0.664611132120114,1,1,1
2022,51,67000,1.3828391049464306,1.076233774790802,0.51707693386633,1,1,1
2022,51,68000,1.4779136393202,1.468027175598329,1.154231761495838,2,2,2
2022,51,76432,1.4523989272074438,1.4884850728906105,1.269400190452822,2,2,2
2022,51,82000,1.374752777438652,1.0411276652689803,0.925604138042512,1,1,1
2022,53,03180,1.5232941273110705,1.3180558349886027,1.1153282223106622,2,2,2
2022,53,05210,1.6270664338287733,1.2137851095702972,0.6684771775499219,1,1,1
2022,53,05280,1.3012335681315368,0.8654439702476411,0.5791276202664914,1,1,1
2022,53,22640,1.4168503289270713,1.0400959890799049,0.9713500043481075,2,2,2
2022,53,23515,1.3879579754761369,1.0238337352487634,0.8350713664427208,2,2,2
2022,53,35275,1.6955552538110654,1.667094455852156,1.4982914871490118,2,2,2
2022,53,35415,1.4041531451597689,1.1779720206506863,0.9050091205425295,1,1,1
2022,53,35940,1.574610852391642,1.3089463752325894,1.2682360104536647,2,2,2
2022,53,53545,2.042054715931162,2.1217340186530755,1.7335759405693256,2,2,2
2022,53,57745,1.5367504580704907,1.1460928069622194,1.0597111216739359,2,2,2
2022,53,63000,1.4242802176466915,1.0484238820837395,0.6078112530338308,1,1,1
2022,53,67000,1.4560836640549688,1.3858498980661784,1.1093151468556783,1,1,1
2022,53,67167,1.5669279851834623,1.3628485523836122,1.1860441515181412,2,2,2
2022,53,70000,1.368455511930926,0.9564973448484974,0.7036916580771827,1,1,1
2022,53,74060,1.5186921785592669,1.1878694312006823,1.0369840271913993,1,1,1
2022,53,80010,1.6260633242744442,1.3730761306081924,1.2109132802542144,2,2,2
2022,55,02375,1.8304451488421816,2.263108837611739,2.030664317808286,3,3,3
2022,55,31000,1.450001055869119,1.57949791053779,1.0902908962791846,1,1,1
2022,55,39225,1.7509320209386485,1.470118421539927,1.1902542796879696,2,2,2
2022,55,48000,1.4916342069986628,1.3806908990157751,0.6193266659187431,2,2,2
2022,55,53000,1.3977827601601152,1.3970084951478998,0.8086213547804092,1,1,1
2022,55,66000,1.7380227096136187,1.7610420352515075,NA,2,2,NA
