year,state,place,state_place,black_nh_exposure,black_nh_exposure_quality,hispanic_exposure,hispanic_exposure_quality,other_nh_exposure,other_nh_exposure_quality,white_nh_exposure,white_nh_exposure_quality
2021,01,03076,0103076,0.7353047024927499,1,0.9383778630444197,1,0.8812354229697016,1,0.295436364396506,1
2021,01,07000,0107000,0.2009281555705351,1,0.8901237154239698,1,0.8810776161095992,1,0.451659160837067,1
2021,01,35896,0135896,0.6713174081264263,1,0.8919065087731985,1,0.9061861199800325,1,0.2550056158736042,1
2021,01,37000,0137000,0.45270453299573554,1,0.8855358320295351,1,0.9179443203878614,1,0.28232502789793634,1
2021,01,50000,0150000,0.3192487795226639,1,0.9253124530629319,1,0.9209443750175087,1,0.4124388454296979,1
2021,01,51000,0151000,0.26543261000603646,1,0.8709254473454044,1,0.8826940921290937,1,0.5114905627229599,1
2021,01,77256,0177256,0.3403292123289628,1,0.9080242693251371,1,0.935344333293273,1,0.3528523586626455,1
2021,02,03000,0203000,0.8827106816906489,1,0.8753652879085865,1,0.6488716462066622,1,0.3835313416133329,1
2021,04,04720,0404720,0.8821553333240272,1,0.4031504771297959,1,0.8920613997217884,1,0.6806806931835474,1
2021,04,07940,0407940,0.9281028804098808,1,0.5090123286004581,1,0.9229658529869045,1,0.5254188002144229,1
2021,04,12000,0412000,0.9285632990724264,1,0.7090118266000542,1,0.805314419794287,1,0.40675870570505074,1
2021,04,23620,0423620,0.9646500491722508,1,0.7485133739048588,1,0.8057866854141654,1,0.3439224888881432,1
2021,04,27400,0427400,0.9320490739674531,1,0.806160257911281,1,0.8722705699634852,1,0.3021391873300559,1
2021,04,27820,0427820,0.8841620982214783,1,0.48131405201224714,1,0.8920641096650809,1,0.4433931437015736,1
2021,04,28380,0428380,0.9266613026428605,1,0.6157964991715442,1,0.8938861744257911,1,0.412635139230646,1
2021,04,46000,0446000,0.9241840083247842,1,0.6207190818263361,1,0.8963297208014397,1,0.33630269130532486,1
2021,04,54050,0454050,0.9488341647418149,1,0.7153678911058892,1,0.856744977972449,1,0.30573299869788456,1
2021,04,55000,0455000,0.8597257628777221,1,0.39795579807520953,1,0.8624664808331841,1,0.41665195053546933,1
2021,04,65000,0465000,0.9490847533142648,1,0.8401499575340587,1,0.8968899065231187,1,0.20077969442946325,1
2021,04,71510,0471510,0.9192435460667461,1,0.7097916183536184,1,0.9171579318734363,1,0.2890014936801502,1
2021,04,73000,0473000,0.8903485940778101,1,0.7310548928022408,1,0.801393828312025,1,0.42020046272261097,1
2021,04,77000,0477000,0.9269297065928147,1,0.4223909242027316,1,0.8886608402526399,1,0.45586323953488034,1
2021,04,85540,0485540,0.9438850160067482,1,0.34847582961811013,1,0.9264691734697428,1,0.5984532273875858,1
2021,05,23290,0523290,0.9148126172827759,1,0.8984893590663889,1,0.8737524171664517,1,0.21541331764966756,1
2021,05,24550,0524550,0.8859039606477436,1,0.6818046129563623,1,0.8511254495976892,1,0.33736111149852244,1
2021,05,35710,0535710,0.7457503903978393,1,0.8982501146909699,1,0.9160559782036679,1,0.29839764879390335,1
2021,05,41000,0541000,0.4215527947908325,1,0.8087105380415517,1,0.8983035376230142,1,0.3693531953213885,1
2021,05,66080,0566080,0.9376187335747639,2,0.5264247126804591,1,0.8199219130455434,1,0.4725351336019838,1
2021,06,00562,0600562,0.9086776564879272,1,0.864496509739312,1,0.5895728216658331,1,0.5578230791747739,1
2021,06,00884,0600884,0.9617721323047888,2,0.6092366128255522,1,0.439663383297913,1,0.8902856418952865,1
2021,06,02000,0602000,0.9554206328644048,1,0.3803878226357717,1,0.7492332824892162,1,0.6612825556411023,1
2021,06,02252,0602252,0.7599847512170501,1,0.6005157015013646,1,0.7751283765978361,1,0.7224672396698719,1
2021,06,02364,0602364,0.8931852131205439,1,0.5693879712631166,1,0.8911520158089344,1,0.5104246597385147,1
2021,06,03526,0603526,0.8728150478267945,1,0.3991111002458715,1,0.8260990376765328,1,0.5818232831113009,1
2021,06,04982,0604982,0.8482186185097561,1,0.3876142379239327,1,0.8283842415342827,1,0.8458517383677325,1
2021,06,06000,0606000,0.8511473195840067,1,0.8467175512592331,1,0.6736948480824376,1,0.42707967394059154,1
2021,06,08786,0608786,0.9558466646756122,1,0.5498759839310478,1,0.6067663631243899,1,0.7473344220429701,1
2021,06,08954,0608954,0.9407668934329247,2,0.7148985792150773,1,0.7992793914203801,1,0.4160115167191652,1
2021,06,11194,0611194,0.9735109094904967,2,0.7820627238430228,1,0.8283754794406635,1,0.3032618607036405,1
2021,06,11530,0611530,0.48146917389511595,1,0.49898246646087013,1,0.5793933244397,1,0.9210862936147102,1
2021,06,13014,0613014,0.953942711829508,1,0.800201363135219,1,0.8869339344479628,1,0.2909522046232128,1
2021,06,13210,0613210,0.8915120826869221,1,0.4137358788444739,1,0.7400708655698895,1,0.7749226014575795,1
2021,06,13214,0613214,0.9434282245865259,1,0.6961145887485126,1,0.541332849714216,1,0.713553807753302,1
2021,06,13392,0613392,0.9232218611687638,1,0.3551215241877727,1,0.7387860658412485,1,0.7935772369376993,1
2021,06,13588,0613588,0.9464727935558119,1,0.7771901391663857,1,0.8834144434538199,1,0.301998701851988,1
2021,06,14218,0614218,0.9497828711876884,1,0.6367281030494936,1,0.8250357181703406,1,0.4963949038211184,1
2021,06,15044,0615044,0.665575146379612,1,0.2679530247807399,1,0.9206745521771518,2,0.9862876835135524,1
2021,06,16000,0616000,0.9279310866760819,1,0.6112843722080131,1,0.7820223431011748,1,0.49494427255210693,1
2021,06,16350,0616350,0.9107640051424002,1,0.42667723692571957,1,0.8198960048492244,1,0.6270156913456436,1
2021,06,16532,0616532,0.9749038530898568,1,0.5255626511518939,1,0.8158401567240923,1,0.42869376908887286,1
2021,06,17918,0617918,0.9369360340452985,1,0.6992916448656092,1,0.35911844881619404,1,0.8421115404554275,1
2021,06,19766,0619766,0.9300553359091513,1,0.2522561323099511,1,0.899099707802532,1,0.8376760777987146,1
2021,06,21712,0621712,0.8826599445589159,1,0.71164488805349,1,0.8893721217805248,1,0.4009560953917457,1
2021,06,22020,0622020,0.8753575412768888,1,0.7910279767254838,1,0.5820765179076939,1,0.6081080828156518,1
2021,06,22230,0622230,0.9827252156145937,2,0.3260565710816572,1,0.651204632554891,1,0.9494526785697572,1
2021,06,22804,0622804,0.9651903181691779,1,0.4005410489047934,1,0.8756955963169185,1,0.5615539822803228,1
2021,06,23182,0623182,0.8222975068657904,1,0.6278511318334576,1,0.6994223372054387,1,0.6601002522253112,1
2021,06,24638,0624638,0.7199845005924097,2,0.8140552867653643,1,0.7039698720232922,1,0.40845482121785814,1
2021,06,24680,0624680,0.8600100546773473,1,0.2689024919536916,1,0.8515376294701201,1,0.8209577597965821,1
2021,06,26000,0626000,0.9418777455371294,1,0.818921667890215,1,0.3088476115918619,1,0.7824633671468583,1
2021,06,27000,0627000,0.8961413158859449,1,0.43479953846844493,1,0.7707304563099523,1,0.626741741361231,1
2021,06,28000,0628000,0.9699959074592422,1,0.48146599035800863,1,0.5863639171613256,1,0.6046922605001342,1
2021,06,29000,0629000,0.9802663165209318,1,0.5590509468178706,1,0.5021338265505497,1,0.6979538352670784,1
2021,06,30000,0630000,0.9693781416025066,1,0.7610670596389274,1,0.7982985399041463,1,0.36037701343889844,1
2021,06,32548,0632548,0.6152691367996047,1,0.40774635352349076,1,0.8500028791122203,1,0.7692373759673267,1
2021,06,33000,0633000,0.8906167677666347,1,0.5611650699554164,1,0.6030777243140537,1,0.8072217049359228,1
2021,06,33182,0633182,0.8978727979391586,1,0.47162987290174224,1,0.9208599129589466,1,0.5907219940572839,1
2021,06,33434,0633434,0.9412233817544938,1,0.37470668554600284,1,0.92542352047149945,1,0.6350460573501738,1
2021,06,36000,0636000,0.9774741299619822,1,0.7167085427458244,1,0.7782352097020285,1,0.3742174572921538,1
2021,06,36448,0636448,0.9324993787137043,2,0.25356906861141426,1,0.9416070099357952,1,0.5792915360934435,1
2021,06,36546,0636546,0.46031646535310483,1,0.38291032102975403,1,0.9154887823039315,1,0.9341443160037683,1
2021,06,36770,0636770,0.9670882831453952,1,0.8446384815638172,1,0.4824112371737205,1,0.5954269860859172,1
2021,06,37692,0637692,0.9337263670674799,1,0.24908155473050528,1,0.856927358354429,1,0.7809888750971365,1
2021,06,39496,0639496,0.9489364886591981,2,0.6887845660998169,1,0.7101168133895288,1,0.4906080694318723,1
2021,06,39892,0639892,0.8901089688651861,1,0.6451790244613678,1,0.7515097754026051,1,0.6029436852297003,1
2021,06,40130,0640130,0.7503550052771042,1,0.5225513331391074,1,0.896035567677445,1,0.665873211222765,1
2021,06,41992,0641992,0.9674046133428822,2,0.6936298636520752,1,0.7628292234423475,1,0.4200815328193504,1
2021,06,43000,0643000,0.8226223229617194,1,0.4733009241708819,1,0.7929194149041184,1,0.5354776737974557,1
2021,06,44000,0644000,0.7515311643053768,1,0.3502297662647767,1,0.7488811967961239,1,0.49144867207978266,1
2021,06,45484,0645484,0.9388271903695655,1,0.5705795783462762,1,0.7724805547481822,1,0.5949810554668924,1
2021,06,46842,0646842,0.9130070078924956,1,0.5512636687481312,1,0.8629527085498195,1,0.5326201056671079,1
2021,06,46898,0646898,0.9395260789739742,1,0.386524347543409,1,0.8145116886259318,1,0.6806170319300477,1
2021,06,47766,0647766,0.9410082762208782,1,0.7958369467749423,1,0.25454422225305373,1,0.8699773882609365,1
2021,06,48256,0648256,0.980032716813777,1,0.7487216665807308,1,0.7977455712055177,1,0.37390995740422905,1
2021,06,48354,0648354,0.9304549925682264,1,0.5193325635623833,1,0.8476281886567353,1,0.5207823225324544,1
2021,06,49270,0649270,0.7937212161163689,1,0.3683458487316208,1,0.8946548386846682,1,0.8124032309945617,1
2021,06,49670,0649670,0.9350172851360791,2,0.7710563064975627,1,0.5973155181397302,1,0.5716130872416476,1
2021,06,50076,0650076,0.9233595602715179,1,0.6550738315526391,1,0.810163653603758,1,0.507881961937201,1
2021,06,50258,0650258,0.9630743767439907,2,0.5417603284011075,1,0.9179742975822631,1,0.4371085534583271,1
2021,06,51182,0651182,0.967929151795123,2,0.871530502602161,1,0.8319927596769869,1,0.21803374249045798,1
2021,06,52526,0652526,0.9324256889564039,1,0.29004155988465047,1,0.8018528582374607,1,0.8524110787081415,1
2021,06,53000,0653000,0.7067176698382786,1,0.571825468029749,1,0.7015751552799472,1,0.5569187720090121,1
2021,06,53322,0653322,0.9237745341353635,1,0.5380658839308651,1,0.845461190797367,1,0.4963928666405456,1
2021,06,53896,0653896,0.9159147606438444,1,0.26746426363164394,1,0.8198058343791549,1,0.8103483476887992,1
2021,06,53980,0653980,0.9734157947418657,1,0.5419853669618443,1,0.7951533653251318,1,0.5515776992942748,1
2021,06,54652,0654652,0.965971482781277,1,0.20246220698853007,1,0.8499697951611447,1,0.7145760670824716,1
2021,06,55156,0655156,0.8572091068816149,1,0.3549826453583891,1,0.8966385910194522,1,0.722561799314824,1
2021,06,56000,0656000,0.8865465742578857,1,0.5522029406633161,1,0.7341407651701667,1,0.5979577599656305,1
2021,06,56700,0656700,0.8861191657874417,1,0.2049932046177836,1,0.9081420872041446,1,0.8656205853350729,1
2021,06,57456,0657456,0.8430425173588947,1,0.5251488043643222,1,0.6632350893287761,1,0.7805725683318437,1
2021,06,57792,0657792,0.9606922934276552,1,0.8703547293668976,1,0.5390573048606843,1,0.533209894755414,1
2021,06,58072,0658072,0.9256991109733782,1,0.25611632841517107,1,0.8149234836066886,1,0.8504183037137133,1
2021,06,59444,0659444,0.8495221182430003,1,0.7634687881798651,1,0.7523473082121965,1,0.4916913646303296,1
2021,06,59451,0659451,0.860837695647399,1,0.5980170127532012,1,0.7721813706471928,1,0.6236467608081863,1
2021,06,59920,0659920,0.9711395729736219,1,0.8611438180699749,1,0.8558009799203385,1,0.2379621652929456,1
2021,06,60102,0660102,0.9698936736047422,1,0.4816345154850619,1,0.691086487173118,1,0.5171288513865012,1
2021,06,60466,0660466,0.848802116748274,1,0.23766731054504855,1,0.9425110669293444,1,0.879439150151785,1
2021,06,60620,0660620,0.7588964332933378,1,0.45083015742664495,1,0.7586095526337189,1,0.643612064404089,1
2021,06,62000,0662000,0.9239220897232938,1,0.3871305301082582,1,0.8179239520295738,1,0.6494259122440378,1
2021,06,62938,0662938,0.959845075403458,1,0.7990066096659343,1,0.7891361754960288,1,0.3285581248884822,1
2021,06,64000,0664000,0.8205507174347286,1,0.6649767919315153,1,0.6624958744505877,1,0.5681719520006706,1
2021,06,64224,0664224,0.9723304904034805,1,0.17391110454975076,1,0.8826415376464424,1,0.7727846773862271,1
2021,06,65000,0665000,0.845500872172499,1,0.2988222207740418,1,0.8701911342928832,1,0.7965979794711577,1
2021,06,65042,0665042,0.959077586426476,1,0.5495652677015046,1,0.900062617618509,1,0.4129196458944512,1
2021,06,66000,0666000,0.8780750278935089,1,0.5163050991187165,1,0.6655462132060594,1,0.4393964754233763,1
2021,06,67000,0667000,0.8399924895046271,1,0.7704690298991289,1,0.5160169749719464,1,0.5080417273659428,1
2021,06,68000,0668000,0.9468108150314922,1,0.5685581291835965,1,0.4919462789855724,1,0.6233490398127961,1
2021,06,68084,0668084,0.8563627164729786,1,0.6910746508305441,1,0.5408359642275358,1,0.7444262580557679,1
2021,06,68196,0668196,0.9611900500634526,1,0.48416961717572976,1,0.7864680095546038,1,0.48642832708232514,1
2021,06,68252,0668252,0.9568685936148451,1,0.6564510064737291,1,0.6445686401153468,1,0.533380778723159,1
2021,06,68378,0668378,0.9501739650095828,1,0.9014736340914099,1,0.41605252109672763,1,0.5624010400702125,1
2021,06,69000,0669000,0.9708206463729729,1,0.18710704131770403,1,0.7163977910641585,1,0.7908182387490508,1
2021,06,69070,0669070,0.966483449004925,1,0.4873355827507409,1,0.9223313721195552,1,0.35060746822944017,1
2021,06,69084,0669084,0.9444531146237252,1,0.8171740657482411,1,0.45294734783743784,1,0.6579890010514884,1
2021,06,69088,0669088,0.9381954496925092,1,0.5607976827173773,1,0.8082742244252605,1,0.49370140656380596,1
2021,06,69196,0669196,0.9773023150087268,1,0.1920247429377605,1,0.9101120927003337,1,0.7482648453567744,1
2021,06,70000,0670000,0.9343877700932385,1,0.7757437698134814,1,0.8296020856591855,1,0.34756830790229704,1
2021,06,70098,0670098,0.9569023323793944,1,0.5519621002372713,1,0.872591940872933,1,0.3860134436539924,1
2021,06,72016,0672016,0.9700790972724639,1,0.7001670500215765,1,0.82598540902767,1,0.40683506676834913,1
2021,06,73080,0673080,0.9871627095473127,2,0.04493341567289481,1,0.961827876631158,2,0.9380120681991119,1
2021,06,75000,0675000,0.8496352589938576,1,0.47567227786715544,1,0.6579878989849136,1,0.7308401074235682,1
2021,06,77000,0677000,0.967053414182494,1,0.7295441897954331,1,0.4423212154247683,1,0.6797105303312131,1
2021,06,78120,0678120,0.9539218265193439,1,0.6835156458873015,1,0.8081723452977742,1,0.48110330351060926,1
2021,06,78582,0678582,0.9742626285911777,1,0.723862308827623,1,0.8390937271631572,1,0.3239579743554944,1
2021,06,80000,0680000,0.95047979420915,1,0.7615387024895027,1,0.5322068440922598,1,0.6152867920674969,1
2021,06,80238,0680238,0.9374709579038636,1,0.5314065732064938,1,0.6995353303492955,1,0.6903356623415273,1
2021,06,80854,0680854,0.956733940235071,2,0.4438287298380956,1,0.6311955885696209,1,0.6348318203675528,1
2021,06,81344,0681344,0.9231035509746665,1,0.5078188157416845,1,0.8401777955580134,1,0.5975294502272348,1
2021,06,81554,0681554,0.789155482433163,1,0.7097234708908547,1,0.8110161706255218,1,0.4839931962087738,1
2021,06,81666,0681666,0.7846450584515766,1,0.651702883864312,1,0.6327680842160616,1,0.7081879082145407,1
2021,06,82590,0682590,0.7914585278180524,1,0.4311738209114281,1,0.893927617657838,1,0.7561916629533126,1
2021,06,82954,0682954,0.9510421842036146,1,0.4489282386245886,1,0.8818283537513227,1,0.5726118757233186,1
2021,06,82996,0682996,0.9422032583354972,1,0.4386554957399238,1,0.8783178881551158,1,0.5532390354589917,1
2021,06,84200,0684200,0.9267126322530427,1,0.4364689190447164,1,0.6291428173191802,1,0.8710738624876873,1
2021,06,84550,0684550,0.9809478684457696,1,0.6980062776357618,1,0.41973974673577635,1,0.6967653395903631,1
2021,06,85292,0685292,0.9794923387235063,1,0.3030787567201982,1,0.8873027064167356,1,0.7222337278003914,1
2021,08,03455,0803455,0.9633006512902759,1,0.7928882987218259,1,0.9281101752204411,1,0.2036111120056178,1
2021,08,04000,0804000,0.7938748397773202,1,0.6198332384613457,1,0.8582945064651155,1,0.48686665144611196,1
2021,08,07850,0807850,0.9764724039229674,1,0.8553172856948001,1,0.8774750877896493,1,0.20358678019322912,1
2021,08,12815,0812815,0.9438107388220107,1,0.8984014786220496,1,0.8622796929045928,1,0.20745486107231856,1
2021,08,16000,0816000,0.8930538535685452,1,0.7578705497074434,1,0.8877724758369906,1,0.2950748031130456,1
2021,08,20000,0820000,0.804066344879187,1,0.5259861949438468,1,0.9001048178975206,1,0.34372817171346537,1
2021,08,27425,0827425,0.9746822677414473,1,0.8315943779878426,1,0.9118637942783057,1,0.2104857765642702,1
2021,08,32155,0832155,0.9392065529662917,1,0.5018516668402224,1,0.9530588050979258,1,0.38411227157468975,1
2021,08,43000,0843000,0.9634778153222903,1,0.7125388830182007,1,0.9101917288739073,1,0.29283711651032934,1
2021,08,45970,0845970,0.9719272941390871,2,0.7148697592024569,1,0.9135178235760648,1,0.2973034533993778,1
2021,08,46465,0846465,0.9828915836931779,2,0.8557370871599741,1,0.9582871032378031,1,0.1616332372072689,1
2021,08,62000,0862000,0.9626410572963167,1,0.4918344048620427,1,0.9411948133774001,1,0.5254600709759313,1
2021,08,77290,0877290,0.955571264469784,1,0.5297703538901033,1,0.8856696200276217,1,0.42136117930688927,1
2021,08,83835,0883835,0.9716569882182656,2,0.6704171624682311,1,0.8986242726643318,1,0.3068979650122822,1
2021,09,08000,0908000,0.6416419309633947,1,0.5340791358655439,1,0.8888910784141809,1,0.6766042729614206,1
2021,09,18430,0918430,0.8953948034579629,1,0.6257853494426072,1,0.865598449947892,1,0.4404947466685705,1
2021,09,37000,0937000,0.5074402894077592,1,0.44515890641840294,1,0.8823779752628869,1,0.7164997327437824,1
2021,09,52000,0952000,0.548121197717437,1,0.5859326216617848,1,0.853156162474612,1,0.5702845052428422,1
2021,09,55990,0955990,0.8439744306278358,1,0.6433955082859151,1,0.8941192262045133,1,0.41785003105090357,1
2021,09,73000,0973000,0.7964750837514617,1,0.6289479263000965,1,0.8551680298523406,1,0.4204219689231159,1
2021,09,80000,0980000,0.7679793314915783,1,0.5965741654572991,1,0.9122394404490495,1,0.5458182695029884,1
2021,11,50000,1150000,0.3126594365459545,1,0.8132357307833055,1,0.88344536433315,1,0.4209595316545443,1
2021,12,07300,1207300,0.8119754239089494,2,0.8302884031331453,1,0.9050754894770578,1,0.2572073518250274,1
2021,12,07875,1207875,0.5478577876729602,1,0.7846784694319253,1,0.9251341977585388,1,0.4792155413389082,1
2021,12,10275,1210275,0.9249367732377869,1,0.7186437025896776,1,0.9256037247030152,1,0.2931131034033382,1
2021,12,12875,1212875,0.7251203320057812,1,0.7862494599192398,1,0.9238770127205891,1,0.29210833504360495,1
2021,12,14400,1214400,0.7455345514918414,1,0.6737990934025407,1,0.885672513381075,1,0.5963680639399713,1
2021,12,16475,1216475,0.8956705199132186,1,0.5137963717070415,1,0.8498746350915374,1,0.539709955551973,1
2021,12,16725,1216725,0.5235274248904112,1,0.7515002276066797,1,0.8926454134558495,1,0.41133481709754965,1
2021,12,17200,1217200,0.8788317979362618,1,0.6215439816483486,1,0.9534048458250906,1,0.48544309066319186,1
2021,12,17935,1217935,0.9809650502366566,2,0.1602725823299051,1,0.947087943404692,1,0.8771661814057364,1
2021,12,24000,1224000,0.32665147143094886,1,0.712795811083454,1,0.9318414805732896,1,0.34111723335653926,1
2021,12,24125,1224125,0.5615069008496126,1,0.6235549594615445,1,0.8860287876927208,1,0.35018187426207864,1
2021,12,25175,1225175,0.6102159747310972,1,0.8552331505651871,1,0.8417321562285341,1,0.39001369962828997,1
2021,12,30000,1230000,0.9653133383195741,1,0.04093170355692241,1,0.977323622635119,2,0.9617415526257996,1
2021,12,32000,1232000,0.6981484346437687,1,0.5412476540920911,1,0.9224067550877276,1,0.5370664122633352,1
2021,12,32275,1232275,0.6996410025961943,1,0.3257615420124917,1,0.9433750180352833,2,0.8187023463369274,1
2021,12,35000,1235000,0.49518438329427183,1,0.8369335755552276,1,0.8599847775844942,1,0.4165997874919008,1
2021,12,36950,1236950,0.9061993577109476,1,0.28930680870907366,1,0.9330740760920536,1,0.7835348963390231,1
2021,12,38250,1238250,0.6322422277174283,1,0.7827706000203486,1,0.9368914046594659,1,0.35490733715385847,1
2021,12,39425,1239425,0.8385033375940151,1,0.8194693104927062,1,0.8975937744389342,1,0.25674608453567277,1
2021,12,43975,1243975,0.789223158683902,1,0.8482532437026598,1,0.8796321735778602,1,0.28257559706630975,1
2021,12,45000,1245000,0.48560791666625747,1,0.19160590460528137,1,0.925557141677065,1,0.7386190445240826,1
2021,12,45025,1245025,0.9391235608384757,1,0.397020144233444,1,0.925706556735123,1,0.5773715070383241,1
2021,12,45060,1245060,0.27532500596424114,1,0.5212603297803374,1,0.9398637643554217,1,0.9567929536702465,1
2021,12,45975,1245975,0.48206397379968713,1,0.5998870268320441,1,0.8676231213962629,1,0.8425012205665721,1
2021,12,49675,1249675,0.9075199729542398,1,0.8296833187792859,1,0.9184865261206577,1,0.1931326840485011,1
2021,12,53000,1253000,0.5047223528555338,1,0.5538010390157179,1,0.888837340049493,1,0.5113114293155382,1
2021,12,54000,1254000,0.8082925374312688,1,0.7836950761355235,1,0.8867976347152264,1,0.4081223288465105,1
2021,12,54200,1254200,0.8426705798500848,1,0.8559003219087484,1,0.9269203399646213,1,0.2899489892553874,1
2021,12,55775,1255775,0.7158605055185288,1,0.5272435140846828,1,0.87813112764118,1,0.717548179774429,1
2021,12,57425,1257425,0.6441840186931921,1,0.679783312092458,1,0.8998693558771091,1,0.5395384132247131,1
2021,12,58050,1258050,0.469068424417678,1,0.6947973438531322,1,0.8620808181178705,1,0.41716686427499516,1
2021,12,58715,1258715,0.781124116080448,1,0.7439139524875279,1,0.909165307810117,1,0.41283340835874904,1
2021,12,63000,1263000,0.48508030167073546,1,0.8891143672209832,1,0.9023865887125605,1,0.2823560961460335,1
2021,12,69700,1269700,0.5340703161939478,1,0.614878944682698,1,0.901540338979312,1,0.6895921564558735,1
2021,12,70600,1270600,0.47989515348414313,1,0.9120401593079567,1,0.8973191411882444,1,0.3898463619077051,1
2021,12,71000,1271000,0.5718214236292509,1,0.6270001559409288,1,0.8584679975697956,1,0.42281461813038335,1
2021,12,76600,1276600,0.4743742521678838,1,0.617945322655889,1,0.9141533131292556,1,0.5166165526868678,1
2021,13,03440,1303440,0.6318384543332058,1,0.7892676377618358,1,0.8941452635146258,1,0.39082949528279165,1
2021,13,04000,1304000,0.2596582591373816,1,0.8936939765832502,1,0.8461569195453095,1,0.35722448842032023,1
2021,13,04204,1304204,0.33248718581794867,1,0.908278140513814,1,0.9027123369525422,1,0.5178933468184546,1
2021,13,19000,1319000,0.3635431747589492,1,0.8748928486193016,1,0.8846495795466107,1,0.4523600967748142,1
2021,13,42425,1342425,0.87169068480257,1,0.912540998563731,1,0.6308195194715106,1,0.43924481924418524,1
2021,13,49008,1349008,0.32342752484083404,1,0.9073084972271573,1,0.90773257640544,1,0.4748640144389714,1
2021,13,67284,1367284,0.7981890798100931,1,0.6095317706529254,1,0.8682740853196057,1,0.2845983675561397,1
2021,13,68516,1368516,0.6671452167964678,1,0.7776256979259631,1,0.7840079288671483,1,0.33190212491153204,1
2021,13,69000,1369000,0.37086706533734576,1,0.8874948575284138,1,0.922179703008827,1,0.4988625644896589,1
2021,13,72122,1372122,0.07688900276429886,1,0.9272712009912468,2,0.9530459056428486,2,0.8678608343770028,1
2021,13,80508,1380508,0.5858424107867651,1,0.8925136072643868,1,0.8618235762288805,1,0.4601505558187221,1
2021,15,71550,1571550,0.9107349052550636,1,0.8826099988975916,1,0.2096870951233798,1,0.7457301102041191,1
2021,16,08830,1608830,0.953825450832643,1,0.8754001513970509,1,0.8901357874949387,1,0.17042962227145975,1
2021,16,52120,1652120,0.8658583706438009,2,0.870189764814281,1,0.9088524651450477,1,0.15135599734294922,1
2021,16,56260,1656260,0.937616622804317,2,0.706014911399859,1,0.9179819471219257,1,0.29101895861346333,1
2021,17,02154,1702154,0.9399681016416205,2,0.8151405951022394,1,0.8185298203958871,1,0.225604372533772,1
2021,17,03012,1703012,0.866597640142419,1,0.3650183711545628,1,0.73586609715014,1,0.5117754794668181,1
2021,17,06613,1706613,0.8649072676395682,1,0.9155336473568616,1,0.8171872073668592,1,0.2506031947502424,1
2021,17,12385,1712385,0.6930362858123384,1,0.9088863873560927,1,0.7372944325268144,1,0.37533518592613385,1
2021,17,14000,1714000,0.252952546083924,1,0.4225197711520743,1,0.7820113362324805,1,0.42217731322517893,1
2021,17,14351,1714351,0.935219161869328,2,0.11947699900785642,1,0.9817028079745588,2,0.8782604401067475,1
2021,17,23074,1723074,0.9111989507346774,1,0.45060727002318435,1,0.8645313633922085,1,0.5012143446387517,1
2021,17,24582,1724582,0.675970451234419,1,0.8173122130510839,1,0.8367534728654541,1,0.33726671218460386,1
2021,17,38570,1738570,0.7402300639630045,1,0.561561412357721,1,0.9376808190814323,1,0.43204884749096384,1
2021,17,51622,1751622,0.9287675464244401,1,0.9061256666342978,1,0.7244784505547873,1,0.31151571046528226,1
2021,17,59000,1759000,0.5880388461176894,1,0.9051211987746807,1,0.8476648114185171,1,0.3601358399604971,1
2021,17,65000,1765000,0.6764972641841542,1,0.7375818581259893,1,0.8979306607189799,1,0.3868056625333997,1
2021,17,68003,1768003,0.9017352156006684,1,0.8101035611195478,1,0.6772073169470761,1,0.41645030560213075,1
2021,17,72000,1772000,0.6505703442949675,1,0.9534221409224749,1,0.9164920887872129,1,0.23447421083629846,1
2021,17,79293,1779293,0.7735548940295426,1,0.3895793159150339,1,0.8750366867501252,1,0.7144651299102235,1
2021,18,05860,1805860,0.931164873059974,1,0.9314824208467762,1,0.82631579112990206,1,0.21505062488717896,1
2021,18,10342,1810342,0.9552773433199593,1,0.9423349941965429,1,0.8151110803732132,1,0.20811218591221337,1
2021,18,22000,1822000,0.7400332058330688,1,0.9462747268249113,1,0.9195489180343427,1,0.19153857082298115,1
2021,18,23278,1823278,0.9215569266716128,1,0.960407850919774,1,0.8739639195134378,1,0.17407902244506143,1
2021,18,25000,1825000,0.7153092754863368,1,0.8164453323809955,1,0.8342689317783248,1,0.26220176734812356,1
2021,18,31000,1831000,0.6384746397140563,1,0.5501671494417505,1,0.9494560504992299,1,0.5951407342771312,1
2021,18,36003,1836003,0.5239417023038694,1,0.7989881742289119,1,0.8505801446596414,1,0.3552361351399991,1
2021,18,71000,1871000,0.6692151841306339,1,0.7230028456858817,1,0.9002149110642674,1,0.3790670279681197,1
2021,19,12000,1912000,0.8796033530320929,1,0.9383816351857551,1,0.8731933860991211,1,0.19447086017038173,1
2021,19,19000,1919000,0.8469141422359531,1,0.8878752354703063,1,0.9097573933800935,1,0.25705476186774684,1
2021,19,21000,1921000,0.820803527792126,1,0.8000205529964771,1,0.8365517858884396,1,0.31715847150881243,1
2021,19,73335,1973335,0.9154122215107267,1,0.6872290351751633,1,0.8734841418805439,1,0.2938538733060839,1
2021,20,36000,2036000,0.6766214933459865,1,0.5854515499512275,1,0.8613652171431745,1,0.5144396489968349,1
2021,20,38900,2038900,0.9383349084706138,1,0.915426284367944,1,0.8275283385942755,1,0.24384347950168886,1
2021,20,52575,2052575,0.907977124654874,1,0.8035934314010391,1,0.9038767043807596,1,0.227719302170437,1
2021,20,53775,2053775,0.9104893045894177,1,0.8838732349865449,1,0.8255876039723554,1,0.22509739328417844,1
2021,20,71000,2071000,0.8401104113213369,1,0.7400630769872754,1,0.909815005766982,1,0.27651955712531223,1
2021,20,79000,2079000,0.7444799770299819,1,0.7149234387092798,1,0.8597587085603116,1,0.31526669944349833,1
2021,21,46027,2146027,0.7486039708162603,1,0.8578516799754906,1,0.8827162302284527,1,0.2647592107118271,1
2021,21,48006,2148006,0.7040882055618194,1,0.8488694237049218,1,0.9162404477750358,1,0.2690911206736256,1
2021,22,05000,2205000,0.27418381104840456,1,0.8978320032764514,1,0.8635075183301554,1,0.3920347504041524,1
2021,22,40735,2240735,0.42448050059551856,1,0.9190108981041212,1,0.9172044140591954,1,0.28343802033289434,1
2021,22,41155,2241155,0.31860884465071565,1,0.920856540751498,1,0.9040826982027518,1,0.3265209889634337,1
2021,22,55000,2255000,0.24354659332788597,1,0.8963530805796701,1,0.855342882951185,1,0.41311350174562284,1
2021,22,70000,2270000,0.2721069625635411,1,0.9257286111821605,1,0.9152634931813382,1,0.41075713122735263,1
2021,24,04000,2404000,0.21472589477908116,1,0.8344476042486231,1,0.8940627638344961,1,0.4621958220329677,1
2021,24,30325,2430325,0.7981425554729515,1,0.7093612853801219,1,0.8840766837828344,1,0.36601763815137034,1
2021,25,07000,2507000,0.5298041108409084,1,0.6839886896340299,1,0.7778929444094005,1,0.3839424350806779,1
2021,25,09000,2509000,0.5720716583039774,1,0.8434999049886766,1,0.7877696198301498,1,0.632529860268803,1
2021,25,11000,2511000,0.8359573840995671,1,0.892940942800604,1,0.742410423830913,1,0.4066370449102932,1
2021,25,23000,2523000,0.910224079370162,1,0.8442668785272984,1,0.8438439086512878,1,0.26750463112540424,1
2021,25,34550,2534550,0.9688469419059553,1,0.16450577392005883,1,0.9609899086199061,1,0.8112362843324725,1
2021,25,37000,2537000,0.8806226634182618,1,0.7799523474668512,1,0.6429757387020075,1,0.47393253767468996,1
2021,25,37490,2537490,0.8541375235017554,1,0.5251439088462562,1,0.8797671720830499,1,0.5399100959254499,1
2021,25,45000,2545000,0.9120760704662602,1,0.6864577181250455,1,0.8236564066026713,1,0.3695331059104629,1
2021,25,45560,2545560,0.963275043632892,1,0.944405114084662,1,0.7740409835384707,1,0.27422341538032885,1
2021,25,55745,2555745,0.9123676777200127,1,0.9255655208708373,1,0.6225502234175246,1,0.4101256182799925,1
2021,25,62535,2562535,0.9110095414999098,1,0.8034075969904437,1,0.8379857085155089,1,0.2929193247657748,1
2021,25,67000,2567000,0.759797142741451,1,0.4402462289757765,1,0.9200834947163565,1,0.6067712862405467,1
2021,25,82000,2582000,0.8461318862110705,1,0.6658424434985926,1,0.8706619910604751,1,0.4007042024307448,1
2021,26,03000,2603000,0.8629257591435024,1,0.9391105432841067,1,0.7160395535873934,1,0.296129418293382,1
2021,26,21000,2621000,0.9400906117810993,1,0.9424847812310938,1,0.8895245221332311,1,0.12729083515870016,1
2021,26,22000,2622000,0.1300043512518904,1,0.46329065371793937,1,0.81590844625894,1,0.7303601278515932,1
2021,26,27440,2627440,0.7953512444013412,1,0.9591634991217683,1,0.7305976096603484,1,0.36724923599778214,1
2021,26,29000,2629000,0.28477546864960407,1,0.8989291842965023,1,0.8995376850881311,1,0.4642287819050124,1
2021,26,34000,2634000,0.7074481418412286,1,0.6053451875455312,1,0.8848042614736078,1,0.3158498039750534,1
2021,26,46000,2646000,0.7157020545931814,1,0.8458092504478986,1,0.8430155179473305,1,0.4330140554958608,1
2021,26,49000,2649000,0.9153906634302725,1,0.9468694624750879,1,0.9001934515008375,1,0.14921687289174568,1
2021,26,69035,2669035,0.9523847148455903,1,0.9386929173442534,1,0.7809571676757139,1,0.22611253212070104,1
2021,26,74900,2674900,0.31111623820686446,1,0.9728130370901764,1,0.8906709694054333,1,0.6801099777711495,1
2021,26,76460,2676460,0.8907298792564197,1,0.9533892707997637,1,0.8570237880449526,1,0.18375084698209038,1
2021,26,80700,2680700,0.9365618475156731,1,0.9644887570742062,1,0.6589441521661878,1,0.32783874400026247,1
2021,26,84000,2684000,0.6848156213462295,1,0.9446831874573989,1,0.8053125804113989,1,0.338132812853555,1
2021,26,86000,2686000,0.6480935664022078,1,0.9327788818282834,1,0.8760011060669556,1,0.3069448161796789,1
2021,26,88940,2688940,0.9015588761082445,1,0.6816617067965113,1,0.9072984919449841,1,0.3575568567481331,1
2021,27,06616,2706616,0.8521525657737729,1,0.8051711734116866,1,0.8421934391375006,1,0.2846708248970437,1
2021,27,07966,2707966,0.6186442794860836,1,0.9067106868981051,1,0.7271828792746209,1,0.5418195140674059,1
2021,27,17000,2717000,0.9233297427307642,1,0.9550014799893335,1,0.9119511415617726,1,0.12244641747397497,1
2021,27,43000,2743000,0.6302839188567755,1,0.8330635085066175,1,0.8399110536451894,1,0.30536564777931974,1
2021,27,51730,2751730,0.9120731142012265,1,0.9286439498109275,1,0.7683046100765457,1,0.23812856229492702,1
2021,27,54880,2754880,0.8409775310194919,1,0.9114302083270761,1,0.8681073922973305,1,0.24737981135561646,1
2021,27,58000,2758000,0.7124187936619413,1,0.8604174945505874,1,0.6322118296062204,1,0.3550199574073082,1
2021,27,71428,2771428,0.9345409039341902,1,0.9485035466715622,1,0.8232791358152223,1,0.23398264852854875,1
2021,28,36000,2836000,0.11937494793625426,1,0.9527519455986733,1,0.9488977186113978,1,0.5445273904924611,1
2021,29,15670,2915670,0.8369587926401323,1,0.9376500528004025,1,0.8687088585408296,1,0.24886278910372034,1
2021,29,35000,2935000,0.8622785906389006,1,0.8691783855071565,1,0.9022481281632415,1,0.24320991380006615,1
2021,29,38000,2938000,0.4832420898902255,1,0.7545035239989184,1,0.9019121126459129,1,0.3203999500101814,1
2021,29,41348,2941348,0.8820667844706074,1,0.9263577574260033,1,0.9199441718013416,1,0.1929692723797395,1
2021,29,54074,2954074,0.9452272001898251,1,0.9485320332477492,1,0.9155411433039409,1,0.14155046327316684,1
2021,29,65000,2965000,0.30835234853441945,1,0.9253303110833191,1,0.8979037043984346,1,0.3527364532453322,1
2021,29,70000,2970000,0.9338174372782939,1,0.9266137562497547,1,0.9049097337356007,1,0.15075590618529205,1
2021,30,06550,3006550,0.9863157365630499,2,0.8919400281562182,1,0.8709662858282432,1,0.15006969710624618,1
2021,31,28000,3128000,0.9211095025714456,1,0.8649406833592252,1,0.8637401396749906,1,0.19488660512801384,1
2021,31,37000,3137000,0.6804359267147844,1,0.655663107117974,1,0.8688719069826913,1,0.2659308384293952,1
2021,32,31900,3231900,0.8987984342085461,1,0.7756880279660232,1,0.819077837075394,1,0.37559542191602335,1
2021,32,40000,3240000,0.8353731051486976,1,0.5339768862191612,1,0.8452010036436578,1,0.4857832949603192,1
2021,32,51800,3251800,0.7312619660900659,1,0.4980342946882787,1,0.8270793123296738,1,0.6897472099460297,1
2021,32,60600,3260600,0.929276992668553,1,0.6365150967788019,1,0.8328119320493035,1,0.341298781831079,1
2021,32,68400,3268400,0.971952775056039,1,0.588796993212812,1,0.8799451018606587,1,0.4097501794697753,1
2021,33,45140,3345140,0.9053567630390967,1,0.8119333562399097,1,0.8858357722603725,1,0.22800388402793578,1
2021,33,50260,3350260,0.9459631582969122,1,0.7687124393152621,1,0.8423113201526407,1,0.25215670990726546,1
2021,34,13690,3413690,0.9366806695727313,1,0.5262641187955874,1,0.8350474190847743,1,0.4902945652343275,1
2021,34,21000,3421000,0.7484474053399737,1,0.32927854012832,1,0.9359411164128557,1,0.798642810228938,1
2021,34,36000,3436000,0.622217439246272,1,0.6549369977436319,1,0.5979780728498985,1,0.7056910415320148,1
2021,34,51000,3451000,0.2854395417690985,1,0.4516837726307133,1,0.8607787938273697,1,0.76492356313004,1
2021,34,57000,3457000,0.6589771217528246,1,0.3391789650435689,1,0.7865712813369585,1,0.8014077102473086,1
2021,34,74000,3474000,0.3639158980515681,1,0.48403455491358865,1,0.9485700505634393,1,0.8041272311544624,1
2021,35,02000,3502000,0.9486582502728765,1,0.4229266830961843,1,0.8556927164941567,1,0.5425063633093584,1
2021,35,39380,3539380,0.9516117045087135,1,0.33660989679759334,1,0.8661371587044093,1,0.6139539305077459,1
2021,35,63460,3563460,0.9646035786212435,1,0.5537478865387754,1,0.9180991861428869,1,0.5311325317025763,1
2021,35,70500,3570500,0.9734439596045238,1,0.3556258497894608,1,0.9266722660083614,1,0.46896145005183715,1
2021,36,01000,3601000,0.5788618773437348,1,0.8502547080367369,1,0.8345116427186147,1,0.38436786267554074,1
2021,36,11000,3611000,0.41015778557836446,1,0.7776570492293642,1,0.8046203418219585,1,0.35912140644857155,1
2021,36,50617,3650617,0.7177693357637414,1,0.5932155414400011,1,0.8964084487392227,1,0.46408353068539426,1
2021,36,51000,3651000,0.47503733122098885,1,0.5224955316518051,1,0.6467003428377186,1,0.42356782220834116,1
2021,36,63000,3663000,0.5088371197511514,1,0.7218997845499707,1,0.8571912745566742,1,0.4344711594153719,1
2021,36,73000,3673000,0.5861702245215588,1,0.8532087213516293,1,0.8126419780761365,1,0.40652130324482044,1
2021,36,84000,3684000,0.7396349267549931,1,0.5057349846125844,1,0.8687640376981071,1,0.48963067843950636,1
2021,37,02140,3702140,0.7937136499504822,1,0.890618997455282,1,0.9308836218242729,1,0.19937880418851237,1
2021,37,10740,3710740,0.8895467670578631,1,0.854501845657026,1,0.6588725420162383,1,0.35308967402988567,1
2021,37,12000,3712000,0.49946923221838346,1,0.7415142293711426,1,0.8309843072049864,1,0.4160272902122393,1
2021,37,14100,3714100,0.7512559307633745,1,0.7849456627828785,1,0.8404101715768915,1,0.37227767300345105,1
2021,37,19000,3719000,0.549987374115563,1,0.7798092185748721,1,0.874940031660665,1,0.4736554581346101,1
2021,37,22920,3722920,0.5190349773939382,1,0.8423927762559805,1,0.8880071141720869,1,0.5865500591845546,1
2021,37,25580,3725580,0.6351433087154588,1,0.8534527894023144,1,0.9260562095599875,1,0.3772282215368949,1
2021,37,28000,3728000,0.4453898420257659,1,0.8619773848892437,1,0.8524609457543144,1,0.4074919192226418,1
2021,37,28080,3728080,0.5056740869684326,1,0.9306432970454016,1,0.9270400771074222,1,0.38927360676068806,1
2021,37,31400,3731400,0.572817361140477,1,0.8453433964413982,1,0.8589305291781694,1,0.4291105345969303,1
2021,37,55000,3755000,0.5732088678639317,1,0.8218654578456576,1,0.8813384010221688,1,0.34038380090973885,1
2021,37,74440,3774440,0.6340527281386725,1,0.8457465175100926,1,0.9300842173853977,1,0.23045743754000275,1
2021,37,75000,3775000,0.5240996974408402,1,0.7462369646327269,1,0.9210587554250865,1,0.38758691627275355,1
2021,38,25700,3825700,0.8326348633444096,1,0.9392991437492206,1,0.8738855058741836,1,0.1683512494261348,1
2021,39,01000,3901000,0.5320340151440636,1,0.9341307100870783,1,0.8419489284126653,1,0.33733729125683237,1
2021,39,15000,3915000,0.40912135400714783,1,0.9088820390425517,1,0.900851762360579,1,0.35937080937107374,1
2021,39,16000,3916000,0.2756274304332318,1,0.7444033940736247,1,0.8716742717454182,1,0.4646745871598742,1
2021,39,18000,3918000,0.5205539737401597,1,0.8903264718140858,1,0.8535414897667775,1,0.3476111716041274,1
2021,39,21000,3921000,0.31830279160976527,1,0.9106224346986717,1,0.9135387390719908,1,0.2904013939643739,1
2021,39,61000,3961000,0.888764740647644,1,0.8933617000570757,1,0.9231682444225592,1,0.16981936505625844,1
2021,39,77000,3977000,0.5271210757999618,1,0.8475177494659647,1,0.9059152624693245,1,0.33287432963548935,1
2021,40,09050,4009050,0.923890936696314,1,0.8741940989890905,1,0.8184254150194977,1,0.30229496476168227,1
2021,40,23200,4023200,0.9072309114625537,1,0.9009470505464359,1,0.8600518949740408,1,0.2247991353025835,1
2021,40,41850,4041850,0.7934569354142772,1,0.8241465805822196,1,0.8047965846380383,1,0.49053414653331834,1
2021,40,52500,4052500,0.9136309460201738,1,0.8862692364273549,1,0.82254258443806,1,0.2838173800384819,1
2021,40,55000,4055000,0.6686965416609534,1,0.596612808131777,1,0.8377790608572021,1,0.38883279021686334,1
2021,40,75000,4075000,0.6706428574592628,1,0.703031488019506,1,0.8271790293168179,1,0.3797995082784535,1
2021,41,05350,4105350,0.9673645668238873,1,0.7300946216066264,1,0.7482562718743584,1,0.3471215023849772,1
2021,41,05800,4105800,0.9832396155030145,2,0.8911738685850704,1,0.9275803156120027,1,0.15070317176446912,1
2021,41,23850,4123850,0.9737218285557399,1,0.8699015114342733,1,0.8685417361118712,1,0.21687086077159667,1
2021,41,31250,4131250,0.9263706041107055,1,0.7498096283092995,1,0.8641585230855496,1,0.3364497253586229,1
2021,41,34100,4134100,0.9413141104344713,1,0.6545437504212743,1,0.7518831457478432,1,0.43310382600502245,1
2021,41,47000,4147000,0.9840704892114918,2,0.793656495787039,1,0.9175391566675221,1,0.23911159499970927,1
2021,41,59000,4159000,0.8929981395924472,1,0.855209633343815,1,0.8159166085309569,1,0.2890370840415701,1
2021,41,64900,4164900,0.9762612744001449,1,0.687232959431308,1,0.8757675807807388,1,0.3032095451107953,1
2021,42,02000,4202000,0.8757861922642128,1,0.3879689370551584,1,0.8698609291554203,1,0.583688846480002,1
2021,42,06088,4206088,0.8757088034838736,1,0.6288345446221028,1,0.9052161169048989,1,0.3900934932010655,1
2021,42,24000,4224000,0.7523713634777958,1,0.8745771990838168,1,0.876131349159449,1,0.27662361093512816,1
2021,42,60000,4260000,0.31697508183041123,1,0.6090724503149432,1,0.8090776843689618,1,0.4086008821218708,1
2021,42,61000,4261000,0.5196372942077974,1,0.9479785267508682,1,0.8515257256081494,1,0.28130226256315455,1
2021,42,63624,4263624,0.8856012175207223,1,0.29673825586372943,1,0.9208738031875728,1,0.7099773335268398,1
2021,42,69000,4269000,0.9013003614151571,1,0.7624151468037079,1,0.8740947643856655,1,0.25944211014734037,1
2021,44,19180,4419180,0.9221853550454823,1,0.7301467892122339,1,0.8796347100150951,1,0.27821860166353246,1
2021,44,54640,4454640,0.796067694686916,1,0.6930010226054035,1,0.8367837931989932,1,0.4497799633241607,1
2021,44,59000,4459000,0.806107957856284,1,0.4355199825660455,1,0.8679857024361536,1,0.4761843468130489,1
2021,44,74300,4474300,0.948509253620032,1,0.9116470563041588,1,0.9256738723962037,1,0.1379649239739494,1
2021,45,13330,4513330,0.6557382775420042,1,0.940881319417132,1,0.9454500195580742,1,0.2547444210412425,1
2021,45,16000,4516000,0.3950419870207694,1,0.867613227823575,1,0.9133095386771535,1,0.36349875429627765,1
2021,45,48535,4548535,0.8964930472181156,1,0.9669245806916273,1,0.9378597986332851,1,0.131256561565277,1
2021,45,50875,4550875,0.4701409127965852,1,0.8134178327644734,1,0.8725391080013282,1,0.5158653405476866,1
2021,46,59020,4659020,0.8592251215378733,1,0.8842657674526173,1,0.8859928722045242,1,0.1782197606366205,1
2021,47,14000,4714000,0.4839878918718478,1,0.8221501471563706,1,0.909395691418312,1,0.31451388773103645,1
2021,47,15160,4715160,0.7221197550169783,1,0.847505144985037,1,0.8793646241628934,1,0.39603331775808975,1
2021,47,27740,4727740,0.8597598443116998,1,0.8958907181069953,1,0.7949209301303963,1,0.20471579853301664,1
2021,47,40000,4740000,0.6620956164302069,1,0.9171999574034131,1,0.9144061511481051,1,0.22951423390512915,1
2021,47,48000,4748000,0.21016148460396192,1,0.7889677973618299,1,0.9220963715856829,1,0.4605029413552848,1
2021,47,51560,4751560,0.7861354643841835,1,0.8779914623880062,1,0.9066894115284126,1,0.29576001616002845,1
2021,47,52006,4752006,0.5599265770568259,1,0.7804327186591306,1,0.8963772236835038,1,0.3468053856591446,1
2021,48,01000,4801000,0.8473947984052516,1,0.6470339732285587,1,0.9275204610418354,1,0.38238462010328833,1
2021,48,01924,4801924,0.8298985067772648,1,0.8576624924219536,1,0.6761300060124015,1,0.42683091149769553,1
2021,48,03000,4803000,0.8003795810640489,1,0.5489423437174935,1,0.786561558551674,1,0.3616715148789829,1
2021,48,04000,4804000,0.6966835492586312,1,0.5771015164824217,1,0.8610758546332795,1,0.5106828039848921,1
2021,48,05000,4805000,0.8510911598771581,1,0.5413332865194653,1,0.8081218658786492,1,0.4333410809250311,1
2021,48,06128,4806128,0.8025613986405951,1,0.4274655430653702,1,0.9479225004135965,1,0.6326594675579185,1
2021,48,07000,4807000,0.4338236402907763,1,0.707764043655912,1,0.8863416403849275,1,0.5289427396563214,1
2021,48,10768,4810768,0.9827766460565318,2,0.05179620767899779,1,0.9710645684644624,1,0.9249091716250913,1
2021,48,10912,4810912,0.75928075560494,1,0.508333940615727,1,0.9298159732315394,1,0.4839956847029153,1
2021,48,13024,4813024,0.8455403880579008,1,0.5186499388818488,1,0.7245104958244333,1,0.5488260532697876,1
2021,48,13552,4813552,0.9348067993523848,1,0.7514596843365321,1,0.7660663962316426,1,0.36799929697446154,1
2021,48,15976,4815976,0.8879685780975087,1,0.7918566824926945,1,0.8386231267264482,1,0.3582157439748792,1
2021,48,16432,4816432,0.8042848771351606,1,0.5433653437793547,1,0.9179114374731171,1,0.3491943804338252,1
2021,48,17000,4817000,0.9106940424621213,1,0.2985953982382069,1,0.9219080288602194,1,0.5957531322992556,1
2021,48,19000,4819000,0.5609299156131469,1,0.41064331815179594,1,0.862379325330996,1,0.46411204360689245,1
2021,48,19972,4819972,0.8233349377557645,1,0.7057450505353539,1,0.901833465926626,1,0.37649944028964566,1
2021,48,22660,4822660,0.951319515034775,2,0.10456865312661731,1,0.9226161920585612,1,0.9020675999682153,1
2021,48,24000,4824000,0.9185732990965931,1,0.16175377072633965,1,0.9424570662580007,1,0.8042098082209771,1
2021,48,26232,4826232,0.9323164907650121,1,0.863607930302073,1,0.8099883217769832,1,0.288080798090419,1
2021,48,27000,4827000,0.6688975513861749,1,0.49670277530878837,1,0.8608269205570841,1,0.46474879586493667,1
2021,48,27684,4827684,0.8868823748731026,1,0.8237474828634685,1,0.6448136902378943,1,0.44363955294421803,1
2021,48,29000,4829000,0.8052944156789836,1,0.4712740795889661,1,0.781226970019982,1,0.6525866332334527,1
2021,48,30464,4830464,0.677744883463149,1,0.4188783135276045,1,0.828583480346194,1,0.7300066182309863,1
2021,48,35000,4835000,0.5610626965962555,1,0.3916715023046709,1,0.8088068985709959,1,0.5151753375226529,1
2021,48,37000,4837000,0.7409709771261124,1,0.3813465693091102,1,0.5232050997415514,1,0.7551786064352661,1
2021,48,39148,4839148,0.6292249096334532,1,0.7055424139917291,1,0.8688770856979781,1,0.7079984223669853,1
2021,48,41464,4841464,0.9809518682130073,2,0.04310077637123886,1,0.9679218355984983,1,0.9405520008121458,1
2021,48,41980,4841980,0.8426790809131856,1,0.797108342301541,1,0.866597453618449,1,0.32034968749657694,1
2021,48,42508,4842508,0.8104617627180726,1,0.5900915836573567,1,0.7865661021659196,1,0.5501396799587909,1
2021,48,43888,4843888,0.7138938517256255,1,0.6829001187071881,1,0.9316163331138743,1,0.3839296357088969,1
2021,48,45000,4845000,0.7779036147563976,1,0.5247292478972768,1,0.9106238143822277,1,0.39623146316915925,1
2021,48,45384,4845384,0.9468835712251249,2,0.12880048150387927,1,0.8655113483073333,1,0.8692361114832904,1
2021,48,45744,4845744,0.848453532978703,1,0.7505259054404433,1,0.7590317717197372,1,0.40045116547402576,1
2021,48,47892,4847892,0.7070289207339818,1,0.49151680119433905,1,0.8893632023146204,1,0.7036737701566418,1
2021,48,48072,4848072,0.8558875853749128,1,0.4547166960148103,1,0.9111028495695431,1,0.4735314110017064,1
2021,48,48768,4848768,0.9779679173610724,3,0.09681289337137328,1,0.9328678514627801,2,0.7865215667088836,1
2021,48,50820,4850820,0.9608043248091775,1,0.5663830185458265,1,0.9573082272924665,1,0.39052473995192927,1
2021,48,53388,4853388,0.9227798216821498,1,0.3377363314198565,1,0.951789720824635,1,0.5956507730516996,1
2021,48,56000,4856000,0.9410929480345501,1,0.21199972932551928,1,0.8895894006699503,1,0.6294801925593471,1
2021,48,56348,4856348,0.6983825767391295,1,0.6674243823415494,1,0.7176624075141601,1,0.552334166147603,1
2021,48,57200,4857200,0.9950091473888669,3,0.04863264054834814,1,0.9903430457272427,3,0.8897048807226728,1
2021,48,58016,4858016,0.882623405520726,1,0.6761444219129175,1,0.6322315624282177,1,0.44335730731782425,1
2021,48,61796,4861796,0.7667361257829781,1,0.6608822821088882,1,0.7157681745898764,1,0.40752760836975965,1
2021,48,63500,4863500,0.8536435416545101,1,0.6413424266396636,1,0.8260962668205608,1,0.4589814609937867,1
2021,48,64472,4864472,0.9191488345243553,1,0.5017320307330797,1,0.9326956205232001,1,0.4648856501588925,1
2021,48,65000,4865000,0.852010904311066,1,0.28081501039207807,1,0.9002970918992899,1,0.6495086764251641,1
2021,48,70808,4870808,0.8830572910248919,1,0.8157440302467472,1,0.4915957276825514,1,0.5344046574010609,1
2021,48,72176,4872176,0.8128184181856956,1,0.675404593062932,1,0.9153905848663055,1,0.4270412722681228,1
2021,48,74144,4874144,0.6378378610623274,1,0.6325582461414048,1,0.9176767162824182,1,0.37891878595015677,1
2021,48,76000,4876000,0.6922467317385743,1,0.5638141699160027,1,0.9218850633885355,1,0.4526366931283321,1
2021,48,79000,4879000,0.7693828542402575,1,0.7224812676818643,1,0.9150992432268601,1,0.3683257158899665,1
2021,49,43660,4943660,0.974039816953969,1,0.8273898490654321,1,0.9224407755098301,1,0.20657606414631538,1
2021,49,44320,4944320,0.9845316161311095,2,0.8988963022478471,1,0.9268905859142181,1,0.13785584242872714,1
2021,49,55980,4955980,0.965356511273703,1,0.624124786183684,1,0.9178381154172693,1,0.3419102576540032,1
2021,49,57300,4957300,0.9789501388652736,2,0.7968128210744111,1,0.9121713128002129,1,0.23707834555929283,1
2021,49,62470,4962470,0.9752090618425293,2,0.7451299827837463,1,0.8891746555471883,1,0.2600162570172035,1
2021,49,65330,4965330,0.9760626026704655,2,0.8099215951683504,1,0.9250865629511291,1,0.17443013925140685,1
2021,49,67000,4967000,0.9411836699697502,1,0.6547378463504684,1,0.8352915387590254,1,0.27036647753590276,1
2021,49,67440,4967440,0.9725806733413467,2,0.8354726803757107,1,0.9022361018013044,1,0.17817526756572255,1
2021,49,70850,4970850,0.9884996243891324,2,0.8820633600778702,1,0.9061618751891432,1,0.17640535705489307,1
2021,49,82950,4982950,0.9768291935243555,1,0.740385498373069,1,0.8965413047490493,1,0.2974524827785409,1
2021,49,83470,4983470,0.9432262559852278,1,0.5672096286820263,1,0.8432896898044843,1,0.5085760317541184,1
2021,51,01000,5101000,0.6798631238760018,1,0.731397055669151,1,0.8622882244752219,1,0.38447692395274763,1
2021,51,16000,5116000,0.5576516243656945,1,0.901675568728275,1,0.8850973390851472,1,0.35938751301803623,1
2021,51,35000,5135000,0.43443395926096073,1,0.9208577842126213,1,0.8979045633733279,1,0.5254213014710497,1
2021,51,47672,5147672,0.5726250638090776,1,0.9348471918502637,1,0.9256344676174264,1,0.3196287993730747,1
2021,51,56000,5156000,0.4888522487715032,1,0.851274133712567,1,0.891246912113707,1,0.49530702397414905,1
2021,51,57000,5157000,0.41897601356154385,1,0.8786315570761766,1,0.8949631188612285,1,0.4411460146663423,1
2021,51,64000,5164000,0.3520095755257684,1,0.9246979277126375,1,0.9079808884521258,1,0.47523636910034983,1
2021,51,67000,5167000,0.3615383329120631,1,0.7731861303147876,1,0.9112646998185073,1,0.36716473033965624,1
2021,51,68000,5168000,0.493540754182922,1,0.8928381950188635,1,0.8995758370401822,1,0.31198799863945187,1
2021,51,76432,5176432,0.4695659772741852,1,0.9354389678341521,1,0.9028081313534347,1,0.41137088604186284,1
2021,51,82000,5182000,0.7261798692335666,1,0.882700611502882,1,0.8327312513147327,1,0.3357673292389096,1
2021,53,03180,5303180,0.8927472468055883,1,0.741478219849233,1,0.7379858655267109,1,0.46254624449963955,1
2021,53,05210,5305210,0.9498015817215218,1,0.8935620776831797,1,0.5331506912586181,1,0.51780940313836,1
2021,53,05280,5305280,0.9787118068771331,1,0.8688550975996572,1,0.860609082204198,1,0.21637882908654824,1
2021,53,22640,5322640,0.9121339449793259,1,0.7955336109612652,1,0.8162345374611828,1,0.3695879498040315,1
2021,53,23515,5323515,0.7794589760188093,1,0.7764748923606958,1,0.7085510197946561,1,0.5558079925748703,1
2021,53,35275,5335275,0.9578420587414689,2,0.6228454045850995,1,0.9291730383442559,1,0.3335839418250465,1
2021,53,35415,5335415,0.845772934157148,1,0.7890591233096731,1,0.6635599050124393,1,0.5542800348509366,1
2021,53,35940,5335940,0.9749814697404362,2,0.9186635756491361,1,0.7454320598544695,1,0.31125800575714024,1
2021,53,53545,5353545,0.9549731317052964,2,0.35401330466087805,1,0.9136418471555973,1,0.5113051309760179,1
2021,53,57745,5357745,0.8503551225433511,1,0.7932045740089138,1,0.6313063597752058,1,0.5278504561199076,1
2021,53,63000,5363000,0.83497155449324445,1,0.905379382376042,1,0.7027249016641739,1,0.3276542386488763,1
2021,53,67000,5367000,0.9496409354190634,1,0.9149000457205897,1,0.8754441488557498,1,0.18423412104944162,1
2021,53,67167,5367167,0.9769817072815916,2,0.9059861872312573,1,0.9105358679465173,1,0.1552978853641894,1
2021,53,70000,5370000,0.8545149125831583,1,0.8358485781293279,1,0.7546593418800541,1,0.37299253130521626,1
2021,53,74060,5374060,0.9647150963138615,1,0.7885362563440681,1,0.8393275993610932,1,0.28969666794605936,1
2021,53,80010,5380010,0.9434425876864065,1,0.4246577679879877,1,0.9126879439010029,1,0.4380100043295693,1
2021,55,02375,5502375,0.9604473622168062,1,0.9139237334717152,1,0.8854434218192103,1,0.1792762212297663,1
2021,55,31000,5531000,0.912250772747198,1,0.7029274706617005,1,0.8687190922103291,1,0.2840223055605595,1
2021,55,39225,5539225,0.8452414897353269,1,0.7578945767734075,1,0.9191660153352464,1,0.3098012036189712,1
2021,55,48000,5548000,0.8687605633821925,1,0.8655241203031727,1,0.823569034029518,1,0.2542466890187516,1
2021,55,53000,5553000,0.30860267196438557,1,0.49934724629091887,1,0.8594480388965244,1,0.43251341081693184,1
2021,55,66000,5566000,0.7218538068619799,1,0.7397150027239796,1,0.9335378362807653,1,0.4145590034162061,1
