year,state,place,count_homeless,count_homeless_lb,count_homeless_ub,share_homeless,count_homeless_quality,share_homeless_quality
2015,55,66000,965,964,966,.0491619557,1,1
2015,55,53000,4406,4397,4415,.0515677482,1,1
2015,55,48000,1205,1204,1206,.0434688516,1,1
2015,55,39225,612,612,612,.0276173279,1,1
2015,55,31000,1136,1136,1136,.0374521948,1,1
2015,55,02375,319,319,319,.0195334032,1,1
2015,53,80010,973,973,973,.0398574471,1,1
2015,53,74060,2206,2203,2209,.0442971885,1,1
2015,53,70000,2080,2077,2083,.0504401401,1,1
2015,53,67167,,,,,,
2015,53,67000,1658,1654,1662,.0424486026,1,1
2015,53,63000,3550,3548,3552,.0658504888,1,1
2015,53,57745,509,509,509,.0319142267,1,1
2015,53,53545,430,429,431,.0246899407,1,1
2015,53,35940,NA,NA,NA,NA,NA,NA
2015,53,35415,560,559,561,.0200904068,1,1
2015,53,35275,350,350,350,.0187095739,1,1
2015,53,23515,368,368,368,.015972916,1,1
2015,53,22640,1356,1356,1356,.0384342857,1,1
2015,53,05280,597,597,597,.0456631482,1,1
2015,53,05210,249,249,249,.0124208108,1,1
2015,53,03180,302,302,302,.019058438,1,1
2015,51,82000,738,738,738,.0105765508,1,1
2015,51,76432,90,90,90,.0062573873,1,1
2015,51,68000,632,632,632,.0225223619,1,1
2015,51,67000,1513,1513,1513,.0630942434,1,1
2015,51,64000,195,195,195,.0130635761,1,1
2015,51,57000,572,572,572,.0177927092,1,1
2015,51,56000,580,580,580,.0198650546,1,1
2015,51,47672,176,176,176,.0205463469,1,1
2015,51,35000,514,514,514,.0249296725,1,1
2015,51,16000,223,223,223,.0055829557,1,1
2015,51,01000,171,171,171,.0116097499,1,1
2015,49,83470,NA,NA,NA,NA,NA,NA
2015,49,82950,1822,1822,1822,.0343870893,1,1
2015,49,70850,NA,NA,NA,NA,NA,NA
2015,49,67440,1622,1622,1622,.0471196584,1,1
2015,49,67000,2579,2579,2579,.0269665513,1,1
2015,49,65330,927,927,927,.0317607149,1,1
2015,49,62470,242,242,242,.0139730936,1,1
2015,49,57300,,,,,,
2015,49,55980,1243,1243,1243,.0284693427,1,1
2015,49,44320,,,,,,
2015,49,43660,NA,NA,NA,NA,NA,NA
2015,48,79000,411,411,411,.0270661842,1,1
2015,48,76000,1871,1870,1872,.0542287417,1,1
2015,48,74144,423,422,424,.018009197,1,1
2015,48,72176,159,159,159,.0184113011,1,1
2015,48,70808,963,963,963,.0131710321,1,1
2015,48,65000,8502,8493,8511,.0263369847,1,1
2015,48,64472,294,294,294,.0157996565,1,1
2015,48,63500,797,796,798,.0162401181,1,1
2015,48,61796,291,291,291,.0065300809,1,1
2015,48,58016,493,493,493,.0090342676,1,1
2015,48,57200,200,200,200,.0050590644,1,1
2015,48,56348,372,372,372,.0176361818,1,1
2015,48,56000,1734,1734,1734,.0309537835,1,1
2015,48,53388,1444,1444,1444,.0440418459,1,1
2015,48,50820,919,919,919,.0310242381,1,1
2015,48,48768,228,227,229,.00876249,1,1
2015,48,48072,776,775,777,.0284113791,1,1
2015,48,47892,880,880,880,.0215659849,1,1
2015,48,45744,1476,1475,1477,.0568632744,1,1
2015,48,45384,92,91,93,.0037252996,1,1
2015,48,45000,1181,1179,1183,.0325380191,1,1
2015,48,43888,264,263,265,.0169545952,1,1
2015,48,42508,118,118,118,.0061333748,1,1
2015,48,41980,1262,1262,1262,.0306117497,1,1
2015,48,41464,582,581,583,.0085218539,1,1
2015,48,39148,1543,1543,1543,.034068577,1,1
2015,48,37000,1415,1413,1417,.0361264311,1,1
2015,48,35000,13048,13024,13072,.0216212627,1,1
2015,48,30464,1556,1556,1556,.0530352108,1,1
2015,48,29000,1872,1872,1872,.0324723758,1,1
2015,48,27684,157,157,157,.0029130718,1,1
2015,48,27000,2753,2750,2756,.0245417915,1,1
2015,48,26232,897,897,897,.0167694893,1,1
2015,48,24000,2935,2930,2940,.017495336,1,1
2015,48,22660,52,52,52,.0015041943,1,1
2015,48,19972,926,926,926,.0331436358,1,1
2015,48,19000,3960,3946,3974,.0194731429,1,1
2015,48,17000,1961,1958,1964,.0350598022,1,1
2015,48,16432,635,635,635,.0109033464,1,1
2015,48,15976,181,181,181,.0133402124,1,1
2015,48,13552,,,,,,
2015,48,13024,322,322,322,.0124825556,1,1
2015,48,10912,664,663,665,.0400458351,1,1
2015,48,10768,2508,2507,2509,.0511335842,1,1
2015,48,07000,887,887,887,.0452597216,1,1
2015,48,06128,684,684,684,.0288024247,1,1
2015,48,05000,4116,4109,4123,.0351413414,1,1
2015,48,04000,3099,3096,3102,.0468629487,1,1
2015,48,03000,2239,2239,2239,.0624877885,1,1
2015,48,01924,99,99,99,.0039970931,1,1
2015,48,01000,958,958,958,.0454933979,1,1
2015,47,52006,3078,3078,3078,.0320892408,1,1
2015,47,51560,1510,1510,1510,.0293107126,1,1
2015,47,48000,651,651,651,.0056862351,1,1
2015,47,40000,568,568,568,.009418319,1,1
2015,47,27740,216,216,216,.0053351778,1,1
2015,47,15160,451,451,451,.0138322348,1,1
2015,47,14000,1305,1305,1305,.0293832887,1,1
2015,46,59020,722,722,722,.0299225003,1,1
2015,45,50875,,,,,,
2015,45,48535,,,,,,
2015,45,16000,1685,1685,1685,.0239390805,1,1
2015,45,13330,447,447,447,.0092962319,1,1
2015,44,74300,104,104,104,.0113785556,1,1
2015,44,59000,165,163,167,.006399814,1,1
2015,44,54640,48,48,48,.0051785521,1,1
2015,44,19180,25,25,25,.0023944066,3,3
2015,42,69000,101,101,101,.0100437552,1,1
2015,42,63624,680,680,680,.0295536537,1,1
2015,42,61000,1509,1509,1509,.0214608759,1,1
2015,42,60000,3967,3948,3986,.0209344793,1,1
2015,42,24000,382,382,382,.0170057435,1,1
2015,42,06088,278,278,278,.0205849689,1,1
2015,42,02000,747,746,748,.0275920667,1,1
2015,41,64900,1205,1205,1205,.0293044746,1,1
2015,41,59000,3034,3034,3034,.0439742021,1,1
2015,41,47000,1441,1441,1441,.1038783193,1,1
2015,41,34100,459,459,459,.0219743401,1,1
2015,41,31250,355,355,355,.0292614568,1,1
2015,41,23850,1407,1406,1408,.0607696623,1,1
2015,41,05800,602,602,602,.0343666151,1,1
2015,41,05350,1489,1489,1489,.0366171561,1,1
2015,40,75000,3342,3342,3342,.0591326505,1,1
2015,40,55000,3300,3297,3303,.0665765554,1,1
2015,40,52500,183,183,183,.010562161,1,1
2015,40,41850,713,713,713,.0459584892,1,1
2015,40,23200,23,23,23,.000958573,3,3
2015,40,09050,40,40,40,.0021199915,1,1
2015,39,77000,3041,3038,3044,.0854261443,1,1
2015,39,61000,374,373,375,.0306507125,1,1
2015,39,21000,655,653,657,.0292724352,1,1
2015,39,18000,3356,3345,3367,.0369851999,1,1
2015,39,16000,2374,2358,2390,.0447941422,1,1
2015,39,15000,3172,3166,3178,.0342563391,1,1
2015,39,01000,1049,1047,1051,.0380665548,1,1
2015,38,25700,231,231,231,.0204460975,1,1
2015,37,75000,,,,,,
2015,37,74440,882,882,882,.033646144,1,1
2015,37,55000,16,15,17,.0149114635,3,3
2015,37,31400,,,,,,
2015,37,28080,183,183,183,.0076358174,1,1
2015,37,28000,2624,2624,2624,.0358710065,1,1
2015,37,25580,706,706,706,.0211783051,1,1
2015,37,22920,567,566,568,.0110105639,1,1
2015,37,19000,982,981,983,.0251453146,1,1
2015,37,14100,331,331,331,.0105387159,1,1
2015,37,12000,3938,3936,3940,.0263794269,1,1
2015,37,10740,2746,2746,2746,.0173974745,1,1
2015,37,02140,753,751,755,.0251351893,1,1
2015,36,84000,356,356,356,.0129841706,1,1
2015,36,73000,2599,2599,2599,.1054147258,1,1
2015,36,63000,3169,3168,3170,.0523801669,1,1
2015,36,51000,23117,23116,23118,.1373697817,1,1
2015,36,50617,229,229,229,.0208979733,1,1
2015,36,11000,2839,2837,2841,.0601164624,1,1
2015,36,01000,565,565,565,.0347158201,1,1
2015,35,70500,1241,1240,1242,.0783410147,1,1
2015,35,63460,498,498,498,.0289282594,1,1
2015,35,39380,617,617,617,.0245542824,1,1
2015,35,02000,2985,2980,2990,.0315876342,1,1
2015,34,74000,135,135,135,.0099038957,1,1
2015,34,57000,260,260,260,.0091671953,1,1
2015,34,51000,484,482,486,.0102017159,1,1
2015,34,36000,183,182,184,.0059772669,1,1
2015,34,21000,197,197,197,.007190831,1,1
2015,34,13690,83,83,83,.0075303935,1,1
2015,33,50260,285,285,285,.0242182184,1,1
2015,33,45140,705,705,705,.0489719361,1,1
2015,32,68400,,,,,,
2015,32,60600,3394,3394,3394,.051034525,1,1
2015,32,51800,,,,,,
2015,32,40000,14598,14598,14598,.0447805151,1,1
2015,32,31900,,,,,,
2015,31,37000,1005,1005,1005,.012255799,1,1
2015,31,28000,441,441,441,.0110687213,1,1
2015,30,06550,574,573,575,.0342707038,1,1
2015,29,70000,1420,1420,1420,.0553153381,1,1
2015,29,65000,153,151,155,.0644481853,1,1
2015,29,54074,178,178,178,.0097177485,1,1
2015,29,41348,,,,,,
2015,29,38000,3154,3152,3156,.04754081,1,1
2015,29,35000,1499,1499,1499,.0743293464,1,1
2015,29,15670,243,243,243,.0134932529,1,1
2015,28,36000,4096,4096,4096,.1461865157,1,1
2015,27,71428,NA,NA,NA,NA,NA,NA
2015,27,58000,,,,,,
2015,27,54880,540,540,540,.0310273506,1,1
2015,27,51730,100,100,100,.2237136513,1,1
2015,27,43000,3204,3194,3214,.0701938868,1,1
2015,27,17000,450,450,450,.0457224138,1,1
2015,27,07966,89,88,90,.0320489742,1,1
2015,27,06616,172,171,173,.0153818633,1,1
2015,26,88940,162,161,163,.0226067547,1,1
2015,26,86000,172,172,172,.0136768445,1,1
2015,26,84000,469,469,469,.0190171115,1,1
2015,26,80700,16,16,16,.0012551973,3,3
2015,26,76460,157,156,158,.0054854825,1,1
2015,26,74900,369,368,370,.0350760445,1,1
2015,26,69035,,,,,,
2015,26,49000,130,130,130,.0074876165,1,1
2015,26,46000,883,882,884,.0520851761,1,1
2015,26,34000,1725,1724,1726,.0291326083,1,1
2015,26,29000,1083,1083,1083,.0452816002,1,1
2015,26,27440,NA,NA,NA,NA,NA,NA
2015,26,22000,1874,1863,1885,.0228333306,1,1
2015,26,21000,122,121,123,.0053953654,1,1
2015,26,03000,436,434,438,.0225136839,1,1
2015,25,82000,3160,3159,3161,.1205324754,1,1
2015,25,67000,1592,1592,1592,.0597687326,1,1
2015,25,62535,107,107,107,.0214557853,1,1
2015,25,55745,189,189,189,.0203029327,1,1
2015,25,45560,,,,,,
2015,25,45000,646,645,647,.0406698547,1,1
2015,25,37490,991,990,992,.0608050078,1,1
2015,25,37000,561,560,562,.0369078964,1,1
2015,25,34550,252,251,253,.0179295633,1,1
2015,25,23000,358,355,361,.0277454853,1,1
2015,25,11000,281,280,282,.0323770009,1,1
2015,25,09000,508,508,508,.0295400359,1,1
2015,25,07000,53,53,53,.0163177345,1,1
2015,24,30325,812,812,812,.0199729428,1,1
2015,24,04000,1992,1992,1992,.0236942582,1,1
2015,22,70000,2099,2099,2099,.0511626787,1,1
2015,22,55000,2965,2965,2965,.0639918819,1,1
2015,22,41155,1354,1353,1355,.0397242196,1,1
2015,22,40735,935,935,935,.0312176552,1,1
2015,22,05000,1153,1150,1156,.0266048275,1,1
2015,21,48006,6025,6025,6025,.0597854666,1,1
2015,21,46027,1027,1027,1027,.0251487624,1,1
2015,20,79000,2476,2476,2476,.048603341,1,1
2015,20,71000,662,661,663,.0272282325,1,1
2015,20,53775,107,107,107,.004731582,1,1
2015,20,52575,399,399,399,.0135575943,1,1
2015,20,38900,254,254,254,.0209847987,1,1
2015,20,36000,1097,1096,1098,.0385873578,1,1
2015,19,73335,427,427,427,.0278702434,1,1
2015,19,21000,1047,1047,1047,.0295629092,1,1
2015,19,19000,283,283,283,.0170553848,1,1
2015,19,12000,749,749,749,.0331152193,1,1
2015,18,71000,241,239,243,.0114456685,1,1
2015,18,36003,,,,,,
2015,18,31000,92,92,92,.0062725847,1,1
2015,18,25000,920,920,920,.0206296537,1,1
2015,18,23278,103,103,103,.0048377248,1,1
2015,18,22000,511,511,511,.0223877318,1,1
2015,18,10342,55,54,56,.0034138167,1,1
2015,18,05860,234,234,234,.0206951443,1,1
2015,17,79293,391,391,391,.0232475176,1,1
2015,17,72000,431,431,431,.0289397705,1,1
2015,17,68003,102,102,102,.0070093456,1,1
2015,17,65000,2388,2388,2388,.0839101896,1,1
2015,17,59000,724,723,725,.0357266217,1,1
2015,17,51622,145,145,145,.0086371219,1,1
2015,17,38570,647,647,647,.0348655507,1,1
2015,17,24582,471,471,471,.0423294678,1,1
2015,17,23074,841,841,841,.0210470986,1,1
2015,17,14351,218,218,218,.0105009638,1,1
2015,17,14000,18542,18540,18544,.0477286316,1,1
2015,17,12385,236,236,236,.0237162095,1,1
2015,17,06613,154,154,154,.02823098,1,1
2015,17,03012,686,686,686,.0123612508,1,1
2015,17,02154,340,340,340,.0140646975,1,1
2015,16,56260,1213,1213,1213,.0759073868,1,1
2015,16,52120,444,444,444,.0111999596,1,1
2015,16,08830,808,807,809,.029737588,1,1
2015,15,71550,,,,,,
2015,13,80508,,,,,,
2015,13,69000,783,783,783,.0204315949,1,1
2015,13,68516,,,,,,
2015,13,67284,,,,,,
2015,13,49008,570,570,570,.0233062115,1,1
2015,13,42425,,,,,,
2015,13,19000,1240,1240,1240,.0388726927,1,1
2015,13,04204,284,284,284,.0090227472,1,1
2015,13,04000,4729,4729,4729,.0289566666,1,1
2015,13,03440,577,577,577,.043695569,1,1
2015,12,76600,3756,3756,3756,.019839216,1,1
2015,12,71000,3311,3311,3311,.0156235993,1,1
2015,12,70600,866,866,866,.0253068376,1,1
2015,12,69700,,,,,,
2015,12,63000,,,,,,
2015,12,58715,,,,,,
2015,12,58050,,,,,,
2015,12,57425,,,,,,
2015,12,55775,,,,,,
2015,12,54200,,,,,,
2015,12,54000,,,,,,
2015,12,53000,6933,6933,6933,.033827927,1,1
2015,12,49675,,,,,,
2015,12,45975,,,,,,
2015,12,45060,,,,,,
2015,12,45025,,,,,,
2015,12,45000,6079,6079,6079,.0170004386,1,1
2015,12,43975,,,,,,
2015,12,39425,3501,3501,3501,.0338277221,1,1
2015,12,38250,,,,,,
2015,12,36950,3561,3561,3561,.0575347766,1,1
2015,12,35000,2254,2254,2254,.0174469016,1,1
2015,12,32275,,,,,,
2015,12,32000,,,,,,
2015,12,30000,,,,,,
2015,12,25175,784,784,784,.0267531145,1,1
2015,12,24125,1288,1288,1288,.0141059477,1,1
2015,12,24000,2336,2336,2336,.0086631784,1,1
2015,12,17935,,,,,,
2015,12,17200,,,,,,
2015,12,16725,,,,,,
2015,12,16475,,,,,,
2015,12,14400,,,,,,
2015,12,12875,,,,,,
2015,12,10275,,,,,,
2015,12,07875,,,,,,
2015,12,07300,NA,NA,NA,NA,NA,NA
2015,11,50000,6496,6492,6500,.0788196474,1,1
2015,09,80000,145,145,145,.0077271517,1,1
2015,09,73000,143,142,144,.0089241136,1,1
2015,09,55990,31,31,31,.002741907,1,1
2015,09,52000,659,657,661,.0292706769,1,1
2015,09,37000,297,296,298,.0095265592,1,1
2015,09,18430,63,63,63,.0056568198,1,1
2015,09,08000,235,234,236,.01042776,1,1
2015,08,83835,1065,1065,1065,.1120580807,1,1
2015,08,77290,1668,1668,1668,.0424567908,1,1
2015,08,62000,1618,1618,1618,.0593543649,1,1
2015,08,46465,539,539,539,.0335972086,1,1
2015,08,45970,736,736,736,.0231621359,1,1
2015,08,43000,,,,,,
2015,08,32155,451,451,451,.0207270551,1,1
2015,08,27425,1110,1110,1110,.0375927128,1,1
2015,08,20000,2850,2850,2850,.0249894783,1,1
2015,08,16000,1310,1310,1310,.016419949,1,1
2015,08,12815,,,,,,
2015,08,07850,561,561,561,.0179537237,1,1
2015,08,04000,1914,1914,1914,.0453028493,1,1
2015,08,03455,,,,,,
2015,06,85292,3634,3634,3634,.1024701074,1,1
2015,06,84550,953,953,953,.1013721973,1,1
2015,06,84200,2290,2290,2290,.1670069993,1,1
2015,06,82996,2414,2414,2414,.095626682,1,1
2015,06,82954,641,640,642,.0200538114,1,1
2015,06,82590,1562,1562,1562,.0598054975,1,1
2015,06,81666,159,159,159,.0107899019,1,1
2015,06,81554,222,222,222,.0172883738,1,1
2015,06,81344,599,599,599,.0537798516,1,1
2015,06,80854,300,300,300,.0124589894,1,1
2015,06,80238,637,637,637,.0277935341,1,1
2015,06,80000,132,132,132,.0055264812,1,1
2015,06,78582,60,60,60,.0030983733,1,1
2015,06,78120,122,122,122,.0040672091,1,1
2015,06,77000,62,62,62,.0035681399,1,1
2015,06,75000,1016,1016,1016,.0190952327,1,1
2015,06,73080,,,,,,
2015,06,72016,106,106,106,.0061545609,1,1
2015,06,70098,377,377,377,.0120817842,1,1
2015,06,70000,78,78,78,.0069339499,1,1
2015,06,69196,6464,6464,6464,.2640091479,1,1
2015,06,69088,648,648,648,.0174479652,1,1
2015,06,69084,332,332,332,.0215752535,1,1
2015,06,69070,1541,1541,1541,.0921265036,1,1
2015,06,69000,6596,6596,6596,.1179774255,1,1
2015,06,68378,,,,,,
2015,06,68252,37,37,37,.0042893579,1,1
2015,06,68196,27,27,27,.0012972661,3,3
2015,06,68084,179,179,179,.0209112149,1,1
2015,06,68000,2856,2856,2856,.0191809162,1,1
2015,06,67000,2410,2410,2410,.040642865,1,1
2015,06,66000,7920,7920,7920,.0451343767,1,1
2015,06,65042,413,413,413,.0241167881,1,1
2015,06,65000,7180,7180,7180,.1278148592,1,1
2015,06,64224,4661,4661,4661,.1212349758,1,1
2015,06,64000,2543,2543,2543,.0401667953,1,1
2015,06,62938,816,816,816,.0302468687,1,1
2015,06,62000,2831,2831,2831,.04027256,1,1
2015,06,60620,962,962,962,.0310593098,1,1
2015,06,60466,1513,1513,1513,.0582057387,1,1
2015,06,60102,144,144,144,.0075113452,1,1
2015,06,59920,496,496,496,.0264787525,1,1
2015,06,59451,306,306,306,.0422360264,1,1
2015,06,59444,987,987,987,.0496853776,1,1
2015,06,58072,747,747,747,.0293528233,1,1
2015,06,57792,49,49,49,.0033211333,1,1
2015,06,57456,103,103,103,.0092993863,1,1
2015,06,56700,4712,4712,4712,.1291383505,1,1
2015,06,56000,543,543,543,.0293640494,1,1
2015,06,55156,442,442,442,.0189593788,1,1
2015,06,54652,1670,1670,1670,.0398263857,1,1
2015,06,53980,250,250,250,.0086508179,1,1
2015,06,53896,4910,4910,4910,.1005302891,1,1
2015,06,53322,177,177,177,.0084189493,1,1
2015,06,53000,961,961,961,.019573098,1,1
2015,06,52526,5958,5958,5958,.318541497,1,1
2015,06,51182,,,,,,
2015,06,50258,336,336,336,.0180742331,1,1
2015,06,50076,30,30,30,.0013143483,1,1
2015,06,49670,120,120,120,.013169447,1,1
2015,06,49270,5001,5001,5001,.1473395824,1,1
2015,06,48354,1677,1677,1677,.0350697413,1,1
2015,06,48256,639,639,639,.0222601555,1,1
2015,06,47766,42,42,42,.0040812362,1,1
2015,06,46898,157,157,157,.0100012738,1,1
2015,06,46842,413,413,413,.0367895961,1,1
2015,06,45484,724,724,724,.0312015172,1,1
2015,06,44000,9337,9337,9337,.0145957898,1,1
2015,06,43000,6024,6024,6024,.0774173662,1,1
2015,06,41992,121,121,121,.0086108735,1,1
2015,06,40130,2148,2148,2148,.0501377136,1,1
2015,06,39892,,,,,,
2015,06,39496,,,,,,
2015,06,37692,993,993,993,.051498808,1,1
2015,06,36770,55,55,55,.0017017854,1,1
2015,06,36546,100,100,100,.0075976294,1,1
2015,06,36448,,,,,,
2015,06,36000,640,640,640,.0201378185,1,1
2015,06,33434,1634,1634,1634,.068117395,1,1
2015,06,33182,332,332,332,.0152685801,1,1
2015,06,33000,785,785,785,.0306652598,1,1
2015,06,32548,84,84,84,.0096673956,1,1
2015,06,30000,1757,1757,1757,.0672741905,1,1
2015,06,29000,922,922,922,.0203747898,1,1
2015,06,28000,511,511,511,.0184110962,1,1
2015,06,27000,3015,3014,3016,.0311911609,1,1
2015,06,26000,310,310,310,.0088947546,1,1
2015,06,24680,1792,1792,1792,.0462547094,1,1
2015,06,24638,,,,,,
2015,06,23182,964,964,964,.0351350382,1,1
2015,06,22804,1202,1202,1202,.0419780686,1,1
2015,06,22230,3318,3318,3318,.1325079799,1,1
2015,06,22020,537,537,537,.0085554514,1,1
2015,06,21712,866,866,866,.0421862826,1,1
2015,06,19766,840,840,840,.0276898742,1,1
2015,06,17918,181,181,181,.01453932,1,1
2015,06,16532,973,973,973,.0361481607,1,1
2015,06,16350,,,,,,
2015,06,16000,479,479,479,.0149664115,1,1
2015,06,15044,1394,1394,1394,.0638424531,1,1
2015,06,14218,221,221,221,.0052766041,1,1
2015,06,13588,,,,,,
2015,06,13392,1151,1151,1151,.0161475874,1,1
2015,06,13214,,,,,,
2015,06,13210,2055,2055,2055,.0701030195,1,1
2015,06,13014,456,456,456,.0329265669,1,1
2015,06,11530,,,,,,
2015,06,11194,80,80,80,.0072221719,1,1
2015,06,08954,150,150,150,.0093277777,1,1
2015,06,08786,823,823,823,.0884375647,1,1
2015,06,06000,400,400,400,.038233608,1,1
2015,06,04982,146,146,146,.0115160123,1,1
2015,06,03526,5029,5028,5030,.0425793119,1,1
2015,06,02364,508,508,508,.035679169,1,1
2015,06,02252,473,473,473,.0264630187,1,1
2015,06,02000,7183,7183,7183,.1218634918,1,1
2015,06,00884,155,155,155,.0089590196,1,1
2015,06,00562,116,116,116,.0104495091,1,1
2015,05,66080,110,110,110,.0048936736,1,1
2015,05,41000,1158,1155,1161,.0251329355,1,1
2015,05,35710,364,364,364,.0256319977,1,1
2015,05,24550,264,264,264,.0176955555,1,1
2015,05,23290,195,195,195,.020203067,1,1
2015,04,85540,284,284,284,.0111846253,1,1
2015,04,77000,3999,3997,4001,.0408720188,1,1
2015,04,73000,579,577,581,.0129841007,1,1
2015,04,71510,206,206,206,.0074803005,1,1
2015,04,65000,229,229,229,.0095532099,1,1
2015,04,55000,8265,8260,8270,.0418896712,1,1
2015,04,54050,,,,,,
2015,04,46000,1573,1572,1574,.0218983181,1,1
2015,04,28380,,,,,,
2015,04,27820,1896,1896,1896,.0205305908,1,1
2015,04,27400,378,377,379,.007580467,1,1
2015,04,23620,322,321,323,.0322774649,1,1
2015,04,12000,695,694,696,.0149398111,1,1
2015,04,07940,57,56,58,.0045915903,1,1
2015,04,04720,934,934,934,.0499411821,1,1
2015,02,03000,2905,2905,2905,.0596668497,1,1
2015,01,77256,412,412,412,.0143204723,1,1
2015,01,51000,535,535,535,.0174454618,1,1
2015,01,50000,4478,4478,4478,.0777687058,1,1
2015,01,37000,419,419,419,.0096813701,1,1
2015,01,35896,44,44,44,.003163192,1,1
2015,01,07000,372,372,372,.0054867258,1,1
2015,01,03076,NA,NA,NA,NA,NA,NA
2016,55,66000,1111,1110,1112,.0566605479,1,1
2016,55,53000,4659,4646,4672,.055243969,1,1
2016,55,48000,1372,1371,1373,.0498057865,1,1
2016,55,39225,538,537,539,.0243372843,1,1
2016,55,31000,1159,1158,1160,.0378004648,1,1
2016,55,02375,370,370,370,.0226078462,1,1
2016,53,80010,1011,1011,1011,.0407447703,1,1
2016,53,74060,2057,2055,2059,.0409785435,1,1
2016,53,70000,2260,2260,2260,.0548810102,1,1
2016,53,67167,399,399,399,.029625779,1,1
2016,53,67000,1722,1718,1726,.0436535105,1,1
2016,53,63000,4296,4296,4296,.0786007047,1,1
2016,53,57745,573,573,573,.0361537002,1,1
2016,53,53545,265,264,266,.0148052964,1,1
2016,53,35940,NA,NA,NA,NA,NA,NA
2016,53,35415,510,509,511,.0181915462,1,1
2016,53,35275,521,521,521,.0272774864,1,1
2016,53,23515,483,483,483,.0209608115,1,1
2016,53,22640,1488,1488,1488,.0416014306,1,1
2016,53,05280,583,583,583,.0439436212,1,1
2016,53,05210,256,256,256,.0125226239,1,1
2016,53,03180,306,306,306,.0189379882,1,1
2016,51,82000,886,886,886,.0128247812,1,1
2016,51,76432,175,175,175,.0122514702,1,1
2016,51,68000,538,538,538,.0192748643,1,1
2016,51,67000,1394,1394,1394,.0560559742,1,1
2016,51,64000,266,266,266,.018205462,1,1
2016,51,57000,710,710,710,.0225934759,1,1
2016,51,56000,622,622,622,.0215650238,1,1
2016,51,47672,184,184,184,.0217057914,1,1
2016,51,35000,538,538,538,.0265207533,1,1
2016,51,16000,245,245,245,.0060957405,1,1
2016,51,01000,142,142,142,.0092804395,1,1
2016,49,83470,13,11,15,.0117328521,3,3
2016,49,82950,1946,1946,1946,.0364310332,1,1
2016,49,70850,NA,NA,NA,NA,NA,NA
2016,49,67440,1847,1847,1847,.0535052158,1,1
2016,49,67000,2476,2473,2479,.0261049252,1,1
2016,49,65330,1098,1098,1098,.0357736275,1,1
2016,49,62470,426,425,427,.0228847712,1,1
2016,49,57300,,,,,,
2016,49,55980,1280,1280,1280,.0291107576,1,1
2016,49,44320,,,,,,
2016,49,43660,NA,NA,NA,NA,NA,NA
2016,48,79000,333,333,333,.0220179856,1,1
2016,48,76000,1516,1514,1518,.0466878153,1,1
2016,48,74144,370,369,371,.0154915424,1,1
2016,48,72176,226,226,226,.0261483286,1,1
2016,48,70808,1053,1053,1053,.01420171,1,1
2016,48,65000,8594,8582,8606,.0265139714,1,1
2016,48,64472,321,321,321,.0170327928,1,1
2016,48,63500,746,746,746,.0149973864,1,1
2016,48,61796,413,413,413,.0082092667,1,1
2016,48,58016,442,442,442,.0081590461,1,1
2016,48,57200,122,120,124,.003079253,1,1
2016,48,56348,341,341,341,.0157980081,1,1
2016,48,56000,1524,1524,1524,.0270779282,1,1
2016,48,53388,1674,1673,1675,.0510023758,1,1
2016,48,50820,642,642,642,.0208103731,1,1
2016,48,48768,318,317,319,.0121489968,1,1
2016,48,48072,606,605,607,.0219255406,1,1
2016,48,47892,876,875,877,.0213060919,1,1
2016,48,45744,1055,1055,1055,.0404509045,1,1
2016,48,45384,162,161,163,.0066917264,1,1
2016,48,45000,1239,1237,1241,.0343918279,1,1
2016,48,43888,215,214,216,.01391856,1,1
2016,48,42508,930,930,930,.0124808764,1,1
2016,48,41980,1292,1292,1292,.0308950469,1,1
2016,48,41464,656,655,657,.0096048256,1,1
2016,48,39148,1667,1667,1667,.0362383425,1,1
2016,48,37000,1178,1176,1180,.0300295707,1,1
2016,48,35000,13963,13944,13982,.0230651945,1,1
2016,48,30464,1056,1056,1056,.0359869152,1,1
2016,48,29000,1111,1111,1111,.0194458552,1,1
2016,48,27684,180,180,180,.0031690698,1,1
2016,48,27000,2316,2313,2319,.0204895921,1,1
2016,48,26232,,,,,,
2016,48,24000,3269,3265,3273,.0195857566,1,1
2016,48,22660,29,29,29,.0008362168,3,3
2016,48,19972,878,878,878,.0303124469,1,1
2016,48,19000,4653,4641,4665,.0226005446,1,1
2016,48,17000,1812,1809,1815,.0324702077,1,1
2016,48,16432,475,475,475,.0079479283,1,1
2016,48,15976,147,147,147,.0107463999,1,1
2016,48,13552,,,,,,
2016,48,13024,230,229,231,.0089738583,1,1
2016,48,10912,687,687,687,.0413257927,1,1
2016,48,10768,1695,1694,1696,.0351579525,1,1
2016,48,07000,845,845,845,.0431982018,1,1
2016,48,06128,578,578,578,.0241578203,1,1
2016,48,05000,3735,3725,3745,.0315904319,1,1
2016,48,04000,2702,2701,2703,.0408960208,1,1
2016,48,03000,2313,2313,2313,.0646956787,1,1
2016,48,01924,106,106,106,.0042384742,1,1
2016,48,01000,1225,1225,1225,.057557676,1,1
2016,47,52006,3573,3573,3573,.0367637984,1,1
2016,47,51560,1551,1551,1551,.0294788461,1,1
2016,47,48000,855,855,855,.0076748384,1,1
2016,47,40000,523,523,523,.0086629568,1,1
2016,47,27740,368,368,368,.0087922588,1,1
2016,47,15160,519,519,519,.0154735995,1,1
2016,47,14000,720,720,720,.0161994323,1,1
2016,46,59020,748,748,748,.0303300619,1,1
2016,45,50875,,,,,,
2016,45,48535,,,,,,
2016,45,16000,1478,1478,1478,.0201835372,1,1
2016,45,13330,412,412,412,.0084859217,1,1
2016,44,74300,109,109,109,.0119465142,1,1
2016,44,59000,244,243,245,.0094485749,1,1
2016,44,54640,64,63,65,.0068965517,1,1
2016,44,19180,33,33,33,.003168507,1,1
2016,42,69000,85,85,85,.0084678223,1,1
2016,42,63624,743,743,743,.0320964195,1,1
2016,42,61000,1819,1817,1821,.0255743321,1,1
2016,42,60000,3804,3786,3822,.0201527886,1,1
2016,42,24000,415,415,415,.0183117855,1,1
2016,42,06088,318,317,319,.0221803728,1,1
2016,42,02000,980,978,982,.0328077413,1,1
2016,41,64900,1205,1204,1206,.0285707507,1,1
2016,41,59000,3319,3319,3319,.0485028289,1,1
2016,41,47000,1477,1477,1477,.1047146395,1,1
2016,41,34100,486,486,486,.0234442838,1,1
2016,41,31250,425,425,425,.0350746885,1,1
2016,41,23850,1462,1461,1463,.062736012,1,1
2016,41,05800,551,551,551,.0306383446,1,1
2016,41,05350,1522,1522,1522,.0372227244,1,1
2016,40,75000,2446,2443,2449,.0439083055,1,1
2016,40,55000,5202,5198,5206,.1077487096,1,1
2016,40,52500,203,203,203,.0117763085,1,1
2016,40,41850,791,790,792,.0516622029,1,1
2016,40,23200,51,50,52,.0020353594,1,1
2016,40,09050,30,30,30,.0015740595,1,1
2016,39,77000,3514,3509,3519,.0962001756,1,1
2016,39,61000,367,366,368,.0303833093,1,1
2016,39,21000,745,737,753,.0332693234,1,1
2016,39,18000,3848,3829,3867,.0400170535,1,1
2016,39,16000,2542,2530,2554,.0515158884,1,1
2016,39,15000,1926,1921,1931,.0225640554,1,1
2016,39,01000,1065,1062,1068,.0390524715,1,1
2016,38,25700,222,222,222,.0197105575,1,1
2016,37,75000,NA,NA,NA,NA,NA,NA
2016,37,74440,686,685,687,.0258721486,1,1
2016,37,55000,60,59,61,.0325379595,1,1
2016,37,31400,NA,NA,NA,NA,NA,NA
2016,37,28080,287,287,287,.0119807972,1,1
2016,37,28000,2954,2953,2955,.0400216766,1,1
2016,37,25580,726,726,726,.0217828322,1,1
2016,37,22920,786,786,786,.0153533621,1,1
2016,37,19000,969,968,970,.0244820621,1,1
2016,37,14100,442,442,442,.0132291764,1,1
2016,37,12000,4178,4175,4181,.0280105658,1,1
2016,37,10740,3328,3328,3328,.020739466,1,1
2016,37,02140,787,786,788,.0264697969,1,1
2016,36,84000,333,333,333,.0120194908,1,1
2016,36,73000,2613,2612,2614,.1093534231,1,1
2016,36,63000,3146,3145,3147,.0489809886,1,1
2016,36,51000,23517,23516,23518,.1380089372,1,1
2016,36,50617,123,123,123,.011321797,1,1
2016,36,11000,1935,1933,1937,.0400803685,1,1
2016,36,01000,740,739,741,.0431839414,1,1
2016,35,70500,1249,1246,1252,.073216483,1,1
2016,35,63460,297,296,298,.0169510879,1,1
2016,35,39380,857,857,857,.0339003168,1,1
2016,35,02000,4565,4563,4567,.047960747,1,1
2016,34,74000,56,55,57,.0038251367,1,1
2016,34,57000,330,330,330,.0114190802,1,1
2016,34,51000,649,648,650,.0136164324,1,1
2016,34,36000,357,356,358,.0118176704,1,1
2016,34,21000,227,227,227,.0081204837,1,1
2016,34,13690,219,219,219,.0198261812,1,1
2016,33,50260,348,348,348,.0299020447,1,1
2016,33,45140,796,796,796,.0559814349,1,1
2016,32,68400,,,,,,
2016,32,60600,3251,3251,3251,.0487618297,1,1
2016,32,51800,,,,,,
2016,32,40000,10879,10879,10879,.0332737938,1,1
2016,32,31900,,,,,,
2016,31,37000,1103,1103,1103,.0133984424,1,1
2016,31,28000,329,329,329,.0082026478,1,1
2016,30,06550,622,620,624,.0353328772,1,1
2016,29,70000,1739,1739,1739,.0674868077,1,1
2016,29,65000,167,166,168,.0652853772,1,1
2016,29,54074,204,204,204,.0111201964,1,1
2016,29,41348,,,,,,
2016,29,38000,3045,3044,3046,.0457929149,1,1
2016,29,35000,1368,1368,1368,.0686402395,1,1
2016,29,15670,293,293,293,.016124595,1,1
2016,28,36000,4456,4456,4456,.1653555036,1,1
2016,27,71428,,,,,,
2016,27,58000,,,,,,
2016,27,54880,532,532,532,.0303427819,1,1
2016,27,51730,125,125,125,.347222209,1,1
2016,27,43000,3862,3858,3866,.0884582773,1,1
2016,27,17000,517,516,518,.0515710711,1,1
2016,27,07966,92,90,94,.0287949927,1,1
2016,27,06616,182,181,183,.0157890171,1,1
2016,26,88940,245,245,245,.0348357745,1,1
2016,26,86000,192,192,192,.0150884083,1,1
2016,26,84000,413,413,413,.0169199891,1,1
2016,26,80700,16,16,16,.001236476,3,3
2016,26,76460,139,138,140,.0048751403,1,1
2016,26,74900,346,344,348,.0322941951,1,1
2016,26,69035,,,,,,
2016,26,49000,114,113,115,.0064994297,1,1
2016,26,46000,973,973,973,.0568241552,1,1
2016,26,34000,1744,1741,1747,.027703207,1,1
2016,26,29000,1176,1174,1178,.0507246368,1,1
2016,26,27440,NA,NA,NA,NA,NA,NA
2016,26,22000,1800,1793,1807,.0227006171,1,1
2016,26,21000,130,130,130,.0056741303,1,1
2016,26,03000,416,415,417,.0211060382,1,1
2016,25,82000,3413,3413,3413,.1217884645,1,1
2016,25,67000,1436,1434,1438,.0526296496,1,1
2016,25,62535,95,95,95,.0189696494,1,1
2016,25,55745,151,151,151,.0160552897,1,1
2016,25,45560,,,,,,
2016,25,45000,1033,1033,1033,.0662052184,1,1
2016,25,37490,1054,1053,1055,.0632349402,1,1
2016,25,37000,752,752,752,.0466385521,1,1
2016,25,34550,380,380,380,.0258310102,1,1
2016,25,23000,438,438,438,.0333866924,1,1
2016,25,11000,235,234,236,.0277449824,1,1
2016,25,09000,414,413,415,.0238095243,1,1
2016,25,07000,47,47,47,.0156042501,1,1
2016,24,30325,829,829,829,.02006438,1,1
2016,24,04000,2659,2659,2659,.0321309902,1,1
2016,22,70000,2027,2027,2027,.0498990677,1,1
2016,22,55000,3177,3176,3178,.06377469,1,1
2016,22,41155,998,996,1000,.0291080903,1,1
2016,22,40735,1305,1305,1305,.0415909737,1,1
2016,22,05000,4496,4495,4497,.0998489857,1,1
2016,21,48006,5766,5766,5766,.0577680245,1,1
2016,21,46027,976,976,976,.0234852489,1,1
2016,20,79000,2136,2136,2136,.0422134399,1,1
2016,20,71000,543,542,544,.0226504821,1,1
2016,20,53775,90,90,90,.0039689541,1,1
2016,20,52575,435,435,435,.0147903841,1,1
2016,20,38900,249,249,249,.0207430851,1,1
2016,20,36000,983,982,984,.0345931873,1,1
2016,19,73335,432,432,432,.0284117069,1,1
2016,19,21000,1111,1111,1111,.0309980195,1,1
2016,19,19000,351,351,351,.0215615202,1,1
2016,19,12000,771,771,771,.0335962363,1,1
2016,18,71000,378,376,380,.0180085748,1,1
2016,18,36003,,,,,,
2016,18,31000,104,104,104,.0070546735,1,1
2016,18,25000,1015,1014,1016,.0226188879,1,1
2016,18,23278,97,97,97,.0045022047,1,1
2016,18,22000,516,516,516,.0225534327,1,1
2016,18,10342,85,84,86,.0052433531,1,1
2016,18,05860,235,234,236,.0203093942,1,1
2016,17,79293,393,392,394,.0232283231,1,1
2016,17,72000,440,440,440,.0295242574,1,1
2016,17,68003,120,120,120,.0081004454,1,1
2016,17,65000,2570,2570,2570,.089907296,1,1
2016,17,59000,823,823,823,.0404402725,1,1
2016,17,51622,121,121,121,.0072407397,1,1
2016,17,38570,668,668,668,.0359565094,1,1
2016,17,24582,427,427,427,.0374923162,1,1
2016,17,23074,842,842,842,.0212277826,1,1
2016,17,14351,184,184,184,.0090085678,1,1
2016,17,14000,17988,17986,17990,.0472651981,1,1
2016,17,12385,349,349,349,.0342862755,1,1
2016,17,06613,152,152,152,.0280391071,1,1
2016,17,03012,899,899,899,.0162606034,1,1
2016,17,02154,325,325,325,.0132555673,1,1
2016,16,56260,1082,1082,1082,.0678540096,1,1
2016,16,52120,559,559,559,.0138202133,1,1
2016,16,08830,792,792,792,.0284963846,1,1
2016,15,71550,,,,,,
2016,13,80508,,,,,,
2016,13,69000,749,749,749,.0196861774,1,1
2016,13,68516,,,,,,
2016,13,67284,,,,,,
2016,13,49008,652,652,652,.0271802563,1,1
2016,13,42425,,,,,,
2016,13,19000,1095,1095,1095,.0346628688,1,1
2016,13,04204,318,318,318,.0102057187,1,1
2016,13,04000,3888,3887,3889,.023667343,1,1
2016,13,03440,700,700,700,.0520562194,1,1
2016,12,76600,4310,4310,4310,.0223639347,1,1
2016,12,71000,3207,3207,3207,.0149589991,1,1
2016,12,70600,881,880,881,.0238850489,1,1
2016,12,69700,,,,,,
2016,12,63000,,,,,,
2016,12,58715,,,,,,
2016,12,58050,,,,,,
2016,12,57425,,,,,,
2016,12,55775,,,,,,
2016,12,54200,,,,,,
2016,12,54000,,,,,,
2016,12,53000,6190,6190,6190,.0297334548,1,1
2016,12,49675,,,,,,
2016,12,45975,,,,,,
2016,12,45060,,,,,,
2016,12,45025,,,,,,
2016,12,45000,8036,8036,8036,.0224941149,1,1
2016,12,43975,,,,,,
2016,12,39425,4009,4009,4009,.0389582627,1,1
2016,12,38250,,,,,,
2016,12,36950,3338,3338,3338,.0529580675,1,1
2016,12,35000,3348,3348,3348,.0258574747,1,1
2016,12,32275,,,,,,
2016,12,32000,,,,,,
2016,12,30000,,,,,,
2016,12,25175,837,837,837,.0283969473,1,1
2016,12,24125,1496,1496,1496,.0161405168,1,1
2016,12,24000,2768,2768,2768,.0101617137,1,1
2016,12,17935,,,,,,
2016,12,17200,,,,,,
2016,12,16725,,,,,,
2016,12,16475,,,,,,
2016,12,14400,,,,,,
2016,12,12875,,,,,,
2016,12,10275,,,,,,
2016,12,07875,,,,,,
2016,12,07300,NA,NA,NA,NA,NA,NA
2016,11,50000,6584,6576,6592,.0764594525,1,1
2016,09,80000,503,502,504,.0262992792,1,1
2016,09,73000,157,157,157,.0097316056,1,1
2016,09,55990,42,42,42,.0036803365,1,1
2016,09,52000,873,872,874,.0382056907,1,1
2016,09,37000,257,255,259,.0083309021,1,1
2016,09,18430,38,38,38,.0033477226,1,1
2016,09,08000,283,282,284,.0124730049,1,1
2016,08,83835,1130,1130,1130,.1172442436,1,1
2016,08,77290,1463,1463,1463,.0376887023,1,1
2016,08,62000,1342,1342,1342,.0497645289,1,1
2016,08,46465,704,704,704,.0432432443,1,1
2016,08,45970,630,630,630,.0195828546,1,1
2016,08,43000,,,,,,
2016,08,32155,529,529,529,.0238363445,1,1
2016,08,27425,1041,1041,1041,.0350717604,1,1
2016,08,20000,2269,2269,2269,.0194953047,1,1
2016,08,16000,1451,1451,1451,.0175421629,1,1
2016,08,12815,,,,,,
2016,08,07850,465,465,465,.0149091026,1,1
2016,08,04000,867,867,867,.0207431149,1,1
2016,08,03455,,,,,,
2016,06,85292,3462,3462,3462,.0996545777,1,1
2016,06,84550,1011,1011,1011,.1082672924,1,1
2016,06,84200,2066,2066,2066,.1610916108,1,1
2016,06,82996,2364,2364,2364,.0939997584,1,1
2016,06,82954,686,685,687,.0211852621,1,1
2016,06,82590,1752,1752,1752,.0653877705,1,1
2016,06,81666,321,321,321,.0220557917,1,1
2016,06,81554,175,175,175,.0135114267,1,1
2016,06,81344,490,490,490,.0444323532,1,1
2016,06,80854,431,431,431,.0178615823,1,1
2016,06,80238,628,628,628,.028828498,1,1
2016,06,80000,151,151,151,.0063723833,1,1
2016,06,78582,90,90,90,.0047573741,1,1
2016,06,78120,132,132,132,.0044122073,1,1
2016,06,77000,50,50,50,.0028727378,1,1
2016,06,75000,1407,1407,1407,.0256915912,1,1
2016,06,73080,,,,,,
2016,06,72016,117,117,117,.0068225553,1,1
2016,06,70098,712,710,714,.0221696347,1,1
2016,06,70000,100,100,100,.0090867784,1,1
2016,06,69196,5934,5934,5934,.2282044441,1,1
2016,06,69088,706,706,706,.0192255322,1,1
2016,06,69084,297,297,297,.0192744508,1,1
2016,06,69070,1558,1558,1558,.0945732668,1,1
2016,06,69000,7140,7140,7140,.1294791847,1,1
2016,06,68378,,,,,,
2016,06,68252,33,33,33,.0036247803,1,1
2016,06,68196,167,167,167,.007963758,1,1
2016,06,68084,190,190,190,.0219958331,1,1
2016,06,68000,2817,2817,2817,.0190516766,1,1
2016,06,67000,2308,2308,2308,.0381519124,1,1
2016,06,66000,8289,8288,8290,.0476294458,1,1
2016,06,65042,553,553,553,.0325658098,1,1
2016,06,65000,5830,5830,5830,.1030217335,1,1
2016,06,64224,5007,5006,5008,.1290031672,1,1
2016,06,64000,2305,2305,2305,.0361682102,1,1
2016,06,62938,900,900,900,.032743942,1,1
2016,06,62000,2828,2828,2828,.0546473414,1,1
2016,06,60620,1008,1008,1008,.0322384611,1,1
2016,06,60466,1795,1795,1795,.0698878691,1,1
2016,06,60102,133,132,134,.0069335834,1,1
2016,06,59920,428,428,428,.0228364095,1,1
2016,06,59451,225,225,225,.0318922736,1,1
2016,06,59444,947,947,947,.0466226861,1,1
2016,06,58072,3509,3509,3509,.1400295347,1,1
2016,06,57792,48,48,48,.0032480715,1,1
2016,06,57456,157,157,157,.0136652449,1,1
2016,06,56700,4080,4080,4080,.1111353263,1,1
2016,06,56000,797,797,797,.043291688,1,1
2016,06,55156,384,384,384,.0161840934,1,1
2016,06,54652,1905,1905,1905,.0453506634,1,1
2016,06,53980,324,324,324,.0113596525,1,1
2016,06,53896,4879,4879,4879,.1013986766,1,1
2016,06,53322,203,203,203,.0098405154,1,1
2016,06,53000,1345,1345,1345,.0270297434,1,1
2016,06,52526,5089,5089,5089,.2769674659,1,1
2016,06,51182,,,,,,
2016,06,50258,413,413,413,.0224945527,1,1
2016,06,50076,96,96,96,.0041779093,1,1
2016,06,49670,178,178,178,.0192933008,1,1
2016,06,49270,6227,6227,6227,.1863924861,1,1
2016,06,48354,2037,2037,2037,.0412607118,1,1
2016,06,48256,596,596,596,.0214365348,1,1
2016,06,47766,463,463,463,.0451267064,1,1
2016,06,46898,225,225,225,.0142441122,1,1
2016,06,46842,367,367,367,.0314319991,1,1
2016,06,45484,861,861,861,.0367305167,1,1
2016,06,44000,19665,19665,19665,.031017594,1,1
2016,06,43000,7068,7068,7068,.0924791992,1,1
2016,06,41992,90,90,90,.0064212331,1,1
2016,06,40130,1988,1988,1988,.0467599668,1,1
2016,06,39892,,,,,,
2016,06,39496,,,,,,
2016,06,37692,657,657,657,.0342294462,1,1
2016,06,36770,90,90,90,.0026961446,1,1
2016,06,36546,181,181,181,.0143993637,1,1
2016,06,36448,,,,,,
2016,06,36000,1224,1224,1224,.0385366157,1,1
2016,06,33434,1595,1595,1595,.066893138,1,1
2016,06,33182,1206,1206,1206,.0545874275,1,1
2016,06,33000,1137,1137,1137,.0440834351,1,1
2016,06,32548,105,104,106,.0081559736,1,1
2016,06,30000,2041,2041,2041,.0782742053,1,1
2016,06,29000,756,756,756,.0170951765,1,1
2016,06,28000,496,496,496,.0181379355,1,1
2016,06,27000,2648,2647,2649,.0272759106,1,1
2016,06,26000,303,303,303,.0086150523,1,1
2016,06,24680,2227,2227,2227,.0585836805,1,1
2016,06,24638,,,,,,
2016,06,23182,723,723,723,.0261785798,1,1
2016,06,22804,1296,1295,1297,.0445422046,1,1
2016,06,22230,2876,2876,2876,.1172059625,1,1
2016,06,22020,777,777,777,.0123214033,1,1
2016,06,21712,762,762,762,.0169502832,1,1
2016,06,19766,734,734,734,.0251025986,1,1
2016,06,17918,170,170,170,.0138560599,1,1
2016,06,16532,950,950,950,.0338487849,1,1
2016,06,16350,502,502,502,.0260711499,1,1
2016,06,16000,658,658,658,.0206024181,1,1
2016,06,15044,673,673,673,.0286969133,1,1
2016,06,14218,222,222,222,.0051934682,1,1
2016,06,13588,,,,,,
2016,06,13392,917,917,917,.0129658952,1,1
2016,06,13214,,,,,,
2016,06,13210,2580,2580,2580,.0893166214,1,1
2016,06,13014,547,547,547,.0391413234,1,1
2016,06,11530,,,,,,
2016,06,11194,203,203,203,.0177199729,1,1
2016,06,08954,128,128,128,.0079483362,1,1
2016,06,08786,903,903,903,.0975794271,1,1
2016,06,06000,328,328,328,.0320343785,1,1
2016,06,04982,129,129,129,.0104903635,1,1
2016,06,03526,4166,4166,4166,.0333921127,1,1
2016,06,02364,680,680,680,.0473208055,1,1
2016,06,02252,459,459,459,.0264919773,1,1
2016,06,02000,7163,7163,7163,.1232238114,1,1
2016,06,00884,241,241,241,.0141175091,1,1
2016,06,00562,147,147,147,.013123828,1,1
2016,05,66080,149,149,149,.0065434105,1,1
2016,05,41000,1227,1223,1231,.0279728249,1,1
2016,05,35710,270,270,270,.0188337062,1,1
2016,05,24550,239,239,239,.0160531979,1,1
2016,05,23290,239,239,239,.0242295209,1,1
2016,04,85540,335,335,335,.0129458597,1,1
2016,04,77000,3705,3703,3707,.0432498679,1,1
2016,04,73000,603,600,606,.0137577001,1,1
2016,04,71510,143,143,143,.0050891489,1,1
2016,04,65000,176,175,177,.0060096974,1,1
2016,04,55000,9171,9162,9180,.0435397737,1,1
2016,04,54050,NA,NA,NA,NA,NA,NA
2016,04,46000,1291,1289,1293,.0185974818,1,1
2016,04,28380,,,,,,
2016,04,27820,2106,2106,2106,.0225428697,1,1
2016,04,27400,375,375,375,.0074283904,1,1
2016,04,23620,334,334,334,.0340052955,1,1
2016,04,12000,647,644,650,.0114089223,1,1
2016,04,07940,80,80,80,.0064479727,1,1
2016,04,04720,793,793,793,.0416776165,1,1
2016,02,03000,2476,2476,2476,.0508972816,1,1
2016,01,77256,432,432,432,.0149760796,1,1
2016,01,51000,850,850,850,.0280324519,1,1
2016,01,50000,5696,5696,5696,.1005862802,1,1
2016,01,37000,392,392,392,.009036839,1,1
2016,01,35896,62,62,62,.0044482709,1,1
2016,01,07000,420,420,420,.0062322863,1,1
2016,01,03076,24,24,24,.0028093175,3,3
2017,55,66000,1134,1133,1135,.0607586801,1,1
2017,55,53000,4799,4797,4801,.0585779659,1,1
2017,55,48000,1244,1244,1244,.0461287461,1,1
2017,55,39225,546,546,546,.0252357181,1,1
2017,55,31000,1095,1095,1095,.0363606177,1,1
2017,55,02375,336,336,336,.020584451,1,1
2017,53,80010,783,783,783,.0312849618,1,1
2017,53,74060,1886,1885,1887,.0382098518,1,1
2017,53,70000,2436,2436,2436,.0656727701,1,1
2017,53,67167,418,418,418,.0301152728,1,1
2017,53,67000,1795,1794,1796,.0470350869,1,1
2017,53,63000,17,17,17,.0209617764,3,3
2017,53,57745,626,626,626,.0389158279,1,1
2017,53,53545,523,523,523,.0286339987,1,1
2017,53,35940,,,,,,
2017,53,35415,579,579,579,.0209988039,1,1
2017,53,35275,546,546,546,.0280546714,1,1
2017,53,23515,21,21,21,.0009086975,3,3
2017,53,22640,1683,1683,1683,.0468215346,1,1
2017,53,05280,537,537,537,.0396602675,1,1
2017,53,05210,248,248,248,.0120143397,1,1
2017,53,03180,382,382,382,.0228441581,1,1
2017,51,82000,794,794,794,.0115095815,1,1
2017,51,76432,155,155,155,.0107946238,1,1
2017,51,68000,643,643,643,.0230111293,1,1
2017,51,67000,1420,1420,1420,.05676594,1,1
2017,51,64000,263,263,263,.018341586,1,1
2017,51,57000,636,636,636,.0206654537,1,1
2017,51,56000,610,610,610,.0212684348,1,1
2017,51,47672,169,169,169,.0201670639,1,1
2017,51,35000,386,386,386,.0193901639,1,1
2017,51,16000,292,292,292,.0071839788,1,1
2017,51,01000,190,190,190,.0120942071,1,1
2017,49,83470,12,12,12,.0114394659,3,3
2017,49,82950,1591,1591,1591,.0291867703,1,1
2017,49,70850,NA,NA,NA,NA,NA,NA
2017,49,67440,1914,1914,1914,.0554589704,1,1
2017,49,67000,2240,2238,2242,.0238366332,1,1
2017,49,65330,770,770,770,.0244211853,1,1
2017,49,62470,255,255,255,.015122761,1,1
2017,49,57300,,,,,,
2017,49,55980,1095,1094,1096,.0241951514,1,1
2017,49,44320,,,,,,
2017,49,43660,NA,NA,NA,NA,NA,NA
2017,48,79000,404,404,404,.0266596284,1,1
2017,48,76000,1265,1264,1266,.0394302085,1,1
2017,48,74144,422,421,423,.017556997,1,1
2017,48,72176,282,282,282,.0326729231,1,1
2017,48,70808,2081,2081,2081,.0264394972,1,1
2017,48,65000,8550,8545,8555,.0267393067,1,1
2017,48,64472,294,294,294,.0155366482,1,1
2017,48,63500,801,800,802,.0158050507,1,1
2017,48,61796,636,636,636,.011305863,1,1
2017,48,58016,462,462,462,.0085631674,1,1
2017,48,57200,80,79,81,.0022245084,1,1
2017,48,56348,790,790,790,.0365267247,1,1
2017,48,56000,13167,13167,13167,.2409508526,1,1
2017,48,53388,2158,2158,2158,.0655508637,1,1
2017,48,50820,749,749,749,.0233660899,1,1
2017,48,48768,246,246,246,.0094310688,1,1
2017,48,48072,675,675,675,.0237642583,1,1
2017,48,47892,882,882,882,.0213502459,1,1
2017,48,45744,888,887,889,.033764258,1,1
2017,48,45384,188,188,188,.0077992119,1,1
2017,48,45000,1154,1154,1154,.032124266,1,1
2017,48,43888,204,204,204,.0134078208,1,1
2017,48,42508,1942,1942,1942,.0266849883,1,1
2017,48,41980,3671,3671,3671,.0870895833,1,1
2017,48,41464,562,562,562,.0083411252,1,1
2017,48,39148,1780,1780,1780,.0382647589,1,1
2017,48,37000,845,844,846,.0228298157,1,1
2017,48,35000,53661,53659,53663,.090340361,1,1
2017,48,30464,1165,1165,1165,.0396771319,1,1
2017,48,29000,699,699,699,.0123537518,1,1
2017,48,27684,180,180,180,.0030227208,1,1
2017,48,27000,2618,2618,2618,.0238056276,1,1
2017,48,26232,,,,,,
2017,48,24000,2918,2918,2918,.0177404359,1,1
2017,48,22660,85,85,85,.0024885817,1,1
2017,48,19972,1004,1004,1004,.0335460603,1,1
2017,48,19000,4386,4382,4390,.0222476963,1,1
2017,48,17000,2419,2419,2419,.0436264612,1,1
2017,48,16432,1069,1069,1069,.0173595324,1,1
2017,48,15976,227,227,227,.0159960538,1,1
2017,48,13552,,,,,,
2017,48,13024,546,546,546,.0205294024,1,1
2017,48,10912,851,851,851,.0513176136,1,1
2017,48,10768,2157,2157,2157,.0460238531,1,1
2017,48,07000,17711,17711,17711,.9202910066,1,1
2017,48,06128,1383,1383,1383,.058121454,1,1
2017,48,05000,4049,4046,4052,.0353115611,1,1
2017,48,04000,2905,2905,2905,.0455386266,1,1
2017,48,03000,1911,1911,1911,.0542281494,1,1
2017,48,01924,120,120,120,.0047279461,1,1
2017,48,01000,1505,1505,1505,.0708068684,1,1
2017,47,52006,3323,3322,3324,.0345056765,1,1
2017,47,51560,1531,1531,1531,.0282821935,1,1
2017,47,48000,1344,1344,1344,.0122637805,1,1
2017,47,40000,512,512,512,.0084207756,1,1
2017,47,27740,286,286,286,.0066472981,1,1
2017,47,15160,1128,1128,1128,.0323756486,1,1
2017,47,14000,533,533,533,.0118914815,1,1
2017,46,59020,808,808,808,.0324706621,1,1
2017,45,50875,,,,,,
2017,45,48535,,,,,,
2017,45,16000,1441,1441,1441,.0185163766,1,1
2017,45,13330,501,501,501,.0100993812,1,1
2017,44,74300,84,84,84,.0093823299,1,1
2017,44,59000,298,295,301,.0107468711,1,1
2017,44,54640,69,68,70,.0075941007,1,1
2017,44,19180,46,46,46,.0044384408,1,1
2017,42,69000,306,306,306,.0301388744,1,1
2017,42,63624,1480,1480,1480,.0632884353,1,1
2017,42,61000,2249,2247,2251,.0315343738,1,1
2017,42,60000,4569,4548,4590,.0237773079,1,1
2017,42,24000,482,481,483,.0217342284,1,1
2017,42,06088,505,504,506,.0307140257,1,1
2017,42,02000,1277,1276,1278,.0431710631,1,1
2017,41,64900,1234,1234,1234,.029419478,1,1
2017,41,59000,2401,2401,2401,.0350250192,1,1
2017,41,47000,1168,1168,1168,.0816840306,1,1
2017,41,34100,520,520,520,.0252267979,1,1
2017,41,31250,430,430,430,.0357528888,1,1
2017,41,23850,1379,1378,1380,.0594191663,1,1
2017,41,05800,482,482,482,.0263014305,1,1
2017,41,05350,1804,1804,1804,.0440537259,1,1
2017,40,75000,2294,2294,2294,.0425784662,1,1
2017,40,55000,3181,3180,3182,.0632657111,1,1
2017,40,52500,155,155,155,.0088988403,1,1
2017,40,41850,826,826,826,.0587148145,1,1
2017,40,23200,39,39,39,.0015667684,1,1
2017,40,09050,28,28,28,.0014674283,3,3
2017,39,77000,3233,3225,3241,.0867989361,1,1
2017,39,61000,309,309,309,.03015811,1,1
2017,39,21000,747,743,751,.0332059041,1,1
2017,39,18000,3671,3654,3688,.0376192592,1,1
2017,39,16000,2711,2698,2724,.0534397811,1,1
2017,39,15000,4113,4108,4118,.0476637445,1,1
2017,39,01000,1304,1302,1306,.0446636528,1,1
2017,38,25700,240,240,240,.0209497213,1,1
2017,37,75000,,,,,,
2017,37,74440,629,628,630,.0237188432,1,1
2017,37,55000,10,8,12,.0063051702,3,3
2017,37,31400,NA,NA,NA,NA,NA,NA
2017,37,28080,264,264,264,.0110087153,1,1
2017,37,28000,3051,3050,3052,.0409788713,1,1
2017,37,25580,733,733,733,.0219836254,1,1
2017,37,22920,796,796,796,.0155547736,1,1
2017,37,19000,1007,1002,1012,.0246113986,1,1
2017,37,14100,428,428,428,.0131352814,1,1
2017,37,12000,4499,4498,4500,.029541932,1,1
2017,37,10740,3234,3234,3234,.0199146513,1,1
2017,37,02140,826,825,827,.0272131264,1,1
2017,36,84000,427,427,427,.0154157188,1,1
2017,36,73000,1723,1723,1723,.0739738941,1,1
2017,36,63000,3217,3215,3219,.0500108823,1,1
2017,36,51000,24288,24287,24289,.1416176856,1,1
2017,36,50617,123,123,123,.0112308254,1,1
2017,36,11000,2238,2232,2244,.0450202152,1,1
2017,36,01000,793,792,794,.0453324169,1,1
2017,35,70500,1333,1330,1336,.0773381293,1,1
2017,35,63460,234,232,236,.0128875915,1,1
2017,35,39380,810,808,812,.0321505107,1,1
2017,35,02000,3557,3552,3562,.0373980142,1,1
2017,34,74000,108,108,108,.007238606,1,1
2017,34,57000,297,296,298,.0104126493,1,1
2017,34,51000,665,662,668,.0135280835,1,1
2017,34,36000,485,484,486,.0162343103,1,1
2017,34,21000,363,363,363,.0127127552,1,1
2017,34,13690,179,179,179,.0165756084,1,1
2017,33,50260,474,474,474,.0424693115,1,1
2017,33,45140,1016,1015,1017,.0718376562,1,1
2017,32,68400,,,,,,
2017,32,60600,2650,2650,2650,.0392191671,1,1
2017,32,51800,,,,,,
2017,32,40000,15019,15019,15019,.0448434092,1,1
2017,32,31900,,,,,,
2017,31,37000,1304,1304,1304,.0157260001,1,1
2017,31,28000,343,343,343,.0082181282,1,1
2017,30,06550,533,533,533,.0315590017,1,1
2017,29,70000,2283,2283,2283,.0894172043,1,1
2017,29,65000,178,177,179,.053039331,1,1
2017,29,54074,208,208,208,.0114828311,1,1
2017,29,41348,,,,,,
2017,29,38000,3283,3280,3286,.0487482548,1,1
2017,29,35000,1426,1426,1426,.0705521479,1,1
2017,29,15670,282,282,282,.0154309161,1,1
2017,28,36000,4333,4333,4333,.1692908704,1,1
2017,27,71428,NA,NA,NA,NA,NA,NA
2017,27,58000,,,,,,
2017,27,54880,430,430,430,.0240721051,1,1
2017,27,51730,112,112,112,.0969696939,1,1
2017,27,43000,3590,3589,3591,.0790365934,1,1
2017,27,17000,390,390,390,.038074784,1,1
2017,27,07966,59,59,59,.0434462428,1,1
2017,27,06616,215,215,215,.0186066646,1,1
2017,26,88940,277,276,278,.0403731242,1,1
2017,26,86000,225,225,225,.0177626908,1,1
2017,26,84000,533,533,533,.0223723967,1,1
2017,26,80700,12,12,12,.0009119927,3,3
2017,26,76460,131,131,131,.0046827523,1,1
2017,26,74900,307,307,307,.0297077615,1,1
2017,26,69035,,,,,,
2017,26,49000,80,80,80,.0046360688,1,1
2017,26,46000,904,904,904,.053421583,1,1
2017,26,34000,1743,1740,1746,.0288361311,1,1
2017,26,29000,855,855,855,.038142398,1,1
2017,26,27440,,,,,,
2017,26,22000,1793,1791,1795,.022164261,1,1
2017,26,21000,71,69,73,.002956978,2,2
2017,26,03000,408,406,410,.0199608617,1,1
2017,25,82000,3360,3359,3361,.1226366907,1,1
2017,25,67000,1619,1617,1621,.0563640147,1,1
2017,25,62535,101,101,101,.0207477398,1,1
2017,25,55745,163,163,163,.0173183177,1,1
2017,25,45560,,,,,,
2017,25,45000,1240,1239,1241,.0798763186,1,1
2017,25,37490,1156,1156,1156,.0685931295,1,1
2017,25,37000,828,828,828,.051720906,1,1
2017,25,34550,351,350,352,.0235523041,1,1
2017,25,23000,478,477,479,.03638855,1,1
2017,25,11000,248,248,248,.0282943528,1,1
2017,25,09000,442,442,442,.0265449528,1,1
2017,25,07000,82,82,82,.0245215315,1,1
2017,24,30325,845,845,845,.0200522076,1,1
2017,24,04000,3518,3518,3518,.0434369259,1,1
2017,22,70000,2284,2284,2284,.0580786243,1,1
2017,22,55000,2860,2856,2864,.0565038733,1,1
2017,22,41155,925,924,926,.0268606432,1,1
2017,22,40735,957,956,958,.0307479762,1,1
2017,22,05000,1229,1226,1232,.0258225836,1,1
2017,21,48006,4576,4576,4576,.0463171974,1,1
2017,21,46027,1025,1025,1025,.0246104356,1,1
2017,20,79000,1869,1869,1869,.0371017382,1,1
2017,20,71000,743,743,743,.0312710442,1,1
2017,20,53775,112,112,112,.0049302285,1,1
2017,20,52575,427,427,427,.0142623335,1,1
2017,20,38900,198,198,198,.0165593382,1,1
2017,20,36000,1085,1085,1085,.0368245989,1,1
2017,19,73335,617,617,617,.0404139645,1,1
2017,19,21000,1186,1186,1186,.0330656841,1,1
2017,19,19000,384,384,384,.023824295,1,1
2017,19,12000,822,822,822,.0355136953,1,1
2017,18,71000,340,338,342,.0177490078,1,1
2017,18,36003,,,,,,
2017,18,31000,129,129,129,.0089558456,1,1
2017,18,25000,1113,1112,1114,.0250196699,1,1
2017,18,23278,98,98,98,.0045282319,1,1
2017,18,22000,516,516,516,.0225879885,1,1
2017,18,10342,67,66,68,.0040971073,1,1
2017,18,05860,248,247,249,.0214458667,1,1
2017,17,79293,509,509,509,.0312768817,1,1
2017,17,72000,388,388,388,.0264125261,1,1
2017,17,68003,132,132,132,.008797654,1,1
2017,17,65000,2633,2633,2633,.0935512558,1,1
2017,17,59000,678,677,679,.0338272713,1,1
2017,17,51622,166,166,166,.0099681737,1,1
2017,17,38570,540,539,541,.0288184434,1,1
2017,17,24582,401,401,401,.0348908044,1,1
2017,17,23074,868,868,868,.0222941395,1,1
2017,17,14351,181,181,181,.0089777289,1,1
2017,17,14000,17747,17744,17750,.0470986329,1,1
2017,17,12385,291,291,291,.0286051314,1,1
2017,17,06613,175,175,175,.0314918123,1,1
2017,17,03012,891,891,891,.0164309293,1,1
2017,17,02154,366,366,366,.0150388302,1,1
2017,16,56260,872,871,873,.055686824,1,1
2017,16,52120,746,745,747,.0181270353,1,1
2017,16,08830,841,841,841,.0296711829,1,1
2017,15,71550,,,,,,
2017,13,80508,,,,,,
2017,13,69000,1075,1075,1075,.0286178254,1,1
2017,13,68516,,,,,,
2017,13,67284,,,,,,
2017,13,49008,771,771,771,.0319784321,1,1
2017,13,42425,,,,,,
2017,13,19000,1145,1145,1145,.0360482335,1,1
2017,13,04204,344,344,344,.0111507289,1,1
2017,13,04000,5004,5003,5005,.0304124281,1,1
2017,13,03440,797,797,797,.0586029403,1,1
2017,12,76600,4410,4410,4410,.0229943786,1,1
2017,12,71000,4865,4865,4865,.0224119183,1,1
2017,12,70600,819,819,819,.0219812654,1,1
2017,12,69700,,,,,,
2017,12,63000,,,,,,
2017,12,58715,,,,,,
2017,12,58050,,,,,,
2017,12,57425,,,,,,
2017,12,55775,,,,,,
2017,12,54200,,,,,,
2017,12,54000,,,,,,
2017,12,53000,9799,9799,9799,.0463123582,1,1
2017,12,49675,,,,,,
2017,12,45975,,,,,,
2017,12,45060,,,,,,
2017,12,45025,,,,,,
2017,12,45000,8946,8946,8946,.0252113622,1,1
2017,12,43975,,,,,,
2017,12,39425,4227,4227,4227,.041512806,1,1
2017,12,38250,,,,,,
2017,12,36950,5221,5221,5221,.0791276395,1,1
2017,12,35000,5825,5825,5825,.0449518859,1,1
2017,12,32275,,,,,,
2017,12,32000,,,,,,
2017,12,30000,,,,,,
2017,12,25175,1019,1019,1019,.0342359915,1,1
2017,12,24125,2070,2070,2070,.0222052969,1,1
2017,12,24000,4971,4971,4971,.0182459522,1,1
2017,12,17935,,,,,,
2017,12,17200,,,,,,
2017,12,16725,,,,,,
2017,12,16475,,,,,,
2017,12,14400,,,,,,
2017,12,12875,,,,,,
2017,12,10275,,,,,,
2017,12,07875,11,11,11,.0065710871,3,3
2017,12,07300,24,24,24,.0093933465,3,3
2017,11,50000,7587,7585,7587,.0878959224,1,1
2017,09,80000,741,741,741,.0386581793,1,1
2017,09,73000,184,184,184,.0116337882,1,1
2017,09,55990,65,65,65,.0056551243,1,1
2017,09,52000,792,790,794,.0333881378,1,1
2017,09,37000,555,554,556,.0183981974,1,1
2017,09,18430,82,82,82,.0070121428,1,1
2017,09,08000,156,155,157,.0067923544,1,1
2017,08,83835,941,941,941,.099671647,1,1
2017,08,77290,1955,1955,1955,.0502958596,1,1
2017,08,62000,1062,1062,1062,.0396342613,1,1
2017,08,46465,754,754,754,.0463201851,1,1
2017,08,45970,525,525,525,.0161932074,1,1
2017,08,43000,,,,,,
2017,08,32155,542,542,542,.0240067318,1,1
2017,08,27425,1152,1152,1152,.0383756943,1,1
2017,08,20000,2096,2096,2096,.0177154206,1,1
2017,08,16000,1655,1655,1655,.0200215336,1,1
2017,08,12815,,,,,,
2017,08,07850,451,451,451,.0144172367,1,1
2017,08,04000,1844,1844,1844,.0450635403,1,1
2017,08,03455,,,,,,
2017,06,85292,3041,3041,3041,.0890483186,1,1
2017,06,84550,849,849,849,.0916450769,1,1
2017,06,84200,2002,2002,2002,.1569703668,1,1
2017,06,82996,2200,2200,2200,.0890399888,1,1
2017,06,82954,794,794,794,.0242872871,1,1
2017,06,82590,1615,1615,1615,.0623359568,1,1
2017,06,81666,322,322,322,.022256013,1,1
2017,06,81554,192,192,192,.0145863406,1,1
2017,06,81344,486,486,486,.0445340425,1,1
2017,06,80854,343,343,343,.0142827397,1,1
2017,06,80238,680,679,681,.0284055304,1,1
2017,06,80000,191,191,191,.0081290435,1,1
2017,06,78582,125,125,125,.0066727167,1,1
2017,06,78120,222,222,222,.0074041956,1,1
2017,06,77000,38,38,38,.0010634725,1,1
2017,06,75000,2129,2129,2129,.03882486,1,1
2017,06,73080,,,,,,
2017,06,72016,198,198,198,.0117850127,1,1
2017,06,70098,1693,1693,1693,.0555975176,1,1
2017,06,70000,97,97,97,.0089764949,1,1
2017,06,69196,6577,6577,6577,.2492798716,1,1
2017,06,69088,710,710,710,.0202625562,1,1
2017,06,69084,313,313,313,.0201818291,1,1
2017,06,69070,1912,1912,1912,.1175241247,1,1
2017,06,69000,7120,7120,7120,.1321773976,1,1
2017,06,68378,,,,,,
2017,06,68252,38,38,38,.0040067481,1,1
2017,06,68196,109,109,109,.0051887464,1,1
2017,06,68084,200,200,200,.0225225221,1,1
2017,06,68000,2168,2168,2168,.0147246597,1,1
2017,06,67000,2511,2511,2511,.0414657518,1,1
2017,06,66000,8945,8945,8945,.0516320802,1,1
2017,06,65042,721,721,721,.0428834818,1,1
2017,06,65000,5361,5361,5361,.0951730013,1,1
2017,06,64224,4863,4862,4864,.1242812201,1,1
2017,06,64000,1846,1846,1846,.0289183054,1,1
2017,06,62938,841,841,841,.0300378595,1,1
2017,06,62000,3035,3035,3035,.0580539033,1,1
2017,06,60620,1011,1011,1011,.0319441371,1,1
2017,06,60466,1896,1896,1896,.0744113028,1,1
2017,06,60102,165,165,165,.0086265486,1,1
2017,06,59920,493,493,493,.0267571229,1,1
2017,06,59451,906,906,906,.1291886568,1,1
2017,06,59444,1045,1045,1045,.0513437837,1,1
2017,06,58072,3460,3460,3460,.1411668658,1,1
2017,06,57792,22,22,22,.0014800861,3,3
2017,06,57456,181,181,181,.015688654,1,1
2017,06,56700,2848,2848,2848,.076954253,1,1
2017,06,56000,668,668,668,.0367760397,1,1
2017,06,55156,350,350,350,.0145318666,1,1
2017,06,54652,3254,3254,3254,.0778673813,1,1
2017,06,53980,326,326,326,.0116783092,1,1
2017,06,53896,4516,4516,4516,.0948181748,1,1
2017,06,53322,204,204,204,.0099711614,1,1
2017,06,53000,1114,1114,1114,.0221775398,1,1
2017,06,52526,4265,4265,4265,.2384013385,1,1
2017,06,51182,,,,,,
2017,06,50258,505,505,505,.0277396329,1,1
2017,06,50076,313,313,313,.0135374768,1,1
2017,06,49670,209,209,209,.0221492164,1,1
2017,06,49270,6240,6240,6240,.1883261949,1,1
2017,06,48354,1761,1761,1761,.035694018,1,1
2017,06,48256,549,549,549,.0200525969,1,1
2017,06,47766,432,432,432,.0418685786,1,1
2017,06,46898,177,177,177,.011019798,1,1
2017,06,46842,70,70,70,.0059952037,1,1
2017,06,45484,907,907,907,.0381782204,1,1
2017,06,44000,17518,17517,17519,.0281462483,1,1
2017,06,43000,7031,7031,7031,.0941471085,1,1
2017,06,41992,94,94,94,.0068289139,1,1
2017,06,40130,1805,1805,1805,.0436623134,1,1
2017,06,39892,,,,,,
2017,06,39496,,,,,,
2017,06,37692,212,212,212,.0110925073,1,1
2017,06,36770,140,140,140,.0040442557,1,1
2017,06,36546,204,204,204,.0168790333,1,1
2017,06,36448,,,,,,
2017,06,36000,1474,1474,1474,.0467580259,1,1
2017,06,33434,1151,1151,1151,.0476722978,1,1
2017,06,33182,1188,1188,1188,.0545029119,1,1
2017,06,33000,1171,1171,1171,.0453190915,1,1
2017,06,32548,117,117,117,.0139885219,1,1
2017,06,30000,1748,1748,1748,.0670476779,1,1
2017,06,29000,1008,1008,1008,.0233533345,1,1
2017,06,28000,530,530,530,.0194795653,1,1
2017,06,27000,2550,2549,2551,.0260113832,1,1
2017,06,26000,276,276,276,.0076344325,1,1
2017,06,24680,1221,1221,1221,.0328437686,1,1
2017,06,24638,,,,,,
2017,06,23182,597,597,597,.0217795782,1,1
2017,06,22804,1089,1089,1089,.0378624573,1,1
2017,06,22230,2967,2967,2967,.1242150217,1,1
2017,06,22020,823,823,823,.0130021963,1,1
2017,06,21712,965,965,965,.0201903973,1,1
2017,06,19766,767,767,767,.0255462304,1,1
2017,06,17918,146,146,146,.0120981103,1,1
2017,06,16532,1129,1129,1129,.0406509936,1,1
2017,06,16350,579,579,579,.0304656662,1,1
2017,06,16000,568,568,568,.0179707035,1,1
2017,06,15044,520,520,520,.0225919969,1,1
2017,06,14218,183,183,183,.0042453487,1,1
2017,06,13588,,,,,,
2017,06,13392,1137,1137,1137,.0159949362,1,1
2017,06,13214,,,,,,
2017,06,13210,2719,2719,2719,.0966205895,1,1
2017,06,13014,517,517,517,.0363368019,1,1
2017,06,11530,,,,,,
2017,06,11194,158,158,158,.013570386,1,1
2017,06,08954,110,110,110,.0072497199,1,1
2017,06,08786,891,891,891,.098879151,1,1
2017,06,06000,309,309,309,.0298839454,1,1
2017,06,04982,133,133,133,.0111334343,1,1
2017,06,03526,3469,3468,3470,.0272095501,1,1
2017,06,02364,898,898,898,.0622962192,1,1
2017,06,02252,350,350,350,.0203098711,1,1
2017,06,02000,8313,8313,8313,.1458625793,1,1
2017,06,00884,320,320,320,.0189854652,1,1
2017,06,00562,112,112,112,.0099123819,1,1
2017,05,66080,200,200,200,.0086296173,1,1
2017,05,41000,1319,1316,1322,.0302835498,1,1
2017,05,35710,238,238,238,.0162913278,1,1
2017,05,24550,218,218,218,.0147446739,1,1
2017,05,23290,265,265,265,.0264550261,1,1
2017,04,85540,344,344,344,.0135555817,1,1
2017,04,77000,3472,3470,3474,.0419673398,1,1
2017,04,73000,697,694,700,.0158459507,1,1
2017,04,71510,89,89,89,.0033495163,1,1
2017,04,65000,160,157,163,.0056304326,1,1
2017,04,55000,9109,9096,9122,.043389,1,1
2017,04,54050,NA,NA,NA,NA,NA,NA
2017,04,46000,1383,1378,1388,.0198949873,1,1
2017,04,28380,,,,,,
2017,04,27820,1837,1837,1837,.0199435465,1,1
2017,04,27400,415,415,415,.0083738575,1,1
2017,04,23620,302,302,302,.0307160299,1,1
2017,04,12000,501,500,502,.0109083783,1,1
2017,04,07940,41,41,41,.0033131314,1,1
2017,04,04720,672,672,672,.0355405137,1,1
2017,02,03000,2047,2047,2047,.0426174216,1,1
2017,01,77256,283,283,283,.0096884631,1,1
2017,01,51000,686,686,686,.0233071726,1,1
2017,01,50000,6521,6520,6522,.1174595132,1,1
2017,01,37000,338,338,338,.0078092511,1,1
2017,01,35896,62,62,62,.0044200472,1,1
2017,01,07000,493,493,493,.0082274992,1,1
2017,01,03076,29,29,29,.0033607602,3,3
2018,55,66000,852,852,852,.0462917686,1,1
2018,55,53000,5225,5225,5225,.0661467761,1,1
2018,55,48000,1062,1061,1063,.0393654071,1,1
2018,55,39225,460,460,460,.0216643903,1,1
2018,55,31000,1139,1139,1139,.0382125005,1,1
2018,55,02375,311,311,311,.0190902948,1,1
2018,53,80010,784,784,784,.0311853625,1,1
2018,53,74060,2084,2082,2086,.0425349511,1,1
2018,53,70000,2500,2500,2500,.0584480874,1,1
2018,53,67167,377,377,377,.0258343033,1,1
2018,53,67000,1746,1743,1749,.049527701,1,1
2018,53,63000,2703,2703,2703,.0477823541,1,1
2018,53,57745,634,634,634,.038599696,1,1
2018,53,53545,564,564,564,.0304223523,1,1
2018,53,35940,16,16,16,.0240240246,3,3
2018,53,35415,505,505,505,.018377671,1,1
2018,53,35275,501,501,501,.024459308,1,1
2018,53,23515,759,759,759,.0323129967,1,1
2018,53,22640,1447,1447,1447,.0393270627,1,1
2018,53,05280,662,662,662,.0483882762,1,1
2018,53,05210,279,279,279,.0129112871,1,1
2018,53,03180,348,348,348,.019880034,1,1
2018,51,82000,930,930,930,.0135521097,1,1
2018,51,76432,162,162,162,.0113564664,1,1
2018,51,68000,801,801,801,.0287405811,1,1
2018,51,67000,1189,1189,1189,.0480151847,1,1
2018,51,64000,220,220,220,.0157075543,1,1
2018,51,57000,661,661,661,.021969622,1,1
2018,51,56000,749,749,749,.0261412822,1,1
2018,51,47672,252,252,252,.0304973982,1,1
2018,51,35000,389,389,389,.0198580828,1,1
2018,51,16000,168,168,168,.0041096895,1,1
2018,51,01000,211,211,211,.0132155828,1,1
2018,49,83470,12,9,15,.0081411125,3,3
2018,49,82950,1593,1593,1593,.0283573065,1,1
2018,49,70850,NA,NA,NA,NA,NA,NA
2018,49,67440,1832,1832,1832,.0518539473,1,1
2018,49,67000,2200,2198,2202,.0239231847,1,1
2018,49,65330,964,964,964,.0295225549,1,1
2018,49,62470,314,313,315,.0162998345,1,1
2018,49,57300,,,,,,
2018,49,55980,1002,1001,1003,.0219409652,1,1
2018,49,44320,,,,,,
2018,49,43660,NA,NA,NA,NA,NA,NA
2018,48,79000,417,417,417,.0275102258,1,1
2018,48,76000,931,931,931,.0415421017,1,1
2018,48,74144,401,401,401,.0178985894,1,1
2018,48,72176,438,438,438,.0500457026,1,1
2018,48,70808,1174,1174,1174,.0146926316,1,1
2018,48,65000,6903,6900,6906,.021749679,1,1
2018,48,64472,280,280,280,.0147020211,1,1
2018,48,63500,792,792,792,.0152205247,1,1
2018,48,61796,478,478,478,.0082129175,1,1
2018,48,58016,459,459,459,.0086510731,1,1
2018,48,57200,929,929,929,.0250269398,1,1
2018,48,56348,271,271,271,.0125428122,1,1
2018,48,56000,1458,1458,1458,.0273592155,1,1
2018,48,53388,2099,2099,2099,.0617552735,1,1
2018,48,50820,663,663,663,.020053234,1,1
2018,48,48768,202,202,202,.0078073665,1,1
2018,48,48072,589,588,590,.0199999996,1,1
2018,48,47892,813,813,813,.0198307186,1,1
2018,48,45744,740,739,741,.0283275284,1,1
2018,48,45384,235,235,235,.0101044849,1,1
2018,48,45000,989,989,989,.0275395419,1,1
2018,48,43888,110,110,110,.0072655217,1,1
2018,48,42508,1263,1263,1263,.0180797912,1,1
2018,48,41980,1106,1106,1106,.0262054261,1,1
2018,48,41464,737,736,738,.0109486878,1,1
2018,48,39148,1079,1079,1079,.0229936503,1,1
2018,48,37000,712,712,712,.0207241829,1,1
2018,48,35000,16762,16762,16762,.0281216595,1,1
2018,48,30464,1293,1293,1293,.0442808233,1,1
2018,48,29000,1365,1365,1365,.0243806597,1,1
2018,48,27684,147,147,147,.0024425909,1,1
2018,48,27000,3081,3081,3081,.0230136625,1,1
2018,48,26232,,,,,,
2018,48,24000,2851,2850,2852,.0170742087,1,1
2018,48,22660,62,62,62,.0018170628,1,1
2018,48,19972,980,980,980,.0318958499,1,1
2018,48,19000,3686,3682,3690,.0193252414,1,1
2018,48,17000,1536,1535,1537,.0288136862,1,1
2018,48,16432,712,712,712,.0113309035,1,1
2018,48,15976,142,142,142,.0099677099,1,1
2018,48,13552,,,,,,
2018,48,13024,476,476,476,.0176853053,1,1
2018,48,10912,798,798,798,.0488103256,1,1
2018,48,10768,2035,2035,2035,.0458312705,1,1
2018,48,07000,1013,1013,1013,.0535978824,1,1
2018,48,06128,504,504,504,.0211436003,1,1
2018,48,05000,2265,2263,2267,.020446483,1,1
2018,48,04000,2448,2448,2448,.0408681147,1,1
2018,48,03000,1997,1997,1997,.0570066497,1,1
2018,48,01924,89,89,89,.0034457394,1,1
2018,48,01000,1398,1398,1398,.0658037215,1,1
2018,47,52006,3709,3709,3709,.0385262594,1,1
2018,47,51560,1420,1420,1420,.0257050786,1,1
2018,47,48000,2284,2284,2284,.020370122,1,1
2018,47,40000,534,533,535,.0087559642,1,1
2018,47,27740,234,234,234,.0053104577,1,1
2018,47,15160,1137,1137,1137,.0321495235,1,1
2018,47,14000,1465,1465,1465,.0325179808,1,1
2018,46,59020,697,697,697,.0278599411,1,1
2018,45,50875,,,,,,
2018,45,48535,,,,,,
2018,45,16000,1551,1551,1551,.0191934071,1,1
2018,45,13330,341,341,341,.0068516545,1,1
2018,44,74300,70,70,70,.0079545453,1,1
2018,44,59000,329,326,332,.011731565,1,1
2018,44,54640,89,89,89,.0096949888,1,1
2018,44,19180,30,30,30,.0028628686,1,1
2018,42,69000,251,251,251,.0248342734,1,1
2018,42,63624,1155,1155,1155,.0491468459,1,1
2018,42,61000,1691,1690,1692,.0233000349,1,1
2018,42,60000,4320,4302,4338,.0222794116,1,1
2018,42,24000,374,374,374,.0174839888,1,1
2018,42,06088,462,461,463,.0280441903,1,1
2018,42,02000,828,827,829,.026283212,1,1
2018,41,64900,1225,1225,1225,.0292223282,1,1
2018,41,59000,2394,2394,2394,.0351505727,1,1
2018,41,47000,1251,1251,1251,.0864726603,1,1
2018,41,34100,616,616,616,.0297397766,1,1
2018,41,31250,366,366,366,.0305841062,1,1
2018,41,23850,1290,1289,1291,.0558562465,1,1
2018,41,05800,380,380,380,.0206634048,1,1
2018,41,05350,2085,2085,2085,.0507669821,1,1
2018,40,75000,2057,2057,2057,.0388935097,1,1
2018,40,55000,2746,2745,2747,.0599000938,1,1
2018,40,52500,202,202,202,.0116111971,1,1
2018,40,41850,651,651,651,.0471773334,1,1
2018,40,23200,39,38,40,.0011970901,2,2
2018,40,09050,177,177,177,.0092815943,1,1
2018,39,77000,2879,2873,2885,.0755543858,1,1
2018,39,61000,213,213,213,.018784726,1,1
2018,39,21000,585,581,589,.0219850428,1,1
2018,39,18000,3169,3154,3184,.0377743095,1,1
2018,39,16000,2671,2662,2680,.0510570779,1,1
2018,39,15000,4881,4876,4886,.0520534515,1,1
2018,39,01000,1145,1144,1146,.0425587259,1,1
2018,38,25700,184,184,184,.0159805454,1,1
2018,37,75000,,,,,,
2018,37,74440,1460,1459,1461,.054765746,1,1
2018,37,55000,72,70,74,.0292682927,2,2
2018,37,31400,,,,,,
2018,37,28080,339,339,339,.0140856775,1,1
2018,37,28000,2787,2786,2788,.0378570743,1,1
2018,37,25580,755,755,755,.0229965579,1,1
2018,37,22920,828,828,828,.0161202401,1,1
2018,37,19000,1118,1114,1122,.0263505224,1,1
2018,37,14100,407,406,408,.0119899837,1,1
2018,37,12000,4711,4708,4714,.0306981541,1,1
2018,37,10740,3915,3914,3916,.0240671299,1,1
2018,37,02140,843,842,844,.0279992037,1,1
2018,36,84000,507,507,507,.0182571113,1,1
2018,36,73000,1694,1694,1694,.0751819611,1,1
2018,36,63000,3131,3130,3132,.0510816723,1,1
2018,36,51000,22490,22489,22491,.1318025738,1,1
2018,36,50617,138,138,138,.012864734,1,1
2018,36,11000,1621,1617,1625,.0334261246,1,1
2018,36,01000,961,961,961,.0557133742,1,1
2018,35,70500,1213,1211,1215,.0738328546,1,1
2018,35,63460,185,185,185,.0101603689,1,1
2018,35,39380,490,490,490,.0195398182,1,1
2018,35,02000,4703,4698,4708,.049717214,1,1
2018,34,74000,323,323,323,.0202762093,1,1
2018,34,57000,390,389,391,.013498079,1,1
2018,34,51000,772,767,777,.013560513,1,1
2018,34,36000,318,317,319,.0104832863,1,1
2018,34,21000,388,388,388,.0135135138,1,1
2018,34,13690,203,203,203,.0189259741,1,1
2018,33,50260,394,394,394,.0350877196,1,1
2018,33,45140,944,943,945,.0681982338,1,1
2018,32,68400,,,,,,
2018,32,60600,2489,2489,2489,.0368249752,1,1
2018,32,51800,,,,,,
2018,32,40000,13844,13844,13844,.0412845798,1,1
2018,32,31900,,,,,,
2018,31,37000,1753,1753,1753,.0210595876,1,1
2018,31,28000,363,363,363,.0086387433,1,1
2018,30,06550,502,501,503,.029071115,1,1
2018,29,70000,1790,1790,1790,.0698100701,1,1
2018,29,65000,140,139,141,.0469956361,1,1
2018,29,54074,187,187,187,.0103606852,1,1
2018,29,41348,,,,,,
2018,29,38000,3419,3419,3419,.049868729,1,1
2018,29,35000,1153,1153,1153,.0586380512,1,1
2018,29,15670,14,14,14,.0007567977,3,3
2018,28,36000,1859,1859,1859,.0776686892,1,1
2018,27,71428,NA,NA,NA,NA,NA,NA
2018,27,58000,,,,,,
2018,27,54880,424,423,425,.0234552193,1,1
2018,27,51730,136,136,136,.1265116334,1,1
2018,27,43000,3566,3564,3568,.0762601346,1,1
2018,27,17000,403,402,404,.0391908959,1,1
2018,27,07966,47,47,47,.0153094465,1,1
2018,27,06616,264,263,265,.0246222727,1,1
2018,26,88940,178,178,178,.0262924675,1,1
2018,26,86000,242,242,242,.0198572241,1,1
2018,26,84000,468,468,468,.0198988058,1,1
2018,26,80700,18,18,18,.0013709064,3,3
2018,26,76460,92,92,92,.0033456979,1,1
2018,26,74900,193,193,193,.019907169,1,1
2018,26,69035,,,,,,
2018,26,49000,81,80,82,.0047071129,1,1
2018,26,46000,809,809,809,.049063012,1,1
2018,26,34000,1994,1990,1998,.0318902247,1,1
2018,26,29000,802,801,803,.0364363268,1,1
2018,26,27440,,,,,,
2018,26,22000,1579,1570,1588,.0206359364,1,1
2018,26,21000,83,81,85,.0034757119,1,1
2018,26,03000,413,412,414,.0198969021,1,1
2018,25,82000,3265,3265,3265,.1186711714,1,1
2018,25,67000,1599,1598,1600,.0565197431,1,1
2018,25,62535,77,77,77,.0156854764,1,1
2018,25,55745,142,142,142,.0150487497,1,1
2018,25,45560,,,,,,
2018,25,45000,1390,1388,1392,.0860841051,1,1
2018,25,37490,1141,1141,1141,.0663102195,1,1
2018,25,37000,1069,1068,1070,.0691909418,1,1
2018,25,34550,557,557,557,.0373925902,1,1
2018,25,23000,457,456,458,.034378998,1,1
2018,25,11000,237,237,237,.0267403815,1,1
2018,25,09000,593,593,593,.0351282507,1,1
2018,25,07000,98,97,99,.0297962911,1,1
2018,24,30325,853,853,853,.0199705008,1,1
2018,24,04000,2928,2928,2928,.0367373042,1,1
2018,22,70000,2298,2298,2298,.0601586439,1,1
2018,22,55000,2746,2741,2751,.0556851141,1,1
2018,22,41155,817,817,817,.0243212674,1,1
2018,22,40735,877,874,880,.026442742,1,1
2018,22,05000,1119,1114,1124,.0217020288,1,1
2018,21,48006,5172,5172,5172,.0528099984,1,1
2018,21,46027,1221,1221,1221,.02908043,1,1
2018,20,79000,1957,1957,1957,.0392302312,1,1
2018,20,71000,501,501,501,.0213309489,1,1
2018,20,53775,124,124,124,.0054426547,1,1
2018,20,52575,504,504,504,.0167876892,1,1
2018,20,38900,135,135,135,.0112640802,1,1
2018,20,36000,1155,1155,1155,.0387466885,1,1
2018,19,73335,664,664,664,.0443376079,1,1
2018,19,21000,1061,1061,1061,.0303298831,1,1
2018,19,19000,237,237,237,.0152716022,1,1
2018,19,12000,748,748,748,.0332769826,1,1
2018,18,71000,244,242,246,.0132464711,1,1
2018,18,36003,,,,,,
2018,18,31000,169,168,170,.0120293256,1,1
2018,18,25000,1037,1036,1038,.0232526846,1,1
2018,18,23278,79,79,79,.0036575766,1,1
2018,18,22000,527,527,527,.0233175531,1,1
2018,18,10342,54,54,54,.0033023483,1,1
2018,18,05860,212,212,212,.0179767665,1,1
2018,17,79293,625,624,626,.0386374891,1,1
2018,17,72000,310,310,310,.021411797,1,1
2018,17,68003,163,163,163,.0106417704,1,1
2018,17,65000,2669,2669,2669,.0936655551,1,1
2018,17,59000,766,764,768,.0387455747,1,1
2018,17,51622,164,164,164,.0099787042,1,1
2018,17,38570,607,606,608,.0324027129,1,1
2018,17,24582,454,453,455,.0399296395,1,1
2018,17,23074,1039,1039,1039,.0272982847,1,1
2018,17,14351,256,256,256,.0130946292,1,1
2018,17,14000,16952,16952,16952,.0468800142,1,1
2018,17,12385,360,360,360,.0355660953,1,1
2018,17,06613,242,242,242,.0436823107,1,1
2018,17,03012,1072,1072,1072,.0201890841,1,1
2018,17,02154,282,282,282,.0161521286,1,1
2018,16,56260,870,869,871,.0523025133,1,1
2018,16,52120,688,688,688,.0159506649,1,1
2018,16,08830,878,877,879,.0309285615,1,1
2018,15,71550,,,,,,
2018,13,80508,,,,,,
2018,13,72122,,,,,,
2018,13,69000,997,997,997,.026532894,1,1
2018,13,68516,,,,,,
2018,13,67284,,,,,,
2018,13,49008,746,746,746,.0305700116,1,1
2018,13,42425,,,,,,
2018,13,19000,1141,1141,1141,.0358140543,1,1
2018,13,04204,337,337,337,.0108895851,1,1
2018,13,04000,4218,4217,4219,.0265151281,1,1
2018,13,03440,867,867,867,.0641651899,1,1
2018,12,76600,4473,4473,4473,.0232323818,1,1
2018,12,71000,4241,4241,4241,.0192552172,1,1
2018,12,70600,1373,1372,1373,.0370630324,1,1
2018,12,69700,,,,,,
2018,12,63000,,,,,,
2018,12,58715,,,,,,
2018,12,58050,,,,,,
2018,12,57425,,,,,,
2018,12,55775,,,,,,
2018,12,54200,,,,,,
2018,12,54000,,,,,,
2018,12,53000,6181,6181,6181,.0288387071,1,1
2018,12,49675,,,,,,
2018,12,45975,,,,,,
2018,12,45060,,,,,,
2018,12,45025,,,,,,
2018,12,45000,9917,9917,9917,.0282991938,1,1
2018,12,43975,,,,,,
2018,12,39425,4367,4367,4367,.0432598963,1,1
2018,12,38250,,,,,,
2018,12,36950,3493,3493,3493,.0509525351,1,1
2018,12,35000,3771,3771,3771,.0289566834,1,1
2018,12,32275,,,,,,
2018,12,32000,,,,,,
2018,12,30000,,,,,,
2018,12,25175,1028,1027,1028,.0331602208,1,1
2018,12,24125,1272,1272,1272,.0134731494,1,1
2018,12,24000,5470,5470,5470,.0201432481,1,1
2018,12,17935,,,,,,
2018,12,17200,,,,,,
2018,12,16725,,,,,,
2018,12,16475,,,,,,
2018,12,14400,,,,,,
2018,12,12875,,,,,,
2018,12,10275,,,,,,
2018,12,07875,39,39,39,.0237949975,1,1
2018,12,07300,20,20,20,.0078186085,3,3
2018,11,50000,7145,7142,7148,.0802178085,1,1
2018,09,80000,760,760,760,.0399201587,1,1
2018,09,73000,146,145,147,.0090858173,1,1
2018,09,55990,50,50,50,.0043779002,1,1
2018,09,52000,777,776,778,.0330779068,1,1
2018,09,37000,359,359,359,.0126230661,1,1
2018,09,18430,70,70,70,.0059397537,1,1
2018,09,08000,222,220,224,.0099842595,1,1
2018,08,83835,861,861,861,.0928101763,1,1
2018,08,77290,1852,1852,1852,.0471462756,1,1
2018,08,62000,588,588,588,.0222314652,1,1
2018,08,46465,901,901,901,.0556825921,1,1
2018,08,45970,542,542,542,.0166059006,1,1
2018,08,43000,,,,,,
2018,08,32155,581,581,581,.0255339723,1,1
2018,08,27425,1208,1208,1208,.0396546647,1,1
2018,08,20000,2230,2230,2230,.0187016204,1,1
2018,08,16000,1465,1465,1465,.0178421363,1,1
2018,08,12815,,,,,,
2018,08,07850,397,397,397,.0127370143,1,1
2018,08,04000,1939,1939,1939,.0486062355,1,1
2018,08,03455,,,,,,
2018,06,85292,3207,3207,3207,.0958114266,1,1
2018,06,84550,782,782,782,.0857456177,1,1
2018,06,84200,1799,1799,1799,.1797921211,1,1
2018,06,82996,2214,2213,2215,.0943010449,1,1
2018,06,82954,787,786,788,.0242347717,1,1
2018,06,82590,2248,2248,2248,.0836465135,1,1
2018,06,81666,349,349,349,.0259614661,1,1
2018,06,81554,226,226,226,.0178064927,1,1
2018,06,81344,512,512,512,.0478415266,1,1
2018,06,80854,395,395,395,.0166189838,1,1
2018,06,80238,711,710,712,.0355535559,1,1
2018,06,80000,226,226,226,.009660597,1,1
2018,06,78582,263,262,264,.0130469296,1,1
2018,06,78120,515,515,515,.0145135839,1,1
2018,06,77000,28,27,29,.0007988816,3,3
2018,06,75000,2683,2679,2687,.0488858111,1,1
2018,06,73080,41,40,42,.0289957561,1,1
2018,06,72016,364,363,365,.0125180548,1,1
2018,06,70098,388,388,388,.0130437706,1,1
2018,06,70000,100,100,100,.0094117643,1,1
2018,06,69196,5202,5201,5203,.2044730932,1,1
2018,06,69088,664,664,664,.0196968354,1,1
2018,06,69084,357,357,357,.0232014041,1,1
2018,06,69070,2383,2383,2383,.1478562951,1,1
2018,06,69000,6853,6852,6854,.1340859681,1,1
2018,06,68378,,,,,,
2018,06,68252,32,32,32,.0035476719,1,1
2018,06,68196,287,287,287,.0114474893,1,1
2018,06,68084,157,157,157,.0175890662,1,1
2018,06,68000,2366,2364,2368,.0177847929,1,1
2018,06,67000,3501,3501,3501,.0599301569,1,1
2018,06,66000,9366,9360,9372,.0581244528,1,1
2018,06,65042,1164,1163,1165,.0693434998,1,1
2018,06,65000,5869,5869,5869,.1082641557,1,1
2018,06,64224,4674,4673,4675,.1260211915,1,1
2018,06,64000,1663,1659,1667,.0246498175,1,1
2018,06,62938,669,669,669,.0235066768,1,1
2018,06,62000,2699,2697,2701,.0637684613,1,1
2018,06,60620,1059,1059,1059,.0339314304,1,1
2018,06,60466,2065,2065,2065,.0811139941,1,1
2018,06,60102,177,175,179,.0093182418,1,1
2018,06,59920,792,791,793,.0433331504,1,1
2018,06,59451,302,302,302,.0436542369,1,1
2018,06,59444,1070,1070,1070,.0519291423,1,1
2018,06,58072,3093,3093,3093,.1293222457,1,1
2018,06,57792,17,17,17,.001134998,3,3
2018,06,57456,318,318,318,.0276786499,1,1
2018,06,56700,2923,2923,2923,.07936465,1,1
2018,06,56000,982,982,982,.0492181219,1,1
2018,06,55156,467,466,468,.0197071359,1,1
2018,06,54652,3657,3657,3657,.0875865221,1,1
2018,06,53980,307,307,307,.011174608,1,1
2018,06,53896,4118,4118,4118,.0875778943,1,1
2018,06,53322,313,313,313,.014824287,1,1
2018,06,53000,1210,1206,1214,.0269026384,1,1
2018,06,52526,5609,5609,5609,.3225973547,1,1
2018,06,51182,,,,,,
2018,06,50258,390,390,390,.022055082,1,1
2018,06,50076,364,364,364,.01565524,1,1
2018,06,49670,201,201,201,.021148989,1,1
2018,06,49270,4884,4884,4884,.1453528106,1,1
2018,06,48354,1058,1055,1061,.0211460441,1,1
2018,06,48256,1073,1073,1073,.0401166491,1,1
2018,06,47766,441,441,441,.0433543064,1,1
2018,06,46898,205,205,205,.0127186999,1,1
2018,06,46842,74,73,75,.0061929869,1,1
2018,06,45484,1086,1086,1086,.0459838249,1,1
2018,06,44000,18530,18497,18563,.033810474,1,1
2018,06,43000,7328,7327,7329,.0999318138,1,1
2018,06,41992,103,103,103,.0074974522,1,1
2018,06,40130,2286,2286,2286,.0519144312,1,1
2018,06,39892,,,,,,
2018,06,39496,,,,,,
2018,06,37692,287,287,287,.014836642,1,1
2018,06,36770,127,127,127,.0035986512,1,1
2018,06,36546,399,396,402,.0312475525,1,1
2018,06,36448,NA,NA,NA,NA,NA,NA
2018,06,36000,1267,1267,1267,.0413903482,1,1
2018,06,33434,1615,1614,1616,.0637886077,1,1
2018,06,33182,1340,1339,1341,.0596350692,1,1
2018,06,33000,1020,1020,1020,.0512331091,1,1
2018,06,32548,55,54,56,.0064645042,1,1
2018,06,30000,1856,1856,1856,.0719686672,1,1
2018,06,29000,997,997,997,.0235691834,1,1
2018,06,28000,610,610,610,.0227935128,1,1
2018,06,27000,2673,2669,2677,.0267666709,1,1
2018,06,26000,282,281,283,.0078516537,1,1
2018,06,24680,997,997,997,.0263735689,1,1
2018,06,24638,,,,,,
2018,06,23182,573,573,573,.0209913179,1,1
2018,06,22804,1622,1620,1624,.0628999099,1,1
2018,06,22230,2572,2572,2572,.1118747294,1,1
2018,06,22020,799,798,800,.0125005869,1,1
2018,06,21712,1233,1233,1233,.0295832437,1,1
2018,06,19766,627,627,627,.0258247871,1,1
2018,06,17918,100,100,100,.009380863,1,1
2018,06,16532,1175,1175,1175,.0495070368,1,1
2018,06,16350,825,825,825,.044091709,1,1
2018,06,16000,754,754,754,.022418458,1,1
2018,06,15044,384,384,384,.0183442403,1,1
2018,06,14218,180,180,180,.0041605029,1,1
2018,06,13588,,,,,,
2018,06,13392,1267,1266,1268,.0181886051,1,1
2018,06,13214,,,,,,
2018,06,13210,2704,2704,2704,.0980065241,1,1
2018,06,13014,1522,1521,1523,.1018537134,1,1
2018,06,11530,26,26,26,.0509803928,3,3
2018,06,11194,101,101,101,.008837942,1,1
2018,06,08954,133,133,133,.0087482734,1,1
2018,06,08786,765,765,765,.0871993601,1,1
2018,06,06000,290,289,291,.0208993945,1,1
2018,06,04982,188,188,188,.0161083024,1,1
2018,06,03526,3726,3725,3727,.0299368482,1,1
2018,06,02364,807,807,807,.0551116578,1,1
2018,06,02252,523,523,523,.0311606284,1,1
2018,06,02000,7782,7781,7783,.1382827461,1,1
2018,06,00884,301,301,301,.018208215,1,1
2018,06,00562,92,91,93,.0083197681,1,1
2018,05,66080,344,343,345,.0145929661,1,1
2018,05,41000,1048,1044,1052,.0235653892,1,1
2018,05,35710,276,276,276,.0183364339,1,1
2018,05,24550,224,223,225,.0150073702,1,1
2018,05,23290,322,322,322,.0311592799,1,1
2018,04,85540,361,361,361,.0126644447,1,1
2018,04,77000,3053,3047,3059,.0320801102,1,1
2018,04,73000,700,698,702,.0159427878,1,1
2018,04,71510,46,46,46,.0017003659,1,1
2018,04,65000,134,134,134,.0047646137,1,1
2018,04,55000,6949,6933,6965,.0321349949,1,1
2018,04,54050,NA,NA,NA,NA,NA,NA
2018,04,46000,1645,1642,1648,.0234297104,1,1
2018,04,28380,,,,,,
2018,04,27820,1508,1508,1508,.0162243005,1,1
2018,04,27400,399,398,400,.0078018066,1,1
2018,04,23620,298,297,299,.0294641089,1,1
2018,04,12000,365,363,367,.0058826376,1,1
2018,04,07940,39,39,39,.0029009224,1,1
2018,04,04720,585,585,585,.0296172537,1,1
2018,02,03000,1928,1928,1928,.0413476601,1,1
2018,01,77256,423,423,423,.0144630214,1,1
2018,01,51000,439,439,439,.015195569,1,1
2018,01,50000,7883,7883,7883,.1460707486,1,1
2018,01,37000,435,435,435,.0100960871,1,1
2018,01,35896,51,51,51,.0036553899,1,1
2018,01,07000,452,452,452,.0076239309,1,1
2018,01,03076,31,31,31,.0035477227,1,1
