year,state,county,share_debt_coll,share_debt_coll_quality
2023,01,001,0.2609164,1
2023,01,003,0.1992218,1
2023,01,005,0.3244326,1
2023,01,007,0.330033,1
2023,01,009,0.2526791,1
2023,01,011,0.4395161,1
2023,01,013,0.373817,1
2023,01,015,0.3460452,1
2023,01,017,0.3468697,1
2023,01,019,0.32,1
2023,01,021,0.3002056,1
2023,01,023,0.3888889,1
2023,01,025,0.3638889,1
2023,01,027,0.3320895,1
2023,01,029,0.2696177,1
2023,01,031,0.2795181,1
2023,01,033,0.2965865,1
2023,01,035,0.3883162,1
2023,01,037,0.3092105,1
2023,01,039,0.3436714,1
2023,01,041,0.3352713,1
2023,01,043,0.265689,1
2023,01,045,0.3052209,1
2023,01,047,0.4017258,1
2023,01,049,0.2904921,1
2023,01,051,0.2446227,1
2023,01,053,0.375,1
2023,01,055,0.3083756,1
2023,01,057,0.3018868,1
2023,01,059,0.303132,1
2023,01,061,0.3115861,1
2023,01,063,0.4478261,1
2023,01,065,0.3646833,1
2023,01,067,0.2374101,1
2023,01,069,0.3018109,1
2023,01,071,0.2737095,1
2023,01,073,0.3164223,1
2023,01,075,0.2669903,1
2023,01,077,0.2455008,1
2023,01,079,0.2947867,1
2023,01,081,0.2418507,1
2023,01,083,0.2213763,1
2023,01,085,0.4025974,1
2023,01,087,0.4450262,1
2023,01,089,0.2260034,1
2023,01,091,0.3361204,1
2023,01,093,0.2835165,1
2023,01,095,0.2905585,1
2023,01,097,0.3422612,1
2023,01,099,0.3695652,1
2023,01,101,0.3832032,1
2023,01,103,0.2930197,1
2023,01,105,0.4599156,1
2023,01,107,0.353902,1
2023,01,109,0.3695409,1
2023,01,111,0.3287101,1
2023,01,113,0.4190801,1
2023,01,115,0.2697917,1
2023,01,117,0.198995,1
2023,01,119,0.4059702,1
2023,01,121,0.3925271,1
2023,01,123,0.2829629,1
2023,01,125,0.2956181,1
2023,01,127,0.3338391,1
2023,01,129,0.2885772,1
2023,01,131,0.4225352,1
2023,01,133,0.2827869,1
2023,02,013,NA,NA
2023,02,016,0.2592593,1
2023,02,020,0.1927065,1
2023,02,050,0.2482014,1
2023,02,060,NA,NA
2023,02,063,0.0928962,1
2023,02,066,0.1081081,1
2023,02,068,0.1,1
2023,02,070,0.1263158,1
2023,02,090,0.165596,1
2023,02,100,0.0540541,1
2023,02,105,0.2037037,1
2023,02,110,0.1340956,1
2023,02,122,0.1593069,1
2023,02,130,0.1437909,1
2023,02,150,0.1147059,1
2023,02,158,0.2372881,1
2023,02,164,NA,NA
2023,02,170,0.1578425,1
2023,02,180,0.1829268,1
2023,02,185,0.1776316,1
2023,02,188,0.30232560000000003,1
2023,02,195,0.1222222,1
2023,02,198,0.1780822,1
2023,02,220,0.1441048,1
2023,02,230,NA,NA
2023,02,240,0.1369863,1
2023,02,275,0.1,1
2023,02,282,NA,NA
2023,02,290,0.1578947,1
2023,04,001,0.4281768,1
2023,04,003,0.2170827,1
2023,04,005,0.2354523,1
2023,04,007,0.2434411,1
2023,04,009,0.304,1
2023,04,011,0.3041475,1
2023,04,012,0.2299652,1
2023,04,013,0.222341,1
2023,04,015,0.2438757,1
2023,04,017,0.3193333,1
2023,04,019,0.2211385,1
2023,04,021,0.2313462,1
2023,04,023,0.2303274,1
2023,04,025,0.1841914,1
2023,04,027,0.2311132,1
2023,05,001,0.3387387,1
2023,05,003,0.3676704,1
2023,05,005,0.2210595,1
2023,05,007,0.202434,1
2023,05,009,0.2671509,1
2023,05,011,0.3553459,1
2023,05,013,0.3846154,1
2023,05,015,0.2520138,1
2023,05,017,0.4724919,1
2023,05,019,0.3224756,1
2023,05,021,0.3024831,1
2023,05,023,0.22,1
2023,05,025,0.2676056,1
2023,05,027,0.3581871,1
2023,05,029,0.2841945,1
2023,05,031,0.333935,1
2023,05,033,0.2927083,1
2023,05,035,0.4833898,1
2023,05,037,0.3553875,1
2023,05,039,0.4611399,1
2023,05,041,0.4263323,1
2023,05,043,0.3862434,1
2023,05,045,0.2530057,1
2023,05,047,0.2909091,1
2023,05,049,0.2385058,1
2023,05,051,0.2738461,1
2023,05,053,0.2384342,1
2023,05,055,0.3313996,1
2023,05,057,0.3724247,1
2023,05,059,0.3133333,1
2023,05,061,0.3195402,1
2023,05,063,0.2755102,1
2023,05,065,0.2611276,1
2023,05,067,0.3636364,1
2023,05,069,0.4336918,1
2023,05,071,0.3160237,1
2023,05,073,0.4146341,1
2023,05,075,0.3256637,1
2023,05,077,0.4564103,1
2023,05,079,0.3119658,1
2023,05,081,0.3861111,1
2023,05,083,0.2943854,1
2023,05,085,0.2691293,1
2023,05,087,0.2630273,1
2023,05,089,0.2561404,1
2023,05,091,0.4104308,1
2023,05,093,0.4316988,1
2023,05,095,0.32850240000000003,1
2023,05,097,0.2579186,1
2023,05,099,0.4497355,1
2023,05,101,0.1982759,1
2023,05,103,0.3628692,1
2023,05,105,0.2587413,1
2023,05,107,0.4811715,1
2023,05,109,0.2591241,1
2023,05,111,0.3944056,1
2023,05,113,0.2644068,1
2023,05,115,0.2540241,1
2023,05,117,0.2990654,1
2023,05,119,0.3152741,1
2023,05,121,0.3197782,1
2023,05,123,0.4416244,1
2023,05,125,0.2358491,1
2023,05,127,0.3210332,1
2023,05,129,0.18,1
2023,05,131,0.3022323,1
2023,05,133,0.3534676,1
2023,05,135,0.2765217,1
2023,05,137,0.1949686,1
2023,05,139,0.3407821,1
2023,05,141,0.259542,1
2023,05,143,0.2397933,1
2023,05,145,0.2651546,1
2023,05,147,0.3174603,1
2023,05,149,0.2764901,1
2023,06,001,0.1254713,1
2023,06,003,NA,NA
2023,06,005,0.1553175,1
2023,06,007,0.2005632,1
2023,06,009,0.1648276,1
2023,06,011,0.1744023,1
2023,06,013,0.1516543,1
2023,06,015,0.2481203,1
2023,06,017,0.1345962,1
2023,06,019,0.2365405,1
2023,06,021,0.2104651,1
2023,06,023,0.1738382,1
2023,06,025,0.2524837,1
2023,06,027,0.1560799,1
2023,06,029,0.2677657,1
2023,06,031,0.2472133,1
2023,06,033,0.2736842,1
2023,06,035,0.2545202,1
2023,06,037,0.1915233,1
2023,06,039,0.2259875,1
2023,06,041,0.0760024,1
2023,06,043,0.1781513,1
2023,06,045,0.1860955,1
2023,06,047,0.244963,1
2023,06,049,0.2797203,1
2023,06,051,0.1246753,1
2023,06,053,0.1825243,1
2023,06,055,0.1345932,1
2023,06,057,0.12789,1
2023,06,059,0.1435678,1
2023,06,061,0.1060047,1
2023,06,063,0.187017,1
2023,06,065,0.2290392,1
2023,06,067,0.1903808,1
2023,06,069,0.1969918,1
2023,06,071,0.2579098,1
2023,06,073,0.1579494,1
2023,06,075,0.0905453,1
2023,06,077,0.2142827,1
2023,06,079,0.1239069,1
2023,06,081,0.0960488,1
2023,06,083,0.1389851,1
2023,06,085,0.0929445,1
2023,06,087,0.1108316,1
2023,06,089,0.1924007,1
2023,06,091,0.1428571,1
2023,06,093,0.1886269,1
2023,06,095,0.1976744,1
2023,06,097,0.1280324,1
2023,06,099,0.2226223,1
2023,06,101,0.2019608,1
2023,06,103,0.2325123,1
2023,06,105,0.1890244,1
2023,06,107,0.2333686,1
2023,06,109,0.1829268,1
2023,06,111,0.1450895,1
2023,06,113,0.1425163,1
2023,06,115,0.24,1
2023,08,001,0.202526,1
2023,08,003,0.199187,1
2023,08,005,0.1656619,1
2023,08,007,0.1057269,1
2023,08,009,0.1574074,1
2023,08,011,0.2786885,1
2023,08,013,0.0856487,1
2023,08,014,0.0750252,1
2023,08,015,0.094703,1
2023,08,017,0.08,1
2023,08,019,0.1540984,1
2023,08,021,0.1875,1
2023,08,023,0.25,1
2023,08,025,0.1574074,1
2023,08,027,0.0977011,1
2023,08,029,0.1435794,1
2023,08,031,0.1652287,1
2023,08,033,0.0481928,1
2023,08,035,0.0796532,1
2023,08,037,0.078481,1
2023,08,039,0.1078108,1
2023,08,041,0.1725941,1
2023,08,043,0.18429,1
2023,08,045,0.148343,1
2023,08,047,0.0875,1
2023,08,049,0.0868597,1
2023,08,051,0.0775681,1
2023,08,053,NA,NA
2023,08,055,0.1544715,1
2023,08,057,NA,NA
2023,08,059,0.1173197,1
2023,08,061,0.2156863,1
2023,08,063,0.1408451,1
2023,08,065,0.1526718,1
2023,08,067,0.1241292,1
2023,08,069,0.1185228,1
2023,08,071,0.2246696,1
2023,08,073,0.2251656,1
2023,08,075,0.2087114,1
2023,08,077,0.1537525,1
2023,08,079,NA,NA
2023,08,081,0.1826923,1
2023,08,083,0.1772784,1
2023,08,085,0.1236641,1
2023,08,087,0.2247596,1
2023,08,089,0.2314647,1
2023,08,091,0.0604396,1
2023,08,093,0.130719,1
2023,08,095,0.1847134,1
2023,08,097,0.084127,1
2023,08,099,0.202381,1
2023,08,101,0.2360758,1
2023,08,103,0.15,1
2023,08,105,0.1643454,1
2023,08,107,0.0709914,1
2023,08,109,0.1752577,1
2023,08,111,NA,NA
2023,08,113,0.0789474,1
2023,08,115,0.1358025,1
2023,08,117,0.0806452,1
2023,08,119,0.1183879,1
2023,08,121,0.1804511,1
2023,08,123,0.1647679,1
2023,08,125,0.1438849,1
2023,09,001,0.1628354,1
2023,09,003,0.2038766,1
2023,09,005,0.1635,1
2023,09,007,0.1416142,1
2023,09,009,0.2159941,1
2023,09,011,0.1797501,1
2023,09,013,0.1325023,1
2023,09,015,0.2115488,1
2023,10,001,0.2822458,1
2023,10,003,0.2588255,1
2023,10,005,0.1884574,1
2023,11,001,0.2048033,1
2023,12,001,0.2284062,1
2023,12,003,0.327907,1
2023,12,005,0.2705469,1
2023,12,007,0.3612824,1
2023,12,009,0.2406791,1
2023,12,011,0.2390619,1
2023,12,013,0.3271277,1
2023,12,015,0.174412,1
2023,12,017,0.2512212,1
2023,12,019,0.2674305,1
2023,12,021,0.1504347,1
2023,12,023,0.3541667,1
2023,12,027,0.2658228,1
2023,12,029,0.348643,1
2023,12,031,0.3150148,1
2023,12,033,0.2930884,1
2023,12,035,0.2040027,1
2023,12,037,0.2949853,1
2023,12,039,0.3945578,1
2023,12,041,0.2747253,1
2023,12,043,0.2979798,1
2023,12,045,0.2401747,1
2023,12,047,0.3644252,1
2023,12,049,0.3622589,1
2023,12,051,0.3701518,1
2023,12,053,0.2563694,1
2023,12,055,0.2503528,1
2023,12,057,0.2693874,1
2023,12,059,0.2910053,1
2023,12,061,0.1869989,1
2023,12,063,0.3403805,1
2023,12,065,0.2683363,1
2023,12,067,0.2894737,1
2023,12,069,0.2312303,1
2023,12,071,0.1955518,1
2023,12,073,0.2510078,1
2023,12,075,0.3120713,1
2023,12,077,0.2987013,1
2023,12,079,0.3530656,1
2023,12,081,0.2135305,1
2023,12,083,0.2647446,1
2023,12,085,0.1552632,1
2023,12,086,0.2319959,1
2023,12,087,0.2333218,1
2023,12,089,0.195107,1
2023,12,091,0.2111554,1
2023,12,093,0.3064894,1
2023,12,095,0.2787101,1
2023,12,097,0.2991743,1
2023,12,099,0.2058614,1
2023,12,101,0.2530849,1
2023,12,103,0.2374023,1
2023,12,105,0.3103353,1
2023,12,107,0.3572879,1
2023,12,109,0.1397882,1
2023,12,111,0.2584854,1
2023,12,113,0.2190384,1
2023,12,115,0.1641553,1
2023,12,117,0.2355516,1
2023,12,119,0.1249517,1
2023,12,121,0.3061975,1
2023,12,123,0.3498498,1
2023,12,125,0.3727034,1
2023,12,127,0.2476001,1
2023,12,129,0.2520548,1
2023,12,131,0.220617,1
2023,12,133,0.3005698,1
2023,13,001,0.321608,1
2023,13,003,0.4019608,1
2023,13,005,0.3026316,1
2023,13,007,0.5066667,1
2023,13,009,0.3699915,1
2023,13,011,0.2711572,1
2023,13,013,0.2844738,1
2023,13,015,0.2933674,1
2023,13,017,0.3904762,1
2023,13,019,0.3829432,1
2023,13,021,0.4364934,1
2023,13,023,0.3371105,1
2023,13,025,0.3497758,1
2023,13,027,0.4383562,1
2023,13,029,0.2392241,1
2023,13,031,0.3650722,1
2023,13,033,0.4039216,1
2023,13,035,0.3329208,1
2023,13,037,0.4160584,1
2023,13,039,0.2842391,1
2023,13,043,0.3928571,1
2023,13,045,0.3381873,1
2023,13,047,0.2575532,1
2023,13,049,0.3811075,1
2023,13,051,0.3223529,1
2023,13,053,0.2657807,1
2023,13,055,0.3653088,1
2023,13,057,0.1743119,1
2023,13,059,0.2696944,1
2023,13,061,0.3866667,1
2023,13,063,0.4407859,1
2023,13,065,0.3908629,1
2023,13,067,0.2238671,1
2023,13,069,0.3728814,1
2023,13,071,0.3359498,1
2023,13,073,0.2162673,1
2023,13,075,0.4038835,1
2023,13,077,0.2343123,1
2023,13,079,0.3883495,1
2023,13,081,0.4305994,1
2023,13,083,0.2860262,1
2023,13,085,0.2283151,1
2023,13,087,0.3859649,1
2023,13,089,0.3028921,1
2023,13,091,0.3375796,1
2023,13,093,0.4038461,1
2023,13,095,0.4667192,1
2023,13,097,0.3664544,1
2023,13,099,0.448052,1
2023,13,101,0.3730159,1
2023,13,103,0.2676252,1
2023,13,105,0.3156997,1
2023,13,107,0.3598436,1
2023,13,109,0.394822,1
2023,13,111,0.2149321,1
2023,13,113,0.1758102,1
2023,13,115,0.3259927,1
2023,13,117,0.1166999,1
2023,13,119,0.3043478,1
2023,13,121,0.2712178,1
2023,13,123,0.2446184,1
2023,13,125,0.278481,1
2023,13,127,0.2972148,1
2023,13,129,0.3075245,1
2023,13,131,0.343949,1
2023,13,133,0.2169657,1
2023,13,135,0.2311575,1
2023,13,137,0.2325414,1
2023,13,139,0.2481087,1
2023,13,141,0.4565217,1
2023,13,143,0.3462783,1
2023,13,145,0.2387792,1
2023,13,147,0.2951807,1
2023,13,149,0.3286119,1
2023,13,151,0.3325916,1
2023,13,153,0.3157149,1
2023,13,155,0.3097015,1
2023,13,157,0.2221846,1
2023,13,159,0.3130081,1
2023,13,161,0.3062099,1
2023,13,163,0.4314159,1
2023,13,165,0.3977695,1
2023,13,167,0.3238636,1
2023,13,169,0.3242925,1
2023,13,171,0.3135313,1
2023,13,173,0.3969849,1
2023,13,175,0.3428398,1
2023,13,177,0.2544554,1
2023,13,179,0.400767,1
2023,13,181,0.2769231,1
2023,13,183,0.3514151,1
2023,13,185,0.3541783,1
2023,13,187,0.2360319,1
2023,13,189,0.4121916,1
2023,13,191,0.3268765,1
2023,13,193,0.461126,1
2023,13,195,0.2615063,1
2023,13,197,0.3670886,1
2023,13,199,0.4307692,1
2023,13,201,0.3244681,1
2023,13,205,0.4403226,1
2023,13,207,0.2866379,1
2023,13,209,0.3175966,1
2023,13,211,0.2467532,1
2023,13,213,0.340981,1
2023,13,215,0.4009146,1
2023,13,217,0.3781877,1
2023,13,219,0.1223551,1
2023,13,221,0.2836879,1
2023,13,223,0.3028463,1
2023,13,225,0.393736,1
2023,13,227,0.2383929,1
2023,13,229,0.3371336,1
2023,13,231,0.2275335,1
2023,13,233,0.3742733,1
2023,13,235,0.3436123,1
2023,13,237,0.303155,1
2023,13,239,0.3589744,1
2023,13,241,0.213894,1
2023,13,243,0.4064171,1
2023,13,245,0.435869,1
2023,13,247,0.3621151,1
2023,13,249,0.25,1
2023,13,251,0.4159836,1
2023,13,253,0.3414634,1
2023,13,255,0.384149,1
2023,13,257,0.3046512,1
2023,13,259,0.4357143,1
2023,13,261,0.4437939,1
2023,13,263,0.4496644,1
2023,13,265,0.4259259,1
2023,13,267,0.3655063,1
2023,13,269,0.4347826,1
2023,13,271,0.3838862,1
2023,13,273,0.4020979,1
2023,13,275,0.3539704,1
2023,13,277,0.3448276,1
2023,13,279,0.3696682,1
2023,13,281,0.1918736,1
2023,13,283,0.3714286,1
2023,13,285,0.3806793,1
2023,13,287,0.4264151,1
2023,13,289,0.3225806,1
2023,13,291,0.182659,1
2023,13,293,0.4013605,1
2023,13,295,0.3158133,1
2023,13,297,0.25,1
2023,13,299,0.3666667,1
2023,13,301,0.4702703,1
2023,13,303,0.4071763,1
2023,13,305,0.3878968,1
2023,13,307,NA,NA
2023,13,309,0.3538462,1
2023,13,311,0.2451193,1
2023,13,313,0.2751134,1
2023,13,315,0.4047619,1
2023,13,317,0.313099,1
2023,13,319,0.437276,1
2023,13,321,0.340604,1
2023,15,001,0.1592822,1
2023,15,003,0.1280545,1
2023,15,005,NA,NA
2023,15,007,0.1264271,1
2023,15,009,0.1608119,1
2023,16,001,0.1282943,1
2023,16,003,0.130137,1
2023,16,005,0.2195748,1
2023,16,007,0.1212121,1
2023,16,009,0.1604938,1
2023,16,011,0.1606628,1
2023,16,013,0.1022444,1
2023,16,015,0.1194539,1
2023,16,017,0.1216775,1
2023,16,019,0.1486093,1
2023,16,021,0.1038647,1
2023,16,023,0.0769231,1
2023,16,025,NA,NA
2023,16,027,0.1982256,1
2023,16,029,0.1134454,1
2023,16,031,0.1702432,1
2023,16,033,NA,NA
2023,16,035,0.1854839,1
2023,16,037,0.0738255,1
2023,16,039,0.1770833,1
2023,16,041,0.0935252,1
2023,16,043,0.1088608,1
2023,16,045,0.1784615,1
2023,16,047,0.1770833,1
2023,16,049,0.1348089,1
2023,16,051,0.1382857,1
2023,16,053,0.202514,1
2023,16,055,0.1477194,1
2023,16,057,0.1130137,1
2023,16,059,0.1235521,1
2023,16,061,0.15,1
2023,16,063,0.2119565,1
2023,16,065,0.0851852,1
2023,16,067,0.1685714,1
2023,16,069,0.1667875,1
2023,16,071,0.1233766,1
2023,16,073,0.2165242,1
2023,16,075,0.1894484,1
2023,16,077,0.1557377,1
2023,16,079,0.2222222,1
2023,16,081,0.1073298,1
2023,16,083,0.1837667,1
2023,16,085,0.1073298,1
2023,16,087,0.2147239,1
2023,17,001,0.2171336,1
2023,17,003,0.368421,1
2023,17,005,0.2191781,1
2023,17,007,0.2118227,1
2023,17,009,0.1641791,1
2023,17,011,0.1920223,1
2023,17,013,0.1572327,1
2023,17,015,0.1469979,1
2023,17,017,0.2013889,1
2023,17,019,0.2102828,1
2023,17,021,0.1985816,1
2023,17,023,0.1950208,1
2023,17,025,0.1966759,1
2023,17,027,0.1373832,1
2023,17,029,0.28965,1
2023,17,031,0.2192444,1
2023,17,033,0.1744387,1
2023,17,035,0.1878788,1
2023,17,037,0.2027901,1
2023,17,039,0.217484,1
2023,17,041,0.196944,1
2023,17,043,0.1376416,1
2023,17,045,0.2548638,1
2023,17,047,0.16875,1
2023,17,049,0.1652021,1
2023,17,051,0.2373541,1
2023,17,053,0.2160194,1
2023,17,055,0.2949039,1
2023,17,057,0.2421569,1
2023,17,059,0.2556818,1
2023,17,061,0.1904762,1
2023,17,063,0.2096463,1
2023,17,065,0.1683168,1
2023,17,067,0.1907308,1
2023,17,069,0.2605042,1
2023,17,071,0.2406417,1
2023,17,073,0.1748999,1
2023,17,075,0.2224745,1
2023,17,077,0.2621565,1
2023,17,079,0.1533333,1
2023,17,081,0.2939585,1
2023,17,083,0.16006600000000001,1
2023,17,085,0.1299213,1
2023,17,087,0.1823056,1
2023,17,089,0.1786371,1
2023,17,091,0.2442772,1
2023,17,093,0.1751443,1
2023,17,095,0.2338275,1
2023,17,097,0.1582996,1
2023,17,099,0.2145369,1
2023,17,101,0.2631579,1
2023,17,103,0.1917255,1
2023,17,105,0.199637,1
2023,17,107,0.2285012,1
2023,17,109,0.1897233,1
2023,17,111,0.1508256,1
2023,17,113,0.1788198,1
2023,17,115,0.2815005,1
2023,17,117,0.2068502,1
2023,17,119,0.2213639,1
2023,17,121,0.3054636,1
2023,17,123,0.1797101,1
2023,17,125,0.1847291,1
2023,17,127,0.2893519,1
2023,17,129,0.1253482,1
2023,17,131,0.1906694,1
2023,17,133,0.0942507,1
2023,17,135,0.2259215,1
2023,17,137,0.237998,1
2023,17,139,0.2219451,1
2023,17,141,0.1785497,1
2023,17,143,0.2405972,1
2023,17,145,0.2075134,1
2023,17,147,0.1403846,1
2023,17,149,0.2087683,1
2023,17,151,0.225,1
2023,17,153,0.2974684,1
2023,17,155,0.2116402,1
2023,17,157,0.2237443,1
2023,17,159,0.2281059,1
2023,17,161,0.2262295,1
2023,17,163,0.2869914,1
2023,17,165,0.2804568,1
2023,17,167,0.2120857,1
2023,17,169,0.1915888,1
2023,17,171,0.1631206,1
2023,17,173,0.2405892,1
2023,17,175,0.1893939,1
2023,17,177,0.2102313,1
2023,17,179,0.1809785,1
2023,17,181,0.209776,1
2023,17,183,0.3315043,1
2023,17,185,0.2618384,1
2023,17,187,0.2255245,1
2023,17,189,0.1273585,1
2023,17,191,0.2188235,1
2023,17,193,0.2451613,1
2023,17,195,0.2179487,1
2023,17,197,0.1878693,1
2023,17,199,0.2552108,1
2023,17,201,0.2574458,1
2023,17,203,0.1287813,1
2023,18,001,0.1475237,1
2023,18,003,0.213181,1
2023,18,005,0.1840092,1
2023,18,007,0.2,1
2023,18,009,0.2252747,1
2023,18,011,0.160833,1
2023,18,013,0.1486486,1
2023,18,015,0.2082019,1
2023,18,017,0.2914838,1
2023,18,019,0.2615578,1
2023,18,021,0.23236010000000001,1
2023,18,023,0.2706237,1
2023,18,025,0.2560647,1
2023,18,027,0.1682578,1
2023,18,029,0.1962447,1
2023,18,031,0.2282209,1
2023,18,033,0.2097242,1
2023,18,035,0.2554902,1
2023,18,037,0.1327893,1
2023,18,039,0.2310842,1
2023,18,041,0.2911565,1
2023,18,043,0.2172839,1
2023,18,045,0.2127273,1
2023,18,047,0.1972028,1
2023,18,049,0.2237443,1
2023,18,051,0.2226345,1
2023,18,053,0.2988786,1
2023,18,055,0.2212766,1
2023,18,057,0.1150836,1
2023,18,059,0.1668397,1
2023,18,061,0.2001488,1
2023,18,063,0.1724954,1
2023,18,065,0.245828,1
2023,18,067,0.2782772,1
2023,18,069,0.1958159,1
2023,18,071,0.2473271,1
2023,18,073,0.1925996,1
2023,18,075,0.2209493,1
2023,18,077,0.2750243,1
2023,18,079,0.237819,1
2023,18,081,0.1879743,1
2023,18,083,0.26642,1
2023,18,085,0.1958266,1
2023,18,087,0.128125,1
2023,18,089,0.2604858,1
2023,18,091,0.2392065,1
2023,18,093,0.2345679,1
2023,18,095,0.2594502,1
2023,18,097,0.3065223,1
2023,18,099,0.1803636,1
2023,18,101,0.1607629,1
2023,18,103,0.2533609,1
2023,18,105,0.1709763,1
2023,18,107,0.2054561,1
2023,18,109,0.2139968,1
2023,18,111,0.2241015,1
2023,18,113,0.2221429,1
2023,18,115,0.2424242,1
2023,18,117,0.2231405,1
2023,18,119,0.2193878,1
2023,18,121,0.166302,1
2023,18,123,0.1886447,1
2023,18,125,0.2010309,1
2023,18,127,0.1635453,1
2023,18,129,0.146283,1
2023,18,131,0.2271663,1
2023,18,133,0.2218247,1
2023,18,135,0.233244,1
2023,18,137,0.2034079,1
2023,18,139,0.2800789,1
2023,18,141,0.2283327,1
2023,18,143,0.3157895,1
2023,18,145,0.2360515,1
2023,18,147,0.1848341,1
2023,18,149,0.2403983,1
2023,18,151,0.2191781,1
2023,18,153,0.2272727,1
2023,18,155,0.2519084,1
2023,18,157,0.2012263,1
2023,18,159,0.2107356,1
2023,18,161,0.1983806,1
2023,18,163,0.2485437,1
2023,18,165,0.180198,1
2023,18,167,0.2914197,1
2023,18,169,0.1937437,1
2023,18,171,0.2025317,1
2023,18,173,0.154644,1
2023,18,175,0.2401903,1
2023,18,177,0.2690981,1
2023,18,179,0.150838,1
2023,18,181,0.2237017,1
2023,18,183,0.1549953,1
2023,19,001,0.1617021,1
2023,19,003,0.1351351,1
2023,19,005,0.1288515,1
2023,19,007,0.2405405,1
2023,19,009,0.1533333,1
2023,19,011,0.1486658,1
2023,19,013,0.2256649,1
2023,19,015,0.1411339,1
2023,19,017,0.1034031,1
2023,19,019,0.1308244,1
2023,19,021,0.1845878,1
2023,19,023,0.1103448,1
2023,19,025,0.1382637,1
2023,19,027,0.1192369,1
2023,19,029,0.1738095,1
2023,19,031,0.1545139,1
2023,19,033,0.1723636,1
2023,19,035,0.1538462,1
2023,19,037,0.1274238,1
2023,19,039,0.2153846,1
2023,19,041,0.1685393,1
2023,19,043,0.12137680000000001,1
2023,19,045,0.2308219,1
2023,19,047,0.2064516,1
2023,19,049,0.1350588,1
2023,19,051,0.1304348,1
2023,19,053,0.1570681,1
2023,19,055,0.1098266,1
2023,19,057,0.2231337,1
2023,19,059,0.1107595,1
2023,19,061,0.1419061,1
2023,19,063,0.1481481,1
2023,19,065,0.1779026,1
2023,19,067,0.1930586,1
2023,19,069,0.1558935,1
2023,19,071,0.1971831,1
2023,19,073,0.1627907,1
2023,19,075,0.1182796,1
2023,19,077,0.1183801,1
2023,19,079,0.1843818,1
2023,19,081,0.1227545,1
2023,19,083,0.1758893,1
2023,19,085,0.1538462,1
2023,19,087,0.1986183,1
2023,19,089,0.1134021,1
2023,19,091,0.1493506,1
2023,19,093,0.1136364,1
2023,19,095,0.1277891,1
2023,19,097,0.1513261,1
2023,19,099,0.2018349,1
2023,19,101,0.185654,1
2023,19,103,0.1346604,1
2023,19,105,0.1448819,1
2023,19,107,0.1737705,1
2023,19,109,0.1285403,1
2023,19,111,0.2494908,1
2023,19,113,0.1929772,1
2023,19,115,0.1764706,1
2023,19,117,0.1834061,1
2023,19,119,0.0797721,1
2023,19,121,0.140264,1
2023,19,123,0.171386,1
2023,19,125,0.172381,1
2023,19,127,0.2077922,1
2023,19,129,0.125,1
2023,19,131,0.1180328,1
2023,19,133,0.1821561,1
2023,19,135,0.2297872,1
2023,19,137,0.2111437,1
2023,19,139,0.2199529,1
2023,19,141,0.1445498,1
2023,19,143,0.1584699,1
2023,19,145,0.1738035,1
2023,19,147,0.1259843,1
2023,19,149,0.1227217,1
2023,19,151,0.1857708,1
2023,19,153,0.1827264,1
2023,19,155,0.2274294,1
2023,19,157,0.1663653,1
2023,19,159,0.1858407,1
2023,19,161,0.1402214,1
2023,19,163,0.205487,1
2023,19,165,0.1481481,1
2023,19,167,0.0809372,1
2023,19,169,0.1282051,1
2023,19,171,0.2092555,1
2023,19,173,0.227027,1
2023,19,175,0.2074303,1
2023,19,177,0.177665,1
2023,19,179,0.2600768,1
2023,19,181,0.1407263,1
2023,19,183,0.1714719,1
2023,19,185,0.1895735,1
2023,19,187,0.2227314,1
2023,19,189,0.1213115,1
2023,19,191,0.0723562,1
2023,19,193,0.2314267,1
2023,19,195,0.1073171,1
2023,19,197,0.1850829,1
2023,20,001,0.2924791,1
2023,20,003,0.1695652,1
2023,20,005,0.1691332,1
2023,20,007,0.1686047,1
2023,20,009,0.1957672,1
2023,20,011,0.2482759,1
2023,20,013,0.1797386,1
2023,20,015,0.1800499,1
2023,20,017,0.1967213,1
2023,20,019,0.2875,1
2023,20,021,0.307438,1
2023,20,023,0.1690141,1
2023,20,025,NA,NA
2023,20,027,0.1636364,1
2023,20,029,0.1951219,1
2023,20,031,0.1208791,1
2023,20,033,0.1206897,1
2023,20,035,0.2521408,1
2023,20,037,0.2285192,1
2023,20,039,0.15,1
2023,20,041,0.2100977,1
2023,20,043,0.1980676,1
2023,20,045,0.1816017,1
2023,20,047,0.1884058,1
2023,20,049,0.2105263,1
2023,20,051,0.1558139,1
2023,20,053,0.2011494,1
2023,20,055,0.2230347,1
2023,20,057,0.2213656,1
2023,20,059,0.2613065,1
2023,20,061,0.2818262,1
2023,20,063,0.1020408,1
2023,20,065,0.127907,1
2023,20,067,0.1764706,1
2023,20,069,0.06,1
2023,20,071,NA,NA
2023,20,073,0.2380952,1
2023,20,075,0.1388889,1
2023,20,077,0.1893491,1
2023,20,079,0.1724846,1
2023,20,081,0.1752577,1
2023,20,083,NA,NA
2023,20,085,0.1590414,1
2023,20,087,0.1387097,1
2023,20,089,0.1772152,1
2023,20,091,0.1293612,1
2023,20,093,0.1714286,1
2023,20,095,0.1761905,1
2023,20,097,0.0138889,1
2023,20,099,0.3042735,1
2023,20,101,0.1470588,1
2023,20,103,0.2087527,1
2023,20,105,0.2025317,1
2023,20,107,0.2413793,1
2023,20,109,0.1555556,1
2023,20,111,0.1941964,1
2023,20,113,0.1776815,1
2023,20,115,0.1543027,1
2023,20,117,0.124183,1
2023,20,119,0.1206897,1
2023,20,121,0.1611722,1
2023,20,123,0.0877193,1
2023,20,125,0.2881166,1
2023,20,127,0.1916168,1
2023,20,129,0.3026316,1
2023,20,131,0.0769231,1
2023,20,133,0.2183406,1
2023,20,135,0.1382979,1
2023,20,137,0.162963,1
2023,20,139,0.2012073,1
2023,20,141,0.2627119,1
2023,20,143,0.2090396,1
2023,20,145,0.2542373,1
2023,20,147,0.1568628,1
2023,20,149,0.0969697,1
2023,20,151,0.1824324,1
2023,20,153,0.125,1
2023,20,155,0.2716049,1
2023,20,157,0.1518987,1
2023,20,159,0.214876,1
2023,20,161,0.1708571,1
2023,20,163,0.2206897,1
2023,20,165,0.2105263,1
2023,20,167,0.2307692,1
2023,20,169,0.2553451,1
2023,20,171,0.1588235,1
2023,20,173,0.2353999,1
2023,20,175,0.2415842,1
2023,20,177,0.226465,1
2023,20,179,0.1038961,1
2023,20,181,0.1657143,1
2023,20,183,0.1428571,1
2023,20,185,0.203252,1
2023,20,187,0.122807,1
2023,20,189,0.1883117,1
2023,20,191,0.1928783,1
2023,20,193,0.1415094,1
2023,20,195,0.1428571,1
2023,20,197,0.0946746,1
2023,20,199,NA,NA
2023,20,201,0.1129032,1
2023,20,203,NA,NA
2023,20,205,0.2042553,1
2023,20,207,0.2222222,1
2023,20,209,0.3433531,1
2023,21,001,0.2249071,1
2023,21,003,0.2627512,1
2023,21,005,0.2255846,1
2023,21,007,0.2580645,1
2023,21,009,0.3031203,1
2023,21,011,0.2967914,1
2023,21,013,0.3796526,1
2023,21,015,0.2035722,1
2023,21,017,0.2997118,1
2023,21,019,0.3322281,1
2023,21,021,0.2454448,1
2023,21,023,0.2097902,1
2023,21,025,0.2977528,1
2023,21,027,0.2246777,1
2023,21,029,0.2272899,1
2023,21,031,0.3263707,1
2023,21,033,0.2493573,1
2023,21,035,0.2045889,1
2023,21,037,0.197934,1
2023,21,039,0.2567568,1
2023,21,041,0.3594203,1
2023,21,043,0.3048369,1
2023,21,045,0.2741936,1
2023,21,047,0.3355742,1
2023,21,049,0.2791082,1
2023,21,051,0.4089404,1
2023,21,053,0.3150685,1
2023,21,055,0.2339623,1
2023,21,057,0.2820513,1
2023,21,059,0.232352,1
2023,21,061,0.2366197,1
2023,21,063,0.3591549,1
2023,21,065,0.3002257,1
2023,21,067,0.2407161,1
2023,21,069,0.2857143,1
2023,21,071,0.3137255,1
2023,21,073,0.2573062,1
2023,21,075,0.4444444,1
2023,21,077,0.3115385,1
2023,21,079,0.2352941,1
2023,21,081,0.3172738,1
2023,21,083,0.2588968,1
2023,21,085,0.2746234,1
2023,21,087,0.2083333,1
2023,21,089,0.2875696,1
2023,21,091,0.2161172,1
2023,21,093,0.2721272,1
2023,21,095,0.3536896,1
2023,21,097,0.2686084,1
2023,21,099,0.3008547,1
2023,21,101,0.2678937,1
2023,21,103,0.2565657,1
2023,21,105,0.1953125,1
2023,21,107,0.2727273,1
2023,21,109,0.2759494,1
2023,21,111,0.2831837,1
2023,21,113,0.2466236,1
2023,21,115,0.323741,1
2023,21,117,0.2444487,1
2023,21,119,0.2990196,1
2023,21,121,0.375,1
2023,21,123,0.2395604,1
2023,21,125,0.310642,1
2023,21,127,0.3466136,1
2023,21,129,0.3299492,1
2023,21,131,0.3089172,1
2023,21,133,0.3390093,1
2023,21,135,0.3160622,1
2023,21,137,0.3085554,1
2023,21,139,0.2825397,1
2023,21,141,0.2848837,1
2023,21,143,0.2157676,1
2023,21,145,0.2656474,1
2023,21,147,0.3136364,1
2023,21,149,0.2402827,1
2023,21,151,0.2755933,1
2023,21,153,0.3514986,1
2023,21,155,0.2517483,1
2023,21,157,0.1902174,1
2023,21,159,0.3363363,1
2023,21,161,0.2841727,1
2023,21,163,0.2300509,1
2023,21,165,0.2718447,1
2023,21,167,0.1994716,1
2023,21,169,0.2664671,1
2023,21,171,0.25,1
2023,21,173,0.3060296,1
2023,21,175,0.3232323,1
2023,21,177,0.2909292,1
2023,21,179,0.2166317,1
2023,21,181,0.3474178,1
2023,21,183,0.2794326,1
2023,21,185,0.1238579,1
2023,21,187,0.2553957,1
2023,21,189,0.3188406,1
2023,21,191,0.2591837,1
2023,21,193,0.344994,1
2023,21,195,0.2892977,1
2023,21,197,0.3737864,1
2023,21,199,0.2701804,1
2023,21,201,0.2241379,1
2023,21,203,0.3090129,1
2023,21,205,0.32667620000000003,1
2023,21,207,0.2269503,1
2023,21,209,0.2282794,1
2023,21,211,0.2251701,1
2023,21,213,0.3157051,1
2023,21,215,0.1768595,1
2023,21,217,0.2718563,1
2023,21,219,0.2473118,1
2023,21,221,0.2264151,1
2023,21,223,0.3037037,1
2023,21,225,0.2352941,1
2023,21,227,0.2696296,1
2023,21,229,0.2682927,1
2023,21,231,0.2699681,1
2023,21,233,0.2208437,1
2023,21,235,0.3433098,1
2023,21,237,0.2808511,1
2023,21,239,0.166309,1
2023,22,001,0.3180097,1
2023,22,003,0.3366013,1
2023,22,005,0.2618725,1
2023,22,007,0.3397745,1
2023,22,009,0.3716337,1
2023,22,011,0.3118581,1
2023,22,013,0.3765281,1
2023,22,015,0.3042888,1
2023,22,017,0.3951635,1
2023,22,019,0.3640777,1
2023,22,021,0.3111111,1
2023,22,023,0.2820513,1
2023,22,025,0.3405018,1
2023,22,027,0.3425693,1
2023,22,029,0.3995984,1
2023,22,031,0.3632075,1
2023,22,033,0.3458388,1
2023,22,035,0.3978495,1
2023,22,037,0.3488806,1
2023,22,039,0.3009153,1
2023,22,041,0.3080725,1
2023,22,043,0.2889273,1
2023,22,045,0.3534524,1
2023,22,047,0.3653618,1
2023,22,049,0.2932692,1
2023,22,051,0.289653,1
2023,22,053,0.2975432,1
2023,22,055,0.2789647,1
2023,22,057,0.2586514,1
2023,22,059,0.3180593,1
2023,22,061,0.3063063,1
2023,22,063,0.2992069,1
2023,22,065,0.4820717,1
2023,22,067,0.3731707,1
2023,22,069,0.3257576,1
2023,22,071,0.3586242,1
2023,22,073,0.3354218,1
2023,22,075,0.254386,1
2023,22,077,0.2933754,1
2023,22,079,0.332636,1
2023,22,081,0.3955556,1
2023,22,083,0.3669872,1
2023,22,085,0.3319893,1
2023,22,087,0.3786008,1
2023,22,089,0.257239,1
2023,22,091,0.4378882,1
2023,22,093,0.32131150000000003,1
2023,22,095,0.4012393,1
2023,22,097,0.3571727,1
2023,22,099,0.3064516,1
2023,22,101,0.3946816,1
2023,22,103,0.2460544,1
2023,22,105,0.3438214,1
2023,22,107,0.3893805,1
2023,22,109,0.3250895,1
2023,22,111,0.2619048,1
2023,22,113,0.3270548,1
2023,22,115,0.3103964,1
2023,22,117,0.4045741,1
2023,22,119,0.3631147,1
2023,22,121,0.311138,1
2023,22,123,0.2914286,1
2023,22,125,0.3263158,1
2023,22,127,0.2993039,1
2023,23,001,0.2306373,1
2023,23,003,0.174221,1
2023,23,005,0.1318534,1
2023,23,007,0.189044,1
2023,23,009,0.1829601,1
2023,23,011,0.240667,1
2023,23,013,0.1524083,1
2023,23,015,0.1826372,1
2023,23,017,0.2252747,1
2023,23,019,0.2137198,1
2023,23,021,0.1577181,1
2023,23,023,0.192026,1
2023,23,025,0.2819767,1
2023,23,027,0.1989122,1
2023,23,029,0.2222222,1
2023,23,031,0.168903,1
2023,24,001,0.2404145,1
2023,24,003,0.1695596,1
2023,24,005,0.2208745,1
2023,24,009,0.154161,1
2023,24,011,0.2537764,1
2023,24,013,0.1229552,1
2023,24,015,0.2341022,1
2023,24,017,0.2401704,1
2023,24,019,0.2865731,1
2023,24,021,0.1337268,1
2023,24,023,0.1680473,1
2023,24,025,0.168509,1
2023,24,027,0.1246285,1
2023,24,029,0.1636364,1
2023,24,031,0.1293758,1
2023,24,033,0.2902937,1
2023,24,035,0.1523297,1
2023,24,037,0.16793,1
2023,24,039,0.3733766,1
2023,24,041,0.1371571,1
2023,24,043,0.2201395,1
2023,24,045,0.2944652,1
2023,24,047,0.1762902,1
2023,24,510,0.3520266,1
2023,25,001,0.1133172,1
2023,25,003,0.1649028,1
2023,25,005,0.1875866,1
2023,25,007,0.1069012,1
2023,25,009,0.1554107,1
2023,25,011,0.1308534,1
2023,25,013,0.2341222,1
2023,25,015,0.1042134,1
2023,25,017,0.1077895,1
2023,25,019,0.1334623,1
2023,25,021,0.1050172,1
2023,25,023,0.1468115,1
2023,25,025,0.1817335,1
2023,25,027,0.1643447,1
2023,26,001,0.1734417,1
2023,26,003,0.137037,1
2023,26,005,0.1608219,1
2023,26,007,0.1706349,1
2023,26,009,0.145977,1
2023,26,011,0.1812367,1
2023,26,013,0.1918819,1
2023,26,015,0.1693038,1
2023,26,017,0.1871221,1
2023,26,019,0.1157407,1
2023,26,021,0.2148611,1
2023,26,023,0.2544197,1
2023,26,025,0.2777647,1
2023,26,027,0.2306639,1
2023,26,029,0.1531322,1
2023,26,031,0.1822222,1
2023,26,033,0.194605,1
2023,26,035,0.2485981,1
2023,26,037,0.1347633,1
2023,26,039,0.2004717,1
2023,26,041,0.1788553,1
2023,26,043,0.1940639,1
2023,26,045,0.1877755,1
2023,26,047,0.1454248,1
2023,26,049,0.2710104,1
2023,26,051,0.2109557,1
2023,26,053,0.21875,1
2023,26,055,0.1292432,1
2023,26,057,0.1980548,1
2023,26,059,0.2225476,1
2023,26,061,0.1297787,1
2023,26,063,0.1310085,1
2023,26,065,0.2142106,1
2023,26,067,0.219237,1
2023,26,069,0.2135356,1
2023,26,071,0.2676768,1
2023,26,073,0.2275313,1
2023,26,075,0.2208117,1
2023,26,077,0.1985631,1
2023,26,079,0.2266436,1
2023,26,081,0.1737677,1
2023,26,083,0.1269841,1
2023,26,085,0.2295082,1
2023,26,087,0.1734475,1
2023,26,089,0.0861423,1
2023,26,091,0.2085106,1
2023,26,093,0.1157119,1
2023,26,095,0.1398601,1
2023,26,097,0.1831395,1
2023,26,099,0.2014476,1
2023,26,101,0.170441,1
2023,26,103,0.1578141,1
2023,26,105,0.1741344,1
2023,26,107,0.1938534,1
2023,26,109,0.1590909,1
2023,26,111,0.1595827,1
2023,26,113,0.1707317,1
2023,26,115,0.1995446,1
2023,26,117,0.2356688,1
2023,26,119,0.1823899,1
2023,26,121,0.2614636,1
2023,26,123,0.2126963,1
2023,26,125,0.1556863,1
2023,26,127,0.212485,1
2023,26,129,0.1916084,1
2023,26,131,0.1640212,1
2023,26,133,0.2553191,1
2023,26,135,0.2260274,1
2023,26,137,0.1693182,1
2023,26,139,0.1257711,1
2023,26,141,0.1509009,1
2023,26,143,0.1891892,1
2023,26,145,0.2364309,1
2023,26,147,0.1961842,1
2023,26,149,0.2323232,1
2023,26,151,0.18858,1
2023,26,153,0.2023346,1
2023,26,155,0.205036,1
2023,26,157,0.1894374,1
2023,26,159,0.1930823,1
2023,26,161,0.1355291,1
2023,26,163,0.3157974,1
2023,26,165,0.2208047,1
2023,27,001,0.1638225,1
2023,27,003,0.1204119,1
2023,27,005,0.1275797,1
2023,27,007,0.1710526,1
2023,27,009,0.1610845,1
2023,27,011,0.0653595,1
2023,27,013,0.1501057,1
2023,27,015,0.0851319,1
2023,27,017,0.1208791,1
2023,27,019,0.0745848,1
2023,27,021,0.1302999,1
2023,27,023,0.1344538,1
2023,27,025,0.1094675,1
2023,27,027,0.1450084,1
2023,27,029,0.1312057,1
2023,27,031,0.0619048,1
2023,27,033,0.1212938,1
2023,27,035,0.1265942,1
2023,27,037,0.1104944,1
2023,27,039,0.0968254,1
2023,27,041,0.0835118,1
2023,27,043,0.1758475,1
2023,27,045,0.110935,1
2023,27,047,0.1412134,1
2023,27,049,0.0948332,1
2023,27,051,0.0810811,1
2023,27,053,0.1225054,1
2023,27,055,0.0775444,1
2023,27,057,0.1044177,1
2023,27,059,0.1270758,1
2023,27,061,0.1156463,1
2023,27,063,0.1395349,1
2023,27,065,0.1530249,1
2023,27,067,0.122741,1
2023,27,069,0.0958904,1
2023,27,071,0.1141439,1
2023,27,073,0.1398964,1
2023,27,075,0.0816327,1
2023,27,077,0.1548387,1
2023,27,079,0.1163955,1
2023,27,081,0.1149425,1
2023,27,083,0.08933,1
2023,27,085,0.1178058,1
2023,27,087,0.2846154,1
2023,27,089,0.1357143,1
2023,27,091,0.1482036,1
2023,27,093,0.1206897,1
2023,27,095,0.1533333,1
2023,27,097,0.1001742,1
2023,27,099,0.1669355,1
2023,27,101,0.1277955,1
2023,27,103,0.0884574,1
2023,27,105,0.1292835,1
2023,27,107,0.1401274,1
2023,27,109,0.111285,1
2023,27,111,0.1018753,1
2023,27,113,0.1681818,1
2023,27,115,0.1728395,1
2023,27,117,0.1012146,1
2023,27,119,0.1099537,1
2023,27,121,0.0977199,1
2023,27,123,0.144529,1
2023,27,125,0.0894309,1
2023,27,127,0.1292517,1
2023,27,129,0.1376975,1
2023,27,131,0.1193634,1
2023,27,133,0.1174377,1
2023,27,135,0.1171367,1
2023,27,137,0.1312982,1
2023,27,139,0.1,1
2023,27,141,0.1117972,1
2023,27,143,0.098434,1
2023,27,145,0.1224014,1
2023,27,147,0.1286307,1
2023,27,149,0.0817121,1
2023,27,151,0.1074919,1
2023,27,153,0.1430921,1
2023,27,155,0.08,1
2023,27,157,0.0690789,1
2023,27,159,0.135468,1
2023,27,161,0.1477663,1
2023,27,163,0.0820289,1
2023,27,165,0.1746032,1
2023,27,167,0.1823899,1
2023,27,169,0.1180304,1
2023,27,171,0.0927277,1
2023,27,173,0.1146245,1
2023,28,001,0.3668508,1
2023,28,003,0.2308429,1
2023,28,005,0.3042328,1
2023,28,007,0.3275862,1
2023,28,009,0.3189189,1
2023,28,011,0.3392019,1
2023,28,013,0.3184524,1
2023,28,015,0.2922374,1
2023,28,017,0.3277778,1
2023,28,019,0.315508,1
2023,28,021,0.4090909,1
2023,28,023,0.2930649,1
2023,28,025,0.326,1
2023,28,027,0.447099,1
2023,28,029,0.3639661,1
2023,28,031,0.3285714,1
2023,28,033,0.239647,1
2023,28,035,0.3145585,1
2023,28,037,0.2596685,1
2023,28,039,0.2596273,1
2023,28,041,0.3024194,1
2023,28,043,0.3328149,1
2023,28,045,0.2387659,1
2023,28,047,0.3094406,1
2023,28,049,0.375459,1
2023,28,051,0.4515539,1
2023,28,053,0.3866667,1
2023,28,055,NA,NA
2023,28,057,0.2340426,1
2023,28,059,0.2641975,1
2023,28,061,0.328972,1
2023,28,063,0.42,1
2023,28,065,0.3412699,1
2023,28,067,0.3011134,1
2023,28,069,0.3214286,1
2023,28,071,0.2036646,1
2023,28,073,0.2214624,1
2023,28,075,0.3138862,1
2023,28,077,0.3493151,1
2023,28,079,0.3692811,1
2023,28,081,0.2640124,1
2023,28,083,0.3736842,1
2023,28,085,0.2792793,1
2023,28,087,0.291807,1
2023,28,089,0.2114695,1
2023,28,091,0.3146667,1
2023,28,093,0.2744227,1
2023,28,095,0.2850596,1
2023,28,097,0.2900552,1
2023,28,099,0.3265007,1
2023,28,101,0.2453083,1
2023,28,103,0.3835616,1
2023,28,105,0.2666667,1
2023,28,107,0.3656863,1
2023,28,109,0.2872629,1
2023,28,111,0.2744479,1
2023,28,113,0.3480851,1
2023,28,115,0.26082,1
2023,28,117,0.2556894,1
2023,28,119,0.4658385,1
2023,28,121,0.2232085,1
2023,28,123,0.3187097,1
2023,28,125,0.468254,1
2023,28,127,0.3096386,1
2023,28,129,0.2469136,1
2023,28,131,0.3106061,1
2023,28,133,0.3771331,1
2023,28,135,0.3618421,1
2023,28,137,0.2702051,1
2023,28,139,0.2721618,1
2023,28,141,0.2299652,1
2023,28,143,0.4387097,1
2023,28,145,0.2620137,1
2023,28,147,0.3211679,1
2023,28,149,0.3156664,1
2023,28,151,0.357551,1
2023,28,153,0.380531,1
2023,28,155,0.2389078,1
2023,28,157,0.3551402,1
2023,28,159,0.3214953,1
2023,28,161,0.3103448,1
2023,28,163,0.4359712,1
2023,29,001,0.233119,1
2023,29,003,0.1547389,1
2023,29,005,0.1578947,1
2023,29,007,0.2762803,1
2023,29,009,0.2607422,1
2023,29,011,0.2320442,1
2023,29,013,0.2582057,1
2023,29,015,0.2254733,1
2023,29,017,0.271875,1
2023,29,019,0.2057389,1
2023,29,021,0.2817008,1
2023,29,023,0.3670462,1
2023,29,025,0.2418773,1
2023,29,027,0.2322485,1
2023,29,029,0.2107438,1
2023,29,031,0.2387443,1
2023,29,033,0.2451362,1
2023,29,035,0.2478632,1
2023,29,037,0.2281567,1
2023,29,039,0.2662037,1
2023,29,041,0.1871345,1
2023,29,043,0.1654212,1
2023,29,045,0.2307692,1
2023,29,047,0.2026515,1
2023,29,049,0.2343967,1
2023,29,051,0.2189119,1
2023,29,053,0.222664,1
2023,29,055,0.2547945,1
2023,29,057,0.2207207,1
2023,29,059,0.2746479,1
2023,29,061,0.1869919,1
2023,29,063,0.1559322,1
2023,29,065,0.2723311,1
2023,29,067,0.2,1
2023,29,069,0.4183908,1
2023,29,071,0.2103606,1
2023,29,073,0.1844262,1
2023,29,075,0.1990291,1
2023,29,077,0.2347383,1
2023,29,079,0.2490842,1
2023,29,081,0.1583333,1
2023,29,083,0.2717087,1
2023,29,085,0.2805755,1
2023,29,087,0.1764706,1
2023,29,089,0.1911263,1
2023,29,091,0.2533544,1
2023,29,093,0.2765273,1
2023,29,095,0.2974424,1
2023,29,097,0.2932311,1
2023,29,099,0.2251123,1
2023,29,101,0.2021144,1
2023,29,103,0.2272727,1
2023,29,105,0.2751905,1
2023,29,107,0.2314286,1
2023,29,109,0.2386364,1
2023,29,111,0.2307692,1
2023,29,113,0.2214464,1
2023,29,115,0.1788235,1
2023,29,117,0.221393,1
2023,29,119,0.3572621,1
2023,29,121,0.2167689,1
2023,29,123,0.2919708,1
2023,29,125,0.2145749,1
2023,29,127,0.2502493,1
2023,29,129,0.1627907,1
2023,29,131,0.2914923,1
2023,29,133,0.3989501,1
2023,29,135,0.1995413,1
2023,29,137,0.2177778,1
2023,29,139,0.2624672,1
2023,29,141,0.2077922,1
2023,29,143,0.4311377,1
2023,29,145,0.255814,1
2023,29,147,0.1523643,1
2023,29,149,0.2403433,1
2023,29,151,0.1496259,1
2023,29,153,0.1919192,1
2023,29,155,0.4640371,1
2023,29,157,0.2115385,1
2023,29,159,0.2633229,1
2023,29,161,0.2176428,1
2023,29,163,0.2769231,1
2023,29,165,0.1827146,1
2023,29,167,0.2445848,1
2023,29,169,0.2443306,1
2023,29,171,0.1532847,1
2023,29,173,0.1993958,1
2023,29,175,0.2886003,1
2023,29,177,0.2490372,1
2023,29,179,0.2424242,1
2023,29,181,0.3535109,1
2023,29,183,0.1532338,1
2023,29,185,0.2891986,1
2023,29,186,0.1891026,1
2023,29,187,0.2996012,1
2023,29,189,0.2210603,1
2023,29,195,0.3245341,1
2023,29,197,0.16,1
2023,29,199,0.1311475,1
2023,29,201,0.3552736,1
2023,29,203,0.2882883,1
2023,29,205,0.1937173,1
2023,29,207,0.3040752,1
2023,29,209,0.1848825,1
2023,29,211,0.2463054,1
2023,29,213,0.2545717,1
2023,29,215,0.2630137,1
2023,29,217,0.2933754,1
2023,29,219,0.2350877,1
2023,29,221,0.3582802,1
2023,29,223,0.3016949,1
2023,29,225,0.203483,1
2023,29,227,0.1506849,1
2023,29,229,0.2534246,1
2023,29,510,0.3759806,1
2023,30,001,0.1353135,1
2023,30,003,0.3886926,1
2023,30,005,0.245509,1
2023,30,007,0.1206349,1
2023,30,009,0.1372032,1
2023,30,011,NA,NA
2023,30,013,0.1835712,1
2023,30,015,0.1094891,1
2023,30,017,0.1680441,1
2023,30,019,0.0701754,1
2023,30,021,0.1909722,1
2023,30,023,0.21875,1
2023,30,025,0.0752688,1
2023,30,027,0.1166667,1
2023,30,029,0.1284217,1
2023,30,031,0.1104808,1
2023,30,033,NA,NA
2023,30,035,0.3128834,1
2023,30,037,NA,NA
2023,30,039,0.1616162,1
2023,30,041,0.2367257,1
2023,30,043,0.1081081,1
2023,30,045,0.1290323,1
2023,30,047,0.1523895,1
2023,30,049,0.1407895,1
2023,30,051,NA,NA
2023,30,053,0.1680108,1
2023,30,055,0.1129032,1
2023,30,057,0.1033333,1
2023,30,059,0.1147541,1
2023,30,061,0.208,1
2023,30,063,0.1469795,1
2023,30,065,0.1797753,1
2023,30,067,0.1212121,1
2023,30,069,NA,NA
2023,30,071,0.119403,1
2023,30,073,0.1555556,1
2023,30,075,NA,NA
2023,30,077,0.1935484,1
2023,30,079,0.1071429,1
2023,30,081,0.1448052,1
2023,30,083,0.2298851,1
2023,30,085,0.3667954,1
2023,30,087,0.3113773,1
2023,30,089,0.1304348,1
2023,30,091,0.1496063,1
2023,30,093,0.2043011,1
2023,30,095,0.1381579,1
2023,30,097,0.1304348,1
2023,30,099,0.0928962,1
2023,30,101,0.173913,1
2023,30,103,0.1764706,1
2023,30,105,0.2038835,1
2023,30,107,NA,NA
2023,30,109,NA,NA
2023,30,111,0.1926373,1
2023,31,001,0.16053509999999999,1
2023,31,003,0.1142857,1
2023,31,005,NA,NA
2023,31,007,NA,NA
2023,31,009,NA,NA
2023,31,011,0.0872093,1
2023,31,013,0.1371429,1
2023,31,015,NA,NA
2023,31,017,0.1037736,1
2023,31,019,0.1610228,1
2023,31,021,0.1268293,1
2023,31,023,0.0912863,1
2023,31,025,0.1338863,1
2023,31,027,0.096,1
2023,31,029,0.106383,1
2023,31,031,0.1391753,1
2023,31,033,0.168254,1
2023,31,035,0.1116505,1
2023,31,037,0.1519435,1
2023,31,039,0.0974026,1
2023,31,041,0.1129568,1
2023,31,043,0.2062992,1
2023,31,045,0.1491936,1
2023,31,047,0.1730515,1
2023,31,049,0.1132075,1
2023,31,051,0.1153846,1
2023,31,053,0.1607875,1
2023,31,055,0.1818798,1
2023,31,057,0.0769231,1
2023,31,059,0.1534653,1
2023,31,061,0.1086956,1
2023,31,063,NA,NA
2023,31,065,0.1515152,1
2023,31,067,0.1328467,1
2023,31,069,NA,NA
2023,31,071,0.0833333,1
2023,31,073,0.0857143,1
2023,31,075,NA,NA
2023,31,077,NA,NA
2023,31,079,0.2418406,1
2023,31,081,0.1,1
2023,31,083,0.1625,1
2023,31,085,NA,NA
2023,31,087,0.1808511,1
2023,31,089,0.101227,1
2023,31,091,NA,NA
2023,31,093,0.1046512,1
2023,31,095,0.1336207,1
2023,31,097,0.214876,1
2023,31,099,0.1462264,1
2023,31,101,0.15625,1
2023,31,103,NA,NA
2023,31,105,0.173913,1
2023,31,107,0.1245283,1
2023,31,109,0.1519855,1
2023,31,111,0.1714286,1
2023,31,113,NA,NA
2023,31,115,NA,NA
2023,31,117,NA,NA
2023,31,119,0.1542461,1
2023,31,121,0.1568628,1
2023,31,123,0.19,1
2023,31,125,0.1130435,1
2023,31,127,0.1517857,1
2023,31,129,0.1,1
2023,31,131,0.1515748,1
2023,31,133,0.1333333,1
2023,31,135,0.0873786,1
2023,31,137,0.1213115,1
2023,31,139,0.1168831,1
2023,31,141,0.1339056,1
2023,31,143,0.1096774,1
2023,31,145,0.1487342,1
2023,31,147,0.1573034,1
2023,31,149,NA,NA
2023,31,151,0.1352041,1
2023,31,153,0.1257925,1
2023,31,155,0.0914543,1
2023,31,157,0.2100618,1
2023,31,159,0.1025105,1
2023,31,161,0.1083333,1
2023,31,163,0.1014493,1
2023,31,165,0.0784314,1
2023,31,167,0.141844,1
2023,31,169,0.0816327,1
2023,31,171,NA,NA
2023,31,173,0.3051948,1
2023,31,175,0.1048387,1
2023,31,177,0.096124,1
2023,31,179,0.0929204,1
2023,31,181,0.2,1
2023,31,183,NA,NA
2023,31,185,0.14439660000000001,1
2023,32,001,0.220681,1
2023,32,003,0.2803831,1
2023,32,005,0.1372437,1
2023,32,007,0.2333117,1
2023,32,009,NA,NA
2023,32,011,0.2037037,1
2023,32,013,0.2203065,1
2023,32,015,0.3233533,1
2023,32,017,0.1967213,1
2023,32,019,0.2696078,1
2023,32,021,0.2888889,1
2023,32,023,0.2541744,1
2023,32,027,0.3181818,1
2023,32,029,0.2692308,1
2023,32,031,0.2240688,1
2023,32,033,0.2572464,1
2023,32,510,0.2588652,1
2023,33,001,0.15915,1
2023,33,003,0.1413978,1
2023,33,005,0.1514297,1
2023,33,007,0.1803738,1
2023,33,009,0.1312276,1
2023,33,011,0.1543501,1
2023,33,013,0.1411607,1
2023,33,015,0.1209743,1
2023,33,017,0.1721507,1
2023,33,019,0.168185,1
2023,34,001,0.2190412,1
2023,34,003,0.1162904,1
2023,34,005,0.1771612,1
2023,34,007,0.2360317,1
2023,34,009,0.1399237,1
2023,34,011,0.2830147,1
2023,34,013,0.2413793,1
2023,34,015,0.1835819,1
2023,34,017,0.1738359,1
2023,34,019,0.0876068,1
2023,34,021,0.1919184,1
2023,34,023,0.1415245,1
2023,34,025,0.1289979,1
2023,34,027,0.0882964,1
2023,34,029,0.1331921,1
2023,34,031,0.1929781,1
2023,34,033,0.2381418,1
2023,34,035,0.1047414,1
2023,34,037,0.1386159,1
2023,34,039,0.1922658,1
2023,34,041,0.1639989,1
2023,35,001,0.2306628,1
2023,35,003,0.1290323,1
2023,35,005,0.3121924,1
2023,35,006,0.4003268,1
2023,35,007,0.2590674,1
2023,35,009,0.3163612,1
2023,35,011,0.20689660000000001,1
2023,35,013,0.2656604,1
2023,35,015,0.3156109,1
2023,35,017,0.2535377,1
2023,35,019,0.2647059,1
2023,35,021,NA,NA
2023,35,023,0.2913386,1
2023,35,025,0.4005538,1
2023,35,027,0.2173228,1
2023,35,028,0.0446735,1
2023,35,029,0.3250653,1
2023,35,031,0.4414317,1
2023,35,033,0.2671756,1
2023,35,035,0.2956476,1
2023,35,037,0.2547528,1
2023,35,039,0.2719704,1
2023,35,041,0.3768116,1
2023,35,043,0.2213328,1
2023,35,045,0.3189427,1
2023,35,047,0.2587322,1
2023,35,049,0.1758744,1
2023,35,051,0.2900763,1
2023,35,053,0.2851711,1
2023,35,055,0.2024833,1
2023,35,057,0.277027,1
2023,35,059,0.16,1
2023,35,061,0.2725694,1
2023,36,001,0.1884668,1
2023,36,003,0.1980122,1
2023,36,005,0.288157,1
2023,36,007,0.2115548,1
2023,36,009,0.2282158,1
2023,36,011,0.2210254,1
2023,36,013,0.2213158,1
2023,36,015,0.280856,1
2023,36,017,0.2260758,1
2023,36,019,0.1902104,1
2023,36,021,0.161709,1
2023,36,023,0.2098963,1
2023,36,025,0.1746548,1
2023,36,027,0.1635371,1
2023,36,029,0.1878091,1
2023,36,031,0.1530435,1
2023,36,033,0.1976659,1
2023,36,035,0.2539773,1
2023,36,037,0.1758366,1
2023,36,039,0.1832564,1
2023,36,041,0.1212121,1
2023,36,043,0.2236699,1
2023,36,045,0.2414888,1
2023,36,047,0.1805425,1
2023,36,049,0.1660182,1
2023,36,051,0.1693989,1
2023,36,053,0.1720978,1
2023,36,055,0.2016406,1
2023,36,057,0.2697035,1
2023,36,059,0.1146493,1
2023,36,061,0.1330833,1
2023,36,063,0.2039592,1
2023,36,065,0.2209371,1
2023,36,067,0.1925492,1
2023,36,069,0.1629673,1
2023,36,071,0.1781585,1
2023,36,073,0.2224066,1
2023,36,075,0.245574,1
2023,36,077,0.157402,1
2023,36,079,0.1038632,1
2023,36,081,0.1580099,1
2023,36,083,0.1935617,1
2023,36,085,0.1607987,1
2023,36,087,0.1187667,1
2023,36,089,0.2198052,1
2023,36,091,0.1363937,1
2023,36,093,0.2220168,1
2023,36,095,0.172043,1
2023,36,097,0.1816514,1
2023,36,099,0.23093,1
2023,36,101,0.2064381,1
2023,36,103,0.1365123,1
2023,36,105,0.2424377,1
2023,36,107,0.1836066,1
2023,36,109,0.1248212,1
2023,36,111,0.1665447,1
2023,36,113,0.1933806,1
2023,36,115,0.2149945,1
2023,36,117,0.1920806,1
2023,36,119,0.1367099,1
2023,36,121,0.1290863,1
2023,36,123,0.1592649,1
2023,37,001,0.268047,1
2023,37,003,0.2402288,1
2023,37,005,0.2163743,1
2023,37,007,0.490313,1
2023,37,009,0.1977887,1
2023,37,011,0.1972158,1
2023,37,013,0.3005284,1
2023,37,015,0.3892508,1
2023,37,017,0.4120763,1
2023,37,019,0.1869856,1
2023,37,021,0.1899558,1
2023,37,023,0.289241,1
2023,37,025,0.2705934,1
2023,37,027,0.2995681,1
2023,37,029,0.2111111,1
2023,37,031,0.1910722,1
2023,37,033,0.2923323,1
2023,37,035,0.2733524,1
2023,37,037,0.1565342,1
2023,37,039,0.2492114,1
2023,37,041,0.2668214,1
2023,37,043,0.200495,1
2023,37,045,0.3988954,1
2023,37,047,0.417737,1
2023,37,049,0.2756216,1
2023,37,051,0.3350167,1
2023,37,053,0.1835373,1
2023,37,055,0.1595136,1
2023,37,057,0.2957854,1
2023,37,059,0.2069219,1
2023,37,061,0.3700495,1
2023,37,063,0.2384334,1
2023,37,065,0.425346,1
2023,37,067,0.276414,1
2023,37,069,0.2661002,1
2023,37,071,0.348127,1
2023,37,073,0.3154762,1
2023,37,075,0.2711267,1
2023,37,077,0.2749541,1
2023,37,079,0.4478936,1
2023,37,081,0.2873084,1
2023,37,083,0.3746736,1
2023,37,085,0.3331532,1
2023,37,087,0.2037663,1
2023,37,089,0.1732875,1
2023,37,091,0.3916667,1
2023,37,093,0.3290156,1
2023,37,095,0.2434783,1
2023,37,097,0.2232201,1
2023,37,099,0.2241379,1
2023,37,101,0.2485114,1
2023,37,103,0.3855932,1
2023,37,105,0.2885974,1
2023,37,107,0.4158473,1
2023,37,109,0.2478203,1
2023,37,111,0.2685921,1
2023,37,113,0.2274607,1
2023,37,115,0.1991815,1
2023,37,117,0.3496042,1
2023,37,119,0.269452,1
2023,37,121,0.2299652,1
2023,37,123,0.3026152,1
2023,37,125,0.1699029,1
2023,37,127,0.3463865,1
2023,37,129,0.234183,1
2023,37,131,0.3036053,1
2023,37,133,0.2672857,1
2023,37,135,0.1187915,1
2023,37,137,0.3012346,1
2023,37,139,0.3106948,1
2023,37,141,0.2588981,1
2023,37,143,0.2517163,1
2023,37,145,0.269262,1
2023,37,147,0.3284758,1
2023,37,149,0.1879589,1
2023,37,151,0.254245,1
2023,37,153,0.3927273,1
2023,37,155,0.4539177,1
2023,37,157,0.2956376,1
2023,37,159,0.3159516,1
2023,37,161,0.2923604,1
2023,37,163,0.3122028,1
2023,37,165,0.466938,1
2023,37,167,0.3040507,1
2023,37,169,0.2371513,1
2023,37,171,0.2721698,1
2023,37,173,0.275,1
2023,37,175,0.1648016,1
2023,37,177,0.25,1
2023,37,179,0.2034281,1
2023,37,181,0.3908745,1
2023,37,183,0.1757411,1
2023,37,185,0.3236515,1
2023,37,187,0.3473389,1
2023,37,189,0.1281497,1
2023,37,191,0.3450373,1
2023,37,193,0.2970156,1
2023,37,195,0.3643892,1
2023,37,197,0.2672269,1
2023,37,199,0.2154696,1
2023,38,001,0.038961,1
2023,38,003,0.1273713,1
2023,38,005,0.2733333,1
2023,38,007,NA,NA
2023,38,009,0.1286765,1
2023,38,011,0.0740741,1
2023,38,013,0.1060606,1
2023,38,015,0.1167064,1
2023,38,017,0.1382863,1
2023,38,019,0.1068702,1
2023,38,021,0.0890411,1
2023,38,023,0.075,1
2023,38,025,0.1726619,1
2023,38,027,0.0957447,1
2023,38,029,0.032967,1
2023,38,031,0.0555556,1
2023,38,033,0.1470588,1
2023,38,035,0.1396917,1
2023,38,037,0.0967742,1
2023,38,039,0.1066667,1
2023,38,041,NA,NA
2023,38,043,0.1267606,1
2023,38,045,0.0606061,1
2023,38,047,0.0757576,1
2023,38,049,0.0952381,1
2023,38,051,0.0882353,1
2023,38,053,0.2225434,1
2023,38,055,0.0914826,1
2023,38,057,0.109375,1
2023,38,059,0.1538462,1
2023,38,061,0.1815476,1
2023,38,063,0.0833333,1
2023,38,065,NA,NA
2023,38,067,0.1339286,1
2023,38,069,0.0955882,1
2023,38,071,0.1359773,1
2023,38,073,0.0860215,1
2023,38,075,0.0777778,1
2023,38,077,0.1094421,1
2023,38,079,0.3248945,1
2023,38,081,0.1079137,1
2023,38,083,NA,NA
2023,38,085,0.3733333,1
2023,38,087,NA,NA
2023,38,089,0.1708253,1
2023,38,091,NA,NA
2023,38,093,0.1462639,1
2023,38,095,0.1061947,1
2023,38,097,0.063745,1
2023,38,099,0.1661808,1
2023,38,101,0.1554479,1
2023,38,103,0.0821918,1
2023,38,105,0.2334559,1
2023,39,001,0.3404018,1
2023,39,003,0.2622739,1
2023,39,005,0.19124,1
2023,39,007,0.2855385,1
2023,39,009,0.2427885,1
2023,39,011,0.1729874,1
2023,39,013,0.2414983,1
2023,39,015,0.2991632,1
2023,39,017,0.2434805,1
2023,39,019,0.2034632,1
2023,39,021,0.26094,1
2023,39,023,0.3137346,1
2023,39,025,0.2266219,1
2023,39,027,0.2639517,1
2023,39,029,0.2434089,1
2023,39,031,0.2342657,1
2023,39,033,0.2655906,1
2023,39,035,0.2714595,1
2023,39,037,0.2095123,1
2023,39,039,0.2016461,1
2023,39,041,0.1004757,1
2023,39,043,0.2237219,1
2023,39,045,0.2138365,1
2023,39,047,0.3347594,1
2023,39,049,0.2566173,1
2023,39,051,0.1605634,1
2023,39,053,0.259009,1
2023,39,055,0.0984524,1
2023,39,057,0.1947816,1
2023,39,059,0.2580372,1
2023,39,061,0.2684456,1
2023,39,063,0.2011986,1
2023,39,065,0.2784399,1
2023,39,067,0.24197,1
2023,39,069,0.1854839,1
2023,39,071,0.314887,1
2023,39,073,0.2561576,1
2023,39,075,0.1121673,1
2023,39,077,0.2372449,1
2023,39,079,0.32037910000000003,1
2023,39,081,0.301403,1
2023,39,083,0.1940063,1
2023,39,085,0.1785396,1
2023,39,087,0.31874,1
2023,39,089,0.213503,1
2023,39,091,0.2100551,1
2023,39,093,0.2301213,1
2023,39,095,0.2991231,1
2023,39,097,0.2048193,1
2023,39,099,0.2678667,1
2023,39,101,0.2931664,1
2023,39,103,0.125848,1
2023,39,105,0.2588402,1
2023,39,107,0.1537849,1
2023,39,109,0.2225442,1
2023,39,111,0.200431,1
2023,39,113,0.3026049,1
2023,39,115,0.2348993,1
2023,39,117,0.2297674,1
2023,39,119,0.2565426,1
2023,39,121,0.2016349,1
2023,39,123,0.1706783,1
2023,39,125,0.234375,1
2023,39,127,0.2458867,1
2023,39,129,0.2447473,1
2023,39,131,0.358804,1
2023,39,133,0.2005131,1
2023,39,135,0.2404965,1
2023,39,137,0.1252408,1
2023,39,139,0.2530121,1
2023,39,141,0.3013636,1
2023,39,143,0.2345226,1
2023,39,145,0.3083225,1
2023,39,147,0.2313125,1
2023,39,149,0.2328297,1
2023,39,151,0.2349537,1
2023,39,153,0.2318258,1
2023,39,155,0.2554381,1
2023,39,157,0.2089194,1
2023,39,159,0.1642816,1
2023,39,161,0.2150655,1
2023,39,163,0.318408,1
2023,39,165,0.1452899,1
2023,39,167,0.1796917,1
2023,39,169,0.1739003,1
2023,39,171,0.2061135,1
2023,39,173,0.1853806,1
2023,39,175,0.1893333,1
2023,40,001,0.3744222,1
2023,40,003,0.2794118,1
2023,40,005,0.3341121,1
2023,40,007,0.2451613,1
2023,40,009,0.3360129,1
2023,40,011,0.3507463,1
2023,40,013,0.3942308,1
2023,40,015,0.3746594,1
2023,40,017,0.2524855,1
2023,40,019,0.323732,1
2023,40,021,0.2996846,1
2023,40,023,0.4068136,1
2023,40,025,0.1714286,1
2023,40,027,0.2474064,1
2023,40,029,0.2368421,1
2023,40,031,0.3567432,1
2023,40,033,0.4010417,1
2023,40,035,0.3288889,1
2023,40,037,0.2883827,1
2023,40,039,0.3029525,1
2023,40,041,0.2941177,1
2023,40,043,0.2176871,1
2023,40,045,0.3131313,1
2023,40,047,0.3099042,1
2023,40,049,0.3231257,1
2023,40,051,0.2819808,1
2023,40,053,0.2246377,1
2023,40,055,0.4276316,1
2023,40,057,0.4133333,1
2023,40,059,0.1880342,1
2023,40,061,0.3156566,1
2023,40,063,0.3623188,1
2023,40,065,0.3544631,1
2023,40,067,0.3365385,1
2023,40,069,0.3101045,1
2023,40,071,0.3305145,1
2023,40,073,0.1761252,1
2023,40,075,0.3861004,1
2023,40,077,0.3203125,1
2023,40,079,0.328841,1
2023,40,081,0.3018147,1
2023,40,083,0.255677,1
2023,40,085,0.2817338,1
2023,40,087,0.2297949,1
2023,40,089,0.3612463,1
2023,40,091,0.3005698,1
2023,40,093,0.2345133,1
2023,40,095,0.3404255,1
2023,40,097,0.2837171,1
2023,40,099,0.2991071,1
2023,40,101,0.3273585,1
2023,40,103,0.2697548,1
2023,40,105,0.2685185,1
2023,40,107,0.3597561,1
2023,40,109,0.2962578,1
2023,40,111,0.3477898,1
2023,40,113,0.3032037,1
2023,40,115,0.394572,1
2023,40,117,0.3340122,1
2023,40,119,0.2683371,1
2023,40,121,0.3335931,1
2023,40,123,0.285028,1
2023,40,125,0.3506215,1
2023,40,127,0.3262411,1
2023,40,129,0.2897196,1
2023,40,131,0.234551,1
2023,40,133,0.4112554,1
2023,40,135,0.385278,1
2023,40,137,0.3216583,1
2023,40,139,0.2444444,1
2023,40,141,0.4210526,1
2023,40,143,0.2697353,1
2023,40,145,0.2234375,1
2023,40,147,0.2513728,1
2023,40,149,0.3510638,1
2023,40,151,0.22,1
2023,40,153,0.2557756,1
2023,41,001,0.1996337,1
2023,41,003,0.0968858,1
2023,41,005,0.1162135,1
2023,41,007,0.1622642,1
2023,41,009,0.1629214,1
2023,41,011,0.1791183,1
2023,41,013,0.1492705,1
2023,41,015,0.1697892,1
2023,41,017,0.1216216,1
2023,41,019,0.1919725,1
2023,41,021,0.15,1
2023,41,023,0.1359649,1
2023,41,025,0.1767241,1
2023,41,027,0.0870207,1
2023,41,029,0.1658098,1
2023,41,031,0.2308642,1
2023,41,033,0.1700542,1
2023,41,035,0.221776,1
2023,41,037,0.2270916,1
2023,41,039,0.151528,1
2023,41,041,0.1402037,1
2023,41,043,0.1715626,1
2023,41,045,0.2373678,1
2023,41,047,0.1629608,1
2023,41,049,0.1925134,1
2023,41,051,0.1498146,1
2023,41,053,0.1461769,1
2023,41,055,0.2089552,1
2023,41,057,0.1542857,1
2023,41,059,0.1940701,1
2023,41,061,0.1653179,1
2023,41,063,0.1048035,1
2023,41,065,0.1505102,1
2023,41,067,0.1148224,1
2023,41,069,NA,NA
2023,41,071,0.1415186,1
2023,42,001,0.1574828,1
2023,42,003,0.1789073,1
2023,42,005,0.195109,1
2023,42,007,0.202381,1
2023,42,009,0.1659443,1
2023,42,011,0.2310329,1
2023,42,013,0.2159091,1
2023,42,015,0.2016602,1
2023,42,017,0.1351025,1
2023,42,019,0.1251799,1
2023,42,021,0.1964685,1
2023,42,023,0.2133333,1
2023,42,025,0.2198582,1
2023,42,027,0.1121359,1
2023,42,029,0.1149159,1
2023,42,031,0.1707942,1
2023,42,033,0.1819721,1
2023,42,035,0.2058252,1
2023,42,037,0.1779575,1
2023,42,039,0.1895528,1
2023,42,041,0.1583889,1
2023,42,043,0.2316504,1
2023,42,045,0.2183862,1
2023,42,047,0.1496063,1
2023,42,049,0.2147165,1
2023,42,051,0.2578537,1
2023,42,053,0.1338028,1
2023,42,055,0.1917317,1
2023,42,057,0.2067669,1
2023,42,059,0.2765957,1
2023,42,061,0.2015306,1
2023,42,063,0.1830928,1
2023,42,065,0.1645663,1
2023,42,067,0.1772805,1
2023,42,069,0.2150344,1
2023,42,071,0.1602854,1
2023,42,073,0.2170014,1
2023,42,075,0.1983842,1
2023,42,077,0.223212,1
2023,42,079,0.2377663,1
2023,42,081,0.1963596,1
2023,42,083,0.2502024,1
2023,42,085,0.2157786,1
2023,42,087,0.1922025,1
2023,42,089,0.2514878,1
2023,42,091,0.1281333,1
2023,42,093,0.1428571,1
2023,42,095,0.1972412,1
2023,42,097,0.2264706,1
2023,42,099,0.1796982,1
2023,42,101,0.3159026,1
2023,42,103,0.1965288,1
2023,42,105,0.1838649,1
2023,42,107,0.2390964,1
2023,42,109,0.1480821,1
2023,42,111,0.160746,1
2023,42,113,0.1538462,1
2023,42,115,0.1729607,1
2023,42,117,0.1905961,1
2023,42,119,0.1384335,1
2023,42,121,0.1857958,1
2023,42,123,0.2135506,1
2023,42,125,0.1828943,1
2023,42,127,0.1702128,1
2023,42,129,0.1592357,1
2023,42,131,0.1632653,1
2023,42,133,0.1904192,1
2023,44,001,0.1207697,1
2023,44,003,0.1620221,1
2023,44,005,0.1126437,1
2023,44,007,0.2150499,1
2023,44,009,0.1157476,1
2023,45,001,0.3567775,1
2023,45,003,0.2999818,1
2023,45,005,0.54,1
2023,45,007,0.3371173,1
2023,45,009,0.4486215,1
2023,45,011,0.4150077,1
2023,45,013,0.2009245,1
2023,45,015,0.283006,1
2023,45,017,0.3586957,1
2023,45,019,0.2334795,1
2023,45,021,0.3964401,1
2023,45,023,0.3968548,1
2023,45,025,0.4061962,1
2023,45,027,0.3845381,1
2023,45,029,0.4103215,1
2023,45,031,0.4046639,1
2023,45,033,0.4882353,1
2023,45,035,0.2987062,1
2023,45,037,0.3336576,1
2023,45,039,0.420904,1
2023,45,041,0.3856913,1
2023,45,043,0.274431,1
2023,45,045,0.288936,1
2023,45,047,0.3481448,1
2023,45,049,0.4724026,1
2023,45,051,0.2317475,1
2023,45,053,0.3350151,1
2023,45,055,0.3242266,1
2023,45,057,0.2487998,1
2023,45,059,0.42746,1
2023,45,061,0.5119826,1
2023,45,063,0.278215,1
2023,45,065,0.2398374,1
2023,45,067,0.4874317,1
2023,45,069,0.5216317,1
2023,45,071,0.3493789,1
2023,45,073,0.294697,1
2023,45,075,0.4483271,1
2023,45,077,0.2886297,1
2023,45,079,0.3674967,1
2023,45,081,0.3087558,1
2023,45,083,0.3309061,1
2023,45,085,0.407147,1
2023,45,087,0.4306167,1
2023,45,089,0.4420207,1
2023,45,091,0.2469596,1
2023,46,003,0.1025641,1
2023,46,005,0.1660714,1
2023,46,007,0.2837838,1
2023,46,009,0.0687831,1
2023,46,011,0.0961326,1
2023,46,013,0.1489362,1
2023,46,015,0.1595092,1
2023,46,017,NA,NA
2023,46,019,0.1192053,1
2023,46,021,0.0192308,1
2023,46,023,0.1818182,1
2023,46,025,0.0786517,1
2023,46,027,0.1416894,1
2023,46,029,0.110989,1
2023,46,031,0.3529412,1
2023,46,033,0.0889831,1
2023,46,035,0.1226415,1
2023,46,037,0.121547,1
2023,46,039,0.1048387,1
2023,46,041,0.3103448,1
2023,46,043,0.0824742,1
2023,46,045,0.1192661,1
2023,46,047,0.1785714,1
2023,46,049,0.05,1
2023,46,051,0.1028807,1
2023,46,053,0.2013889,1
2023,46,055,0.0609756,1
2023,46,057,0.1027027,1
2023,46,059,0.1157025,1
2023,46,061,0.0582524,1
2023,46,063,NA,NA
2023,46,065,0.1345029,1
2023,46,067,0.0701754,1
2023,46,069,NA,NA
2023,46,071,0.2037037,1
2023,46,073,0.1886792,1
2023,46,075,NA,NA
2023,46,077,0.1005291,1
2023,46,079,0.0970588,1
2023,46,081,0.1126238,1
2023,46,083,0.0862413,1
2023,46,085,0.2211538,1
2023,46,087,0.1151515,1
2023,46,089,0.0746269,1
2023,46,091,0.1367521,1
2023,46,093,0.1152993,1
2023,46,095,NA,NA
2023,46,097,0.0724638,1
2023,46,099,0.1552657,1
2023,46,101,0.1340206,1
2023,46,102,0.4920635,1
2023,46,103,0.1728225,1
2023,46,105,0.1634615,1
2023,46,107,0.0754717,1
2023,46,109,0.1940299,1
2023,46,111,0.1710526,1
2023,46,115,0.1029412,1
2023,46,117,0.1262136,1
2023,46,119,NA,NA
2023,46,121,0.49375,1
2023,46,123,0.1136364,1
2023,46,125,0.0967742,1
2023,46,127,0.1018868,1
2023,46,129,0.1142857,1
2023,46,135,0.1363636,1
2023,46,137,NA,NA
2023,47,001,0.2482479,1
2023,47,003,0.3106212,1
2023,47,005,0.2745826,1
2023,47,007,0.2934272,1
2023,47,009,0.2226976,1
2023,47,011,0.2720523,1
2023,47,013,0.354183,1
2023,47,015,0.2537961,1
2023,47,017,0.2961712,1
2023,47,019,0.3060345,1
2023,47,021,0.2118843,1
2023,47,023,0.2653846,1
2023,47,025,0.2947977,1
2023,47,027,0.2222222,1
2023,47,029,0.3486381,1
2023,47,031,0.2834941,1
2023,47,033,0.2707424,1
2023,47,035,0.2196691,1
2023,47,037,0.2540247,1
2023,47,039,0.2777778,1
2023,47,041,0.3007519,1
2023,47,043,0.2495803,1
2023,47,045,0.355778,1
2023,47,047,0.2168517,1
2023,47,049,0.2647059,1
2023,47,051,0.2453942,1
2023,47,053,0.3075356,1
2023,47,055,0.2571138,1
2023,47,057,0.2466488,1
2023,47,059,0.2681759,1
2023,47,061,0.2461929,1
2023,47,063,0.3075117,1
2023,47,065,0.2321131,1
2023,47,067,0.3072289,1
2023,47,069,0.3271693,1
2023,47,071,0.2845622,1
2023,47,073,0.2726327,1
2023,47,075,0.3831041,1
2023,47,077,0.286578,1
2023,47,079,0.2745975,1
2023,47,081,0.2692811,1
2023,47,083,0.2072072,1
2023,47,085,0.2807309,1
2023,47,087,0.2467866,1
2023,47,089,0.2660648,1
2023,47,091,0.2859779,1
2023,47,093,0.2180918,1
2023,47,095,0.4238411,1
2023,47,097,0.3953804,1
2023,47,099,0.2490566,1
2023,47,101,0.2686567,1
2023,47,103,0.2777778,1
2023,47,105,0.198748,1
2023,47,107,0.2960894,1
2023,47,109,0.2838164,1
2023,47,111,0.3002451,1
2023,47,113,0.2993047,1
2023,47,115,0.280829,1
2023,47,117,0.2462752,1
2023,47,119,0.2165004,1
2023,47,121,0.2937686,1
2023,47,123,0.301061,1
2023,47,125,0.2849827,1
2023,47,127,0.2234637,1
2023,47,129,0.3187311,1
2023,47,131,0.3189189,1
2023,47,133,0.2475929,1
2023,47,135,0.3138075,1
2023,47,137,0.1733333,1
2023,47,139,0.2761062,1
2023,47,141,0.2594092,1
2023,47,143,0.2988281,1
2023,47,145,0.2472383,1
2023,47,147,0.2235637,1
2023,47,149,0.2324222,1
2023,47,151,0.302726,1
2023,47,153,0.2786177,1
2023,47,155,0.2504632,1
2023,47,157,0.3560183,1
2023,47,159,0.2450658,1
2023,47,161,0.2164502,1
2023,47,163,0.2534537,1
2023,47,165,0.2056206,1
2023,47,167,0.2707676,1
2023,47,169,0.3141892,1
2023,47,171,0.2755474,1
2023,47,173,0.2933948,1
2023,47,175,0.2192982,1
2023,47,177,0.3104247,1
2023,47,179,0.2308048,1
2023,47,181,0.2593458,1
2023,47,183,0.2650215,1
2023,47,185,0.2886486,1
2023,47,187,0.0844522,1
2023,47,189,0.1817825,1
2023,48,001,0.3735876,1
2023,48,003,0.4476351,1
2023,48,005,0.3851641,1
2023,48,007,0.3344867,1
2023,48,009,0.2615894,1
2023,48,011,0.2105263,1
2023,48,013,0.385535,1
2023,48,015,0.2511211,1
2023,48,017,0.3193717,1
2023,48,019,0.2104558,1
2023,48,021,0.3053641,1
2023,48,023,0.3303571,1
2023,48,025,0.4931507,1
2023,48,027,0.3513218,1
2023,48,029,0.344061,1
2023,48,031,0.1605505,1
2023,48,033,NA,NA
2023,48,035,0.3066202,1
2023,48,037,0.382964,1
2023,48,039,0.2937023,1
2023,48,041,0.2510314,1
2023,48,043,0.2939189,1
2023,48,045,NA,NA
2023,48,047,0.5627705,1
2023,48,049,0.3399209,1
2023,48,051,0.2707006,1
2023,48,053,0.2216184,1
2023,48,055,0.361528,1
2023,48,057,0.3766816,1
2023,48,059,0.3431818,1
2023,48,061,0.4068345,1
2023,48,063,0.3546256,1
2023,48,065,0.2180851,1
2023,48,067,0.3683721,1
2023,48,069,0.3284314,1
2023,48,071,0.2814815,1
2023,48,073,0.3691655,1
2023,48,075,0.3791209,1
2023,48,077,0.3598616,1
2023,48,079,0.3723404,1
2023,48,081,0.1893939,1
2023,48,083,0.3057554,1
2023,48,085,0.1880703,1
2023,48,087,0.29213479999999997,1
2023,48,089,0.3271162,1
2023,48,091,0.2033663,1
2023,48,093,0.293578,1
2023,48,095,0.2289157,1
2023,48,097,0.3292944,1
2023,48,099,0.3654206,1
2023,48,101,NA,NA
2023,48,103,0.362963,1
2023,48,105,0.3162393,1
2023,48,107,0.4,1
2023,48,109,0.4252874,1
2023,48,111,0.2734694,1
2023,48,113,0.3588213,1
2023,48,115,0.4242424,1
2023,48,117,0.3526316,1
2023,48,119,0.3411765,1
2023,48,121,0.2309085,1
2023,48,123,0.3172303,1
2023,48,125,NA,NA
2023,48,127,0.4981949,1
2023,48,129,0.3043478,1
2023,48,131,0.5308989,1
2023,48,133,0.3732504,1
2023,48,135,0.4525049,1
2023,48,137,0.28125,1
2023,48,139,0.3014292,1
2023,48,141,0.3290353,1
2023,48,143,0.3055319,1
2023,48,145,0.3811659,1
2023,48,147,0.3533698,1
2023,48,149,0.2358974,1
2023,48,151,0.2962963,1
2023,48,153,0.3989637,1
2023,48,155,NA,NA
2023,48,157,0.2220712,1
2023,48,159,0.2635135,1
2023,48,161,0.3814433,1
2023,48,163,0.4701031,1
2023,48,165,0.3054546,1
2023,48,167,0.2917332,1
2023,48,169,0.3650794,1
2023,48,171,0.1719368,1
2023,48,173,NA,NA
2023,48,175,0.2743363,1
2023,48,177,0.4009662,1
2023,48,179,0.349359,1
2023,48,181,0.3548119,1
2023,48,183,0.3518694,1
2023,48,185,0.3257485,1
2023,48,187,0.274026,1
2023,48,189,0.4259078,1
2023,48,191,0.2307692,1
2023,48,193,0.2945206,1
2023,48,195,0.1923077,1
2023,48,197,0.4504505,1
2023,48,199,0.3148614,1
2023,48,201,0.3388339,1
2023,48,203,0.3613722,1
2023,48,205,0.1979167,1
2023,48,207,0.3965517,1
2023,48,209,0.2479675,1
2023,48,211,0.3043478,1
2023,48,213,0.3340395,1
2023,48,215,0.444952,1
2023,48,217,0.3944257,1
2023,48,219,0.3980029,1
2023,48,221,0.2604391,1
2023,48,223,0.3217535,1
2023,48,225,0.3858616,1
2023,48,227,0.4536391,1
2023,48,229,0.4130435,1
2023,48,231,0.3693901,1
2023,48,233,0.4199134,1
2023,48,235,0.38,1
2023,48,237,0.4095238,1
2023,48,239,0.3590361,1
2023,48,241,0.3980836,1
2023,48,243,0.2328767,1
2023,48,245,0.3970161,1
2023,48,247,0.5474452,1
2023,48,249,0.5149655,1
2023,48,251,0.3413308,1
2023,48,253,0.3830228,1
2023,48,255,0.3650794,1
2023,48,257,0.3366106,1
2023,48,259,0.1531589,1
2023,48,261,NA,NA
2023,48,263,NA,NA
2023,48,265,0.2362756,1
2023,48,267,0.2424242,1
2023,48,269,NA,NA
2023,48,271,0.1707317,1
2023,48,273,0.456427,1
2023,48,275,0.2699386,1
2023,48,277,0.4077906,1
2023,48,279,0.4040404,1
2023,48,281,0.2420938,1
2023,48,283,0.5243902,1
2023,48,285,0.2516129,1
2023,48,287,0.265625,1
2023,48,289,0.3197492,1
2023,48,291,0.3954472,1
2023,48,293,0.3938992,1
2023,48,295,0.2553191,1
2023,48,297,0.3571429,1
2023,48,299,0.2496697,1
2023,48,301,NA,NA
2023,48,303,0.3304631,1
2023,48,305,0.3517588,1
2023,48,307,0.3666667,1
2023,48,309,0.3478475,1
2023,48,311,NA,NA
2023,48,313,0.3930481,1
2023,48,315,0.3977273,1
2023,48,317,NA,NA
2023,48,319,0.1532847,1
2023,48,321,0.3429825,1
2023,48,323,0.4281422,1
2023,48,325,0.3045161,1
2023,48,327,0.3552631,1
2023,48,329,0.3476605,1
2023,48,331,0.2957921,1
2023,48,333,0.2185431,1
2023,48,335,0.340708,1
2023,48,337,0.3323864,1
2023,48,339,0.2456567,1
2023,48,341,0.299363,1
2023,48,343,0.4025696,1
2023,48,345,NA,NA
2023,48,347,0.381981,1
2023,48,349,0.4034158,1
2023,48,351,0.4107143,1
2023,48,353,0.4079498,1
2023,48,355,0.41582,1
2023,48,357,0.23552120000000001,1
2023,48,359,0.2,1
2023,48,361,0.372556,1
2023,48,363,0.3937083,1
2023,48,365,0.35941650000000003,1
2023,48,367,0.2601565,1
2023,48,369,0.3384615,1
2023,48,371,0.4636364,1
2023,48,373,0.3097222,1
2023,48,375,0.4029596,1
2023,48,377,0.255814,1
2023,48,379,0.3036145,1
2023,48,381,0.2582663,1
2023,48,383,0.3265306,1
2023,48,385,0.254717,1
2023,48,387,0.4331066,1
2023,48,389,0.4334975,1
2023,48,391,0.4096916,1
2023,48,393,NA,NA
2023,48,395,0.3435701,1
2023,48,397,0.2139266,1
2023,48,399,0.35,1
2023,48,401,0.3584656,1
2023,48,403,0.30563,1
2023,48,405,0.3449612,1
2023,48,407,0.3898515,1
2023,48,409,0.4272047,1
2023,48,411,0.2427746,1
2023,48,413,0.3295455,1
2023,48,415,0.3929314,1
2023,48,417,0.2869565,1
2023,48,419,0.3751479,1
2023,48,421,0.1888889,1
2023,48,423,0.2978559,1
2023,48,425,0.2720848,1
2023,48,427,0.4674179,1
2023,48,429,0.4223827,1
2023,48,431,NA,NA
2023,48,433,NA,NA
2023,48,435,0.2568807,1
2023,48,437,0.4122807,1
2023,48,439,0.3333729,1
2023,48,441,0.3446885,1
2023,48,443,NA,NA
2023,48,445,0.4444444,1
2023,48,447,NA,NA
2023,48,449,0.2926829,1
2023,48,451,0.3240961,1
2023,48,453,0.228708,1
2023,48,455,0.3733625,1
2023,48,457,0.3961039,1
2023,48,459,0.3361404,1
2023,48,461,0.3513514,1
2023,48,463,0.3861502,1
2023,48,465,0.3598765,1
2023,48,467,0.3314136,1
2023,48,469,0.377129,1
2023,48,471,0.3274788,1
2023,48,473,0.2910751,1
2023,48,475,0.3908629,1
2023,48,477,0.2388797,1
2023,48,479,0.4524798,1
2023,48,481,0.3820385,1
2023,48,483,0.252809,1
2023,48,485,0.3760745,1
2023,48,487,0.3812011,1
2023,48,489,0.478,1
2023,48,491,0.1963742,1
2023,48,493,0.2621768,1
2023,48,495,0.3991031,1
2023,48,497,0.2794118,1
2023,48,499,0.2709599,1
2023,48,501,0.3307985,1
2023,48,503,0.2996795,1
2023,48,505,0.5574713,1
2023,48,507,0.552381,1
2023,49,001,0.1235955,1
2023,49,003,0.1252144,1
2023,49,005,0.0870041,1
2023,49,007,0.1961723,1
2023,49,009,NA,NA
2023,49,011,0.1138712,1
2023,49,013,0.2025118,1
2023,49,015,0.1283784,1
2023,49,017,0.10344830000000001,1
2023,49,019,0.2109827,1
2023,49,021,0.1304864,1
2023,49,023,0.1196809,1
2023,49,025,0.1219512,1
2023,49,027,0.1222494,1
2023,49,029,0.0504202,1
2023,49,031,0.1111111,1
2023,49,033,0.115942,1
2023,49,035,0.1480255,1
2023,49,037,0.3264095,1
2023,49,039,0.1407942,1
2023,49,041,0.1443001,1
2023,49,043,0.0621795,1
2023,49,045,0.177558,1
2023,49,047,0.2147059,1
2023,49,049,0.1063023,1
2023,49,051,0.096929,1
2023,49,053,0.1204998,1
2023,49,055,0.0921053,1
2023,49,057,0.1509196,1
2023,50,001,0.1168501,1
2023,50,003,0.1390285,1
2023,50,005,0.1589537,1
2023,50,007,0.1049517,1
2023,50,009,0.1627907,1
2023,50,011,0.169419,1
2023,50,013,0.1322957,1
2023,50,015,0.1262683,1
2023,50,017,0.1477273,1
2023,50,019,0.1553911,1
2023,50,021,0.1781158,1
2023,50,023,0.1290161,1
2023,50,025,0.1535433,1
2023,50,027,0.1609195,1
2023,51,001,0.3140272,1
2023,51,003,0.1283514,1
2023,51,005,0.2362949,1
2023,51,007,0.2541744,1
2023,51,009,0.2313131,1
2023,51,011,0.2173913,1
2023,51,013,0.094809,1
2023,51,015,0.1943205,1
2023,51,017,0.1176471,1
2023,51,019,0.1523495,1
2023,51,021,0.2063492,1
2023,51,023,0.1261682,1
2023,51,025,0.3105727,1
2023,51,027,0.3082192,1
2023,51,029,0.3292683,1
2023,51,031,0.1951364,1
2023,51,033,0.2644788,1
2023,51,035,0.2603211,1
2023,51,036,0.2616822,1
2023,51,037,0.2557652,1
2023,51,041,0.1843357,1
2023,51,043,0.130597,1
2023,51,045,0.1836735,1
2023,51,047,0.219963,1
2023,51,049,0.2752976,1
2023,51,051,0.270936,1
2023,51,053,0.3172497,1
2023,51,057,0.2901679,1
2023,51,059,0.1032312,1
2023,51,061,0.1403951,1
2023,51,063,0.1511879,1
2023,51,065,0.1698595,1
2023,51,067,0.1979287,1
2023,51,069,0.166495,1
2023,51,071,0.2576923,1
2023,51,073,0.220234,1
2023,51,075,0.1159063,1
2023,51,077,0.24,1
2023,51,079,0.1971383,1
2023,51,081,0.3580786,1
2023,51,083,0.2900474,1
2023,51,085,0.1329787,1
2023,51,087,0.197532,1
2023,51,089,0.3026397,1
2023,51,091,0.0833333,1
2023,51,093,0.2126299,1
2023,51,095,0.1416571,1
2023,51,097,0.3120568,1
2023,51,099,0.1952663,1
2023,51,101,0.2072213,1
2023,51,103,0.2375979,1
2023,51,105,0.3414634,1
2023,51,107,0.0887763,1
2023,51,109,0.2186495,1
2023,51,111,0.2868217,1
2023,51,113,0.1878613,1
2023,51,115,0.2222222,1
2023,51,117,0.271556,1
2023,51,119,0.2095238,1
2023,51,121,0.146672,1
2023,51,125,0.1958406,1
2023,51,127,0.1469194,1
2023,51,131,0.3333333,1
2023,51,133,0.202439,1
2023,51,135,0.2819277,1
2023,51,137,0.2024691,1
2023,51,139,0.2355372,1
2023,51,141,0.2312139,1
2023,51,143,0.2153244,1
2023,51,145,0.1111111,1
2023,51,147,0.2278481,1
2023,51,149,0.2338129,1
2023,51,153,0.1779718,1
2023,51,155,0.2722008,1
2023,51,157,0.1654135,1
2023,51,159,0.2868852,1
2023,51,161,0.1491548,1
2023,51,163,0.1906117,1
2023,51,165,0.1761219,1
2023,51,167,0.2548015,1
2023,51,169,0.2600897,1
2023,51,171,0.1882001,1
2023,51,173,0.2690632,1
2023,51,175,0.2807692,1
2023,51,177,0.2093634,1
2023,51,179,0.1835377,1
2023,51,181,0.2736842,1
2023,51,183,0.3492064,1
2023,51,185,0.2886519,1
2023,51,187,0.1837048,1
2023,51,191,0.2278788,1
2023,51,193,0.2358804,1
2023,51,195,0.3358844,1
2023,51,197,0.2497343,1
2023,51,199,0.1486221,1
2023,51,510,0.1698292,1
2023,51,520,0.3412969,1
2023,51,530,0.2923077,1
2023,51,540,0.1641587,1
2023,51,550,0.2315045,1
2023,51,570,0.2642487,1
2023,51,580,0.3015873,1
2023,51,590,0.3928013,1
2023,51,595,0.4444444,1
2023,51,600,0.102657,1
2023,51,610,0.0692124,1
2023,51,620,0.4738956,1
2023,51,630,0.2666667,1
2023,51,640,0.3387097,1
2023,51,650,0.345963,1
2023,51,660,0.2264685,1
2023,51,670,0.3779638,1
2023,51,678,0.1147541,1
2023,51,680,0.2416555,1
2023,51,683,0.202952,1
2023,51,685,0.1938462,1
2023,51,690,0.3787529,1
2023,51,700,0.3545078,1
2023,51,710,0.363144,1
2023,51,720,0.3809524,1
2023,51,730,0.4472272,1
2023,51,735,0.1323155,1
2023,51,740,0.4079329,1
2023,51,750,0.2150538,1
2023,51,760,0.3067485,1
2023,51,770,0.3021077,1
2023,51,775,0.1882641,1
2023,51,790,0.2410501,1
2023,51,800,0.2836352,1
2023,51,810,0.2276556,1
2023,51,820,0.2723735,1
2023,51,830,0.1976191,1
2023,51,840,0.2166477,1
2023,53,001,0.1739895,1
2023,53,003,0.1954178,1
2023,53,005,0.1569087,1
2023,53,007,0.1147475,1
2023,53,009,0.1217627,1
2023,53,011,0.1446949,1
2023,53,013,0.1517241,1
2023,53,015,0.1790368,1
2023,53,017,0.1286885,1
2023,53,019,0.1228669,1
2023,53,021,0.1589649,1
2023,53,023,0.1940299,1
2023,53,025,0.1618056,1
2023,53,027,0.1817448,1
2023,53,029,0.0916728,1
2023,53,031,0.1087751,1
2023,53,033,0.1085129,1
2023,53,035,0.1341237,1
2023,53,037,0.1029748,1
2023,53,039,0.1339779,1
2023,53,041,0.1768018,1
2023,53,043,0.1522989,1
2023,53,045,0.1476952,1
2023,53,047,0.1638298,1
2023,53,049,0.1484888,1
2023,53,051,0.1622807,1
2023,53,053,0.1794945,1
2023,53,055,0.0701169,1
2023,53,057,0.1216958,1
2023,53,059,0.1425,1
2023,53,061,0.1243072,1
2023,53,063,0.1526731,1
2023,53,065,0.139468,1
2023,53,067,0.1406675,1
2023,53,069,0.1785714,1
2023,53,071,0.1290134,1
2023,53,073,0.1125763,1
2023,53,075,0.1299841,1
2023,53,077,0.1968525,1
2023,54,001,0.2930233,1
2023,54,003,0.2682927,1
2023,54,005,0.4020618,1
2023,54,007,0.2992519,1
2023,54,009,0.3092622,1
2023,54,011,0.3080552,1
2023,54,013,0.2857143,1
2023,54,015,0.3425197,1
2023,54,017,0.3193277,1
2023,54,019,0.3053173,1
2023,54,021,0.2339181,1
2023,54,023,0.2919075,1
2023,54,025,0.231203,1
2023,54,027,0.2124278,1
2023,54,029,0.2853982,1
2023,54,031,0.2757009,1
2023,54,033,0.2637655,1
2023,54,035,0.2673913,1
2023,54,037,0.1997805,1
2023,54,039,0.3314315,1
2023,54,041,0.3277154,1
2023,54,043,0.3512195,1
2023,54,045,0.3782327,1
2023,54,047,0.3977273,1
2023,54,049,0.2553897,1
2023,54,051,0.2742124,1
2023,54,053,0.2804718,1
2023,54,055,0.344357,1
2023,54,057,0.2204363,1
2023,54,059,0.4273859,1
2023,54,061,0.2221816,1
2023,54,063,0.2421053,1
2023,54,065,0.2204586,1
2023,54,067,0.2927757,1
2023,54,069,0.2472727,1
2023,54,071,0.2027027,1
2023,54,073,0.2829268,1
2023,54,075,0.2222222,1
2023,54,077,0.2574055,1
2023,54,079,0.2429696,1
2023,54,081,0.3018785,1
2023,54,083,0.2702079,1
2023,54,085,0.2388535,1
2023,54,087,0.3115578,1
2023,54,089,0.3037975,1
2023,54,091,0.246114,1
2023,54,093,0.2123894,1
2023,54,095,0.229249,1
2023,54,097,0.2686981,1
2023,54,099,0.3051439,1
2023,54,101,0.3469388,1
2023,54,103,0.2588235,1
2023,54,105,0.2727273,1
2023,54,107,0.231386,1
2023,54,109,0.3419355,1
2023,55,001,0.1897906,1
2023,55,003,0.2050781,1
2023,55,005,0.1637466,1
2023,55,007,0.1154639,1
2023,55,009,0.158375,1
2023,55,011,0.0839329,1
2023,55,013,0.1660777,1
2023,55,015,0.0950841,1
2023,55,017,0.1436409,1
2023,55,019,0.1607655,1
2023,55,021,0.1445717,1
2023,55,023,0.1338583,1
2023,55,025,0.1051959,1
2023,55,027,0.1604298,1
2023,55,029,0.0930931,1
2023,55,031,0.1583095,1
2023,55,033,0.1444623,1
2023,55,035,0.1406642,1
2023,55,037,0.1544118,1
2023,55,039,0.1725968,1
2023,55,041,0.1587838,1
2023,55,043,0.1189003,1
2023,55,045,0.1158911,1
2023,55,047,0.1957929,1
2023,55,049,0.0997442,1
2023,55,051,0.1352657,1
2023,55,053,0.21202,1
2023,55,055,0.1426421,1
2023,55,057,0.1750925,1
2023,55,059,0.2045237,1
2023,55,061,0.118003,1
2023,55,063,0.1258147,1
2023,55,065,0.1167002,1
2023,55,067,0.1857585,1
2023,55,069,0.1711111,1
2023,55,071,0.1643564,1
2023,55,073,0.1366024,1
2023,55,075,0.1825397,1
2023,55,077,0.1423221,1
2023,55,078,0.4920635,1
2023,55,079,0.2824939,1
2023,55,081,0.1822358,1
2023,55,083,0.1353323,1
2023,55,085,0.1298406,1
2023,55,087,0.12707,1
2023,55,089,0.0845118,1
2023,55,091,0.1004566,1
2023,55,093,0.1022639,1
2023,55,095,0.1191573,1
2023,55,097,0.1270994,1
2023,55,099,0.1863727,1
2023,55,101,0.2265458,1
2023,55,103,0.1514599,1
2023,55,105,0.2168466,1
2023,55,107,0.2139738,1
2023,55,109,0.0956256,1
2023,55,111,0.1792453,1
2023,55,113,0.1748032,1
2023,55,115,0.1417651,1
2023,55,117,0.1511272,1
2023,55,119,0.1320755,1
2023,55,121,0.1205977,1
2023,55,123,0.1032864,1
2023,55,125,0.1334068,1
2023,55,127,0.1681256,1
2023,55,129,0.1516667,1
2023,55,131,0.0965767,1
2023,55,133,0.0869168,1
2023,55,135,0.1509655,1
2023,55,137,0.1720991,1
2023,55,139,0.1641597,1
2023,55,141,0.1708988,1
2023,56,001,0.1824074,1
2023,56,003,0.230563,1
2023,56,005,0.2494639,1
2023,56,007,0.2201405,1
2023,56,009,0.21822540000000001,1
2023,56,011,0.1391304,1
2023,56,013,0.2632035,1
2023,56,015,0.1455526,1
2023,56,017,0.2088608,1
2023,56,019,0.1170213,1
2023,56,021,0.2247821,1
2023,56,023,0.1095008,1
2023,56,025,0.2513174,1
2023,56,027,0.2073171,1
2023,56,029,0.1477516,1
2023,56,031,0.1358491,1
2023,56,033,0.159434,1
2023,56,035,0.1465202,1
2023,56,037,0.2333065,1
2023,56,039,0.1011765,1
2023,56,041,0.2013423,1
2023,56,043,0.1626984,1
2023,56,045,0.1266375,1
