year,state,county,share_medical_debt_coll,share_medical_debt_coll_quality
2025,01,001,0.0417335,1
2025,01,003,0.0435797,1
2025,01,005,0.0816619,1
2025,01,007,0.0681431,1
2025,01,009,0.0457019,1
2025,01,011,0.0594406,1
2025,01,013,0.0332226,1
2025,01,015,0.0918453,1
2025,01,017,0.0425909,1
2025,01,019,0.1092637,1
2025,01,021,0.0550098,1
2025,01,023,0.0300546,1
2025,01,025,0.0264256,1
2025,01,027,0.0452489,1
2025,01,029,0.0659134,1
2025,01,031,0.063121,1
2025,01,033,0.0725983,1
2025,01,035,0.0402299,1
2025,01,037,0.0316092,1
2025,01,039,0.0689935,1
2025,01,041,0.1096197,1
2025,01,043,0.0680822,1
2025,01,045,0.0552452,1
2025,01,047,0.0667957,1
2025,01,049,0.0831376,1
2025,01,051,0.034407,1
2025,01,053,0.0670194,1
2025,01,055,0.0826395,1
2025,01,057,0.0259259,1
2025,01,059,0.1096634,1
2025,01,061,0.048478,1
2025,01,063,0.033195,1
2025,01,065,0.0218341,1
2025,01,067,0.0410448,1
2025,01,069,0.0386709,1
2025,01,071,0.0728673,1
2025,01,073,0.0617182,1
2025,01,075,0.046798,1
2025,01,077,0.0560081,1
2025,01,079,0.0481586,1
2025,01,081,0.0236618,1
2025,01,083,0.0578374,1
2025,01,085,0.0645161,1
2025,01,087,0.0436364,1
2025,01,089,0.0552905,1
2025,01,091,0.0322034,1
2025,01,093,0.0377778,1
2025,01,095,0.1209806,1
2025,01,097,0.0695625,1
2025,01,099,0.04769,1
2025,01,101,0.0451117,1
2025,01,103,0.0816901,1
2025,01,105,0.0354331,1
2025,01,107,0.047619,1
2025,01,109,0.1186441,1
2025,01,111,0.044,1
2025,01,113,0.1223796,1
2025,01,115,0.0492611,1
2025,01,117,0.0394718,1
2025,01,119,0.039039,1
2025,01,121,0.0864,1
2025,01,123,0.0288462,1
2025,01,125,0.0336808,1
2025,01,127,0.0656142,1
2025,01,129,0.0965251,1
2025,01,131,0.0479233,1
2025,01,133,0.0539474,1
2025,02,013,NA,NA
2025,02,016,0.0454545,1
2025,02,020,0.0644007,1
2025,02,050,0.0212014,1
2025,02,060,NA,NA
2025,02,063,0.0216216,1
2025,02,066,0.0789474,1
2025,02,068,0.0377358,1
2025,02,070,0.0784314,1
2025,02,090,0.0869407,1
2025,02,100,0.0410959,1
2025,02,105,0,1
2025,02,110,0.0309598,1
2025,02,122,0.0514505,1
2025,02,130,0.0188235,1
2025,02,150,0.0143678,1
2025,02,158,0.0314961,1
2025,02,164,NA,NA
2025,02,170,0.0560596,1
2025,02,180,0.0276243,1
2025,02,185,0.0326797,1
2025,02,188,0.0629921,1
2025,02,195,0.0375,1
2025,02,198,0.0248447,1
2025,02,220,0.055794,1
2025,02,230,NA,NA
2025,02,240,0.0550459,1
2025,02,275,0.0338983,1
2025,02,282,NA,NA
2025,02,290,0.0531915,1
2025,04,001,0.0665927,1
2025,04,003,0.0550122,1
2025,04,005,0.0543452,1
2025,04,007,0.0568112,1
2025,04,009,0.038038,1
2025,04,011,0.038961,1
2025,04,012,0.0662139,1
2025,04,013,0.0454549,1
2025,04,015,0.0353783,1
2025,04,017,0.0480421,1
2025,04,019,0.0396745,1
2025,04,021,0.0632911,1
2025,04,023,0.047619,1
2025,04,025,0.033588,1
2025,04,027,0.012734,1
2025,05,001,0.0309478,1
2025,05,003,0.1203852,1
2025,05,005,0.0957072,1
2025,05,007,0.034406,1
2025,05,009,0.0619323,1
2025,05,011,0.1308411,1
2025,05,013,0.1190476,1
2025,05,015,0.0376914,1
2025,05,017,0.1696113,1
2025,05,019,0.0437828,1
2025,05,021,0.1447368,1
2025,05,023,0.0360885,1
2025,05,025,0.1016949,1
2025,05,027,0.1085973,1
2025,05,029,0.0422961,1
2025,05,031,0.1394272,1
2025,05,033,0.0449735,1
2025,05,035,0.1227709,1
2025,05,037,0.0936902,1
2025,05,039,0.1173469,1
2025,05,041,0.0914826,1
2025,05,043,0.1353384,1
2025,05,045,0.0569127,1
2025,05,047,0.0442804,1
2025,05,049,0.0723982,1
2025,05,051,0.0574429,1
2025,05,053,0.035524,1
2025,05,055,0.1312632,1
2025,05,057,0.1009934,1
2025,05,059,0.0439443,1
2025,05,061,0.1219512,1
2025,05,063,0.0616319,1
2025,05,065,0.0973872,1
2025,05,067,0.0842333,1
2025,05,069,0.0699187,1
2025,05,071,0.0659767,1
2025,05,073,0.079602,1
2025,05,075,0.1394892,1
2025,05,077,0.1336898,1
2025,05,079,0.064982,1
2025,05,081,0.1304348,1
2025,05,083,0.0423601,1
2025,05,085,0.0366064,1
2025,05,087,0.0395683,1
2025,05,089,0.1314815,1
2025,05,091,0.0982615,1
2025,05,093,0.1272727,1
2025,05,095,0.0372093,1
2025,05,097,0.0528302,1
2025,05,099,0.1111111,1
2025,05,101,0.036036,1
2025,05,103,0.0801187,1
2025,05,105,0.05,1
2025,05,107,0.107221,1
2025,05,109,0.0482315,1
2025,05,111,0.1335188,1
2025,05,113,0.0801336,1
2025,05,115,0.0460317,1
2025,05,117,0.030303,1
2025,05,119,0.0394557,1
2025,05,121,0.1415771,1
2025,05,123,0.1057192,1
2025,05,125,0.0389513,1
2025,05,127,0.0972222,1
2025,05,129,0.0286885,1
2025,05,131,0.04947,1
2025,05,133,0.1231102,1
2025,05,135,0.0834753,1
2025,05,137,0.0487805,1
2025,05,139,0.1069959,1
2025,05,141,0.041502,1
2025,05,143,0.0422794,1
2025,05,145,0.0349451,1
2025,05,147,0.0614525,1
2025,05,149,0.047138,1
2025,06,001,0,1
2025,06,003,NA,NA
2025,06,005,0,1
2025,06,007,0,1
2025,06,009,0,1
2025,06,011,0,1
2025,06,013,0,1
2025,06,015,0,1
2025,06,017,0,1
2025,06,019,0,1
2025,06,021,0,1
2025,06,023,0,1
2025,06,025,0,1
2025,06,027,0,1
2025,06,029,0,1
2025,06,031,0,1
2025,06,033,0,1
2025,06,035,0,1
2025,06,037,0,1
2025,06,039,0,1
2025,06,041,0,1
2025,06,043,0,1
2025,06,045,0,1
2025,06,047,0,1
2025,06,049,0,1
2025,06,051,0,1
2025,06,053,0,1
2025,06,055,0,1
2025,06,057,0,1
2025,06,059,0,1
2025,06,061,0,1
2025,06,063,0,1
2025,06,065,0,1
2025,06,067,0,1
2025,06,069,0,1
2025,06,071,0,1
2025,06,073,0,1
2025,06,075,0,1
2025,06,077,0,1
2025,06,079,0,1
2025,06,081,0,1
2025,06,083,0,1
2025,06,085,0,1
2025,06,087,0,1
2025,06,089,0,1
2025,06,091,0,1
2025,06,093,0,1
2025,06,095,0,1
2025,06,097,0,1
2025,06,099,0,1
2025,06,101,0,1
2025,06,103,0,1
2025,06,105,0,1
2025,06,107,0,1
2025,06,109,0,1
2025,06,111,0,1
2025,06,113,0,1
2025,06,115,0,1
2025,08,001,0,1
2025,08,003,0,1
2025,08,005,0,1
2025,08,007,0,1
2025,08,009,0,1
2025,08,011,0,1
2025,08,013,0,1
2025,08,014,0,1
2025,08,015,0,1
2025,08,017,0,1
2025,08,019,0,1
2025,08,021,0,1
2025,08,023,0,1
2025,08,025,0,1
2025,08,027,0,1
2025,08,029,0,1
2025,08,031,0,1
2025,08,033,0,1
2025,08,035,0,1
2025,08,037,0,1
2025,08,039,0,1
2025,08,041,0,1
2025,08,043,0,1
2025,08,045,0,1
2025,08,047,0,1
2025,08,049,0,1
2025,08,051,0,1
2025,08,053,NA,NA
2025,08,055,0,1
2025,08,057,NA,NA
2025,08,059,0,1
2025,08,061,0,1
2025,08,063,0,1
2025,08,065,0,1
2025,08,067,0,1
2025,08,069,0,1
2025,08,071,0,1
2025,08,073,0,1
2025,08,075,0,1
2025,08,077,0,1
2025,08,079,NA,NA
2025,08,081,0,1
2025,08,083,0,1
2025,08,085,0,1
2025,08,087,0,1
2025,08,089,0,1
2025,08,091,0,1
2025,08,093,0,1
2025,08,095,0,1
2025,08,097,0,1
2025,08,099,0,1
2025,08,101,0,1
2025,08,103,0,1
2025,08,105,0,1
2025,08,107,0,1
2025,08,109,0,1
2025,08,111,NA,NA
2025,08,113,0,1
2025,08,115,0,1
2025,08,117,0,1
2025,08,119,0,1
2025,08,121,0,1
2025,08,123,0,1
2025,08,125,0,1
2025,09,001,0.0051749,1
2025,09,003,0.0104957,1
2025,09,005,0.0106101,1
2025,09,007,0.007533,1
2025,09,009,0.008547,1
2025,09,011,0.0163915,1
2025,09,013,0.00796,1
2025,09,015,0.0100027,1
2025,10,001,0.03722,1
2025,10,003,0.0840372,1
2025,10,005,0.0130734,1
2025,11,001,0.0095359,1
2025,12,001,0.0129125,1
2025,12,003,0.0535918,1
2025,12,005,0.0412248,1
2025,12,007,0.0672963,1
2025,12,009,0.066534,1
2025,12,011,0.0326656,1
2025,12,013,0.1234867,1
2025,12,015,0.0170026,1
2025,12,017,0.0419294,1
2025,12,019,0.0623816,1
2025,12,021,0.0454643,1
2025,12,023,0.0310391,1
2025,12,027,0.1193455,1
2025,12,029,0.0322581,1
2025,12,031,0.0745272,1
2025,12,033,0.0757706,1
2025,12,035,0.0334588,1
2025,12,037,0.0411765,1
2025,12,039,0.1312684,1
2025,12,041,0.015625,1
2025,12,043,0.0997305,1
2025,12,045,0.0377778,1
2025,12,047,0.0232558,1
2025,12,049,0.0757363,1
2025,12,051,0.1363278,1
2025,12,053,0.0519118,1
2025,12,055,0.0411602,1
2025,12,057,0.0602325,1
2025,12,059,0.0654045,1
2025,12,061,0.0206258,1
2025,12,063,0.1940608,1
2025,12,065,0.0515021,1
2025,12,067,0.0416667,1
2025,12,069,0.0613158,1
2025,12,071,0.0260594,1
2025,12,073,0.0446439,1
2025,12,075,0.019802,1
2025,12,077,0.0622222,1
2025,12,079,0.0318352,1
2025,12,081,0.0375033,1
2025,12,083,0.0357933,1
2025,12,085,0.0376176,1
2025,12,086,0.0249739,1
2025,12,087,0.126019,1
2025,12,089,0.0522895,1
2025,12,091,0.0346878,1
2025,12,093,0.0385562,1
2025,12,095,0.0603284,1
2025,12,097,0.062979,1
2025,12,099,0.0317388,1
2025,12,101,0.0383917,1
2025,12,103,0.0259465,1
2025,12,105,0.0679791,1
2025,12,107,0.1182186,1
2025,12,109,0.0326791,1
2025,12,111,0.0378542,1
2025,12,113,0.0405237,1
2025,12,115,0.0185955,1
2025,12,117,0.0524061,1
2025,12,119,0.0275984,1
2025,12,121,0.0292887,1
2025,12,123,0.0852359,1
2025,12,125,0.0443864,1
2025,12,127,0.038083,1
2025,12,129,0.0523514,1
2025,12,131,0.0247473,1
2025,12,133,0.0570652,1
2025,13,001,0.0915141,1
2025,13,003,0.1260504,1
2025,13,005,0.1401869,1
2025,13,007,0.1134021,1
2025,13,009,0.1001656,1
2025,13,011,0.0833333,1
2025,13,013,0.0735741,1
2025,13,015,0.0923913,1
2025,13,017,0.1484962,1
2025,13,019,0.1663808,1
2025,13,021,0.122552,1
2025,13,023,0.1168831,1
2025,13,025,0.1563088,1
2025,13,027,0.1873638,1
2025,13,029,0.0918033,1
2025,13,031,0.1444298,1
2025,13,033,0.1088083,1
2025,13,035,0.1363636,1
2025,13,037,0.0504202,1
2025,13,039,0.0985442,1
2025,13,043,0.106383,1
2025,13,045,0.0470259,1
2025,13,047,0.0861827,1
2025,13,049,0.1419753,1
2025,13,051,0.1330313,1
2025,13,053,0.0519481,1
2025,13,055,0.1631117,1
2025,13,057,0.035731,1
2025,13,059,0.0563621,1
2025,13,061,0.0731707,1
2025,13,063,0.0796612,1
2025,13,065,0.144186,1
2025,13,067,0.0627751,1
2025,13,069,0.1048035,1
2025,13,071,0.0489174,1
2025,13,073,0.0529857,1
2025,13,075,0.1400709,1
2025,13,077,0.0454733,1
2025,13,079,0.0994898,1
2025,13,081,0.0481541,1
2025,13,083,0.1127349,1
2025,13,085,0.0639924,1
2025,13,087,0.1504739,1
2025,13,089,0.0344155,1
2025,13,091,0.0909091,1
2025,13,093,0.0673759,1
2025,13,095,0.0389185,1
2025,13,097,0.1006251,1
2025,13,099,0.0429043,1
2025,13,101,0.1454545,1
2025,13,103,0.0916206,1
2025,13,105,0.1222781,1
2025,13,107,0.1048276,1
2025,13,109,0.2179487,1
2025,13,111,0.0808314,1
2025,13,113,0.0235446,1
2025,13,115,0.1415125,1
2025,13,117,0.0226697,1
2025,13,119,0.1231394,1
2025,13,121,0.0453083,1
2025,13,123,0.0698132,1
2025,13,125,0.0821918,1
2025,13,127,0.1366959,1
2025,13,129,0.1256463,1
2025,13,131,0.1414514,1
2025,13,133,0.0976,1
2025,13,135,0.0252992,1
2025,13,137,0.0858939,1
2025,13,139,0.081531,1
2025,13,141,0.1415929,1
2025,13,143,0.0596685,1
2025,13,145,0.0513699,1
2025,13,147,0.1156138,1
2025,13,149,0.0831025,1
2025,13,151,0.0563363,1
2025,13,153,0.092455,1
2025,13,155,0.1067616,1
2025,13,157,0.0638889,1
2025,13,159,0.0717054,1
2025,13,161,0.1271186,1
2025,13,163,0.1324786,1
2025,13,165,0.1742739,1
2025,13,167,0.0515873,1
2025,13,169,0.0639535,1
2025,13,171,0.0985916,1
2025,13,173,0.1538462,1
2025,13,175,0.0930969,1
2025,13,177,0.0215154,1
2025,13,179,0.1429952,1
2025,13,181,0.0594796,1
2025,13,183,0.1317158,1
2025,13,185,0.1424972,1
2025,13,187,0.0843373,1
2025,13,189,0.1255605,1
2025,13,191,0.1084906,1
2025,13,193,0.0911765,1
2025,13,195,0.0538302,1
2025,13,197,0.0585366,1
2025,13,199,0.1325137,1
2025,13,201,0.0409357,1
2025,13,205,0.1717687,1
2025,13,207,0.0977366,1
2025,13,209,0.1361868,1
2025,13,211,0.0753324,1
2025,13,213,0.1488872,1
2025,13,215,0.1289365,1
2025,13,217,0.0581183,1
2025,13,219,0.0246711,1
2025,13,221,0.0620155,1
2025,13,223,0.0911691,1
2025,13,225,0.1259259,1
2025,13,227,0.0620629,1
2025,13,229,0.122449,1
2025,13,231,0.0887097,1
2025,13,233,0.1585807,1
2025,13,235,0.1209677,1
2025,13,237,0.0963061,1
2025,13,239,0.1029412,1
2025,13,241,0.0531136,1
2025,13,243,0.1117318,1
2025,13,245,0.1254548,1
2025,13,247,0.0648739,1
2025,13,249,0.0184049,1
2025,13,251,0.1991614,1
2025,13,253,0.0841751,1
2025,13,255,0.1214575,1
2025,13,257,0.1647668,1
2025,13,259,0.0534351,1
2025,13,261,0.0274314,1
2025,13,263,0.1617647,1
2025,13,265,0.16,1
2025,13,267,0.1682848,1
2025,13,269,0.1244444,1
2025,13,271,0.1083916,1
2025,13,273,0.0143369,1
2025,13,275,0.1055172,1
2025,13,277,0.1197411,1
2025,13,279,0.1252955,1
2025,13,281,0.03125,1
2025,13,283,0.1390374,1
2025,13,285,0.1370717,1
2025,13,287,0.1148148,1
2025,13,289,0.0792453,1
2025,13,291,0.054429,1
2025,13,293,0.1294798,1
2025,13,295,0.1157993,1
2025,13,297,0.0540869,1
2025,13,299,0.1196498,1
2025,13,301,0.1263736,1
2025,13,303,0.0917722,1
2025,13,305,0.1137595,1
2025,13,307,0.0144928,1
2025,13,309,0.0479452,1
2025,13,311,0.0939525,1
2025,13,313,0.1023184,1
2025,13,315,0.1504425,1
2025,13,317,0.118541,1
2025,13,319,0.10344830000000001,1
2025,13,321,0.0410095,1
2025,15,001,0.0123184,1
2025,15,003,0.0118584,1
2025,15,005,NA,NA
2025,15,007,0.0054484,1
2025,15,009,0.0102492,1
2025,16,001,0.0201178,1
2025,16,003,0.0310559,1
2025,16,005,0.0357942,1
2025,16,007,0.0344828,1
2025,16,009,0.0030864,1
2025,16,011,0.0610526,1
2025,16,013,0.0170316,1
2025,16,015,0.0206186,1
2025,16,017,0.0048309,1
2025,16,019,0.0390383,1
2025,16,021,0.0047393,1
2025,16,023,0,1
2025,16,025,NA,NA
2025,16,027,0.045375,1
2025,16,029,0.055794,1
2025,16,031,0.0336927,1
2025,16,033,NA,NA
2025,16,035,0.0071429,1
2025,16,037,0.0188679,1
2025,16,039,0.0309735,1
2025,16,041,0.0138889,1
2025,16,043,0.0725389,1
2025,16,045,0.0115108,1
2025,16,047,0.01417,1
2025,16,049,0.0141844,1
2025,16,051,0.0340522,1
2025,16,053,0.016,1
2025,16,055,0.0061749,1
2025,16,057,0.0081744,1
2025,16,059,0.0418251,1
2025,16,061,0.020979,1
2025,16,063,0.0168539,1
2025,16,065,0.030137,1
2025,16,067,0.0537931,1
2025,16,069,0.0156139,1
2025,16,071,0.0322581,1
2025,16,073,0.0661939,1
2025,16,075,0.0286396,1
2025,16,077,0.0371901,1
2025,16,079,0.0066079,1
2025,16,081,0.0263158,1
2025,16,083,0.0248722,1
2025,16,085,0.002551,1
2025,16,087,0.020649,1
2025,17,001,0,1
2025,17,003,0,1
2025,17,005,0,1
2025,17,007,0,1
2025,17,009,0,1
2025,17,011,0,1
2025,17,013,0,1
2025,17,015,0,1
2025,17,017,0,1
2025,17,019,0,1
2025,17,021,0,1
2025,17,023,0,1
2025,17,025,0,1
2025,17,027,0,1
2025,17,029,0,1
2025,17,031,0,1
2025,17,033,0,1
2025,17,035,0,1
2025,17,037,0,1
2025,17,039,0,1
2025,17,041,0,1
2025,17,043,0,1
2025,17,045,0,1
2025,17,047,0,1
2025,17,049,0,1
2025,17,051,0,1
2025,17,053,0,1
2025,17,055,0,1
2025,17,057,0,1
2025,17,059,0,1
2025,17,061,0,1
2025,17,063,0,1
2025,17,065,0,1
2025,17,067,0,1
2025,17,069,0,1
2025,17,071,0,1
2025,17,073,0,1
2025,17,075,0,1
2025,17,077,0,1
2025,17,079,0,1
2025,17,081,0,1
2025,17,083,0,1
2025,17,085,0,1
2025,17,087,0,1
2025,17,089,0,1
2025,17,091,0,1
2025,17,093,0,1
2025,17,095,0,1
2025,17,097,0,1
2025,17,099,0,1
2025,17,101,0,1
2025,17,103,0,1
2025,17,105,0,1
2025,17,107,0,1
2025,17,109,0,1
2025,17,111,0,1
2025,17,113,0,1
2025,17,115,0,1
2025,17,117,0,1
2025,17,119,0,1
2025,17,121,0,1
2025,17,123,0,1
2025,17,125,0,1
2025,17,127,0,1
2025,17,129,0,1
2025,17,131,0,1
2025,17,133,0,1
2025,17,135,0,1
2025,17,137,0,1
2025,17,139,0,1
2025,17,141,0,1
2025,17,143,0,1
2025,17,145,0,1
2025,17,147,0,1
2025,17,149,0,1
2025,17,151,0,1
2025,17,153,0,1
2025,17,155,0,1
2025,17,157,0,1
2025,17,159,0,1
2025,17,161,0,1
2025,17,163,0,1
2025,17,165,0,1
2025,17,167,0,1
2025,17,169,0,1
2025,17,171,0,1
2025,17,173,0,1
2025,17,175,0,1
2025,17,177,0,1
2025,17,179,0,1
2025,17,181,0,1
2025,17,183,0,1
2025,17,185,0,1
2025,17,187,0,1
2025,17,189,0,1
2025,17,191,0,1
2025,17,193,0,1
2025,17,195,0,1
2025,17,197,0,1
2025,17,199,0,1
2025,17,201,0,1
2025,17,203,0,1
2025,18,001,0.0385439,1
2025,18,003,0.0388665,1
2025,18,005,0.0547282,1
2025,18,007,0.0594406,1
2025,18,009,0.0405405,1
2025,18,011,0.0355308,1
2025,18,013,0.0208729,1
2025,18,015,0.0615883,1
2025,18,017,0.0761986,1
2025,18,019,0.092791,1
2025,18,021,0.0306905,1
2025,18,023,0.0640895,1
2025,18,025,0.0718085,1
2025,18,027,0.0237581,1
2025,18,029,0.0383445,1
2025,18,031,0.0885478,1
2025,18,033,0.029304,1
2025,18,035,0.0199693,1
2025,18,037,0.0320417,1
2025,18,039,0.0662166,1
2025,18,041,0.0372928,1
2025,18,043,0.0833659,1
2025,18,045,0.0258303,1
2025,18,047,0.0312945,1
2025,18,049,0.0969697,1
2025,18,051,0.048951,1
2025,18,053,0.0812257,1
2025,18,055,0.049445,1
2025,18,057,0.0214148,1
2025,18,059,0.0586133,1
2025,18,061,0.0705706,1
2025,18,063,0.0536338,1
2025,18,065,0.0401845,1
2025,18,067,0.0623591,1
2025,18,069,0.0316067,1
2025,18,071,0.1205575,1
2025,18,073,0.0398445,1
2025,18,075,0.0422078,1
2025,18,077,0.0327381,1
2025,18,079,0.0597015,1
2025,18,081,0.0405457,1
2025,18,083,0.0676417,1
2025,18,085,0.0596293,1
2025,18,087,0.0216272,1
2025,18,089,0.0353766,1
2025,18,091,0.0439787,1
2025,18,093,0.040201,1
2025,18,095,0.029662,1
2025,18,097,0.0510814,1
2025,18,099,0.0464618,1
2025,18,101,0.0296053,1
2025,18,103,0.0591182,1
2025,18,105,0.0332978,1
2025,18,107,0.0489451,1
2025,18,109,0.0524577,1
2025,18,111,0.055914,1
2025,18,113,0.0581148,1
2025,18,115,0.0507614,1
2025,18,117,0.0374787,1
2025,18,119,0.0525526,1
2025,18,121,0.0495238,1
2025,18,123,0.044316,1
2025,18,125,0.027027,1
2025,18,127,0.0231225,1
2025,18,129,0.0136139,1
2025,18,131,0.0615764,1
2025,18,133,0.065543100000000007,1
2025,18,135,0.0212766,1
2025,18,137,0.0371945,1
2025,18,139,0.1233397,1
2025,18,141,0.0315343,1
2025,18,143,0.0998767,1
2025,18,145,0.0885453,1
2025,18,147,0.0270701,1
2025,18,149,0.0471429,1
2025,18,151,0.0409463,1
2025,18,153,0.0428082,1
2025,18,155,0.0512821,1
2025,18,157,0.0489856,1
2025,18,159,0.0332681,1
2025,18,161,0.0115385,1
2025,18,163,0.0325727,1
2025,18,165,0.0346821,1
2025,18,167,0.0269677,1
2025,18,169,0.0242616,1
2025,18,171,0.0361446,1
2025,18,173,0.0181018,1
2025,18,175,0.0594406,1
2025,18,177,0.024108,1
2025,18,179,0.0407701,1
2025,18,181,0.0773263,1
2025,18,183,0.0222652,1
2025,19,001,0.021645,1
2025,19,003,0.0344828,1
2025,19,005,0.0124688,1
2025,19,007,0.0418994,1
2025,19,009,0.013245,1
2025,19,011,0.0289855,1
2025,19,013,0.0329442,1
2025,19,015,0.0131108,1
2025,19,017,0.0078947,1
2025,19,019,0.0265957,1
2025,19,021,0.0119658,1
2025,19,023,0.0088692,1
2025,19,025,0.0032468,1
2025,19,027,0.0031646,1
2025,19,029,0.0178571,1
2025,19,031,0.0086655,1
2025,19,033,0.0208333,1
2025,19,035,0.010989,1
2025,19,037,0.0145349,1
2025,19,039,0.0625,1
2025,19,041,0.0079523,1
2025,19,043,0.0155642,1
2025,19,045,0.0450138,1
2025,19,047,0.0086022,1
2025,19,049,0.0187793,1
2025,19,051,0.0128205,1
2025,19,053,0.0643564,1
2025,19,055,0.0056285,1
2025,19,057,0.0526316,1
2025,19,059,0.0109718,1
2025,19,061,0.007279,1
2025,19,063,0,1
2025,19,065,0.0278293,1
2025,19,067,0.0153173,1
2025,19,069,0.0106383,1
2025,19,071,0.0186916,1
2025,19,073,0.0179856,1
2025,19,075,0.0075949,1
2025,19,077,0.0283019,1
2025,19,079,0.0157303,1
2025,19,081,0.0264706,1
2025,19,083,0.0191205,1
2025,19,085,0.0130719,1
2025,19,087,0.0352113,1
2025,19,089,0.0106762,1
2025,19,091,0.0066007,1
2025,19,093,0.0092166,1
2025,19,095,0.0118812,1
2025,19,097,0.0224359,1
2025,19,099,0.0314748,1
2025,19,101,0.0670996,1
2025,19,103,0.016957,1
2025,19,105,0.0079239,1
2025,19,107,0.0412371,1
2025,19,109,0.0125786,1
2025,19,111,0.0381526,1
2025,19,113,0.0172717,1
2025,19,115,0.0221519,1
2025,19,117,0.0530035,1
2025,19,119,0,1
2025,19,121,0.0141988,1
2025,19,123,0.0203443,1
2025,19,125,0.0472062,1
2025,19,127,0.0197425,1
2025,19,129,0.0225734,1
2025,19,131,0.0131148,1
2025,19,133,0.0321429,1
2025,19,135,0.025974,1
2025,19,137,0.052795,1
2025,19,139,0.024961,1
2025,19,141,0.0069606,1
2025,19,143,0.0172414,1
2025,19,145,0.0101523,1
2025,19,147,0.0040486,1
2025,19,149,0.0179211,1
2025,19,151,0.0215517,1
2025,19,153,0.0252123,1
2025,19,155,0.0348592,1
2025,19,157,0.0149254,1
2025,19,159,0.0769231,1
2025,19,161,0.0105263,1
2025,19,163,0.0190045,1
2025,19,165,0.0200573,1
2025,19,167,0.0143003,1
2025,19,169,0.0084485,1
2025,19,171,0.020284,1
2025,19,173,0.0274725,1
2025,19,175,0.0207101,1
2025,19,177,0.0640394,1
2025,19,179,0.0683683,1
2025,19,181,0.0153392,1
2025,19,183,0.0408163,1
2025,19,185,0.0331492,1
2025,19,187,0.012037,1
2025,19,189,0.0104167,1
2025,19,191,0.0074766,1
2025,19,193,0.039649,1
2025,19,195,0.0196078,1
2025,19,197,0.0142857,1
2025,20,001,0.0358127,1
2025,20,003,0.0084388,1
2025,20,005,0.017316,1
2025,20,007,0.0295858,1
2025,20,009,0.0120805,1
2025,20,011,0.0576037,1
2025,20,013,0.0375427,1
2025,20,015,0.0308392,1
2025,20,017,0.0882353,1
2025,20,019,0.0135135,1
2025,20,021,0.0535117,1
2025,20,023,0.027027,1
2025,20,025,0.0363636,1
2025,20,027,0.018315,1
2025,20,029,0.0198413,1
2025,20,031,0.0190114,1
2025,20,033,0.0357143,1
2025,20,035,0.0162059,1
2025,20,037,0.0632558,1
2025,20,039,0.0729167,1
2025,20,041,0.0164745,1
2025,20,043,0.0185185,1
2025,20,045,0.0444444,1
2025,20,047,0.0147059,1
2025,20,049,0.0263158,1
2025,20,051,0.0133011,1
2025,20,053,0.0126582,1
2025,20,055,0.0749306,1
2025,20,057,0.0559072,1
2025,20,059,0.0623441,1
2025,20,061,0.0531814,1
2025,20,063,0,1
2025,20,065,0,1
2025,20,067,0.0447761,1
2025,20,069,0.0261438,1
2025,20,071,NA,NA
2025,20,073,0.0485437,1
2025,20,075,0,1
2025,20,077,0.006135,1
2025,20,079,0.0092879,1
2025,20,081,0.0754717,1
2025,20,083,NA,NA
2025,20,085,0.0333333,1
2025,20,087,0.0581761,1
2025,20,089,0,1
2025,20,091,0.0156105,1
2025,20,093,0.0294118,1
2025,20,095,0.0218341,1
2025,20,097,0.0138889,1
2025,20,099,0.0859504,1
2025,20,101,0.0163934,1
2025,20,103,0.0536649,1
2025,20,105,0.0235294,1
2025,20,107,0.0385852,1
2025,20,109,0.0348837,1
2025,20,111,0.0950276,1
2025,20,113,0.0199557,1
2025,20,115,0.0177515,1
2025,20,117,0.0126582,1
2025,20,119,0.038835,1
2025,20,121,0.0225428,1
2025,20,123,0.0126582,1
2025,20,125,0.0561283,1
2025,20,127,0.0506329,1
2025,20,129,0,1
2025,20,131,0.0036101,1
2025,20,133,0.0334076,1
2025,20,135,0.0344828,1
2025,20,137,0.0367647,1
2025,20,139,0.056338,1
2025,20,141,0.0196078,1
2025,20,143,0.0060241,1
2025,20,145,0.0215054,1
2025,20,147,0.0064935,1
2025,20,149,0.0339463,1
2025,20,151,0.0113636,1
2025,20,153,0.030303,1
2025,20,155,0.0418904,1
2025,20,157,0.0067114,1
2025,20,159,0.0406504,1
2025,20,161,0.0366242,1
2025,20,163,0.0232558,1
2025,20,165,0,1
2025,20,167,0.0239234,1
2025,20,169,0.0214511,1
2025,20,171,0.0372671,1
2025,20,173,0.0203319,1
2025,20,175,0.0214425,1
2025,20,177,0.0833018,1
2025,20,179,0.0365854,1
2025,20,181,0.0316456,1
2025,20,183,0.0108696,1
2025,20,185,0,1
2025,20,187,0.0149254,1
2025,20,189,0.027972,1
2025,20,191,0.0076923,1
2025,20,193,0.0900474,1
2025,20,195,0,1
2025,20,197,0.0346535,1
2025,20,199,NA,NA
2025,20,201,0.0287356,1
2025,20,203,0.0357143,1
2025,20,205,0.037037,1
2025,20,207,0.0102041,1
2025,20,209,0.0729465,1
2025,21,001,0.0678571,1
2025,21,003,0.0927357,1
2025,21,005,0.0584416,1
2025,21,007,0.0343511,1
2025,21,009,0.0593773,1
2025,21,011,0.0554156,1
2025,21,013,0.0535248,1
2025,21,015,0.0252993,1
2025,21,017,0.0520059,1
2025,21,019,0.0504032,1
2025,21,021,0.0658617,1
2025,21,023,0.0447761,1
2025,21,025,0.047486,1
2025,21,027,0.064915,1
2025,21,029,0.0524358,1
2025,21,031,0.0673854,1
2025,21,033,0.0724638,1
2025,21,035,0.027619,1
2025,21,037,0.0266442,1
2025,21,039,0.0526316,1
2025,21,041,0.0707396,1
2025,21,043,0.042131299999999997,1
2025,21,045,0.0560166,1
2025,21,047,0.0762583,1
2025,21,049,0.0325139,1
2025,21,051,0.0602007,1
2025,21,053,0.0859107,1
2025,21,055,0.0380623,1
2025,21,057,0.0707965,1
2025,21,059,0.0248897,1
2025,21,061,0.0814815,1
2025,21,063,0.0736842,1
2025,21,065,0.0694143,1
2025,21,067,0.0303152,1
2025,21,069,0.0685225,1
2025,21,071,0.0420684,1
2025,21,073,0.0333543,1
2025,21,075,0.0666667,1
2025,21,077,0.0544218,1
2025,21,079,0.0541045,1
2025,21,081,0.0429836,1
2025,21,083,0.0622261,1
2025,21,085,0.0720391,1
2025,21,087,0.0368272,1
2025,21,089,0.0329575,1
2025,21,091,0.057554,1
2025,21,093,0.0558882,1
2025,21,095,0.0363165,1
2025,21,097,0.062701,1
2025,21,099,0.0827586,1
2025,21,101,0.0265363,1
2025,21,103,0.048583,1
2025,21,105,0.0428571,1
2025,21,107,0.0398323,1
2025,21,109,0.0746269,1
2025,21,111,0.0644185,1
2025,21,113,0.0391813,1
2025,21,115,0.0646976,1
2025,21,117,0.027704,1
2025,21,119,0.0356295,1
2025,21,121,0.0432544,1
2025,21,123,0.0520607,1
2025,21,125,0.0571157,1
2025,21,127,0.0567515,1
2025,21,129,0.052381,1
2025,21,131,0.0359281,1
2025,21,133,0.0333863,1
2025,21,135,0.0473684,1
2025,21,137,0.0675862,1
2025,21,139,0.089701,1
2025,21,141,0.0861678,1
2025,21,143,0.0546218,1
2025,21,145,0.0577925,1
2025,21,147,0.0687361,1
2025,21,149,0.0442804,1
2025,21,151,0.0654397,1
2025,21,153,0.0444444,1
2025,21,155,0.06,1
2025,21,157,0.0449954,1
2025,21,159,0.0424242,1
2025,21,161,0.0487805,1
2025,21,163,0.0559441,1
2025,21,165,0.0307692,1
2025,21,167,0.0545455,1
2025,21,169,0.0580645,1
2025,21,171,0.0449438,1
2025,21,173,0.0537514,1
2025,21,175,0.044164,1
2025,21,177,0.030871,1
2025,21,179,0.0560748,1
2025,21,181,0.0502092,1
2025,21,183,0.0363128,1
2025,21,185,0.0362823,1
2025,21,187,0.05,1
2025,21,189,0.0625,1
2025,21,191,0.0338266,1
2025,21,193,0.0298879,1
2025,21,195,0.0387205,1
2025,21,197,0.0681265,1
2025,21,199,0.0554529,1
2025,21,201,0.0789474,1
2025,21,203,0.1038136,1
2025,21,205,0.045007,1
2025,21,207,0.0709343,1
2025,21,209,0.038138,1
2025,21,211,0.0613861,1
2025,21,213,0.129393,1
2025,21,215,0.0488599,1
2025,21,217,0.0475638,1
2025,21,219,0.06,1
2025,21,221,0.049569,1
2025,21,223,0.0648855,1
2025,21,225,0.0438144,1
2025,21,227,0.0748411,1
2025,21,229,0.0803109,1
2025,21,231,0.0444785,1
2025,21,233,0.0459184,1
2025,21,235,0.0480679,1
2025,21,237,0.0344828,1
2025,21,239,0.0285714,1
2025,22,001,0.0661637,1
2025,22,003,0.1343042,1
2025,22,005,0.0425143,1
2025,22,007,0.07743,1
2025,22,009,0.0804388,1
2025,22,011,0.108593,1
2025,22,013,0.0628272,1
2025,22,015,0.0888771,1
2025,22,017,0.0953305,1
2025,22,019,0.1734711,1
2025,22,021,0.0236486,1
2025,22,023,0.1032609,1
2025,22,025,0.1363636,1
2025,22,027,0.0379747,1
2025,22,029,0.1279528,1
2025,22,031,0.1137163,1
2025,22,033,0.0479702,1
2025,22,035,0.0382514,1
2025,22,037,0.1216458,1
2025,22,039,0.056338,1
2025,22,041,0.0302067,1
2025,22,043,0.0453782,1
2025,22,045,0.099453,1
2025,22,047,0.0627962,1
2025,22,049,0.0439815,1
2025,22,051,0.0302983,1
2025,22,053,0.0835882,1
2025,22,055,0.0820385,1
2025,22,057,0.0741635,1
2025,22,059,0.1133787,1
2025,22,061,0.0413094,1
2025,22,063,0.0474051,1
2025,22,065,0.0658436,1
2025,22,067,0.0861619,1
2025,22,069,0.0323194,1
2025,22,071,0.0345962,1
2025,22,073,0.0448845,1
2025,22,075,0.0449275,1
2025,22,077,0.0767974,1
2025,22,079,0.0868776,1
2025,22,081,0.0322581,1
2025,22,083,0.0940032,1
2025,22,085,0.0710383,1
2025,22,087,0.0542636,1
2025,22,089,0.0384106,1
2025,22,091,0.1380368,1
2025,22,093,0.0690209,1
2025,22,095,0.0576037,1
2025,22,097,0.0785597,1
2025,22,099,0.0725356,1
2025,22,101,0.1099727,1
2025,22,103,0.044754,1
2025,22,105,0.0576733,1
2025,22,107,0.0934579,1
2025,22,109,0.0863874,1
2025,22,111,0.0547945,1
2025,22,113,0.1155973,1
2025,22,115,0.0827839,1
2025,22,117,0.1277906,1
2025,22,119,0.0828548,1
2025,22,121,0.0631704,1
2025,22,123,0.0382353,1
2025,22,125,0.1949458,1
2025,22,127,0.0497382,1
2025,23,001,0.039058,1
2025,23,003,0.0284404,1
2025,23,005,0.0373096,1
2025,23,007,0.0248705,1
2025,23,009,0.0740349,1
2025,23,011,0.0811688,1
2025,23,013,0.0187547,1
2025,23,015,0.0522088,1
2025,23,017,0.0351162,1
2025,23,019,0.0540994,1
2025,23,021,0.0998363,1
2025,23,023,0.0858545,1
2025,23,025,0.1123399,1
2025,23,027,0.0423403,1
2025,23,029,0.0888672,1
2025,23,031,0.0338419,1
2025,24,001,0.0265442,1
2025,24,003,0.010324,1
2025,24,005,0.0115282,1
2025,24,009,0.0216254,1
2025,24,011,0.0107949,1
2025,24,013,0.0145461,1
2025,24,015,0.0189215,1
2025,24,017,0.0275281,1
2025,24,019,0.0095238,1
2025,24,021,0.0190152,1
2025,24,023,0.0538373,1
2025,24,025,0.0107777,1
2025,24,027,0.0081967,1
2025,24,029,0.0068493,1
2025,24,031,0.015316,1
2025,24,033,0.0254584,1
2025,24,035,0.010607,1
2025,24,037,0.0137066,1
2025,24,039,0.0261438,1
2025,24,041,0.006628,1
2025,24,043,0.0386681,1
2025,24,045,0.0097294,1
2025,24,047,0.0100705,1
2025,24,510,0.018416,1
2025,25,001,0.0071881,1
2025,25,003,0.0185736,1
2025,25,005,0.0115588,1
2025,25,007,0.005277,1
2025,25,009,0.0096505,1
2025,25,011,0.0126812,1
2025,25,013,0.0170375,1
2025,25,015,0.0117134,1
2025,25,017,0.0112308,1
2025,25,019,0.0183824,1
2025,25,021,0.0078496,1
2025,25,023,0.0107184,1
2025,25,025,0.0088679,1
2025,25,027,0.0168358,1
2025,26,001,0.0277008,1
2025,26,003,0.0295203,1
2025,26,005,0.0331374,1
2025,26,007,0.0255363,1
2025,26,009,0.0092807,1
2025,26,011,0.0285132,1
2025,26,013,0.0406504,1
2025,26,015,0.0292158,1
2025,26,017,0.028356,1
2025,26,019,0.0108865,1
2025,26,021,0.0184525,1
2025,26,023,0.0538048,1
2025,26,025,0.0711111,1
2025,26,027,0.0380469,1
2025,26,029,0.0174014,1
2025,26,031,0.0181818,1
2025,26,033,0.0735587,1
2025,26,035,0.0304472,1
2025,26,037,0.0125151,1
2025,26,039,0.021028,1
2025,26,041,0.0439024,1
2025,26,043,0.0964813,1
2025,26,045,0.0204953,1
2025,26,047,0.0079646,1
2025,26,049,0.0371275,1
2025,26,051,0.021764,1
2025,26,053,0.0771144,1
2025,26,055,0.0126064,1
2025,26,057,0.0322284,1
2025,26,059,0.0487455,1
2025,26,061,0.0279653,1
2025,26,063,0.0227488,1
2025,26,065,0.0242787,1
2025,26,067,0.0230316,1
2025,26,069,0.0249433,1
2025,26,071,0.0825,1
2025,26,073,0.0275028,1
2025,26,075,0.0602385,1
2025,26,077,0.0463263,1
2025,26,079,0.0194489,1
2025,26,081,0.0207529,1
2025,26,083,0.0735294,1
2025,26,085,0.0211082,1
2025,26,087,0.0276224,1
2025,26,089,0.0123153,1
2025,26,091,0.0372109,1
2025,26,093,0.0200065,1
2025,26,095,0.0769231,1
2025,26,097,0.0367232,1
2025,26,099,0.0264253,1
2025,26,101,0.0194647,1
2025,26,103,0.0250896,1
2025,26,105,0.0216272,1
2025,26,107,0.0141159,1
2025,26,109,0.0551075,1
2025,26,111,0.0253609,1
2025,26,113,0.0215517,1
2025,26,115,0.035514,1
2025,26,117,0.02002,1
2025,26,119,0.0393939,1
2025,26,121,0.0153024,1
2025,26,123,0.0229299,1
2025,26,125,0.0282874,1
2025,26,127,0.0144058,1
2025,26,129,0.0266106,1
2025,26,131,0.0473684,1
2025,26,133,0.0254958,1
2025,26,135,0.0433333,1
2025,26,137,0.0158192,1
2025,26,139,0.0219264,1
2025,26,141,0.0115473,1
2025,26,143,0.0169492,1
2025,26,145,0.0391858,1
2025,26,147,0.0235913,1
2025,26,149,0.058573,1
2025,26,151,0.0297177,1
2025,26,153,0.0295203,1
2025,26,155,0.0172101,1
2025,26,157,0.044905,1
2025,26,159,0.0602253,1
2025,26,161,0.0185667,1
2025,26,163,0.0422498,1
2025,26,165,0.0185529,1
2025,27,001,0,1
2025,27,003,0.0020824,1
2025,27,005,0.0074006,1
2025,27,007,0.0015798,1
2025,27,009,0.0039651,1
2025,27,011,0,1
2025,27,013,0.0020387,1
2025,27,015,0.0025907,1
2025,27,017,0.0037629,1
2025,27,019,0.0027481,1
2025,27,021,0,1
2025,27,023,0.0056022,1
2025,27,025,0.0039773,1
2025,27,027,0.0038567,1
2025,27,029,0,1
2025,27,031,0,1
2025,27,033,0.0082873,1
2025,27,035,0.0023496,1
2025,27,037,0.0017379,1
2025,27,039,0.0015699,1
2025,27,041,0.0015302,1
2025,27,043,0.0022936,1
2025,27,045,0.0015773,1
2025,27,047,0.006079,1
2025,27,049,0.0026667,1
2025,27,051,0.005102,1
2025,27,053,0.0025795,1
2025,27,055,0.0016949,1
2025,27,057,0,1
2025,27,059,0.005,1
2025,27,061,0,1
2025,27,063,0.0032362,1
2025,27,065,0.0037951,1
2025,27,067,0.0036523,1
2025,27,069,0,1
2025,27,071,0.0025316,1
2025,27,073,0,1
2025,27,075,0.003096,1
2025,27,077,0,1
2025,27,079,0.0058754,1
2025,27,081,0.0050761,1
2025,27,083,0.0013245,1
2025,27,085,0.0044883,1
2025,27,087,0,1
2025,27,089,0.0125,1
2025,27,091,0.0030722,1
2025,27,093,0.0027548,1
2025,27,095,0.0036276,1
2025,27,097,9.524e-4,1
2025,27,099,0.0041118,1
2025,27,101,0,1
2025,27,103,0.0020921,1
2025,27,105,0,1
2025,27,107,0.0057471,1
2025,27,109,0.0024067,1
2025,27,111,0.0030928,1
2025,27,113,0,1
2025,27,115,0.0031847,1
2025,27,117,0.0039526,1
2025,27,119,0.004635,1
2025,27,121,0.0027778,1
2025,27,123,0.0026963,1
2025,27,125,0,1
2025,27,127,0.0021186,1
2025,27,129,0.0092593,1
2025,27,131,0.0010707,1
2025,27,133,0,1
2025,27,135,0.0020492,1
2025,27,137,0.002505,1
2025,27,139,0.0018947,1
2025,27,141,0.0026667,1
2025,27,143,0,1
2025,27,145,0.0019173,1
2025,27,147,0.0050167,1
2025,27,149,0,1
2025,27,151,0,1
2025,27,153,0.0026455,1
2025,27,155,0,1
2025,27,157,0.0013947,1
2025,27,159,0.0047281,1
2025,27,161,0.0073126,1
2025,27,163,0.0021045,1
2025,27,165,0,1
2025,27,167,0.0049751,1
2025,27,169,0.0043573,1
2025,27,171,0.0013175,1
2025,27,173,0,1
2025,28,001,0.0697674,1
2025,28,003,0.0227273,1
2025,28,005,0.040201,1
2025,28,007,0.0574257,1
2025,28,009,0.1097561,1
2025,28,011,0.0722022,1
2025,28,013,0.0840841,1
2025,28,015,0.0516129,1
2025,28,017,0.0436508,1
2025,28,019,0.0692641,1
2025,28,021,0.0357143,1
2025,28,023,0.0366972,1
2025,28,025,0.0778146,1
2025,28,027,0.19933,1
2025,28,029,0.0852619,1
2025,28,031,0.0248344,1
2025,28,033,0.0607762,1
2025,28,035,0.034749,1
2025,28,037,0.0465116,1
2025,28,039,0.0246002,1
2025,28,041,0.0318841,1
2025,28,043,0.0673981,1
2025,28,045,0.0352711,1
2025,28,047,0.0404215,1
2025,28,049,0.0636266,1
2025,28,051,0.0496032,1
2025,28,053,0.0552995,1
2025,28,055,NA,NA
2025,28,057,0.0607287,1
2025,28,059,0.0381763,1
2025,28,061,0.0357143,1
2025,28,063,0.046875,1
2025,28,065,0.037037,1
2025,28,067,0.0275229,1
2025,28,069,0.0512821,1
2025,28,071,0.0376238,1
2025,28,073,0.028451,1
2025,28,075,0.0641455,1
2025,28,077,0.0534351,1
2025,28,079,0.0960265,1
2025,28,081,0.0555556,1
2025,28,083,0.0899032,1
2025,28,085,0.0485252,1
2025,28,087,0.0625,1
2025,28,089,0.0280702,1
2025,28,091,0.0382514,1
2025,28,093,0.0686456,1
2025,28,095,0.0405268,1
2025,28,097,0.1036789,1
2025,28,099,0.0440636,1
2025,28,101,0.0362438,1
2025,28,103,0.0719178,1
2025,28,105,0.1171994,1
2025,28,107,0.0427699,1
2025,28,109,0.0314193,1
2025,28,111,0.0147929,1
2025,28,113,0.0325704,1
2025,28,115,0.0625,1
2025,28,117,0.0585831,1
2025,28,119,0.1069519,1
2025,28,121,0.0407771,1
2025,28,123,0.0861619,1
2025,28,125,0.175,1
2025,28,127,0.0339623,1
2025,28,129,0.0183066,1
2025,28,131,0.036965,1
2025,28,133,0.0517857,1
2025,28,135,0.0700637,1
2025,28,137,0.039261,1
2025,28,139,0.0824089,1
2025,28,141,0.0592217,1
2025,28,143,0.1013514,1
2025,28,145,0.0729412,1
2025,28,147,0.0601504,1
2025,28,149,0.0747304,1
2025,28,151,0.0793388,1
2025,28,153,0.0270758,1
2025,28,155,0.0849673,1
2025,28,157,0.0959596,1
2025,28,159,0.0859375,1
2025,28,161,0.0631579,1
2025,28,163,0.0924242,1
2025,29,001,0.0516224,1
2025,29,003,0.0304183,1
2025,29,005,0.0254777,1
2025,29,007,0.0567568,1
2025,29,009,0.026975,1
2025,29,011,0.033241,1
2025,29,013,0.1232877,1
2025,29,015,0.0567164,1
2025,29,017,0.0581717,1
2025,29,019,0.0350711,1
2025,29,021,0.0456909,1
2025,29,023,0.0936578,1
2025,29,025,0.0138408,1
2025,29,027,0.0719002,1
2025,29,029,0.0498034,1
2025,29,031,0.0284091,1
2025,29,033,0.0916031,1
2025,29,035,0.0176471,1
2025,29,037,0.0812553,1
2025,29,039,0.1160093,1
2025,29,041,0.0325581,1
2025,29,043,0.0170707,1
2025,29,045,0.0890052,1
2025,29,047,0.0320929,1
2025,29,049,0.0271041,1
2025,29,051,0.0722944,1
2025,29,053,0.0307102,1
2025,29,055,0.0744681,1
2025,29,057,0.0546875,1
2025,29,059,0.0882353,1
2025,29,061,0.0083333,1
2025,29,063,0.0252366,1
2025,29,065,0.037422,1
2025,29,067,0.0054054,1
2025,29,069,0.1493056,1
2025,29,071,0.0478553,1
2025,29,073,0.0673684,1
2025,29,075,0.015,1
2025,29,077,0.0250731,1
2025,29,079,0.0133333,1
2025,29,081,0.012931,1
2025,29,083,0.0594059,1
2025,29,085,0.1132075,1
2025,29,087,0.0261438,1
2025,29,089,0.0555556,1
2025,29,091,0.0461665,1
2025,29,093,0.0600707,1
2025,29,095,0.0632351,1
2025,29,097,0.0619108,1
2025,29,099,0.0394917,1
2025,29,101,0.0317362,1
2025,29,103,0.0416667,1
2025,29,105,0.0215633,1
2025,29,107,0.0576015,1
2025,29,109,0.023431,1
2025,29,111,0.0439189,1
2025,29,113,0.0567839,1
2025,29,115,0.0291777,1
2025,29,117,0.0389294,1
2025,29,119,0.0653686,1
2025,29,121,0.0426439,1
2025,29,123,0.155,1
2025,29,125,0.0534979,1
2025,29,127,0.0304054,1
2025,29,129,0,1
2025,29,131,0.0846626,1
2025,29,133,0.1052632,1
2025,29,135,0.0699774,1
2025,29,137,0.042471,1
2025,29,139,0.0755208,1
2025,29,141,0.0472973,1
2025,29,143,0.0824561,1
2025,29,145,0.0472037,1
2025,29,147,0.0403361,1
2025,29,149,0.0659341,1
2025,29,151,0.0444965,1
2025,29,153,0.0688406,1
2025,29,155,0.1092233,1
2025,29,157,0.09699,1
2025,29,159,0.0580945,1
2025,29,161,0.0216607,1
2025,29,163,0.1186094,1
2025,29,165,0.026065,1
2025,29,167,0.1281071,1
2025,29,169,0.0221882,1
2025,29,171,0.0122699,1
2025,29,173,0.0304709,1
2025,29,175,0.0589005,1
2025,29,177,0.0303831,1
2025,29,179,0.0419162,1
2025,29,181,0.0595238,1
2025,29,183,0.0388454,1
2025,29,185,0.125,1
2025,29,186,0.0358306,1
2025,29,187,0.0950495,1
2025,29,189,0.0412733,1
2025,29,195,0.032967,1
2025,29,197,0.030303,1
2025,29,199,0.0409836,1
2025,29,201,0.0643564,1
2025,29,203,0.0511811,1
2025,29,205,0.0049261,1
2025,29,207,0.0409924,1
2025,29,209,0.0127854,1
2025,29,211,0.0703518,1
2025,29,213,0.0468107,1
2025,29,215,0.0970464,1
2025,29,217,0.0656814,1
2025,29,219,0.0486832,1
2025,29,221,0.0928962,1
2025,29,223,0.0641026,1
2025,29,225,0.0215889,1
2025,29,227,0.0298507,1
2025,29,229,0.0387205,1
2025,29,510,0.0522737,1
2025,30,001,0.0206186,1
2025,30,003,0.1209964,1
2025,30,005,0.0246914,1
2025,30,007,0.0163934,1
2025,30,009,0.0433673,1
2025,30,011,NA,NA
2025,30,013,0.0435117,1
2025,30,015,0.0232558,1
2025,30,017,0.0434783,1
2025,30,019,0.0392157,1
2025,30,021,0.0703704,1
2025,30,023,0.0296053,1
2025,30,025,0.060241,1
2025,30,027,0.0368272,1
2025,30,029,0.0165792,1
2025,30,031,0.036678,1
2025,30,033,NA,NA
2025,30,035,0.0358306,1
2025,30,037,NA,NA
2025,30,039,0.0408163,1
2025,30,041,0.0307329,1
2025,30,043,0.0243902,1
2025,30,045,0.028169,1
2025,30,047,0.0236453,1
2025,30,049,0.0272078,1
2025,30,051,0.0555556,1
2025,30,053,0.0464789,1
2025,30,055,0.0517241,1
2025,30,057,0.0307167,1
2025,30,059,0.0327869,1
2025,30,061,0.0320513,1
2025,30,063,0.0289093,1
2025,30,065,0.0867052,1
2025,30,067,0.0363951,1
2025,30,069,NA,NA
2025,30,071,0.024,1
2025,30,073,0.0335196,1
2025,30,075,0.0192308,1
2025,30,077,0.1105528,1
2025,30,079,0.0188679,1
2025,30,081,0.0378788,1
2025,30,083,0.075067,1
2025,30,085,0.0454545,1
2025,30,087,0.0557769,1
2025,30,089,0.0307692,1
2025,30,091,0.034188,1
2025,30,093,0.0287958,1
2025,30,095,0.0340136,1
2025,30,097,0.0592593,1
2025,30,099,0.0167598,1
2025,30,101,0.0072993,1
2025,30,103,NA,NA
2025,30,105,0.0322581,1
2025,30,107,0.0545455,1
2025,30,109,NA,NA
2025,30,111,0.0583317,1
2025,31,001,0.0204082,1
2025,31,003,0.0194175,1
2025,31,005,NA,NA
2025,31,007,NA,NA
2025,31,009,NA,NA
2025,31,011,0.0055866,1
2025,31,013,0.027439,1
2025,31,015,NA,NA
2025,31,017,0.038835,1
2025,31,019,0.0555556,1
2025,31,021,0,1
2025,31,023,0.0084746,1
2025,31,025,0.0118343,1
2025,31,027,0.0122951,1
2025,31,029,0.0285714,1
2025,31,031,0.0204082,1
2025,31,033,0.0129032,1
2025,31,035,0.0201005,1
2025,31,037,0.0272109,1
2025,31,039,0.0133779,1
2025,31,041,0.0149254,1
2025,31,043,0.0481928,1
2025,31,045,0.0186916,1
2025,31,047,0.0284168,1
2025,31,049,0.0163934,1
2025,31,051,0.0301205,1
2025,31,053,0.0189723,1
2025,31,055,0.0155234,1
2025,31,057,0,1
2025,31,059,0.0051282,1
2025,31,061,0.03,1
2025,31,063,0.0136986,1
2025,31,065,0.0074074,1
2025,31,067,0.005891,1
2025,31,069,NA,NA
2025,31,071,0.0175439,1
2025,31,073,0.0188679,1
2025,31,075,NA,NA
2025,31,077,0,1
2025,31,079,0.117207,1
2025,31,081,0.0092879,1
2025,31,083,0,1
2025,31,085,NA,NA
2025,31,087,0,1
2025,31,089,0.0031153,1
2025,31,091,NA,NA
2025,31,093,0.0140845,1
2025,31,095,0.0086207,1
2025,31,097,0.023622,1
2025,31,099,0.0538117,1
2025,31,101,0.0413534,1
2025,31,103,NA,NA
2025,31,105,0.0336134,1
2025,31,107,0.0163265,1
2025,31,109,0.0133453,1
2025,31,111,0.0227704,1
2025,31,113,NA,NA
2025,31,115,NA,NA
2025,31,117,NA,NA
2025,31,119,0.0338248,1
2025,31,121,0.0235294,1
2025,31,123,0.0503597,1
2025,31,125,0.0090909,1
2025,31,127,0.0133333,1
2025,31,129,0.0075758,1
2025,31,131,0.0265849,1
2025,31,133,0,1
2025,31,135,0.0108696,1
2025,31,137,0.0099338,1
2025,31,139,0.0550847,1
2025,31,141,0.0158465,1
2025,31,143,0.0116959,1
2025,31,145,0.0243902,1
2025,31,147,0.0078125,1
2025,31,149,NA,NA
2025,31,151,0.0070093,1
2025,31,153,0.0141326,1
2025,31,155,0.0028369,1
2025,31,157,0.0346084,1
2025,31,159,0.008,1
2025,31,161,0.0061728,1
2025,31,163,0.025641,1
2025,31,165,NA,NA
2025,31,167,0.0382166,1
2025,31,169,0.0143885,1
2025,31,171,NA,NA
2025,31,173,0.03125,1
2025,31,175,0.0165289,1
2025,31,177,0.0092736,1
2025,31,179,0.0208333,1
2025,31,181,0,1
2025,31,183,NA,NA
2025,31,185,0.0107991,1
2025,32,001,0.066416,1
2025,32,003,0.0660724,1
2025,32,005,0.0790802,1
2025,32,007,0.034965,1
2025,32,009,NA,NA
2025,32,011,0.0925926,1
2025,32,013,0.0804598,1
2025,32,015,0.1377245,1
2025,32,017,0.0508475,1
2025,32,019,0.1111111,1
2025,32,021,0.124031,1
2025,32,023,0.0661548,1
2025,32,027,0.1490683,1
2025,32,029,0.0607735,1
2025,32,031,0.0650493,1
2025,32,033,0.1226766,1
2025,32,510,0.1489255,1
2025,33,001,0.0197542,1
2025,33,003,0.038671,1
2025,33,005,0.0178789,1
2025,33,007,0.013579,1
2025,33,009,0.0104027,1
2025,33,011,0.0189806,1
2025,33,013,0.0237216,1
2025,33,015,0.0169616,1
2025,33,017,0.0229324,1
2025,33,019,0.0186593,1
2025,34,001,0.0101699,1
2025,34,003,0.0117048,1
2025,34,005,0.0193308,1
2025,34,007,0.0228571,1
2025,34,009,0.0167114,1
2025,34,011,0.0097826,1
2025,34,013,0.0186672,1
2025,34,015,0.0206079,1
2025,34,017,0.0082654,1
2025,34,019,0.0064255,1
2025,34,021,0.0427881,1
2025,34,023,0.0114743,1
2025,34,025,0.0143396,1
2025,34,027,0.0082221,1
2025,34,029,0.0111272,1
2025,34,031,0.0253885,1
2025,34,033,0.0122249,1
2025,34,035,0.006954,1
2025,34,037,0.0132946,1
2025,34,039,0.0097082,1
2025,34,041,0.0183438,1
2025,35,001,0.048174,1
2025,35,003,0.0378788,1
2025,35,005,0.0654858,1
2025,35,006,0.0510367,1
2025,35,007,0.0286458,1
2025,35,009,0.0862909,1
2025,35,011,0.0555556,1
2025,35,013,0.0456124,1
2025,35,015,0.0590487,1
2025,35,017,0.0609013,1
2025,35,019,0.0948905,1
2025,35,021,NA,NA
2025,35,023,0.0793651,1
2025,35,025,0.150088,1
2025,35,027,0.0316957,1
2025,35,028,0.0142857,1
2025,35,029,0.0925684,1
2025,35,031,0.0560647,1
2025,35,033,0.0359712,1
2025,35,035,0.0405128,1
2025,35,037,0.059761,1
2025,35,039,0.0326797,1
2025,35,041,0.143898,1
2025,35,043,0.04697,1
2025,35,045,0.0218214,1
2025,35,047,0.0465426,1
2025,35,049,0.0501072,1
2025,35,051,0.09,1
2025,35,053,0.0234834,1
2025,35,055,0.0217186,1
2025,35,057,0.0552017,1
2025,35,059,0.0661157,1
2025,35,061,0.0553785,1
2025,36,001,0,1
2025,36,003,0,1
2025,36,005,0,1
2025,36,007,0,1
2025,36,009,0,1
2025,36,011,0,1
2025,36,013,0,1
2025,36,015,0,1
2025,36,017,0,1
2025,36,019,0,1
2025,36,021,0,1
2025,36,023,0,1
2025,36,025,0,1
2025,36,027,0,1
2025,36,029,0,1
2025,36,031,0,1
2025,36,033,0,1
2025,36,035,0,1
2025,36,037,0,1
2025,36,039,0,1
2025,36,041,0,1
2025,36,043,0,1
2025,36,045,0,1
2025,36,047,0,1
2025,36,049,0,1
2025,36,051,0,1
2025,36,053,0,1
2025,36,055,0,1
2025,36,057,0,1
2025,36,059,0,1
2025,36,061,0,1
2025,36,063,0,1
2025,36,065,0,1
2025,36,067,0,1
2025,36,069,0,1
2025,36,071,0,1
2025,36,073,0,1
2025,36,075,0,1
2025,36,077,0,1
2025,36,079,0,1
2025,36,081,0,1
2025,36,083,0,1
2025,36,085,0,1
2025,36,087,0,1
2025,36,089,0,1
2025,36,091,0,1
2025,36,093,0,1
2025,36,095,0,1
2025,36,097,0,1
2025,36,099,0,1
2025,36,101,0,1
2025,36,103,0,1
2025,36,105,0,1
2025,36,107,0,1
2025,36,109,0,1
2025,36,111,0,1
2025,36,113,0,1
2025,36,115,0,1
2025,36,117,0,1
2025,36,119,0,1
2025,36,121,0,1
2025,36,123,0,1
2025,37,001,0.0149064,1
2025,37,003,0.038903600000000003,1
2025,37,005,0.0253521,1
2025,37,007,0.1040462,1
2025,37,009,0.0525672,1
2025,37,011,0.049505,1
2025,37,013,0.0798935,1
2025,37,015,0.0714286,1
2025,37,017,0.0452716,1
2025,37,019,0.0384209,1
2025,37,021,0.0368925,1
2025,37,023,0.0720059,1
2025,37,025,0.018501,1
2025,37,027,0.049263,1
2025,37,029,0.0133333,1
2025,37,031,0.0625514,1
2025,37,033,0.0367534,1
2025,37,035,0.0510358,1
2025,37,037,0.007323,1
2025,37,039,0.0652395,1
2025,37,041,0.0409091,1
2025,37,043,0.0567376,1
2025,37,045,0.1040392,1
2025,37,047,0.049346,1
2025,37,049,0.1103934,1
2025,37,051,0.0259839,1
2025,37,053,0.0196281,1
2025,37,055,0.0305832,1
2025,37,057,0.0343102,1
2025,37,059,0.0168129,1
2025,37,061,0.1060026,1
2025,37,063,0.0553755,1
2025,37,065,0.0543406,1
2025,37,067,0.0268634,1
2025,37,069,0.0435146,1
2025,37,071,0.0711815,1
2025,37,073,0.0650155,1
2025,37,075,0.064982,1
2025,37,077,0.0331275,1
2025,37,079,0.1428571,1
2025,37,081,0.014043,1
2025,37,083,0.0437909,1
2025,37,085,0.0774194,1
2025,37,087,0.0359885,1
2025,37,089,0.017047,1
2025,37,091,0.0546075,1
2025,37,093,0.0267539,1
2025,37,095,0.0846154,1
2025,37,097,0.0217725,1
2025,37,099,0.0297667,1
2025,37,101,0.0208561,1
2025,37,103,0.137931,1
2025,37,105,0.04843,1
2025,37,107,0.1387419,1
2025,37,109,0.0576984,1
2025,37,111,0.0670391,1
2025,37,113,0.042915,1
2025,37,115,0.0401606,1
2025,37,117,0.0905459,1
2025,37,119,0.0248898,1
2025,37,121,0.0311355,1
2025,37,123,0.0254545,1
2025,37,125,0.0113163,1
2025,37,127,0.0326649,1
2025,37,129,0.0153008,1
2025,37,131,0.0417457,1
2025,37,133,0.0449901,1
2025,37,135,0.0107399,1
2025,37,137,0.1124694,1
2025,37,139,0.0512232,1
2025,37,141,0.0158658,1
2025,37,143,0.0597345,1
2025,37,145,0.08636,1
2025,37,147,0.0806634,1
2025,37,149,0.0204678,1
2025,37,151,0.0225683,1
2025,37,153,0.0394639,1
2025,37,155,0.1183226,1
2025,37,157,0.016388,1
2025,37,159,0.019734,1
2025,37,161,0.1034965,1
2025,37,163,0.0456195,1
2025,37,165,0.10668,1
2025,37,167,0.0494297,1
2025,37,169,0.0181028,1
2025,37,171,0.0382136,1
2025,37,173,0.0393519,1
2025,37,175,0.0395648,1
2025,37,177,0.0212766,1
2025,37,179,0.0405838,1
2025,37,181,0.0663749,1
2025,37,183,0.0126223,1
2025,37,185,0.0680272,1
2025,37,187,0.0683761,1
2025,37,189,0.035742,1
2025,37,191,0.0634712,1
2025,37,193,0.0412127,1
2025,37,195,0.0515505,1
2025,37,197,0.0541667,1
2025,37,199,0.0575916,1
2025,38,001,0,1
2025,38,003,0.0231884,1
2025,38,005,0.0133333,1
2025,38,007,NA,NA
2025,38,009,0,1
2025,38,011,0.0097087,1
2025,38,013,0,1
2025,38,015,0.0190063,1
2025,38,017,0.0117359,1
2025,38,019,0,1
2025,38,021,0.0138889,1
2025,38,023,0.0487805,1
2025,38,025,0.0422535,1
2025,38,027,0.0246914,1
2025,38,029,0.0117647,1
2025,38,031,0.0087719,1
2025,38,033,0.0289855,1
2025,38,035,0.0206186,1
2025,38,037,0.015625,1
2025,38,039,0.0263158,1
2025,38,041,0,1
2025,38,043,0.012987,1
2025,38,045,0,1
2025,38,047,0,1
2025,38,049,0,1
2025,38,051,0.0131579,1
2025,38,053,0.030137,1
2025,38,055,0.0188679,1
2025,38,057,0.0080321,1
2025,38,059,0.0148221,1
2025,38,061,0.0210843,1
2025,38,063,0.0238095,1
2025,38,065,NA,NA
2025,38,067,0.0231481,1
2025,38,069,0.0162602,1
2025,38,071,0.0250696,1
2025,38,073,0.0057143,1
2025,38,075,0,1
2025,38,077,0.0281125,1
2025,38,079,0.0145349,1
2025,38,081,0.020979,1
2025,38,083,0.0517241,1
2025,38,085,0.0361446,1
2025,38,087,NA,NA
2025,38,089,0.0293561,1
2025,38,091,NA,NA
2025,38,093,0.0143541,1
2025,38,095,0.0307692,1
2025,38,097,0.0159363,1
2025,38,099,0.0439883,1
2025,38,101,0.01128,1
2025,38,103,0,1
2025,38,105,0.0666105,1
2025,39,001,0.0874862,1
2025,39,003,0.0814886,1
2025,39,005,0.033478,1
2025,39,007,0.0990099,1
2025,39,009,0.023125,1
2025,39,011,0.0726916,1
2025,39,013,0.0246548,1
2025,39,015,0.0843882,1
2025,39,017,0.0523295,1
2025,39,019,0.0348315,1
2025,39,021,0.0919732,1
2025,39,023,0.086724,1
2025,39,025,0.0561346,1
2025,39,027,0.0480916,1
2025,39,029,0.0620843,1
2025,39,031,0.0390161,1
2025,39,033,0.0255288,1
2025,39,035,0.0228893,1
2025,39,037,0.0588965,1
2025,39,039,0.0350448,1
2025,39,041,0.0206916,1
2025,39,043,0.0509659,1
2025,39,045,0.0392558,1
2025,39,047,0.0438034,1
2025,39,049,0.0420041,1
2025,39,051,0.0228571,1
2025,39,053,0.0165198,1
2025,39,055,0.0215852,1
2025,39,057,0.0414692,1
2025,39,059,0.0336984,1
2025,39,061,0.0404323,1
2025,39,063,0.0540765,1
2025,39,065,0.0748299,1
2025,39,067,0.0536913,1
2025,39,069,0.050171,1
2025,39,071,0.0661939,1
2025,39,073,0.0476788,1
2025,39,075,0.0303922,1
2025,39,077,0.0713921,1
2025,39,079,0.0314885,1
2025,39,081,0.0962001,1
2025,39,083,0.0214772,1
2025,39,085,0.036249,1
2025,39,087,0.0471344,1
2025,39,089,0.022521,1
2025,39,091,0.0484311,1
2025,39,093,0.0518996,1
2025,39,095,0.0633153,1
2025,39,097,0.0385827,1
2025,39,099,0.0732104,1
2025,39,101,0.0806871,1
2025,39,103,0.0226734,1
2025,39,105,0.0166898,1
2025,39,107,0.0512821,1
2025,39,109,0.0532008,1
2025,39,111,0.0281385,1
2025,39,113,0.0611095,1
2025,39,115,0.0177778,1
2025,39,117,0.0389846,1
2025,39,119,0.0362188,1
2025,39,121,0.0295699,1
2025,39,123,0.0375375,1
2025,39,125,0.0385906,1
2025,39,127,0.0432432,1
2025,39,129,0.0530303,1
2025,39,131,0.0733634,1
2025,39,133,0.0298568,1
2025,39,135,0.0424055,1
2025,39,137,0.0567308,1
2025,39,139,0.026357,1
2025,39,141,0.0639249,1
2025,39,143,0.0573215,1
2025,39,145,0.0290672,1
2025,39,147,0.0768314,1
2025,39,149,0.101083,1
2025,39,151,0.0463732,1
2025,39,153,0.0310145,1
2025,39,155,0.0668124,1
2025,39,157,0.04426,1
2025,39,159,0.037196,1
2025,39,161,0.0551802,1
2025,39,163,0.0320988,1
2025,39,165,0.030299,1
2025,39,167,0.008971,1
2025,39,169,0.0405048,1
2025,39,171,0.028085100000000002,1
2025,39,173,0.0386852,1
2025,39,175,0.0572988,1
2025,40,001,0.1010101,1
2025,40,003,0.0793651,1
2025,40,005,0.1679198,1
2025,40,007,0.0320513,1
2025,40,009,0.0503356,1
2025,40,011,0.0842912,1
2025,40,013,0.1188679,1
2025,40,015,0.1102258,1
2025,40,017,0.0948654,1
2025,40,019,0.0520196,1
2025,40,021,0.0978487,1
2025,40,023,0.1588595,1
2025,40,025,0.0142857,1
2025,40,027,0.0870105,1
2025,40,029,0.0416667,1
2025,40,031,0.1104365,1
2025,40,033,0.1123596,1
2025,40,035,0.0649652,1
2025,40,037,0.0556834,1
2025,40,039,0.1385006,1
2025,40,041,0.0928839,1
2025,40,043,0.0567376,1
2025,40,045,0.1495327,1
2025,40,047,0.1456568,1
2025,40,049,0.1024447,1
2025,40,051,0.0922652,1
2025,40,053,0.1212121,1
2025,40,055,0.0573248,1
2025,40,057,0.1917808,1
2025,40,059,0.0648148,1
2025,40,061,0.0883978,1
2025,40,063,0.045045,1
2025,40,065,0.0771208,1
2025,40,067,0.0823529,1
2025,40,069,0.0734824,1
2025,40,071,0.1259427,1
2025,40,073,0.0781893,1
2025,40,075,0.1468254,1
2025,40,077,0.075188,1
2025,40,079,0.0899471,1
2025,40,081,0.087766,1
2025,40,083,0.0786303,1
2025,40,085,0.1111111,1
2025,40,087,0.0828025,1
2025,40,089,0.1014778,1
2025,40,091,0.0652504,1
2025,40,093,0.0648148,1
2025,40,095,0.0881834,1
2025,40,097,0.0412451,1
2025,40,099,0.0347826,1
2025,40,101,0.0735435,1
2025,40,103,0.1569767,1
2025,40,105,0.0414201,1
2025,40,107,0.0597484,1
2025,40,109,0.1152469,1
2025,40,111,0.0798991,1
2025,40,113,0.0544828,1
2025,40,115,0.1415479,1
2025,40,117,0.1180401,1
2025,40,119,0.1238431,1
2025,40,121,0.059593,1
2025,40,123,0.0358566,1
2025,40,125,0.1075556,1
2025,40,127,0.1509434,1
2025,40,129,0.0707071,1
2025,40,131,0.0527183,1
2025,40,133,0.1044776,1
2025,40,135,0.1327231,1
2025,40,137,0.1095791,1
2025,40,139,0.05,1
2025,40,141,0.0746269,1
2025,40,143,0.0478739,1
2025,40,145,0.0431629,1
2025,40,147,0.0365009,1
2025,40,149,0.12,1
2025,40,151,0.0481928,1
2025,40,153,0.1065183,1
2025,41,001,0.025,1
2025,41,003,0.0089686,1
2025,41,005,0.0046801,1
2025,41,007,0.0120664,1
2025,41,009,0.0062217,1
2025,41,011,0.0135198,1
2025,41,013,0.016269,1
2025,41,015,0.0084643,1
2025,41,017,0.013471,1
2025,41,019,0.0139108,1
2025,41,021,0,1
2025,41,023,0.0135135,1
2025,41,025,0.0086957,1
2025,41,027,0.0042017,1
2025,41,029,0.0055772,1
2025,41,031,0.024453,1
2025,41,033,0.0090695,1
2025,41,035,0.0189011,1
2025,41,037,0.046875,1
2025,41,039,0.0108641,1
2025,41,041,0.0089606,1
2025,41,043,0.0101535,1
2025,41,045,0.0358381,1
2025,41,047,0.0062482,1
2025,41,049,0.002457,1
2025,41,051,0.0065817,1
2025,41,053,0.0056222,1
2025,41,055,0,1
2025,41,057,0.0079909,1
2025,41,059,0.011925,1
2025,41,061,0.0313199,1
2025,41,063,0.0043668,1
2025,41,065,0.0025189,1
2025,41,067,0.0055362,1
2025,41,069,0,1
2025,41,071,0.0196384,1
2025,42,001,0.0187708,1
2025,42,003,0.0121342,1
2025,42,005,0.0166587,1
2025,42,007,0.0200525,1
2025,42,009,0.0194679,1
2025,42,011,0.0599379,1
2025,42,013,0.0236794,1
2025,42,015,0.0306122,1
2025,42,017,0.0239372,1
2025,42,019,0.0188212,1
2025,42,021,0.0186939,1
2025,42,023,0.006993,1
2025,42,025,0.0384054,1
2025,42,027,0.017229,1
2025,42,029,0.02,1
2025,42,031,0.017179,1
2025,42,033,0.0254804,1
2025,42,035,0.0460405,1
2025,42,037,0.033195,1
2025,42,039,0.0225806,1
2025,42,041,0.0397116,1
2025,42,043,0.0470216,1
2025,42,045,0.0292096,1
2025,42,047,0.0121212,1
2025,42,049,0.0272848,1
2025,42,051,0.0127877,1
2025,42,053,0.0070922,1
2025,42,055,0.0296451,1
2025,42,057,0.0321199,1
2025,42,059,0.0247036,1
2025,42,061,0.034564,1
2025,42,063,0.0249471,1
2025,42,065,0.016,1
2025,42,067,0.0294118,1
2025,42,069,0.0493827,1
2025,42,071,0.0253331,1
2025,42,073,0.0233577,1
2025,42,075,0.0424829,1
2025,42,077,0.0451015,1
2025,42,079,0.0419018,1
2025,42,081,0.042412,1
2025,42,083,0.0245298,1
2025,42,085,0.0204266,1
2025,42,087,0.0470588,1
2025,42,089,0.0602612,1
2025,42,091,0.015252,1
2025,42,093,0.0316344,1
2025,42,095,0.0401247,1
2025,42,097,0.0264664,1
2025,42,099,0.0673759,1
2025,42,101,0.0157312,1
2025,42,103,0.0426195,1
2025,42,105,0.0147601,1
2025,42,107,0.0560382,1
2025,42,109,0.0174672,1
2025,42,111,0.0168889,1
2025,42,113,0.039548,1
2025,42,115,0.0271528,1
2025,42,117,0.0507937,1
2025,42,119,0.0131332,1
2025,42,121,0.0122502,1
2025,42,123,0.0303286,1
2025,42,125,0.0191289,1
2025,42,127,0.0345056,1
2025,42,129,0.0126236,1
2025,42,131,0.0450771,1
2025,42,133,0.0196285,1
2025,44,001,0,1
2025,44,003,0,1
2025,44,005,0,1
2025,44,007,0,1
2025,44,009,0,1
2025,45,001,0.0651629,1
2025,45,003,0.0934017,1
2025,45,005,0.0751174,1
2025,45,007,0.030446,1
2025,45,009,0.0911215,1
2025,45,011,0.1013616,1
2025,45,013,0.0602447,1
2025,45,015,0.0675843,1
2025,45,017,0.0708333,1
2025,45,019,0.0501832,1
2025,45,021,0.0348339,1
2025,45,023,0.0699627,1
2025,45,025,0.0711009,1
2025,45,027,0.0606061,1
2025,45,029,0.0800667,1
2025,45,031,0.0516279,1
2025,45,033,0.064982,1
2025,45,035,0.0636233,1
2025,45,037,0.112544,1
2025,45,039,0.0446429,1
2025,45,041,0.0347429,1
2025,45,043,0.0271335,1
2025,45,045,0.0252748,1
2025,45,047,0.0601017,1
2025,45,049,0.0834846,1
2025,45,051,0.0452514,1
2025,45,053,0.0776326,1
2025,45,055,0.0495832,1
2025,45,057,0.036265,1
2025,45,059,0.0296264,1
2025,45,061,0.0731707,1
2025,45,063,0.0405703,1
2025,45,065,0.0532915,1
2025,45,067,0.0518764,1
2025,45,069,0.0941029,1
2025,45,071,0.0555121,1
2025,45,073,0.0194465,1
2025,45,075,0.0735184,1
2025,45,077,0.0238153,1
2025,45,079,0.0409274,1
2025,45,081,0.059322,1
2025,45,083,0.0179558,1
2025,45,085,0.0413321,1
2025,45,087,0.0238612,1
2025,45,089,0.0426195,1
2025,45,091,0.0676221,1
2025,46,003,0,1
2025,46,005,0.0418848,1
2025,46,007,0.012987,1
2025,46,009,0,1
2025,46,011,0.007584,1
2025,46,013,0.0127768,1
2025,46,015,0,1
2025,46,017,NA,NA
2025,46,019,0,1
2025,46,021,0,1
2025,46,023,0.0080972,1
2025,46,025,0.0104167,1
2025,46,027,0.0107239,1
2025,46,029,0.0132013,1
2025,46,031,0.0217391,1
2025,46,033,0.0157729,1
2025,46,035,0.0047544,1
2025,46,037,0.0057471,1
2025,46,039,0,1
2025,46,041,0,1
2025,46,043,0,1
2025,46,045,0.0183486,1
2025,46,047,0.0109091,1
2025,46,049,0,1
2025,46,051,0.0046083,1
2025,46,053,0.0068027,1
2025,46,055,0,1
2025,46,057,0,1
2025,46,059,0,1
2025,46,061,0,1
2025,46,063,NA,NA
2025,46,065,0.0206186,1
2025,46,067,0.0044247999999999996,1
2025,46,069,NA,NA
2025,46,071,0.0178571,1
2025,46,073,0,1
2025,46,075,NA,NA
2025,46,077,0.0061728,1
2025,46,079,0.0110803,1
2025,46,081,0.0117647,1
2025,46,083,0.0050879,1
2025,46,085,0.0186916,1
2025,46,087,0,1
2025,46,089,0.0298507,1
2025,46,091,0.0310078,1
2025,46,093,0.0091743,1
2025,46,095,0,1
2025,46,097,0.0136986,1
2025,46,099,0.0113065,1
2025,46,101,0.005291,1
2025,46,102,0.0436508,1
2025,46,103,0.0115591,1
2025,46,105,0.0120482,1
2025,46,107,NA,NA
2025,46,109,0.0137931,1
2025,46,111,0.0277778,1
2025,46,115,0.0101523,1
2025,46,117,0.009009,1
2025,46,119,NA,NA
2025,46,121,0.0416667,1
2025,46,123,0.0059524,1
2025,46,125,0.006734,1
2025,46,127,0.0193798,1
2025,46,129,0.0119048,1
2025,46,135,0.004298,1
2025,46,137,NA,NA
2025,47,001,0.1101354,1
2025,47,003,0.0797703,1
2025,47,005,0.0583942,1
2025,47,007,0.1356322,1
2025,47,009,0.0892741,1
2025,47,011,0.1060309,1
2025,47,013,0.1096823,1
2025,47,015,0.0451745,1
2025,47,017,0.090389,1
2025,47,019,0.0944676,1
2025,47,021,0.0376384,1
2025,47,023,0.0409683,1
2025,47,025,0.0848881,1
2025,47,027,0.083004,1
2025,47,029,0.1359447,1
2025,47,031,0.0856237,1
2025,47,033,0.0484496,1
2025,47,035,0.0837887,1
2025,47,037,0.0586851,1
2025,47,039,0.0935961,1
2025,47,041,0.0509194,1
2025,47,043,0.0597417,1
2025,47,045,0.0523466,1
2025,47,047,0.0650961,1
2025,47,049,0.0819672,1
2025,47,051,0.0840643,1
2025,47,053,0.0459845,1
2025,47,055,0.0693069,1
2025,47,057,0.0986602,1
2025,47,059,0.0985974,1
2025,47,061,0.1085106,1
2025,47,063,0.1450137,1
2025,47,065,0.0834119,1
2025,47,067,0.0900474,1
2025,47,069,0.0503496,1
2025,47,071,0.0463576,1
2025,47,073,0.1041991,1
2025,47,075,0.0647059,1
2025,47,077,0.10907,1
2025,47,079,0.0676759,1
2025,47,081,0.0522193,1
2025,47,083,0.0661157,1
2025,47,085,0.0647359,1
2025,47,087,0.0790123,1
2025,47,089,0.0977482,1
2025,47,091,0.1042048,1
2025,47,093,0.0848839,1
2025,47,095,0.1103896,1
2025,47,097,0.0899032,1
2025,47,099,0.0743551,1
2025,47,101,0.073903,1
2025,47,103,0.1101695,1
2025,47,105,0.0815803,1
2025,47,107,0.0974415,1
2025,47,109,0.0431655,1
2025,47,111,0.0591074,1
2025,47,113,0.0370973,1
2025,47,115,0.0773092,1
2025,47,117,0.0848329,1
2025,47,119,0.0559341,1
2025,47,121,0.1032864,1
2025,47,123,0.0964691,1
2025,47,125,0.0766054,1
2025,47,127,0.045,1
2025,47,129,0.1141141,1
2025,47,131,0.1329046,1
2025,47,133,0.0699208,1
2025,47,135,0.0965251,1
2025,47,137,0.0718563,1
2025,47,139,0.1045752,1
2025,47,141,0.078125,1
2025,47,143,0.0913508,1
2025,47,145,0.1105345,1
2025,47,147,0.0748466,1
2025,47,149,0.044634,1
2025,47,151,0.0819444,1
2025,47,153,0.1153119,1
2025,47,155,0.1239884,1
2025,47,157,0.1223969,1
2025,47,159,0.0546022,1
2025,47,161,0.0714286,1
2025,47,163,0.0821318,1
2025,47,165,0.0305717,1
2025,47,167,0.1142402,1
2025,47,169,0.0307692,1
2025,47,171,0.0857143,1
2025,47,173,0.1068249,1
2025,47,175,0.0434783,1
2025,47,177,0.0392628,1
2025,47,179,0.0759464,1
2025,47,181,0.0646651,1
2025,47,183,0.0723404,1
2025,47,185,0.0595883,1
2025,47,187,0.0123345,1
2025,47,189,0.0270419,1
2025,48,001,0.1481238,1
2025,48,003,0.1111111,1
2025,48,005,0.0841515,1
2025,48,007,0.0643402,1
2025,48,009,0.1016949,1
2025,48,011,0.10344830000000001,1
2025,48,013,0.0701254,1
2025,48,015,0.1041483,1
2025,48,017,0.1170213,1
2025,48,019,0.0512129,1
2025,48,021,0.103321,1
2025,48,023,0.0650406,1
2025,48,025,0.1441923,1
2025,48,027,0.0581884,1
2025,48,029,0.0636581,1
2025,48,031,0.0504202,1
2025,48,033,NA,NA
2025,48,035,0.0988836,1
2025,48,037,0.1026786,1
2025,48,039,0.0411138,1
2025,48,041,0.0586452,1
2025,48,043,0.1233766,1
2025,48,045,NA,NA
2025,48,047,0.1513761,1
2025,48,049,0.1134585,1
2025,48,051,0.0798771,1
2025,48,053,0.0670872,1
2025,48,055,0.1364796,1
2025,48,057,0.197349,1
2025,48,059,0.120614,1
2025,48,061,0.0972254,1
2025,48,063,0.0554273,1
2025,48,065,0.1384615,1
2025,48,067,0.1385199,1
2025,48,069,0.1096491,1
2025,48,071,0.0655172,1
2025,48,073,0.0675837,1
2025,48,075,0.0815217,1
2025,48,077,0.1101928,1
2025,48,079,0.1157895,1
2025,48,081,0.0465116,1
2025,48,083,0.0666667,1
2025,48,085,0.0447606,1
2025,48,087,0.0625,1
2025,48,089,0.1035422,1
2025,48,091,0.0471896,1
2025,48,093,0.125,1
2025,48,095,0,1
2025,48,097,0.1471802,1
2025,48,099,0.1033163,1
2025,48,101,NA,NA
2025,48,103,0.0756303,1
2025,48,105,0.0530973,1
2025,48,107,0.0931677,1
2025,48,109,0.0384615,1
2025,48,111,0.122549,1
2025,48,113,0.0724316,1
2025,48,115,0.0881459,1
2025,48,117,0.1204188,1
2025,48,119,0.1694915,1
2025,48,121,0.0634911,1
2025,48,123,0.0578947,1
2025,48,125,NA,NA
2025,48,127,0.0460993,1
2025,48,129,0.0833333,1
2025,48,131,0.1353591,1
2025,48,133,0.13125,1
2025,48,135,0.2001718,1
2025,48,137,NA,NA
2025,48,139,0.0659126,1
2025,48,141,0.073223,1
2025,48,143,0.1498099,1
2025,48,145,0.0571429,1
2025,48,147,0.1568628,1
2025,48,149,0.0663765,1
2025,48,151,0.1088435,1
2025,48,153,0.0942408,1
2025,48,155,NA,NA
2025,48,157,0.0415047,1
2025,48,159,0.0658228,1
2025,48,161,0.1431005,1
2025,48,163,0.1142857,1
2025,48,165,0.1245734,1
2025,48,167,0.0382399,1
2025,48,169,0.0708661,1
2025,48,171,0.0571161,1
2025,48,173,NA,NA
2025,48,175,0.0349345,1
2025,48,177,0.1514727,1
2025,48,179,0.1269841,1
2025,48,181,0.1523695,1
2025,48,183,0.1572084,1
2025,48,185,0.0917248,1
2025,48,187,0.0714752,1
2025,48,189,0.1126347,1
2025,48,191,0.0333333,1
2025,48,193,0.1373239,1
2025,48,195,0.0632911,1
2025,48,197,0.1983471,1
2025,48,199,0.0804196,1
2025,48,201,0.0510705,1
2025,48,203,0.160285,1
2025,48,205,0.0948905,1
2025,48,207,0.0751445,1
2025,48,209,0.057123,1
2025,48,211,0.1075269,1
2025,48,213,0.0738832,1
2025,48,215,0.1269777,1
2025,48,217,0.1296296,1
2025,48,219,0.170096,1
2025,48,221,0.0936569,1
2025,48,223,0.073033699999999993,1
2025,48,225,0.1471048,1
2025,48,227,0.1103516,1
2025,48,229,0.1030928,1
2025,48,231,0.174575,1
2025,48,233,0.2160954,1
2025,48,235,NA,NA
2025,48,237,0.1119134,1
2025,48,239,0.0772532,1
2025,48,241,0.1214224,1
2025,48,243,0.115942,1
2025,48,245,0.1022727,1
2025,48,247,0.1503759,1
2025,48,249,0.1065951,1
2025,48,251,0.1414186,1
2025,48,253,0.1306122,1
2025,48,255,0.1508516,1
2025,48,257,0.1036656,1
2025,48,259,0.0329397,1
2025,48,261,NA,NA
2025,48,263,NA,NA
2025,48,265,0.0619565,1
2025,48,267,0.0866142,1
2025,48,269,NA,NA
2025,48,271,0.0705882,1
2025,48,273,0.1106428,1
2025,48,275,0.0598291,1
2025,48,277,0.1233533,1
2025,48,279,0.1548913,1
2025,48,281,0.0635538,1
2025,48,283,0.1324503,1
2025,48,285,0.0818182,1
2025,48,287,0.0631068,1
2025,48,289,0.0858586,1
2025,48,291,0.0861062,1
2025,48,293,0.0789474,1
2025,48,295,0.0531915,1
2025,48,297,0.100271,1
2025,48,299,0.0826446,1
2025,48,301,NA,NA
2025,48,303,0.0811112,1
2025,48,305,0.065,1
2025,48,307,0.1115108,1
2025,48,309,0.0577064,1
2025,48,311,NA,NA
2025,48,313,0.1262376,1
2025,48,315,0.1769911,1
2025,48,317,0.0744681,1
2025,48,319,0.0746269,1
2025,48,321,0.0529623,1
2025,48,323,0.1062035,1
2025,48,325,0.0430233,1
2025,48,327,0.1176471,1
2025,48,329,0.0831696,1
2025,48,331,0.0437424,1
2025,48,333,0.1257862,1
2025,48,335,0.0811966,1
2025,48,337,0.164,1
2025,48,339,0.0486623,1
2025,48,341,0.0911854,1
2025,48,343,0.1051402,1
2025,48,345,NA,NA
2025,48,347,0.1623932,1
2025,48,349,0.1007155,1
2025,48,351,0.1404358,1
2025,48,353,0.0757576,1
2025,48,355,0.0792545,1
2025,48,357,0.0566038,1
2025,48,359,0.0869565,1
2025,48,361,0.0972323,1
2025,48,363,0.1097209,1
2025,48,365,0.0911425,1
2025,48,367,0.1004623,1
2025,48,369,0.0673759,1
2025,48,371,0.2494172,1
2025,48,373,0.0721649,1
2025,48,375,0.1749863,1
2025,48,377,0.06,1
2025,48,379,0.1113636,1
2025,48,381,0.1111111,1
2025,48,383,0.1089109,1
2025,48,385,0.0330578,1
2025,48,387,0.124105,1
2025,48,389,0.166287,1
2025,48,391,0.079646,1
2025,48,393,NA,NA
2025,48,395,0.0628272,1
2025,48,397,0.0716025,1
2025,48,399,0.0833333,1
2025,48,401,0.1176837,1
2025,48,403,0.1083333,1
2025,48,405,0.0729927,1
2025,48,407,0.0884774,1
2025,48,409,0.0706941,1
2025,48,411,0.1030303,1
2025,48,413,0.0416667,1
2025,48,415,0.2387755,1
2025,48,417,0.1160714,1
2025,48,419,0.1344538,1
2025,48,421,0.0659341,1
2025,48,423,0.0554117,1
2025,48,425,0.1096774,1
2025,48,427,0.0694981,1
2025,48,429,0.0942029,1
2025,48,431,0.0188679,1
2025,48,433,NA,NA
2025,48,435,0.0272727,1
2025,48,437,0.1576577,1
2025,48,439,0.1064468,1
2025,48,441,0.1324162,1
2025,48,443,NA,NA
2025,48,445,0.1962865,1
2025,48,447,NA,NA
2025,48,449,0.0390848,1
2025,48,451,0.0436715,1
2025,48,453,0.0577602,1
2025,48,455,0.1195219,1
2025,48,457,0.158805,1
2025,48,459,0.1320244,1
2025,48,461,0.1142857,1
2025,48,463,0.0400471,1
2025,48,465,0.0361298,1
2025,48,467,0.1200392,1
2025,48,469,0.0758503,1
2025,48,471,0.0792783,1
2025,48,473,0.0585132,1
2025,48,475,0.1198157,1
2025,48,477,0.0459393,1
2025,48,479,0.1371922,1
2025,48,481,0.1127064,1
2025,48,483,0.0898876,1
2025,48,485,0.13845,1
2025,48,487,0.1758794,1
2025,48,489,0.1036468,1
2025,48,491,0.0468366,1
2025,48,493,0.0994969,1
2025,48,495,0.1346939,1
2025,48,497,0.0901975,1
2025,48,499,0.0579976,1
2025,48,501,0.1455224,1
2025,48,503,0.0879479,1
2025,48,505,0.1187845,1
2025,48,507,0.057508,1
2025,49,001,0.0053763,1
2025,49,003,0.0138658,1
2025,49,005,0.0159744,1
2025,49,007,0.0546022,1
2025,49,009,NA,NA
2025,49,011,0.0187158,1
2025,49,013,0.0745763,1
2025,49,015,0.0397351,1
2025,49,017,0.006993,1
2025,49,019,0.083815,1
2025,49,021,0.0157609,1
2025,49,023,0.0542636,1
2025,49,025,0.0232558,1
2025,49,027,0.0146699,1
2025,49,029,0.0026178,1
2025,49,031,NA,NA
2025,49,033,0.015873,1
2025,49,035,0.027535,1
2025,49,037,0.0508475,1
2025,49,039,0.017585,1
2025,49,041,0.0309423,1
2025,49,043,0.0120563,1
2025,49,045,0.0407094,1
2025,49,047,0.0626703,1
2025,49,049,0.0155752,1
2025,49,051,0.020185,1
2025,49,053,0.0128992,1
2025,49,055,0,1
2025,49,057,0.01945,1
2025,50,001,0,1
2025,50,003,0,1
2025,50,005,0,1
2025,50,007,0,1
2025,50,009,0,1
2025,50,011,0,1
2025,50,013,0,1
2025,50,015,0,1
2025,50,017,0,1
2025,50,019,0,1
2025,50,021,0,1
2025,50,023,0,1
2025,50,025,0,1
2025,50,027,0,1
2025,51,001,0.0045788,1
2025,51,003,0.0028074,1
2025,51,005,0.0062241,1
2025,51,007,0.0021692,1
2025,51,009,0.0029851,1
2025,51,011,0.0017668,1
2025,51,013,0.0026227,1
2025,51,015,0.0024341,1
2025,51,017,0.0084034,1
2025,51,019,0.0026257,1
2025,51,021,0.0190476,1
2025,51,023,0.0065116,1
2025,51,025,0.0045558,1
2025,51,027,0.0228385,1
2025,51,029,0.002079,1
2025,51,031,0.0011448,1
2025,51,033,0.0074419,1
2025,51,035,0.0076923,1
2025,51,036,0.0235849,1
2025,51,037,0,1
2025,51,041,0.0150978,1
2025,51,043,0.002008,1
2025,51,045,0.0125786,1
2025,51,047,0.0030525,1
2025,51,049,0.0064935,1
2025,51,051,0.0240385,1
2025,51,053,0.0217155,1
2025,51,057,0.0027397,1
2025,51,059,0.0023524,1
2025,51,061,0.0029449,1
2025,51,063,0.0042553,1
2025,51,065,0.0023502,1
2025,51,067,0.0063768,1
2025,51,069,0.0092379,1
2025,51,071,0.0040404,1
2025,51,073,0.0052474,1
2025,51,075,0.0079636,1
2025,51,077,0.0167064,1
2025,51,079,0.002845,1
2025,51,081,0.008547,1
2025,51,083,0.0075188,1
2025,51,085,0.0069099,1
2025,51,087,0.0106893,1
2025,51,089,0.0451128,1
2025,51,091,0,1
2025,51,093,0.0096618,1
2025,51,095,0.0023641,1
2025,51,097,0.0219298,1
2025,51,099,0.0057937,1
2025,51,101,0.0127389,1
2025,51,103,0,1
2025,51,105,0.0133333,1
2025,51,107,8.874e-4,1
2025,51,109,0.007722,1
2025,51,111,0.0123457,1
2025,51,113,0.0024691,1
2025,51,115,0.0070922,1
2025,51,117,0.0089463,1
2025,51,119,0.011396,1
2025,51,121,0.0042406,1
2025,51,125,0.0020284,1
2025,51,127,0.0011494,1
2025,51,131,0.012987,1
2025,51,133,0.006865,1
2025,51,135,0.0219512,1
2025,51,137,0.0033812,1
2025,51,139,0.0053476,1
2025,51,141,0.0202206,1
2025,51,143,0.0192719,1
2025,51,145,0.0059642,1
2025,51,147,0.0067454,1
2025,51,149,0.0223752,1
2025,51,153,0.0055498,1
2025,51,155,0.0111317,1
2025,51,157,0,1
2025,51,159,0.0078431,1
2025,51,161,0.002946,1
2025,51,163,0.0029499,1
2025,51,165,0.0033174,1
2025,51,167,0.0122549,1
2025,51,169,0.0202899,1
2025,51,171,0.0057471,1
2025,51,173,0.0166667,1
2025,51,175,0.007326,1
2025,51,177,0.0045016,1
2025,51,179,0.0026904,1
2025,51,181,0.0248756,1
2025,51,183,0.0128205,1
2025,51,185,0.0218069,1
2025,51,187,0.0047581,1
2025,51,191,0.0191045,1
2025,51,193,0.0095238,1
2025,51,195,0.0179695,1
2025,51,197,0.0348837,1
2025,51,199,0.0042755,1
2025,51,510,0.0049696,1
2025,51,520,0.0291595,1
2025,51,530,0.0099502,1
2025,51,540,0.0064935,1
2025,51,550,0.0076115,1
2025,51,570,0.025729,1
2025,51,580,0.0174419,1
2025,51,590,0.0471623,1
2025,51,595,0.0067114,1
2025,51,600,0.0033746,1
2025,51,610,0.0042735,1
2025,51,620,0.0230769,1
2025,51,630,0.0069204,1
2025,51,640,0.0192308,1
2025,51,650,0.0079872,1
2025,51,660,0.0055911,1
2025,51,670,0.0680473,1
2025,51,678,0.0076923,1
2025,51,680,0.0064785,1
2025,51,683,0.0046875,1
2025,51,685,0,1
2025,51,690,0.041062800000000003,1
2025,51,700,0.0075771,1
2025,51,710,0.0103448,1
2025,51,720,0.0314961,1
2025,51,730,0.0419708,1
2025,51,735,0.0047733,1
2025,51,740,0.0111893,1
2025,51,750,0.0024938,1
2025,51,760,0.0229247,1
2025,51,770,0.0130506,1
2025,51,775,0.0090206,1
2025,51,790,0.0061881,1
2025,51,800,0.0092093,1
2025,51,810,0.0096403,1
2025,51,820,0.0025707,1
2025,51,830,0.0024876,1
2025,51,840,0.0108225,1
2025,53,001,0,1
2025,53,003,0,1
2025,53,005,0,1
2025,53,007,0,1
2025,53,009,0,1
2025,53,011,0,1
2025,53,013,0,1
2025,53,015,0,1
2025,53,017,0,1
2025,53,019,0,1
2025,53,021,0,1
2025,53,023,0,1
2025,53,025,0,1
2025,53,027,0,1
2025,53,029,0,1
2025,53,031,0,1
2025,53,033,0,1
2025,53,035,0,1
2025,53,037,0,1
2025,53,039,0,1
2025,53,041,0,1
2025,53,043,0,1
2025,53,045,0,1
2025,53,047,0,1
2025,53,049,0,1
2025,53,051,0,1
2025,53,053,0,1
2025,53,055,0,1
2025,53,057,0,1
2025,53,059,0,1
2025,53,061,0,1
2025,53,063,0,1
2025,53,065,0,1
2025,53,067,0,1
2025,53,069,0,1
2025,53,071,0,1
2025,53,073,0,1
2025,53,075,0,1
2025,53,077,0,1
2025,54,001,0.0474138,1
2025,54,003,0.0587669,1
2025,54,005,0.147708,1
2025,54,007,0.0519126,1
2025,54,009,0.1175572,1
2025,54,011,0.0455734,1
2025,54,013,0.0635838,1
2025,54,015,0.0852713,1
2025,54,017,0.0152284,1
2025,54,019,0.0658579,1
2025,54,021,0.0493827,1
2025,54,023,0.1037234,1
2025,54,025,0.0452756,1
2025,54,027,0.0295699,1
2025,54,029,0.1045977,1
2025,54,031,0.0931818,1
2025,54,033,0.0317241,1
2025,54,035,0.036105,1
2025,54,037,0.0263014,1
2025,54,039,0.1009658,1
2025,54,041,0.0745098,1
2025,54,043,0.084317,1
2025,54,045,0.1050921,1
2025,54,047,0.0630081,1
2025,54,049,0.0300231,1
2025,54,051,0.0133038,1
2025,54,053,0.0213836,1
2025,54,055,0.0456009,1
2025,54,057,0.034642,1
2025,54,059,0.0708092,1
2025,54,061,0.0334743,1
2025,54,063,0.0258398,1
2025,54,065,0.0606061,1
2025,54,067,0.037084399999999997,1
2025,54,069,0.0104322,1
2025,54,071,0.0531401,1
2025,54,073,0.037037,1
2025,54,075,0.0458333,1
2025,54,077,0.0483042,1
2025,54,079,0.1050328,1
2025,54,081,0.0687255,1
2025,54,083,0.0774732,1
2025,54,085,0.0106383,1
2025,54,087,0.0634146,1
2025,54,089,0.0425532,1
2025,54,091,0.0401691,1
2025,54,093,0.0434783,1
2025,54,095,0.0264151,1
2025,54,097,0.0308311,1
2025,54,099,0.0651466,1
2025,54,101,0.0413223,1
2025,54,103,0.0349076,1
2025,54,105,0.0114943,1
2025,54,107,0.0139939,1
2025,54,109,0.0746269,1
2025,55,001,0.0575342,1
2025,55,003,0.0691824,1
2025,55,005,0.0138705,1
2025,55,007,0.0335968,1
2025,55,009,0.0471301,1
2025,55,011,0.00978,1
2025,55,013,0.0106762,1
2025,55,015,0.0299647,1
2025,55,017,0.0152334,1
2025,55,019,0.03125,1
2025,55,021,0.0408822,1
2025,55,023,0.0402415,1
2025,55,025,0.022747,1
2025,55,027,0.0386598,1
2025,55,029,0.029703,1
2025,55,031,0.0131483,1
2025,55,033,0.0185334,1
2025,55,035,0.0077471,1
2025,55,037,0.0561798,1
2025,55,039,0.0358689,1
2025,55,041,0.087108,1
2025,55,043,0.0453608,1
2025,55,045,0.0169039,1
2025,55,047,0.0313015,1
2025,55,049,0.012016,1
2025,55,051,0.0618557,1
2025,55,053,0.0678261,1
2025,55,055,0.0423826,1
2025,55,057,0.0327456,1
2025,55,059,0.034067,1
2025,55,061,0.0452489,1
2025,55,063,0.0150911,1
2025,55,065,0.045977,1
2025,55,067,0.056,1
2025,55,069,0.0529279,1
2025,55,071,0.0270482,1
2025,55,073,0.04,1
2025,55,075,0.0455202,1
2025,55,077,0.0501859,1
2025,55,078,0.0852713,1
2025,55,079,0.0308913,1
2025,55,081,0.0425209,1
2025,55,083,0.0466067,1
2025,55,085,0.0399079,1
2025,55,087,0.0416247,1
2025,55,089,0.0083391,1
2025,55,091,0.0044843,1
2025,55,093,0.0137097,1
2025,55,095,0.0199867,1
2025,55,097,0.0498385,1
2025,55,099,0.0239044,1
2025,55,101,0.0425321,1
2025,55,103,0.0098425,1
2025,55,105,0.0664883,1
2025,55,107,0.0222222,1
2025,55,109,0.0153282,1
2025,55,111,0.0457275,1
2025,55,113,0.0543131,1
2025,55,115,0.0331412,1
2025,55,117,0.0191083,1
2025,55,119,0.0522876,1
2025,55,121,0.0223167,1
2025,55,123,0.0192744,1
2025,55,125,0.0356322,1
2025,55,127,0.0439459,1
2025,55,129,0.0390879,1
2025,55,131,0.011144,1
2025,55,133,0.0194483,1
2025,55,135,0.0469293,1
2025,55,137,0.0487179,1
2025,55,139,0.0416187,1
2025,55,141,0.0424071,1
2025,56,001,0.0717017,1
2025,56,003,0.0771277,1
2025,56,005,0.0511001,1
2025,56,007,0.0663616,1
2025,56,009,0.0808824,1
2025,56,011,0.0230415,1
2025,56,013,0.1182519,1
2025,56,015,0.0557103,1
2025,56,017,0.12,1
2025,56,019,0.0167785,1
2025,56,021,0.1094038,1
2025,56,023,0.0380952,1
2025,56,025,0.1316527,1
2025,56,027,0.1025641,1
2025,56,029,0.028777,1
2025,56,031,0.0547445,1
2025,56,033,0.0234742,1
2025,56,035,0.0742049,1
2025,56,037,0.1543258,1
2025,56,039,0.0526316,1
2025,56,041,0.0655462,1
2025,56,043,0.0740741,1
2025,56,045,0.0177778,1
