year,state,place,subgroup_type,subgroup,share_debt_coll,share_debt_coll_quality
2019,01,07000,all,All,0.37891245,1
2019,01,07000,race-ethnicity,Neighborhoods of color,0.5778051,1
2019,01,07000,race-ethnicity,White neighborhoods,0.27076375,1
2019,01,50000,all,All,0.45068663,1
2019,01,50000,race-ethnicity,Neighborhoods of color,0.57982492,1
2019,01,50000,race-ethnicity,White neighborhoods,0.37340984,1
2019,01,51000,all,All,0.43235493,1
2019,01,51000,race-ethnicity,Neighborhoods of color,0.5067184,1
2019,01,51000,race-ethnicity,White neighborhoods,0.33578905,1
2019,01,77256,all,All,0.41469195,1
2019,01,77256,race-ethnicity,Neighborhoods of color,0.51522535,1
2019,01,77256,race-ethnicity,White neighborhoods,0.31949249,1
2019,02,03000,all,All,0.30883744,1
2019,02,03000,race-ethnicity,Neighborhoods of color,0.42038691,1
2019,02,03000,race-ethnicity,White neighborhoods,0.2569252,1
2019,04,12000,all,All,0.25731641,1
2019,04,12000,race-ethnicity,Neighborhoods of color,0.40450451,1
2019,04,12000,race-ethnicity,White neighborhoods,0.23068145,1
2019,04,27400,all,All,0.2356479,1
2019,04,27400,race-ethnicity,Neighborhoods of color,NA,3
2019,04,27400,race-ethnicity,White neighborhoods,0.2356479,1
2019,04,27820,all,All,0.32228175,1
2019,04,27820,race-ethnicity,Neighborhoods of color,0.44935909,1
2019,04,27820,race-ethnicity,White neighborhoods,0.23722054,1
2019,04,46000,all,All,0.33763334,1
2019,04,46000,race-ethnicity,Neighborhoods of color,0.46934462,1
2019,04,46000,race-ethnicity,White neighborhoods,0.28295594,1
2019,04,55000,all,All,0.35834751,1
2019,04,55000,race-ethnicity,Neighborhoods of color,0.49412289,1
2019,04,55000,race-ethnicity,White neighborhoods,0.26189271,1
2019,04,73000,all,All,0.36791924,1
2019,04,73000,race-ethnicity,Neighborhoods of color,0.38374719,1
2019,04,73000,race-ethnicity,White neighborhoods,0.35228539,1
2019,05,41000,all,All,0.40294716,1
2019,05,41000,race-ethnicity,Neighborhoods of color,0.52652925,1
2019,05,41000,race-ethnicity,White neighborhoods,0.2787776,1
2019,06,00884,all,All,0.15975104,1
2019,06,00884,race-ethnicity,Neighborhoods of color,0.15975104,1
2019,06,00884,race-ethnicity,White neighborhoods,NA,3
2019,06,02000,all,All,0.22687696,1
2019,06,02000,race-ethnicity,Neighborhoods of color,0.24434428,1
2019,06,02000,race-ethnicity,White neighborhoods,0.14545454,1
2019,06,02252,all,All,0.33087191,1
2019,06,02252,race-ethnicity,Neighborhoods of color,0.33087191,1
2019,06,02252,race-ethnicity,White neighborhoods,NA,3
2019,06,06000,all,All,0.12803532,1
2019,06,06000,race-ethnicity,Neighborhoods of color,0.1427256,1
2019,06,06000,race-ethnicity,White neighborhoods,0.11450382,1
2019,06,08954,all,All,0.16853933,1
2019,06,08954,race-ethnicity,Neighborhoods of color,NA,3
2019,06,08954,race-ethnicity,White neighborhoods,0.16853933,1
2019,06,13392,all,All,0.30956468,1
2019,06,13392,race-ethnicity,Neighborhoods of color,0.31242955,1
2019,06,13392,race-ethnicity,White neighborhoods,0.11267605,1
2019,06,19766,all,All,0.30929264,1
2019,06,19766,race-ethnicity,Neighborhoods of color,0.30929264,1
2019,06,19766,race-ethnicity,White neighborhoods,NA,3
2019,06,20802,all,All,0.30103618,1
2019,06,20802,race-ethnicity,Neighborhoods of color,0.30103618,1
2019,06,20802,race-ethnicity,White neighborhoods,NA,3
2019,06,22020,all,All,0.22245467,1
2019,06,22020,race-ethnicity,Neighborhoods of color,0.2237971,1
2019,06,22020,race-ethnicity,White neighborhoods,0.20320855,1
2019,06,22230,all,All,0.24845088,1
2019,06,22230,race-ethnicity,Neighborhoods of color,0.24845088,1
2019,06,22230,race-ethnicity,White neighborhoods,NA,3
2019,06,22804,all,All,0.23796101,1
2019,06,22804,race-ethnicity,Neighborhoods of color,0.25256455,1
2019,06,22804,race-ethnicity,White neighborhoods,0.2090909,1
2019,06,24680,all,All,0.3878012,1
2019,06,24680,race-ethnicity,Neighborhoods of color,0.38849056,1
2019,06,24680,race-ethnicity,White neighborhoods,NA,3
2019,06,27000,all,All,0.34513882,1
2019,06,27000,race-ethnicity,Neighborhoods of color,0.367277,1
2019,06,27000,race-ethnicity,White neighborhoods,0.1859155,1
2019,06,28000,all,All,0.24852459,1
2019,06,28000,race-ethnicity,Neighborhoods of color,0.27272728,1
2019,06,28000,race-ethnicity,White neighborhoods,0.15452363,1
2019,06,29000,all,All,0.2968615,1
2019,06,29000,race-ethnicity,Neighborhoods of color,0.2968615,1
2019,06,29000,race-ethnicity,White neighborhoods,NA,3
2019,06,30000,all,All,NA,3
2019,06,30000,race-ethnicity,Neighborhoods of color,NA,3
2019,06,30000,race-ethnicity,White neighborhoods,NA,3
2019,06,33000,all,All,0.17815267,1
2019,06,33000,race-ethnicity,Neighborhoods of color,0.1842384,1
2019,06,33000,race-ethnicity,White neighborhoods,0.12128713,1
2019,06,36000,all,All,0.22040921,1
2019,06,36000,race-ethnicity,Neighborhoods of color,0.26630434,1
2019,06,36000,race-ethnicity,White neighborhoods,0.1921306,1
2019,06,36546,all,All,0.36623749,1
2019,06,36546,race-ethnicity,Neighborhoods of color,0.38796347,1
2019,06,36546,race-ethnicity,White neighborhoods,0.19491525,1
2019,06,36770,all,All,0.15478367,1
2019,06,36770,race-ethnicity,Neighborhoods of color,0.14828898,1
2019,06,36770,race-ethnicity,White neighborhoods,0.1636416,1
2019,06,40130,all,All,0.42682353,1
2019,06,40130,race-ethnicity,Neighborhoods of color,0.42682353,1
2019,06,40130,race-ethnicity,White neighborhoods,NA,3
2019,06,43000,all,All,0.3331497,1
2019,06,43000,race-ethnicity,Neighborhoods of color,0.39440504,1
2019,06,43000,race-ethnicity,White neighborhoods,0.19084668,1
2019,06,44000,all,All,0.27634484,1
2019,06,44000,race-ethnicity,Neighborhoods of color,0.30740061,1
2019,06,44000,race-ethnicity,White neighborhoods,0.17771119,1
2019,06,48354,all,All,0.31747034,1
2019,06,48354,race-ethnicity,Neighborhoods of color,0.33165982,1
2019,06,48354,race-ethnicity,White neighborhoods,0.2483321,1
2019,06,49270,all,All,0.37939233,1
2019,06,49270,race-ethnicity,Neighborhoods of color,0.42253521,1
2019,06,49270,race-ethnicity,White neighborhoods,0.19945355,1
2019,06,52526,all,All,0.24318382,1
2019,06,52526,race-ethnicity,Neighborhoods of color,0.37062147,1
2019,06,52526,race-ethnicity,White neighborhoods,0.16198704,1
2019,06,53000,all,All,0.23930521,1
2019,06,53000,race-ethnicity,Neighborhoods of color,0.26119488,1
2019,06,53000,race-ethnicity,White neighborhoods,0.10230547,1
2019,06,53896,all,All,0.2953271,1
2019,06,53896,race-ethnicity,Neighborhoods of color,0.30349252,1
2019,06,53896,race-ethnicity,White neighborhoods,0.17473684,1
2019,06,54652,all,All,0.29947314,1
2019,06,54652,race-ethnicity,Neighborhoods of color,0.31848225,1
2019,06,54652,race-ethnicity,White neighborhoods,0.18181819,1
2019,06,55156,all,All,0.2791096,1
2019,06,55156,race-ethnicity,Neighborhoods of color,0.31593597,1
2019,06,55156,race-ethnicity,White neighborhoods,0.11111111,1
2019,06,56000,all,All,0.27889353,1
2019,06,56000,race-ethnicity,Neighborhoods of color,0.28436959,1
2019,06,56000,race-ethnicity,White neighborhoods,0.26107979,1
2019,06,58072,all,All,0.23603664,1
2019,06,58072,race-ethnicity,Neighborhoods of color,0.23603664,1
2019,06,58072,race-ethnicity,White neighborhoods,NA,3
2019,06,59451,all,All,0.27335906,1
2019,06,59451,race-ethnicity,Neighborhoods of color,0.25928572,1
2019,06,59451,race-ethnicity,White neighborhoods,0.30967742,1
2019,06,62000,all,All,0.31499311,1
2019,06,62000,race-ethnicity,Neighborhoods of color,0.31505504,1
2019,06,62000,race-ethnicity,White neighborhoods,NA,3
2019,06,62938,all,All,0.16737188,1
2019,06,62938,race-ethnicity,Neighborhoods of color,NA,3
2019,06,62938,race-ethnicity,White neighborhoods,0.16734822,1
2019,06,64000,all,All,0.2961379,1
2019,06,64000,race-ethnicity,Neighborhoods of color,0.32134584,1
2019,06,64000,race-ethnicity,White neighborhoods,0.24867223,1
2019,06,64224,all,All,0.34205744,1
2019,06,64224,race-ethnicity,Neighborhoods of color,0.34294054,1
2019,06,64224,race-ethnicity,White neighborhoods,NA,3
2019,06,66000,all,All,0.2275192,1
2019,06,66000,race-ethnicity,Neighborhoods of color,0.26880211,1
2019,06,66000,race-ethnicity,White neighborhoods,0.19289622,1
2019,06,67000,all,All,0.12633535,1
2019,06,67000,race-ethnicity,Neighborhoods of color,0.13433655,1
2019,06,67000,race-ethnicity,White neighborhoods,0.082179934,1
2019,06,68000,all,All,0.15652879,1
2019,06,68000,race-ethnicity,Neighborhoods of color,0.15771231,1
2019,06,68000,race-ethnicity,White neighborhoods,0.089201875,1
2019,06,69000,all,All,0.26405153,1
2019,06,69000,race-ethnicity,Neighborhoods of color,0.26405153,1
2019,06,69000,race-ethnicity,White neighborhoods,NA,3
2019,06,69084,all,All,0.069788799,1
2019,06,69084,race-ethnicity,Neighborhoods of color,0.069788799,1
2019,06,69084,race-ethnicity,White neighborhoods,NA,3
2019,06,70000,all,All,0.1515625,1
2019,06,70000,race-ethnicity,Neighborhoods of color,0.2,1
2019,06,70000,race-ethnicity,White neighborhoods,0.13033707,1
2019,06,70098,all,All,0.20101523,1
2019,06,70098,race-ethnicity,Neighborhoods of color,0.26199263,1
2019,06,70098,race-ethnicity,White neighborhoods,0.17219038,1
2019,06,72016,all,All,0.2086629,1
2019,06,72016,race-ethnicity,Neighborhoods of color,0.34177214,1
2019,06,72016,race-ethnicity,White neighborhoods,0.18539824,1
2019,06,75000,all,All,0.33111259,1
2019,06,75000,race-ethnicity,Neighborhoods of color,0.36050257,1
2019,06,75000,race-ethnicity,White neighborhoods,0.19043948,1
2019,06,77000,all,All,0.069074489,1
2019,06,77000,race-ethnicity,Neighborhoods of color,0.066901408,1
2019,06,77000,race-ethnicity,White neighborhoods,0.088105723,1
2019,06,78582,all,All,0.16791604,1
2019,06,78582,race-ethnicity,Neighborhoods of color,NA,3
2019,06,78582,race-ethnicity,White neighborhoods,0.16816817,1
2019,06,80000,all,All,0.14938956,1
2019,06,80000,race-ethnicity,Neighborhoods of color,0.15769805,1
2019,06,80000,race-ethnicity,White neighborhoods,0.081466392,1
2019,06,81666,all,All,0.33647376,1
2019,06,81666,race-ethnicity,Neighborhoods of color,0.3584328,1
2019,06,81666,race-ethnicity,White neighborhoods,0.17633928,1
2019,06,82954,all,All,0.36510578,1
2019,06,82954,race-ethnicity,Neighborhoods of color,0.37043393,1
2019,06,82954,race-ethnicity,White neighborhoods,0.1953125,1
2019,08,07850,all,All,0.14565217,1
2019,08,07850,race-ethnicity,Neighborhoods of color,NA,3
2019,08,07850,race-ethnicity,White neighborhoods,0.14565217,1
2019,08,16000,all,All,0.28528801,1
2019,08,16000,race-ethnicity,Neighborhoods of color,0.44582042,1
2019,08,16000,race-ethnicity,White neighborhoods,0.26405242,1
2019,08,20000,all,All,0.29301736,1
2019,08,20000,race-ethnicity,Neighborhoods of color,0.39064384,1
2019,08,20000,race-ethnicity,White neighborhoods,0.23405185,1
2019,08,27425,all,All,0.21550876,1
2019,08,27425,race-ethnicity,Neighborhoods of color,NA,3
2019,08,27425,race-ethnicity,White neighborhoods,0.21550876,1
2019,08,62000,all,All,0.3919414,1
2019,08,62000,race-ethnicity,Neighborhoods of color,0.51203704,1
2019,08,62000,race-ethnicity,White neighborhoods,0.29774871,1
2019,09,08000,all,All,0.44746378,1
2019,09,08000,race-ethnicity,Neighborhoods of color,0.44746378,1
2019,09,08000,race-ethnicity,White neighborhoods,NA,3
2019,09,37000,all,All,0.57724023,1
2019,09,37000,race-ethnicity,Neighborhoods of color,0.57724023,1
2019,09,37000,race-ethnicity,White neighborhoods,NA,3
2019,09,52000,all,All,0.40825927,1
2019,09,52000,race-ethnicity,Neighborhoods of color,0.40825927,1
2019,09,52000,race-ethnicity,White neighborhoods,NA,3
2019,09,80000,all,All,0.51189131,1
2019,09,80000,race-ethnicity,Neighborhoods of color,0.51189131,1
2019,09,80000,race-ethnicity,White neighborhoods,NA,3
2019,11,50000,all,All,0.3018522,1
2019,11,50000,race-ethnicity,Neighborhoods of color,0.40886131,1
2019,11,50000,race-ethnicity,White neighborhoods,0.11541363,1
2019,12,10275,all,All,0.33048731,1
2019,12,10275,race-ethnicity,Neighborhoods of color,0.6102941,1
2019,12,10275,race-ethnicity,White neighborhoods,0.31464261,1
2019,12,24000,all,All,0.4157097,1
2019,12,24000,race-ethnicity,Neighborhoods of color,0.47368422,1
2019,12,24000,race-ethnicity,White neighborhoods,0.23626786,1
2019,12,25175,all,All,0.32115483,1
2019,12,25175,race-ethnicity,Neighborhoods of color,0.60085839,1
2019,12,25175,race-ethnicity,White neighborhoods,0.30345014,1
2019,12,30000,all,All,0.40357095,1
2019,12,30000,race-ethnicity,Neighborhoods of color,0.40357095,1
2019,12,30000,race-ethnicity,White neighborhoods,NA,3
2019,12,35000,all,All,0.44314519,1
2019,12,35000,race-ethnicity,Neighborhoods of color,0.56573051,1
2019,12,35000,race-ethnicity,White neighborhoods,0.35323766,1
2019,12,45000,all,All,0.28606817,1
2019,12,45000,race-ethnicity,Neighborhoods of color,0.28614458,1
2019,12,45000,race-ethnicity,White neighborhoods,NA,3
2019,12,58715,all,All,0.38728324,1
2019,12,58715,race-ethnicity,Neighborhoods of color,0.48119402,1
2019,12,58715,race-ethnicity,White neighborhoods,0.34021544,1
2019,12,63000,all,All,0.37904763,1
2019,12,63000,race-ethnicity,Neighborhoods of color,0.55159038,1
2019,12,63000,race-ethnicity,White neighborhoods,0.34992144,1
2019,12,71000,all,All,0.40310243,1
2019,12,71000,race-ethnicity,Neighborhoods of color,0.45478824,1
2019,12,71000,race-ethnicity,White neighborhoods,0.25399008,1
2019,13,03440,all,All,0.36137441,1
2019,13,03440,race-ethnicity,Neighborhoods of color,0.4855876,1
2019,13,03440,race-ethnicity,White neighborhoods,0.31608731,1
2019,13,04000,all,All,0.38138548,1
2019,13,04000,race-ethnicity,Neighborhoods of color,0.49335888,1
2019,13,04000,race-ethnicity,White neighborhoods,0.19811743,1
2019,13,04204,all,All,0.56979775,1
2019,13,04204,race-ethnicity,Neighborhoods of color,0.57147598,1
2019,13,04204,race-ethnicity,White neighborhoods,0.47058824,1
2019,17,14000,all,All,0.346228,1
2019,17,14000,race-ethnicity,Neighborhoods of color,0.42000413,1
2019,17,14000,race-ethnicity,White neighborhoods,0.19050297,1
2019,17,65000,all,All,0.32812801,1
2019,17,65000,race-ethnicity,Neighborhoods of color,0.57734472,1
2019,17,65000,race-ethnicity,White neighborhoods,0.28126431,1
2019,18,25000,all,All,0.31054899,1
2019,18,25000,race-ethnicity,Neighborhoods of color,0.57757497,1
2019,18,25000,race-ethnicity,White neighborhoods,0.26794258,1
2019,18,36003,all,All,0.42046711,1
2019,18,36003,race-ethnicity,Neighborhoods of color,0.50311476,1
2019,18,36003,race-ethnicity,White neighborhoods,0.36608779,1
2019,18,71000,all,All,0.32672113,1
2019,18,71000,race-ethnicity,Neighborhoods of color,0.47346073,1
2019,18,71000,race-ethnicity,White neighborhoods,0.30859989,1
2019,19,21000,all,All,0.22722977,1
2019,19,21000,race-ethnicity,Neighborhoods of color,0.48825064,1
2019,19,21000,race-ethnicity,White neighborhoods,0.21742967,1
2019,20,36000,all,All,0.35772461,1
2019,20,36000,race-ethnicity,Neighborhoods of color,0.56262428,1
2019,20,36000,race-ethnicity,White neighborhoods,0.26237395,1
2019,20,38900,all,All,0.30405679,1
2019,20,38900,race-ethnicity,Neighborhoods of color,0.43861067,1
2019,20,38900,race-ethnicity,White neighborhoods,0.25893825,1
2019,20,71000,all,All,0.30017251,1
2019,20,71000,race-ethnicity,Neighborhoods of color,0.63917524,1
2019,20,71000,race-ethnicity,White neighborhoods,0.28014615,1
2019,21,46027,all,All,0.34331056,1
2019,21,46027,race-ethnicity,Neighborhoods of color,0.41700405,1
2019,21,46027,race-ethnicity,White neighborhoods,0.33519179,1
2019,22,50115,all,All,0.31946924,1
2019,22,50115,race-ethnicity,Neighborhoods of color,0.4074074,1
2019,22,50115,race-ethnicity,White neighborhoods,0.28828207,1
2019,22,55000,all,All,0.47632661,1
2019,22,55000,race-ethnicity,Neighborhoods of color,0.53213251,1
2019,22,55000,race-ethnicity,White neighborhoods,0.24818182,1
2019,22,70000,all,All,0.49850652,1
2019,22,70000,race-ethnicity,Neighborhoods of color,0.61607951,1
2019,22,70000,race-ethnicity,White neighborhoods,0.43573669,1
2019,24,04000,all,All,0.48883218,1
2019,24,04000,race-ethnicity,Neighborhoods of color,0.5406267,1
2019,24,04000,race-ethnicity,White neighborhoods,0.31826484,1
2019,25,07000,all,All,0.24606687,1
2019,25,07000,race-ethnicity,Neighborhoods of color,0.33003765,1
2019,25,07000,race-ethnicity,White neighborhoods,0.15432099,1
2019,25,09000,all,All,0.33135802,1
2019,25,09000,race-ethnicity,Neighborhoods of color,0.38430035,1
2019,25,09000,race-ethnicity,White neighborhoods,0.19285715,1
2019,25,11000,all,All,0.10791729,1
2019,25,11000,race-ethnicity,Neighborhoods of color,0.1262136,1
2019,25,11000,race-ethnicity,White neighborhoods,0.10691489,1
2019,25,23000,all,All,0.34691432,1
2019,25,23000,race-ethnicity,Neighborhoods of color,NA,3
2019,25,23000,race-ethnicity,White neighborhoods,0.34691432,1
2019,25,37000,all,All,0.31512606,1
2019,25,37000,race-ethnicity,Neighborhoods of color,0.3197158,1
2019,25,37000,race-ethnicity,White neighborhoods,0.30555555,1
2019,25,37490,all,All,0.31535271,1
2019,25,37490,race-ethnicity,Neighborhoods of color,0.38447654,1
2019,25,37490,race-ethnicity,White neighborhoods,0.18307427,1
2019,25,45000,all,All,0.39001188,1
2019,25,45000,race-ethnicity,Neighborhoods of color,0.50462961,1
2019,25,45000,race-ethnicity,White neighborhoods,0.37312415,1
2019,25,55745,all,All,0.16142656,1
2019,25,55745,race-ethnicity,Neighborhoods of color,NA,3
2019,25,55745,race-ethnicity,White neighborhoods,0.16142656,1
2019,25,67000,all,All,0.34129462,1
2019,25,67000,race-ethnicity,Neighborhoods of color,0.50266242,1
2019,25,67000,race-ethnicity,White neighborhoods,0.31090161,1
2019,25,82000,all,All,0.33938748,1
2019,25,82000,race-ethnicity,Neighborhoods of color,0.40582052,1
2019,25,82000,race-ethnicity,White neighborhoods,0.28707829,1
2019,26,03000,all,All,0.21965174,1
2019,26,03000,race-ethnicity,Neighborhoods of color,0.42635658,1
2019,26,03000,race-ethnicity,White neighborhoods,0.18014815,1
2019,26,22000,all,All,0.62880963,1
2019,26,22000,race-ethnicity,Neighborhoods of color,0.66656637,1
2019,26,22000,race-ethnicity,White neighborhoods,0.17312349,1
2019,26,29000,all,All,0.62545645,1
2019,26,29000,race-ethnicity,Neighborhoods of color,0.68476188,1
2019,26,29000,race-ethnicity,White neighborhoods,0.55363321,1
2019,26,34000,all,All,0.28568062,1
2019,26,34000,race-ethnicity,Neighborhoods of color,0.42490673,1
2019,26,34000,race-ethnicity,White neighborhoods,0.2386059,1
2019,26,46000,all,All,0.28844011,1
2019,26,46000,race-ethnicity,Neighborhoods of color,0.45749614,1
2019,26,46000,race-ethnicity,White neighborhoods,0.27169752,1
2019,26,76460,all,All,0.20430622,1
2019,26,76460,race-ethnicity,Neighborhoods of color,NA,3
2019,26,76460,race-ethnicity,White neighborhoods,0.20430622,1
2019,26,84000,all,All,0.41290322,1
2019,26,84000,race-ethnicity,Neighborhoods of color,0.49590164,1
2019,26,84000,race-ethnicity,White neighborhoods,0.39085466,1
2019,27,17000,all,All,0.16975221,1
2019,27,17000,race-ethnicity,Neighborhoods of color,NA,3
2019,27,17000,race-ethnicity,White neighborhoods,0.17023708,1
2019,27,43000,all,All,0.21733356,1
2019,27,43000,race-ethnicity,Neighborhoods of color,0.35550457,1
2019,27,43000,race-ethnicity,White neighborhoods,0.16101892,1
2019,27,54880,all,All,0.27879554,1
2019,27,54880,race-ethnicity,Neighborhoods of color,0.56871462,1
2019,27,54880,race-ethnicity,White neighborhoods,0.17667995,1
2019,27,58000,all,All,0.2518045,1
2019,27,58000,race-ethnicity,Neighborhoods of color,0.30734631,1
2019,27,58000,race-ethnicity,White neighborhoods,0.18386061,1
2019,28,36000,all,All,0.40283263,1
2019,28,36000,race-ethnicity,Neighborhoods of color,0.48463753,1
2019,28,36000,race-ethnicity,White neighborhoods,0.29556185,1
2019,29,65000,all,All,0.49125028,1
2019,29,65000,race-ethnicity,Neighborhoods of color,0.66866952,1
2019,29,65000,race-ethnicity,White neighborhoods,0.31993368,1
2019,30,06550,all,All,0.27234253,1
2019,30,06550,race-ethnicity,Neighborhoods of color,0.5099715,1
2019,30,06550,race-ethnicity,White neighborhoods,0.24959083,1
2019,31,28000,all,All,0.19727047,1
2019,31,28000,race-ethnicity,Neighborhoods of color,NA,3
2019,31,28000,race-ethnicity,White neighborhoods,0.19727047,1
2019,31,37000,all,All,0.23523292,1
2019,31,37000,race-ethnicity,Neighborhoods of color,0.41474396,1
2019,31,37000,race-ethnicity,White neighborhoods,0.18882747,1
2019,32,31900,all,All,0.3410739,1
2019,32,31900,race-ethnicity,Neighborhoods of color,0.37962383,1
2019,32,31900,race-ethnicity,White neighborhoods,0.29381245,1
2019,32,40000,all,All,0.42540905,1
2019,32,40000,race-ethnicity,Neighborhoods of color,0.48595282,1
2019,32,40000,race-ethnicity,White neighborhoods,0.27656034,1
2019,32,51800,all,All,0.42155862,1
2019,32,51800,race-ethnicity,Neighborhoods of color,0.4564158,1
2019,32,51800,race-ethnicity,White neighborhoods,0.27567977,1
2019,32,60600,all,All,0.32303223,1
2019,32,60600,race-ethnicity,Neighborhoods of color,0.49371216,1
2019,32,60600,race-ethnicity,White neighborhoods,0.25548387,1
2019,33,45140,all,All,0.31220779,1
2019,33,45140,race-ethnicity,Neighborhoods of color,NA,3
2019,33,45140,race-ethnicity,White neighborhoods,0.31220779,1
2019,34,21000,all,All,0.46958524,1
2019,34,21000,race-ethnicity,Neighborhoods of color,0.46958524,1
2019,34,21000,race-ethnicity,White neighborhoods,NA,3
2019,34,36000,all,All,0.30708551,1
2019,34,36000,race-ethnicity,Neighborhoods of color,0.30708551,1
2019,34,36000,race-ethnicity,White neighborhoods,NA,3
2019,34,51000,all,All,0.53644109,1
2019,34,51000,race-ethnicity,Neighborhoods of color,0.53644109,1
2019,34,51000,race-ethnicity,White neighborhoods,NA,3
2019,34,57000,all,All,0.46619067,1
2019,34,57000,race-ethnicity,Neighborhoods of color,0.46619067,1
2019,34,57000,race-ethnicity,White neighborhoods,NA,3
2019,34,74000,all,All,0.6087172,1
2019,34,74000,race-ethnicity,Neighborhoods of color,0.63587826,1
2019,34,74000,race-ethnicity,White neighborhoods,0.26027396,1
2019,35,02000,all,All,0.36314833,1
2019,35,02000,race-ethnicity,Neighborhoods of color,0.38909209,1
2019,35,02000,race-ethnicity,White neighborhoods,0.25610298,1
2019,36,01000,all,All,0.4417235,1
2019,36,01000,race-ethnicity,Neighborhoods of color,0.52738732,1
2019,36,01000,race-ethnicity,White neighborhoods,0.28976783,1
2019,36,11000,all,All,0.49296117,1
2019,36,11000,race-ethnicity,Neighborhoods of color,0.5487476,1
2019,36,11000,race-ethnicity,White neighborhoods,0.39803278,1
2019,36,51000,all,All,0.24183181,1
2019,36,51000,race-ethnicity,Neighborhoods of color,0.28720891,1
2019,36,51000,race-ethnicity,White neighborhoods,0.14147246,1
2019,36,63000,all,All,NA,3
2019,36,63000,race-ethnicity,Neighborhoods of color,NA,3
2019,36,63000,race-ethnicity,White neighborhoods,NA,3
2019,36,73000,all,All,0.33870968,1
2019,36,73000,race-ethnicity,Neighborhoods of color,0.53384614,1
2019,36,73000,race-ethnicity,White neighborhoods,0.26436108,1
2019,36,84000,all,All,0.31190476,1
2019,36,84000,race-ethnicity,Neighborhoods of color,0.3562575,1
2019,36,84000,race-ethnicity,White neighborhoods,0.18277067,1
2019,37,12000,all,All,0.36479637,1
2019,37,12000,race-ethnicity,Neighborhoods of color,0.46939382,1
2019,37,12000,race-ethnicity,White neighborhoods,0.2153672,1
2019,37,19000,all,All,0.28577954,1
2019,37,19000,race-ethnicity,Neighborhoods of color,0.35770157,1
2019,37,19000,race-ethnicity,White neighborhoods,0.21208385,1
2019,37,22920,all,All,0.40589231,1
2019,37,22920,race-ethnicity,Neighborhoods of color,0.41599584,1
2019,37,22920,race-ethnicity,White neighborhoods,0.36101499,1
2019,37,28000,all,All,0.39411011,1
2019,37,28000,race-ethnicity,Neighborhoods of color,0.53481483,1
2019,37,28000,race-ethnicity,White neighborhoods,0.28703496,1
2019,37,74440,all,All,0.37693709,1
2019,37,74440,race-ethnicity,Neighborhoods of color,NA,3
2019,37,74440,race-ethnicity,White neighborhoods,0.37531486,1
2019,37,75000,all,All,0.37758505,1
2019,37,75000,race-ethnicity,Neighborhoods of color,0.5090909,1
2019,37,75000,race-ethnicity,White neighborhoods,0.30136988,1
2019,38,25700,all,All,0.17658423,1
2019,38,25700,race-ethnicity,Neighborhoods of color,NA,3
2019,38,25700,race-ethnicity,White neighborhoods,0.17658423,1
2019,39,01000,all,All,0.3217324,1
2019,39,01000,race-ethnicity,Neighborhoods of color,0.57673669,1
2019,39,01000,race-ethnicity,White neighborhoods,0.281326,1
2019,39,15000,all,All,0.35884494,1
2019,39,15000,race-ethnicity,Neighborhoods of color,0.51449275,1
2019,39,15000,race-ethnicity,White neighborhoods,0.30233735,1
2019,39,16000,all,All,0.55854875,1
2019,39,16000,race-ethnicity,Neighborhoods of color,0.60143948,1
2019,39,16000,race-ethnicity,White neighborhoods,0.46204454,1
2019,39,21000,all,All,0.43337584,1
2019,39,21000,race-ethnicity,Neighborhoods of color,0.61618799,1
2019,39,21000,race-ethnicity,White neighborhoods,0.37431464,1
2019,39,77000,all,All,0.3455891,1
2019,39,77000,race-ethnicity,Neighborhoods of color,0.59675968,1
2019,39,77000,race-ethnicity,White neighborhoods,0.30788976,1
2019,40,41850,all,All,0.47317073,1
2019,40,41850,race-ethnicity,Neighborhoods of color,0.47768763,1
2019,40,41850,race-ethnicity,White neighborhoods,0.46325168,1
2019,41,59000,all,All,0.19918387,1
2019,41,59000,race-ethnicity,Neighborhoods of color,0.27458492,1
2019,41,59000,race-ethnicity,White neighborhoods,0.19611369,1
2019,42,02000,all,All,0.41167435,1
2019,42,02000,race-ethnicity,Neighborhoods of color,0.49518716,1
2019,42,02000,race-ethnicity,White neighborhoods,0.19891009,1
2019,42,24000,all,All,0.42917421,1
2019,42,24000,race-ethnicity,Neighborhoods of color,0.69333333,1
2019,42,24000,race-ethnicity,White neighborhoods,0.38772663,1
2019,42,60000,all,All,0.43638316,1
2019,42,60000,race-ethnicity,Neighborhoods of color,0.53301948,1
2019,42,60000,race-ethnicity,White neighborhoods,0.25131479,1
2019,42,61000,all,All,0.30924371,1
2019,42,61000,race-ethnicity,Neighborhoods of color,0.51888669,1
2019,42,61000,race-ethnicity,White neighborhoods,0.28044784,1
2019,44,59000,all,All,0.37331149,1
2019,44,59000,race-ethnicity,Neighborhoods of color,0.43411264,1
2019,44,59000,race-ethnicity,White neighborhoods,0.16934046,1
2019,46,59020,all,All,0.15965347,1
2019,46,59020,race-ethnicity,Neighborhoods of color,NA,3
2019,46,59020,race-ethnicity,White neighborhoods,0.159513,1
2019,47,14000,all,All,0.36012581,1
2019,47,14000,race-ethnicity,Neighborhoods of color,0.56452954,1
2019,47,14000,race-ethnicity,White neighborhoods,0.30583814,1
2019,47,40000,all,All,0.3465381,1
2019,47,40000,race-ethnicity,Neighborhoods of color,0.71844661,1
2019,47,40000,race-ethnicity,White neighborhoods,0.3420341,1
2019,47,48000,all,All,0.45885092,1
2019,47,48000,race-ethnicity,Neighborhoods of color,0.55327582,1
2019,47,48000,race-ethnicity,White neighborhoods,0.22530031,1
2019,47,52006,all,All,0.34832269,1
2019,47,52006,race-ethnicity,Neighborhoods of color,0.47155085,1
2019,47,52006,race-ethnicity,White neighborhoods,0.2798377,1
2019,48,01000,all,All,0.4680312,1
2019,48,01000,race-ethnicity,Neighborhoods of color,0.55309737,1
2019,48,01000,race-ethnicity,White neighborhoods,0.45507637,1
2019,48,03000,all,All,0.46251911,1
2019,48,03000,race-ethnicity,Neighborhoods of color,0.64976418,1
2019,48,03000,race-ethnicity,White neighborhoods,0.41086534,1
2019,48,05000,all,All,0.33165634,1
2019,48,05000,race-ethnicity,Neighborhoods of color,0.4285934,1
2019,48,05000,race-ethnicity,White neighborhoods,0.23186569,1
2019,48,07000,all,All,0.4743146,1
2019,48,07000,race-ethnicity,Neighborhoods of color,0.5529514,1
2019,48,07000,race-ethnicity,White neighborhoods,0.34962147,1
2019,48,10768,all,All,0.52289671,1
2019,48,10768,race-ethnicity,Neighborhoods of color,0.52735645,1
2019,48,10768,race-ethnicity,White neighborhoods,0.265625,1
2019,48,17000,all,All,0.52625781,1
2019,48,17000,race-ethnicity,Neighborhoods of color,0.54000813,1
2019,48,17000,race-ethnicity,White neighborhoods,0.39655173,1
2019,48,19000,all,All,0.45519319,1
2019,48,19000,race-ethnicity,Neighborhoods of color,0.51427138,1
2019,48,19000,race-ethnicity,White neighborhoods,0.30501726,1
2019,48,24000,all,All,0.4351795,1
2019,48,24000,race-ethnicity,Neighborhoods of color,0.43524629,1
2019,48,24000,race-ethnicity,White neighborhoods,NA,3
2019,48,35000,all,All,0.39240208,1
2019,48,35000,race-ethnicity,Neighborhoods of color,0.42270792,1
2019,48,35000,race-ethnicity,White neighborhoods,0.23599035,1
2019,48,41464,all,All,0.53027618,1
2019,48,41464,race-ethnicity,Neighborhoods of color,0.53027618,1
2019,48,41464,race-ethnicity,White neighborhoods,NA,3
2019,48,42508,all,All,0.34052247,1
2019,48,42508,race-ethnicity,Neighborhoods of color,0.34052247,1
2019,48,42508,race-ethnicity,White neighborhoods,NA,3
2019,48,45000,all,All,0.43818223,1
2019,48,45000,race-ethnicity,Neighborhoods of color,0.55336618,1
2019,48,45000,race-ethnicity,White neighborhoods,0.35912848000000003,1
2019,48,45384,all,All,0.5346598,1
2019,48,45384,race-ethnicity,Neighborhoods of color,0.5348537,1
2019,48,45384,race-ethnicity,White neighborhoods,0.5,1
2019,48,56000,all,All,NA,3
2019,48,56000,race-ethnicity,Neighborhoods of color,NA,3
2019,48,56000,race-ethnicity,White neighborhoods,NA,3
2019,48,58016,all,All,0.25124791,1
2019,48,58016,race-ethnicity,Neighborhoods of color,0.25037184,1
2019,48,58016,race-ethnicity,White neighborhoods,0.25235999,1
2019,48,64472,all,All,0.40746933,1
2019,48,64472,race-ethnicity,Neighborhoods of color,0.56916994,1
2019,48,64472,race-ethnicity,White neighborhoods,0.3439441,1
2019,48,65000,all,All,0.44467065,1
2019,48,65000,race-ethnicity,Neighborhoods of color,0.46061841,1
2019,48,65000,race-ethnicity,White neighborhoods,0.25670806,1
2019,48,74144,all,All,0.42488915,1
2019,48,74144,race-ethnicity,Neighborhoods of color,0.59480518,1
2019,48,74144,race-ethnicity,White neighborhoods,0.37878788,1
2019,48,76000,all,All,0.45378789,1
2019,48,76000,race-ethnicity,Neighborhoods of color,0.5704698,1
2019,48,76000,race-ethnicity,White neighborhoods,0.3834008,1
2019,48,79000,all,All,0.42816365,1
2019,48,79000,race-ethnicity,Neighborhoods of color,0.58646619,1
2019,48,79000,race-ethnicity,White neighborhoods,0.40522876,1
2019,49,62470,all,All,0.21371858,1
2019,49,62470,race-ethnicity,Neighborhoods of color,NA,3
2019,49,62470,race-ethnicity,White neighborhoods,0.21371858,1
2019,51,01000,all,All,0.21377102,1
2019,51,01000,race-ethnicity,Neighborhoods of color,0.26642856,1
2019,51,01000,race-ethnicity,White neighborhoods,0.14663024,1
2019,51,03000,all,All,0.12986687,1
2019,51,03000,race-ethnicity,Neighborhoods of color,0.20433789,1
2019,51,03000,race-ethnicity,White neighborhoods,0.10885669,1
2019,51,16000,all,All,0.33834183,1
2019,51,16000,race-ethnicity,Neighborhoods of color,0.39889196,1
2019,51,16000,race-ethnicity,White neighborhoods,0.25432414,1
2019,51,35000,all,All,0.47554728,1
2019,51,35000,race-ethnicity,Neighborhoods of color,0.49102104,1
2019,51,35000,race-ethnicity,White neighborhoods,0.32323232,1
2019,51,56000,all,All,0.50604433,1
2019,51,56000,race-ethnicity,Neighborhoods of color,0.52236652,1
2019,51,56000,race-ethnicity,White neighborhoods,0.46829811,1
2019,51,57000,all,All,0.5078696,1
2019,51,57000,race-ethnicity,Neighborhoods of color,0.53782213,1
2019,51,57000,race-ethnicity,White neighborhoods,0.4453125,1
2019,51,64000,all,All,0.5288915,1
2019,51,64000,race-ethnicity,Neighborhoods of color,0.54878807,1
2019,51,64000,race-ethnicity,White neighborhoods,0.16091955,1
2019,51,67000,all,All,0.30432886,1
2019,51,67000,race-ethnicity,Neighborhoods of color,0.34504005,1
2019,51,67000,race-ethnicity,White neighborhoods,0.20567375,1
2019,51,68000,all,All,0.3623817,1
2019,51,68000,race-ethnicity,Neighborhoods of color,0.58148891,1
2019,51,68000,race-ethnicity,White neighborhoods,0.30897498,1
2019,51,82000,all,All,0.33632043,1
2019,51,82000,race-ethnicity,Neighborhoods of color,0.41566265,1
2019,51,82000,race-ethnicity,White neighborhoods,0.313234,1
2019,53,05210,all,All,0.092236951,1
2019,53,05210,race-ethnicity,Neighborhoods of color,0.096860193,1
2019,53,05210,race-ethnicity,White neighborhoods,0.088352412,1
2019,53,63000,all,All,0.1476258,1
2019,53,63000,race-ethnicity,Neighborhoods of color,0.19598471,1
2019,53,63000,race-ethnicity,White neighborhoods,0.11914414,1
2019,53,67000,all,All,0.21998596,1
2019,53,67000,race-ethnicity,Neighborhoods of color,NA,3
2019,53,67000,race-ethnicity,White neighborhoods,0.21998596,1
2019,53,80010,all,All,0.26229507,1
2019,53,80010,race-ethnicity,Neighborhoods of color,0.29988286,1
2019,53,80010,race-ethnicity,White neighborhoods,0.17470428,1
2019,55,31000,all,All,0.23114714,1
2019,55,31000,race-ethnicity,Neighborhoods of color,NA,3
2019,55,31000,race-ethnicity,White neighborhoods,0.23118544,1
2019,55,53000,all,All,0.43799719,1
2019,55,53000,race-ethnicity,Neighborhoods of color,0.6057722,1
2019,55,53000,race-ethnicity,White neighborhoods,0.26474318,1
2021,01,07000,all,All,0.507882,1
2021,01,07000,race-ethnicity,Neighborhoods of color,0.59684551,1
2021,01,07000,race-ethnicity,White neighborhoods,0.25853989,1
2021,01,50000,all,All,0.41254401,1
2021,01,50000,race-ethnicity,Neighborhoods of color,0.52119368,1
2021,01,50000,race-ethnicity,White neighborhoods,0.31282261,1
2021,01,51000,all,All,NA,3
2021,01,51000,race-ethnicity,Neighborhoods of color,NA,3
2021,01,51000,race-ethnicity,White neighborhoods,NA,3
2021,01,77256,all,All,NA,3
2021,01,77256,race-ethnicity,Neighborhoods of color,NA,3
2021,01,77256,race-ethnicity,White neighborhoods,NA,3
2021,02,03000,all,All,0.28255329,1
2021,02,03000,race-ethnicity,Neighborhoods of color,0.39519161,1
2021,02,03000,race-ethnicity,White neighborhoods,0.2323283,1
2021,04,12000,all,All,0.1995506,1
2021,04,12000,race-ethnicity,Neighborhoods of color,NA,3
2021,04,12000,race-ethnicity,White neighborhoods,0.1995506,1
2021,04,27400,all,All,0.2215322,1
2021,04,27400,race-ethnicity,Neighborhoods of color,0.36476871,1
2021,04,27400,race-ethnicity,White neighborhoods,0.1937764,1
2021,04,27820,all,All,0.32697359,1
2021,04,27820,race-ethnicity,Neighborhoods of color,0.44509479,1
2021,04,27820,race-ethnicity,White neighborhoods,0.2598924,1
2021,04,46000,all,All,0.3210046,1
2021,04,46000,race-ethnicity,Neighborhoods of color,0.41398421,1
2021,04,46000,race-ethnicity,White neighborhoods,0.29321441,1
2021,04,55000,all,All,0.3667613,1
2021,04,55000,race-ethnicity,Neighborhoods of color,0.4416936,1
2021,04,55000,race-ethnicity,White neighborhoods,0.29291621,1
2021,04,73000,all,All,0.3108868,1
2021,04,73000,race-ethnicity,Neighborhoods of color,0.37574801,1
2021,04,73000,race-ethnicity,White neighborhoods,0.25611699,1
2021,04,77000,all,All,0.31923541,1
2021,04,77000,race-ethnicity,Neighborhoods of color,0.34504291,1
2021,04,77000,race-ethnicity,White neighborhoods,0.31430179,1
2021,05,41000,all,All,NA,3
2021,05,41000,race-ethnicity,Neighborhoods of color,NA,3
2021,05,41000,race-ethnicity,White neighborhoods,NA,3
2021,06,00884,all,All,NA,3
2021,06,00884,race-ethnicity,Neighborhoods of color,NA,3
2021,06,00884,race-ethnicity,White neighborhoods,NA,3
2021,06,02000,all,All,0.27134559,1
2021,06,02000,race-ethnicity,Neighborhoods of color,0.27134559,1
2021,06,02000,race-ethnicity,White neighborhoods,NA,3
2021,06,02252,all,All,NA,3
2021,06,02252,race-ethnicity,Neighborhoods of color,NA,3
2021,06,02252,race-ethnicity,White neighborhoods,NA,3
2021,06,03526,all,All,0.4070819,1
2021,06,03526,race-ethnicity,Neighborhoods of color,0.40726849,1
2021,06,03526,race-ethnicity,White neighborhoods,NA,3
2021,06,06000,all,All,NA,3
2021,06,06000,race-ethnicity,Neighborhoods of color,NA,3
2021,06,06000,race-ethnicity,White neighborhoods,NA,3
2021,06,08954,all,All,NA,3
2021,06,08954,race-ethnicity,Neighborhoods of color,NA,3
2021,06,08954,race-ethnicity,White neighborhoods,NA,3
2021,06,13392,all,All,0.25893891,1
2021,06,13392,race-ethnicity,Neighborhoods of color,0.25893891,1
2021,06,13392,race-ethnicity,White neighborhoods,NA,3
2021,06,19766,all,All,NA,3
2021,06,19766,race-ethnicity,Neighborhoods of color,NA,3
2021,06,19766,race-ethnicity,White neighborhoods,NA,3
2021,06,20802,all,All,NA,3
2021,06,20802,race-ethnicity,Neighborhoods of color,NA,3
2021,06,20802,race-ethnicity,White neighborhoods,NA,3
2021,06,22020,all,All,NA,3
2021,06,22020,race-ethnicity,Neighborhoods of color,NA,3
2021,06,22020,race-ethnicity,White neighborhoods,NA,3
2021,06,22230,all,All,NA,3
2021,06,22230,race-ethnicity,Neighborhoods of color,NA,3
2021,06,22230,race-ethnicity,White neighborhoods,NA,3
2021,06,22804,all,All,NA,3
2021,06,22804,race-ethnicity,Neighborhoods of color,NA,3
2021,06,22804,race-ethnicity,White neighborhoods,NA,3
2021,06,24680,all,All,0.35857511,1
2021,06,24680,race-ethnicity,Neighborhoods of color,0.35857511,1
2021,06,24680,race-ethnicity,White neighborhoods,NA,3
2021,06,27000,all,All,0.29360211,1
2021,06,27000,race-ethnicity,Neighborhoods of color,0.3492848,1
2021,06,27000,race-ethnicity,White neighborhoods,0.1705824,1
2021,06,28000,all,All,NA,3
2021,06,28000,race-ethnicity,Neighborhoods of color,NA,3
2021,06,28000,race-ethnicity,White neighborhoods,NA,3
2021,06,29000,all,All,NA,3
2021,06,29000,race-ethnicity,Neighborhoods of color,NA,3
2021,06,29000,race-ethnicity,White neighborhoods,NA,3
2021,06,30000,all,All,NA,3
2021,06,30000,race-ethnicity,Neighborhoods of color,NA,3
2021,06,30000,race-ethnicity,White neighborhoods,NA,3
2021,06,33000,all,All,NA,3
2021,06,33000,race-ethnicity,Neighborhoods of color,NA,3
2021,06,33000,race-ethnicity,White neighborhoods,NA,3
2021,06,36000,all,All,NA,3
2021,06,36000,race-ethnicity,Neighborhoods of color,NA,3
2021,06,36000,race-ethnicity,White neighborhoods,NA,3
2021,06,36546,all,All,NA,3
2021,06,36546,race-ethnicity,Neighborhoods of color,NA,3
2021,06,36546,race-ethnicity,White neighborhoods,NA,3
2021,06,36770,all,All,NA,3
2021,06,36770,race-ethnicity,Neighborhoods of color,NA,3
2021,06,36770,race-ethnicity,White neighborhoods,NA,3
2021,06,40130,all,All,NA,3
2021,06,40130,race-ethnicity,Neighborhoods of color,NA,3
2021,06,40130,race-ethnicity,White neighborhoods,NA,3
2021,06,43000,all,All,0.25352389,1
2021,06,43000,race-ethnicity,Neighborhoods of color,0.304106,1
2021,06,43000,race-ethnicity,White neighborhoods,0.1385847,1
2021,06,44000,all,All,0.2460994,1
2021,06,44000,race-ethnicity,Neighborhoods of color,0.27866569,1
2021,06,44000,race-ethnicity,White neighborhoods,0.1536953,1
2021,06,48354,all,All,0.28902581,1
2021,06,48354,race-ethnicity,Neighborhoods of color,0.31516689,1
2021,06,48354,race-ethnicity,White neighborhoods,0.2295869,1
2021,06,49270,all,All,NA,3
2021,06,49270,race-ethnicity,Neighborhoods of color,NA,3
2021,06,49270,race-ethnicity,White neighborhoods,NA,3
2021,06,52526,all,All,NA,3
2021,06,52526,race-ethnicity,Neighborhoods of color,NA,3
2021,06,52526,race-ethnicity,White neighborhoods,NA,3
2021,06,53000,all,All,0.232017,1
2021,06,53000,race-ethnicity,Neighborhoods of color,0.2569533,1
2021,06,53000,race-ethnicity,White neighborhoods,0.1068005,1
2021,06,53896,all,All,NA,3
2021,06,53896,race-ethnicity,Neighborhoods of color,NA,3
2021,06,53896,race-ethnicity,White neighborhoods,NA,3
2021,06,54652,all,All,NA,3
2021,06,54652,race-ethnicity,Neighborhoods of color,NA,3
2021,06,54652,race-ethnicity,White neighborhoods,NA,3
2021,06,55156,all,All,NA,3
2021,06,55156,race-ethnicity,Neighborhoods of color,NA,3
2021,06,55156,race-ethnicity,White neighborhoods,NA,3
2021,06,56000,all,All,NA,3
2021,06,56000,race-ethnicity,Neighborhoods of color,NA,3
2021,06,56000,race-ethnicity,White neighborhoods,NA,3
2021,06,58072,all,All,NA,3
2021,06,58072,race-ethnicity,Neighborhoods of color,NA,3
2021,06,58072,race-ethnicity,White neighborhoods,NA,3
2021,06,59451,all,All,NA,3
2021,06,59451,race-ethnicity,Neighborhoods of color,NA,3
2021,06,59451,race-ethnicity,White neighborhoods,NA,3
2021,06,62000,all,All,0.2678481,1
2021,06,62000,race-ethnicity,Neighborhoods of color,0.28439879,1
2021,06,62000,race-ethnicity,White neighborhoods,0.2027477,1
2021,06,62938,all,All,NA,3
2021,06,62938,race-ethnicity,Neighborhoods of color,NA,3
2021,06,62938,race-ethnicity,White neighborhoods,NA,3
2021,06,64000,all,All,0.2569882,1
2021,06,64000,race-ethnicity,Neighborhoods of color,0.2676276,1
2021,06,64000,race-ethnicity,White neighborhoods,0.194958,1
2021,06,64224,all,All,NA,3
2021,06,64224,race-ethnicity,Neighborhoods of color,NA,3
2021,06,64224,race-ethnicity,White neighborhoods,NA,3
2021,06,66000,all,All,0.22574329,1
2021,06,66000,race-ethnicity,Neighborhoods of color,0.2712791,1
2021,06,66000,race-ethnicity,White neighborhoods,0.1741823,1
2021,06,67000,all,All,0.1248253,1
2021,06,67000,race-ethnicity,Neighborhoods of color,0.1374207,1
2021,06,67000,race-ethnicity,White neighborhoods,0.0983411,1
2021,06,68000,all,All,0.1689456,1
2021,06,68000,race-ethnicity,Neighborhoods of color,0.1807884,1
2021,06,68000,race-ethnicity,White neighborhoods,0.1264395,1
2021,06,69000,all,All,0.268729,1
2021,06,69000,race-ethnicity,Neighborhoods of color,0.268729,1
2021,06,69000,race-ethnicity,White neighborhoods,NA,3
2021,06,69084,all,All,NA,3
2021,06,69084,race-ethnicity,Neighborhoods of color,NA,3
2021,06,69084,race-ethnicity,White neighborhoods,NA,3
2021,06,70000,all,All,NA,3
2021,06,70000,race-ethnicity,Neighborhoods of color,NA,3
2021,06,70000,race-ethnicity,White neighborhoods,NA,3
2021,06,70098,all,All,NA,3
2021,06,70098,race-ethnicity,Neighborhoods of color,NA,3
2021,06,70098,race-ethnicity,White neighborhoods,NA,3
2021,06,72016,all,All,NA,3
2021,06,72016,race-ethnicity,Neighborhoods of color,NA,3
2021,06,72016,race-ethnicity,White neighborhoods,NA,3
2021,06,75000,all,All,0.32893959,1
2021,06,75000,race-ethnicity,Neighborhoods of color,0.32900429,1
2021,06,75000,race-ethnicity,White neighborhoods,NA,3
2021,06,77000,all,All,NA,3
2021,06,77000,race-ethnicity,Neighborhoods of color,NA,3
2021,06,77000,race-ethnicity,White neighborhoods,NA,3
2021,06,78582,all,All,NA,3
2021,06,78582,race-ethnicity,Neighborhoods of color,NA,3
2021,06,78582,race-ethnicity,White neighborhoods,NA,3
2021,06,80000,all,All,NA,3
2021,06,80000,race-ethnicity,Neighborhoods of color,NA,3
2021,06,80000,race-ethnicity,White neighborhoods,NA,3
2021,06,81666,all,All,NA,3
2021,06,81666,race-ethnicity,Neighborhoods of color,NA,3
2021,06,81666,race-ethnicity,White neighborhoods,NA,3
2021,06,82954,all,All,NA,3
2021,06,82954,race-ethnicity,Neighborhoods of color,NA,3
2021,06,82954,race-ethnicity,White neighborhoods,NA,3
2021,08,04000,all,All,0.34860459,1
2021,08,04000,race-ethnicity,Neighborhoods of color,0.39043891,1
2021,08,04000,race-ethnicity,White neighborhoods,0.2448401,1
2021,08,07850,all,All,NA,3
2021,08,07850,race-ethnicity,Neighborhoods of color,NA,3
2021,08,07850,race-ethnicity,White neighborhoods,NA,3
2021,08,16000,all,All,0.28139961,1
2021,08,16000,race-ethnicity,Neighborhoods of color,0.4172093,1
2021,08,16000,race-ethnicity,White neighborhoods,0.25013381,1
2021,08,20000,all,All,0.26084101,1
2021,08,20000,race-ethnicity,Neighborhoods of color,0.33711299,1
2021,08,20000,race-ethnicity,White neighborhoods,0.2279955,1
2021,08,27425,all,All,NA,3
2021,08,27425,race-ethnicity,Neighborhoods of color,NA,3
2021,08,27425,race-ethnicity,White neighborhoods,NA,3
2021,08,62000,all,All,NA,3
2021,08,62000,race-ethnicity,Neighborhoods of color,NA,3
2021,08,62000,race-ethnicity,White neighborhoods,NA,3
2021,09,08000,all,All,NA,3
2021,09,08000,race-ethnicity,Neighborhoods of color,NA,3
2021,09,08000,race-ethnicity,White neighborhoods,NA,3
2021,09,37000,all,All,NA,3
2021,09,37000,race-ethnicity,Neighborhoods of color,NA,3
2021,09,37000,race-ethnicity,White neighborhoods,NA,3
2021,09,52000,all,All,NA,3
2021,09,52000,race-ethnicity,Neighborhoods of color,NA,3
2021,09,52000,race-ethnicity,White neighborhoods,NA,3
2021,09,80000,all,All,NA,3
2021,09,80000,race-ethnicity,Neighborhoods of color,NA,3
2021,09,80000,race-ethnicity,White neighborhoods,NA,3
2021,11,50000,all,All,0.25726989,1
2021,11,50000,race-ethnicity,Neighborhoods of color,0.34562731,1
2021,11,50000,race-ethnicity,White neighborhoods,0.1054999,1
2021,12,10275,all,All,NA,3
2021,12,10275,race-ethnicity,Neighborhoods of color,NA,3
2021,12,10275,race-ethnicity,White neighborhoods,NA,3
2021,12,24000,all,All,NA,3
2021,12,24000,race-ethnicity,Neighborhoods of color,NA,3
2021,12,24000,race-ethnicity,White neighborhoods,NA,3
2021,12,25175,all,All,NA,3
2021,12,25175,race-ethnicity,Neighborhoods of color,NA,3
2021,12,25175,race-ethnicity,White neighborhoods,NA,3
2021,12,30000,all,All,0.40012759,1
2021,12,30000,race-ethnicity,Neighborhoods of color,0.40012759,1
2021,12,30000,race-ethnicity,White neighborhoods,NA,3
2021,12,35000,all,All,0.40162221,1
2021,12,35000,race-ethnicity,Neighborhoods of color,0.52614528,1
2021,12,35000,race-ethnicity,White neighborhoods,0.32034031,1
2021,12,45000,all,All,0.25302371,1
2021,12,45000,race-ethnicity,Neighborhoods of color,0.25302371,1
2021,12,45000,race-ethnicity,White neighborhoods,NA,3
2021,12,58715,all,All,NA,3
2021,12,58715,race-ethnicity,Neighborhoods of color,NA,3
2021,12,58715,race-ethnicity,White neighborhoods,NA,3
2021,12,63000,all,All,0.38179451,1
2021,12,63000,race-ethnicity,Neighborhoods of color,0.53649497,1
2021,12,63000,race-ethnicity,White neighborhoods,0.29813671,1
2021,12,71000,all,All,0.41205999,1
2021,12,71000,race-ethnicity,Neighborhoods of color,0.47407249,1
2021,12,71000,race-ethnicity,White neighborhoods,0.2155422,1
2021,13,03440,all,All,NA,3
2021,13,03440,race-ethnicity,Neighborhoods of color,NA,3
2021,13,03440,race-ethnicity,White neighborhoods,NA,3
2021,13,04000,all,All,0.35684371,1
2021,13,04000,race-ethnicity,Neighborhoods of color,0.43446359,1
2021,13,04000,race-ethnicity,White neighborhoods,0.21333329,1
2021,13,04204,all,All,NA,3
2021,13,04204,race-ethnicity,Neighborhoods of color,NA,3
2021,13,04204,race-ethnicity,White neighborhoods,NA,3
2021,17,14000,all,All,0.33989641,1
2021,17,14000,race-ethnicity,Neighborhoods of color,0.4115667,1
2021,17,14000,race-ethnicity,White neighborhoods,0.1659542,1
2021,17,65000,all,All,NA,3
2021,17,65000,race-ethnicity,Neighborhoods of color,NA,3
2021,17,65000,race-ethnicity,White neighborhoods,NA,3
2021,18,25000,all,All,0.30224621,1
2021,18,25000,race-ethnicity,Neighborhoods of color,0.53697753,1
2021,18,25000,race-ethnicity,White neighborhoods,0.2572169,1
2021,18,36003,all,All,0.41409549,1
2021,18,36003,race-ethnicity,Neighborhoods of color,0.4872992,1
2021,18,36003,race-ethnicity,White neighborhoods,0.3565481,1
2021,18,71000,all,All,NA,3
2021,18,71000,race-ethnicity,Neighborhoods of color,NA,3
2021,18,71000,race-ethnicity,White neighborhoods,NA,3
2021,19,21000,all,All,NA,3
2021,19,21000,race-ethnicity,Neighborhoods of color,NA,3
2021,19,21000,race-ethnicity,White neighborhoods,NA,3
2021,20,36000,all,All,NA,3
2021,20,36000,race-ethnicity,Neighborhoods of color,NA,3
2021,20,36000,race-ethnicity,White neighborhoods,NA,3
2021,20,38900,all,All,NA,3
2021,20,38900,race-ethnicity,Neighborhoods of color,NA,3
2021,20,38900,race-ethnicity,White neighborhoods,NA,3
2021,20,71000,all,All,NA,3
2021,20,71000,race-ethnicity,Neighborhoods of color,NA,3
2021,20,71000,race-ethnicity,White neighborhoods,NA,3
2021,21,46027,all,All,0.31876609,1
2021,21,46027,race-ethnicity,Neighborhoods of color,NA,3
2021,21,46027,race-ethnicity,White neighborhoods,0.31876609,1
2021,22,50115,all,All,NA,3
2021,22,50115,race-ethnicity,Neighborhoods of color,NA,3
2021,22,50115,race-ethnicity,White neighborhoods,NA,3
2021,22,55000,all,All,0.4204137,1
2021,22,55000,race-ethnicity,Neighborhoods of color,0.46524301,1
2021,22,55000,race-ethnicity,White neighborhoods,0.23109441,1
2021,22,70000,all,All,0.47972891,1
2021,22,70000,race-ethnicity,Neighborhoods of color,0.57087088,1
2021,22,70000,race-ethnicity,White neighborhoods,0.3793011,1
2021,24,04000,all,All,0.45181021,1
2021,24,04000,race-ethnicity,Neighborhoods of color,0.50594538,1
2021,24,04000,race-ethnicity,White neighborhoods,0.2730802,1
2021,25,07000,all,All,0.21120331,1
2021,25,07000,race-ethnicity,Neighborhoods of color,0.29006499,1
2021,25,07000,race-ethnicity,White neighborhoods,0.14181849,1
2021,25,09000,all,All,NA,3
2021,25,09000,race-ethnicity,Neighborhoods of color,NA,3
2021,25,09000,race-ethnicity,White neighborhoods,NA,3
2021,25,11000,all,All,NA,3
2021,25,11000,race-ethnicity,Neighborhoods of color,NA,3
2021,25,11000,race-ethnicity,White neighborhoods,NA,3
2021,25,23000,all,All,NA,3
2021,25,23000,race-ethnicity,Neighborhoods of color,NA,3
2021,25,23000,race-ethnicity,White neighborhoods,NA,3
2021,25,37000,all,All,NA,3
2021,25,37000,race-ethnicity,Neighborhoods of color,NA,3
2021,25,37000,race-ethnicity,White neighborhoods,NA,3
2021,25,37490,all,All,NA,3
2021,25,37490,race-ethnicity,Neighborhoods of color,NA,3
2021,25,37490,race-ethnicity,White neighborhoods,NA,3
2021,25,45000,all,All,NA,3
2021,25,45000,race-ethnicity,Neighborhoods of color,NA,3
2021,25,45000,race-ethnicity,White neighborhoods,NA,3
2021,25,55745,all,All,NA,3
2021,25,55745,race-ethnicity,Neighborhoods of color,NA,3
2021,25,55745,race-ethnicity,White neighborhoods,NA,3
2021,25,67000,all,All,NA,3
2021,25,67000,race-ethnicity,Neighborhoods of color,NA,3
2021,25,67000,race-ethnicity,White neighborhoods,NA,3
2021,25,82000,all,All,NA,3
2021,25,82000,race-ethnicity,Neighborhoods of color,NA,3
2021,25,82000,race-ethnicity,White neighborhoods,NA,3
2021,26,03000,all,All,NA,3
2021,26,03000,race-ethnicity,Neighborhoods of color,NA,3
2021,26,03000,race-ethnicity,White neighborhoods,NA,3
2021,26,22000,all,All,0.59189439,1
2021,26,22000,race-ethnicity,Neighborhoods of color,0.59189439,1
2021,26,22000,race-ethnicity,White neighborhoods,NA,3
2021,26,29000,all,All,NA,3
2021,26,29000,race-ethnicity,Neighborhoods of color,NA,3
2021,26,29000,race-ethnicity,White neighborhoods,NA,3
2021,26,34000,all,All,NA,3
2021,26,34000,race-ethnicity,Neighborhoods of color,NA,3
2021,26,34000,race-ethnicity,White neighborhoods,NA,3
2021,26,46000,all,All,NA,3
2021,26,46000,race-ethnicity,Neighborhoods of color,NA,3
2021,26,46000,race-ethnicity,White neighborhoods,NA,3
2021,26,76460,all,All,NA,3
2021,26,76460,race-ethnicity,Neighborhoods of color,NA,3
2021,26,76460,race-ethnicity,White neighborhoods,NA,3
2021,26,84000,all,All,NA,3
2021,26,84000,race-ethnicity,Neighborhoods of color,NA,3
2021,26,84000,race-ethnicity,White neighborhoods,NA,3
2021,27,17000,all,All,NA,3
2021,27,17000,race-ethnicity,Neighborhoods of color,NA,3
2021,27,17000,race-ethnicity,White neighborhoods,NA,3
2021,27,43000,all,All,0.17025089,1
2021,27,43000,race-ethnicity,Neighborhoods of color,0.27751389,1
2021,27,43000,race-ethnicity,White neighborhoods,0.1388696,1
2021,27,54880,all,All,NA,3
2021,27,54880,race-ethnicity,Neighborhoods of color,NA,3
2021,27,54880,race-ethnicity,White neighborhoods,NA,3
2021,27,58000,all,All,0.19109461,1
2021,27,58000,race-ethnicity,Neighborhoods of color,0.30222219,1
2021,27,58000,race-ethnicity,White neighborhoods,0.1650708,1
2021,28,36000,all,All,NA,3
2021,28,36000,race-ethnicity,Neighborhoods of color,NA,3
2021,28,36000,race-ethnicity,White neighborhoods,NA,3
2021,29,38000,all,All,0.39984971,1
2021,29,38000,race-ethnicity,Neighborhoods of color,0.54508573,1
2021,29,38000,race-ethnicity,White neighborhoods,0.31437871,1
2021,29,65000,all,All,0.4473536,1
2021,29,65000,race-ethnicity,Neighborhoods of color,0.58542818,1
2021,29,65000,race-ethnicity,White neighborhoods,0.29181671,1
2021,30,06550,all,All,NA,3
2021,30,06550,race-ethnicity,Neighborhoods of color,NA,3
2021,30,06550,race-ethnicity,White neighborhoods,NA,3
2021,31,28000,all,All,0.1876063,1
2021,31,28000,race-ethnicity,Neighborhoods of color,NA,3
2021,31,28000,race-ethnicity,White neighborhoods,0.1876063,1
2021,31,37000,all,All,0.2179805,1
2021,31,37000,race-ethnicity,Neighborhoods of color,0.39331061,1
2021,31,37000,race-ethnicity,White neighborhoods,0.1726457,1
2021,32,31900,all,All,NA,3
2021,32,31900,race-ethnicity,Neighborhoods of color,NA,3
2021,32,31900,race-ethnicity,White neighborhoods,NA,3
2021,32,40000,all,All,0.3564533,1
2021,32,40000,race-ethnicity,Neighborhoods of color,0.4383775,1
2021,32,40000,race-ethnicity,White neighborhoods,0.2561143,1
2021,32,51800,all,All,NA,3
2021,32,51800,race-ethnicity,Neighborhoods of color,NA,3
2021,32,51800,race-ethnicity,White neighborhoods,NA,3
2021,32,60600,all,All,NA,3
2021,32,60600,race-ethnicity,Neighborhoods of color,NA,3
2021,32,60600,race-ethnicity,White neighborhoods,NA,3
2021,33,45140,all,All,NA,3
2021,33,45140,race-ethnicity,Neighborhoods of color,NA,3
2021,33,45140,race-ethnicity,White neighborhoods,NA,3
2021,34,21000,all,All,NA,3
2021,34,21000,race-ethnicity,Neighborhoods of color,NA,3
2021,34,21000,race-ethnicity,White neighborhoods,NA,3
2021,34,36000,all,All,0.26744431,1
2021,34,36000,race-ethnicity,Neighborhoods of color,0.2683782,1
2021,34,36000,race-ethnicity,White neighborhoods,0.049180299,1
2021,34,51000,all,All,0.49631321,1
2021,34,51000,race-ethnicity,Neighborhoods of color,0.49631321,1
2021,34,51000,race-ethnicity,White neighborhoods,NA,3
2021,34,57000,all,All,NA,3
2021,34,57000,race-ethnicity,Neighborhoods of color,NA,3
2021,34,57000,race-ethnicity,White neighborhoods,NA,3
2021,34,74000,all,All,NA,3
2021,34,74000,race-ethnicity,Neighborhoods of color,NA,3
2021,34,74000,race-ethnicity,White neighborhoods,NA,3
2021,35,02000,all,All,0.3288492,1
2021,35,02000,race-ethnicity,Neighborhoods of color,0.3553727,1
2021,35,02000,race-ethnicity,White neighborhoods,0.2476649,1
2021,36,01000,all,All,NA,3
2021,36,01000,race-ethnicity,Neighborhoods of color,NA,3
2021,36,01000,race-ethnicity,White neighborhoods,NA,3
2021,36,11000,all,All,0.39016849,1
2021,36,11000,race-ethnicity,Neighborhoods of color,0.45337749,1
2021,36,11000,race-ethnicity,White neighborhoods,0.2571927,1
2021,36,51000,all,All,0.220489,1
2021,36,51000,race-ethnicity,Neighborhoods of color,0.26426819,1
2021,36,51000,race-ethnicity,White neighborhoods,0.13075539,1
2021,36,63000,all,All,0.29795381,1
2021,36,63000,race-ethnicity,Neighborhoods of color,0.54860771,1
2021,36,63000,race-ethnicity,White neighborhoods,0.2327915,1
2021,36,73000,all,All,NA,3
2021,36,73000,race-ethnicity,Neighborhoods of color,NA,3
2021,36,73000,race-ethnicity,White neighborhoods,NA,3
2021,36,84000,all,All,NA,3
2021,36,84000,race-ethnicity,Neighborhoods of color,NA,3
2021,36,84000,race-ethnicity,White neighborhoods,NA,3
2021,37,12000,all,All,0.3408224,1
2021,37,12000,race-ethnicity,Neighborhoods of color,0.4283019,1
2021,37,12000,race-ethnicity,White neighborhoods,0.1975759,1
2021,37,19000,all,All,0.26555881,1
2021,37,19000,race-ethnicity,Neighborhoods of color,0.32503411,1
2021,37,19000,race-ethnicity,White neighborhoods,0.1903591,1
2021,37,22920,all,All,0.42408651,1
2021,37,22920,race-ethnicity,Neighborhoods of color,0.42803639,1
2021,37,22920,race-ethnicity,White neighborhoods,0.32432431,1
2021,37,28000,all,All,0.3854636,1
2021,37,28000,race-ethnicity,Neighborhoods of color,0.48478439,1
2021,37,28000,race-ethnicity,White neighborhoods,0.2429972,1
2021,37,74440,all,All,NA,3
2021,37,74440,race-ethnicity,Neighborhoods of color,NA,3
2021,37,74440,race-ethnicity,White neighborhoods,NA,3
2021,37,75000,all,All,0.39150259,1
2021,37,75000,race-ethnicity,Neighborhoods of color,0.470166,1
2021,37,75000,race-ethnicity,White neighborhoods,0.3009809,1
2021,38,25700,all,All,NA,3
2021,38,25700,race-ethnicity,Neighborhoods of color,NA,3
2021,38,25700,race-ethnicity,White neighborhoods,NA,3
2021,39,01000,all,All,0.46853659,1
2021,39,01000,race-ethnicity,Neighborhoods of color,0.57579249,1
2021,39,01000,race-ethnicity,White neighborhoods,0.38985199,1
2021,39,15000,all,All,0.37610981,1
2021,39,15000,race-ethnicity,Neighborhoods of color,0.58813792,1
2021,39,15000,race-ethnicity,White neighborhoods,0.28014401,1
2021,39,16000,all,All,0.54826719,1
2021,39,16000,race-ethnicity,Neighborhoods of color,0.56214201,1
2021,39,16000,race-ethnicity,White neighborhoods,0.34848481,1
2021,39,18000,all,All,0.38045719,1
2021,39,18000,race-ethnicity,Neighborhoods of color,0.51918399,1
2021,39,18000,race-ethnicity,White neighborhoods,0.32114601,1
2021,39,21000,all,All,NA,3
2021,39,21000,race-ethnicity,Neighborhoods of color,NA,3
2021,39,21000,race-ethnicity,White neighborhoods,NA,3
2021,39,77000,all,All,0.4860388,1
2021,39,77000,race-ethnicity,Neighborhoods of color,0.5920555,1
2021,39,77000,race-ethnicity,White neighborhoods,0.4506627,1
2021,40,41850,all,All,NA,3
2021,40,41850,race-ethnicity,Neighborhoods of color,NA,3
2021,40,41850,race-ethnicity,White neighborhoods,NA,3
2021,41,59000,all,All,0.16410179,1
2021,41,59000,race-ethnicity,Neighborhoods of color,0.29547471,1
2021,41,59000,race-ethnicity,White neighborhoods,0.15834311,1
2021,42,02000,all,All,NA,3
2021,42,02000,race-ethnicity,Neighborhoods of color,NA,3
2021,42,02000,race-ethnicity,White neighborhoods,NA,3
2021,42,24000,all,All,NA,3
2021,42,24000,race-ethnicity,Neighborhoods of color,NA,3
2021,42,24000,race-ethnicity,White neighborhoods,NA,3
2021,42,60000,all,All,0.37874249,1
2021,42,60000,race-ethnicity,Neighborhoods of color,0.45958841,1
2021,42,60000,race-ethnicity,White neighborhoods,0.2216963,1
2021,42,61000,all,All,0.25711831,1
2021,42,61000,race-ethnicity,Neighborhoods of color,0.40011221,1
2021,42,61000,race-ethnicity,White neighborhoods,0.2408236,1
2021,44,59000,all,All,NA,3
2021,44,59000,race-ethnicity,Neighborhoods of color,NA,3
2021,44,59000,race-ethnicity,White neighborhoods,NA,3
2021,46,59020,all,All,NA,3
2021,46,59020,race-ethnicity,Neighborhoods of color,NA,3
2021,46,59020,race-ethnicity,White neighborhoods,NA,3
2021,47,14000,all,All,0.33079931,1
2021,47,14000,race-ethnicity,Neighborhoods of color,0.55573678,1
2021,47,14000,race-ethnicity,White neighborhoods,0.27840409,1
2021,47,40000,all,All,NA,3
2021,47,40000,race-ethnicity,Neighborhoods of color,NA,3
2021,47,40000,race-ethnicity,White neighborhoods,NA,3
2021,47,48000,all,All,0.4701741,1
2021,47,48000,race-ethnicity,Neighborhoods of color,0.52115762,1
2021,47,48000,race-ethnicity,White neighborhoods,0.2469074,1
2021,47,52006,all,All,0.27905369,1
2021,47,52006,race-ethnicity,Neighborhoods of color,0.41282621,1
2021,47,52006,race-ethnicity,White neighborhoods,0.2057212,1
2021,48,01000,all,All,NA,3
2021,48,01000,race-ethnicity,Neighborhoods of color,NA,3
2021,48,01000,race-ethnicity,White neighborhoods,NA,3
2021,48,03000,all,All,0.41725779,1
2021,48,03000,race-ethnicity,Neighborhoods of color,0.60368419,1
2021,48,03000,race-ethnicity,White neighborhoods,0.35674009,1
2021,48,05000,all,All,0.30488729,1
2021,48,05000,race-ethnicity,Neighborhoods of color,0.4317489,1
2021,48,05000,race-ethnicity,White neighborhoods,0.1914299,1
2021,48,07000,all,All,NA,3
2021,48,07000,race-ethnicity,Neighborhoods of color,NA,3
2021,48,07000,race-ethnicity,White neighborhoods,NA,3
2021,48,10768,all,All,NA,3
2021,48,10768,race-ethnicity,Neighborhoods of color,NA,3
2021,48,10768,race-ethnicity,White neighborhoods,NA,3
2021,48,17000,all,All,0.50704968,1
2021,48,17000,race-ethnicity,Neighborhoods of color,0.52159673,1
2021,48,17000,race-ethnicity,White neighborhoods,0.38557211,1
2021,48,19000,all,All,0.48766711,1
2021,48,19000,race-ethnicity,Neighborhoods of color,0.56459677,1
2021,48,19000,race-ethnicity,White neighborhoods,0.25177631,1
2021,48,24000,all,All,0.38645101,1
2021,48,24000,race-ethnicity,Neighborhoods of color,0.38645101,1
2021,48,24000,race-ethnicity,White neighborhoods,NA,3
2021,48,35000,all,All,0.40627971,1
2021,48,35000,race-ethnicity,Neighborhoods of color,0.45881331,1
2021,48,35000,race-ethnicity,White neighborhoods,0.1909477,1
2021,48,41464,all,All,0.54344469,1
2021,48,41464,race-ethnicity,Neighborhoods of color,0.54344469,1
2021,48,41464,race-ethnicity,White neighborhoods,NA,3
2021,48,42508,all,All,NA,3
2021,48,42508,race-ethnicity,Neighborhoods of color,NA,3
2021,48,42508,race-ethnicity,White neighborhoods,NA,3
2021,48,45000,all,All,0.43752709,1
2021,48,45000,race-ethnicity,Neighborhoods of color,0.59533072,1
2021,48,45000,race-ethnicity,White neighborhoods,0.3443602,1
2021,48,45384,all,All,NA,3
2021,48,45384,race-ethnicity,Neighborhoods of color,NA,3
2021,48,45384,race-ethnicity,White neighborhoods,NA,3
2021,48,58016,all,All,0.210813,1
2021,48,58016,race-ethnicity,Neighborhoods of color,0.1794562,1
2021,48,58016,race-ethnicity,White neighborhoods,0.27383119,1
2021,48,64472,all,All,NA,3
2021,48,64472,race-ethnicity,Neighborhoods of color,NA,3
2021,48,64472,race-ethnicity,White neighborhoods,NA,3
2021,48,65000,all,All,0.43277591,1
2021,48,65000,race-ethnicity,Neighborhoods of color,0.47703031,1
2021,48,65000,race-ethnicity,White neighborhoods,0.21532319,1
2021,48,74144,all,All,NA,3
2021,48,74144,race-ethnicity,Neighborhoods of color,NA,3
2021,48,74144,race-ethnicity,White neighborhoods,NA,3
2021,48,76000,all,All,NA,3
2021,48,76000,race-ethnicity,Neighborhoods of color,NA,3
2021,48,76000,race-ethnicity,White neighborhoods,NA,3
2021,48,79000,all,All,NA,3
2021,48,79000,race-ethnicity,Neighborhoods of color,NA,3
2021,48,79000,race-ethnicity,White neighborhoods,NA,3
2021,49,62470,all,All,NA,3
2021,49,62470,race-ethnicity,Neighborhoods of color,NA,3
2021,49,62470,race-ethnicity,White neighborhoods,NA,3
2021,51,01000,all,All,NA,3
2021,51,01000,race-ethnicity,Neighborhoods of color,NA,3
2021,51,01000,race-ethnicity,White neighborhoods,NA,3
2021,51,03000,all,All,0.1128356,1
2021,51,03000,race-ethnicity,Neighborhoods of color,0.1878487,1
2021,51,03000,race-ethnicity,White neighborhoods,0.096063197,1
2021,51,16000,all,All,0.30819169,1
2021,51,16000,race-ethnicity,Neighborhoods of color,0.4782609,1
2021,51,16000,race-ethnicity,White neighborhoods,0.26592049,1
2021,51,35000,all,All,NA,3
2021,51,35000,race-ethnicity,Neighborhoods of color,NA,3
2021,51,35000,race-ethnicity,White neighborhoods,NA,3
2021,51,56000,all,All,NA,3
2021,51,56000,race-ethnicity,Neighborhoods of color,NA,3
2021,51,56000,race-ethnicity,White neighborhoods,NA,3
2021,51,57000,all,All,NA,3
2021,51,57000,race-ethnicity,Neighborhoods of color,NA,3
2021,51,57000,race-ethnicity,White neighborhoods,NA,3
2021,51,64000,all,All,NA,3
2021,51,64000,race-ethnicity,Neighborhoods of color,NA,3
2021,51,64000,race-ethnicity,White neighborhoods,NA,3
2021,51,67000,all,All,NA,3
2021,51,67000,race-ethnicity,Neighborhoods of color,NA,3
2021,51,67000,race-ethnicity,White neighborhoods,NA,3
2021,51,68000,all,All,NA,3
2021,51,68000,race-ethnicity,Neighborhoods of color,NA,3
2021,51,68000,race-ethnicity,White neighborhoods,NA,3
2021,51,82000,all,All,0.30013061,1
2021,51,82000,race-ethnicity,Neighborhoods of color,0.3791641,1
2021,51,82000,race-ethnicity,White neighborhoods,0.27692309,1
2021,53,05210,all,All,NA,3
2021,53,05210,race-ethnicity,Neighborhoods of color,NA,3
2021,53,05210,race-ethnicity,White neighborhoods,NA,3
2021,53,63000,all,All,0.129003,1
2021,53,63000,race-ethnicity,Neighborhoods of color,0.1900478,1
2021,53,63000,race-ethnicity,White neighborhoods,0.1131832,1
2021,53,67000,all,All,0.20478129,1
2021,53,67000,race-ethnicity,Neighborhoods of color,NA,3
2021,53,67000,race-ethnicity,White neighborhoods,0.20478129,1
2021,53,80010,all,All,NA,3
2021,53,80010,race-ethnicity,Neighborhoods of color,NA,3
2021,53,80010,race-ethnicity,White neighborhoods,NA,3
2021,55,31000,all,All,NA,3
2021,55,31000,race-ethnicity,Neighborhoods of color,NA,3
2021,55,31000,race-ethnicity,White neighborhoods,NA,3
2021,55,53000,all,All,0.59022927,1
2021,55,53000,race-ethnicity,Neighborhoods of color,0.59027427,1
2021,55,53000,race-ethnicity,White neighborhoods,NA,3
2023,01,51000,all,All,0.36286482,1
2023,01,51000,race-ethnicity,Neighborhoods of color,0.42461738,1
2023,01,51000,race-ethnicity,White neighborhoods,0.25511363,1
2023,01,77256,all,All,0.31480262,1
2023,01,77256,race-ethnicity,Neighborhoods of color,0.39743143,1
2023,01,77256,race-ethnicity,White neighborhoods,0.24038762,1
2023,02,03000,all,All,0.2133922,1
2023,02,03000,race-ethnicity,Neighborhoods of color,0.30455828,1
2023,02,03000,race-ethnicity,White neighborhoods,0.17356828,1
2023,04,12000,all,All,0.17067675,1
2023,04,12000,race-ethnicity,Neighborhoods of color,0.26750892,1
2023,04,12000,race-ethnicity,White neighborhoods,0.13582444,1
2023,04,27400,all,All,0.16851228,1
2023,04,27400,race-ethnicity,Neighborhoods of color,NA,3
2023,04,27400,race-ethnicity,White neighborhoods,0.16851228,1
2023,04,27820,all,All,0.2210926,1
2023,04,27820,race-ethnicity,Neighborhoods of color,0.31699648,1
2023,04,27820,race-ethnicity,White neighborhoods,0.17361048,1
2023,04,46000,all,All,0.21166307,1
2023,04,46000,race-ethnicity,Neighborhoods of color,0.33690923,1
2023,04,46000,race-ethnicity,White neighborhoods,0.1702902,1
2023,04,55000,all,All,0.25561467,1
2023,04,55000,race-ethnicity,Neighborhoods of color,0.36625388,1
2023,04,55000,race-ethnicity,White neighborhoods,0.1769803,1
2023,04,73000,all,All,0.24788414,1
2023,04,73000,race-ethnicity,Neighborhoods of color,0.31683981,1
2023,04,73000,race-ethnicity,White neighborhoods,0.21172592,1
2023,04,77000,all,All,0.24805145,1
2023,04,77000,race-ethnicity,Neighborhoods of color,0.33875078,1
2023,04,77000,race-ethnicity,White neighborhoods,0.18812399,1
2023,05,41000,all,All,0.33327848,1
2023,05,41000,race-ethnicity,Neighborhoods of color,0.44483986,1
2023,05,41000,race-ethnicity,White neighborhoods,0.22796352,1
2023,06,00884,all,All,0.13216025,1
2023,06,00884,race-ethnicity,Neighborhoods of color,0.13216025,1
2023,06,00884,race-ethnicity,White neighborhoods,NA,3
2023,06,02000,all,All,0.1556944,1
2023,06,02000,race-ethnicity,Neighborhoods of color,0.17421503,1
2023,06,02000,race-ethnicity,White neighborhoods,0.08145421,1
2023,06,02252,all,All,0.2677626,1
2023,06,02252,race-ethnicity,Neighborhoods of color,0.2677626,1
2023,06,02252,race-ethnicity,White neighborhoods,NA,3
2023,06,03526,all,All,0.28527454,1
2023,06,03526,race-ethnicity,Neighborhoods of color,0.31076902,1
2023,06,03526,race-ethnicity,White neighborhoods,0.23022209,1
2023,06,06000,all,All,0.077708185,1
2023,06,06000,race-ethnicity,Neighborhoods of color,0.091512568,1
2023,06,06000,race-ethnicity,White neighborhoods,0.064486831,1
2023,06,08954,all,All,0.11080711,1
2023,06,08954,race-ethnicity,Neighborhoods of color,NA,3
2023,06,08954,race-ethnicity,White neighborhoods,0.11080711,1
2023,06,13392,all,All,0.18980169,1
2023,06,13392,race-ethnicity,Neighborhoods of color,0.18980169,1
2023,06,13392,race-ethnicity,White neighborhoods,NA,3
2023,06,19766,all,All,0.22508824,1
2023,06,19766,race-ethnicity,Neighborhoods of color,0.22508824,1
2023,06,19766,race-ethnicity,White neighborhoods,NA,3
2023,06,20802,all,All,0.22545317,1
2023,06,20802,race-ethnicity,Neighborhoods of color,0.22545317,1
2023,06,20802,race-ethnicity,White neighborhoods,NA,3
2023,06,22020,all,All,0.13172042,1
2023,06,22020,race-ethnicity,Neighborhoods of color,0.13172042,1
2023,06,22020,race-ethnicity,White neighborhoods,NA,3
2023,06,22230,all,All,0.18008123,1
2023,06,22230,race-ethnicity,Neighborhoods of color,0.18008123,1
2023,06,22230,race-ethnicity,White neighborhoods,NA,3
2023,06,22804,all,All,0.16804309,1
2023,06,22804,race-ethnicity,Neighborhoods of color,0.18397827,1
2023,06,22804,race-ethnicity,White neighborhoods,0.13695364,1
2023,06,24680,all,All,0.27670801,1
2023,06,24680,race-ethnicity,Neighborhoods of color,0.27670801,1
2023,06,24680,race-ethnicity,White neighborhoods,NA,3
2023,06,27000,all,All,0.25257686,1
2023,06,27000,race-ethnicity,Neighborhoods of color,0.27277839,1
2023,06,27000,race-ethnicity,White neighborhoods,0.12690839,1
2023,06,28000,all,All,0.17767265,1
2023,06,28000,race-ethnicity,Neighborhoods of color,0.20731707,1
2023,06,28000,race-ethnicity,White neighborhoods,0.094604313,1
2023,06,29000,all,All,0.19211769,1
2023,06,29000,race-ethnicity,Neighborhoods of color,0.19767043,1
2023,06,29000,race-ethnicity,White neighborhoods,0.1045045,1
2023,06,30000,all,All,NA,3
2023,06,30000,race-ethnicity,Neighborhoods of color,NA,3
2023,06,30000,race-ethnicity,White neighborhoods,NA,3
2023,06,33000,all,All,0.13301887,1
2023,06,33000,race-ethnicity,Neighborhoods of color,0.13300349,1
2023,06,33000,race-ethnicity,White neighborhoods,NA,3
2023,06,36000,all,All,0.15101744,1
2023,06,36000,race-ethnicity,Neighborhoods of color,0.19124217,1
2023,06,36000,race-ethnicity,White neighborhoods,0.1316243,1
2023,06,36546,all,All,0.2739726,1
2023,06,36546,race-ethnicity,Neighborhoods of color,0.2739726,1
2023,06,36546,race-ethnicity,White neighborhoods,NA,3
2023,06,36770,all,All,0.10525447,1
2023,06,36770,race-ethnicity,Neighborhoods of color,0.10525447,1
2023,06,36770,race-ethnicity,White neighborhoods,NA,3
2023,06,40130,all,All,0.32081878,1
2023,06,40130,race-ethnicity,Neighborhoods of color,0.32068273,1
2023,06,40130,race-ethnicity,White neighborhoods,0.34545454,1
2023,06,43000,all,All,0.23801157,1
2023,06,43000,race-ethnicity,Neighborhoods of color,0.27190557,1
2023,06,43000,race-ethnicity,White neighborhoods,0.13137485,1
2023,06,44000,all,All,0.20924971,1
2023,06,44000,race-ethnicity,Neighborhoods of color,0.23384346,1
2023,06,44000,race-ethnicity,White neighborhoods,0.12939633,1
2023,06,48354,all,All,0.24173361,1
2023,06,48354,race-ethnicity,Neighborhoods of color,0.25537372,1
2023,06,48354,race-ethnicity,White neighborhoods,0.17714286,1
2023,06,49270,all,All,0.26869521,1
2023,06,49270,race-ethnicity,Neighborhoods of color,0.29330772,1
2023,06,49270,race-ethnicity,White neighborhoods,0.16688742,1
2023,06,52526,all,All,0.20433605,1
2023,06,52526,race-ethnicity,Neighborhoods of color,0.24056138,1
2023,06,52526,race-ethnicity,White neighborhoods,0.125377,1
2023,06,53000,all,All,0.18005054,1
2023,06,53000,race-ethnicity,Neighborhoods of color,0.19544967,1
2023,06,53000,race-ethnicity,White neighborhoods,0.082482025,1
2023,06,53896,all,All,0.2583853,1
2023,06,53896,race-ethnicity,Neighborhoods of color,0.2583853,1
2023,06,53896,race-ethnicity,White neighborhoods,NA,3
2023,06,53980,all,All,0.20243444,1
2023,06,53980,race-ethnicity,Neighborhoods of color,0.20243444,1
2023,06,53980,race-ethnicity,White neighborhoods,NA,3
2023,06,54652,all,All,0.18993175,1
2023,06,54652,race-ethnicity,Neighborhoods of color,0.21139343,1
2023,06,54652,race-ethnicity,White neighborhoods,0.1204955,1
2023,06,55156,all,All,0.21880154,1
2023,06,55156,race-ethnicity,Neighborhoods of color,0.22099786,1
2023,06,55156,race-ethnicity,White neighborhoods,0.19946092,1
2023,06,56000,all,All,0.22612821,1
2023,06,56000,race-ethnicity,Neighborhoods of color,0.22661631,1
2023,06,56000,race-ethnicity,White neighborhoods,0.22480853,1
2023,06,58072,all,All,0.21365908,1
2023,06,58072,race-ethnicity,Neighborhoods of color,0.21365908,1
2023,06,58072,race-ethnicity,White neighborhoods,NA,3
2023,06,59451,all,All,0.19634297,1
2023,06,59451,race-ethnicity,Neighborhoods of color,0.19634297,1
2023,06,59451,race-ethnicity,White neighborhoods,NA,3
2023,06,62000,all,All,0.25839865,1
2023,06,62000,race-ethnicity,Neighborhoods of color,0.25839865,1
2023,06,62000,race-ethnicity,White neighborhoods,NA,3
2023,06,62938,all,All,0.11550786,1
2023,06,62938,race-ethnicity,Neighborhoods of color,NA,3
2023,06,62938,race-ethnicity,White neighborhoods,0.11571792,1
2023,06,64000,all,All,0.22057296,1
2023,06,64000,race-ethnicity,Neighborhoods of color,0.24709599,1
2023,06,64000,race-ethnicity,White neighborhoods,0.16961926,1
2023,06,64224,all,All,0.2345351,1
2023,06,64224,race-ethnicity,Neighborhoods of color,0.23517071,1
2023,06,64224,race-ethnicity,White neighborhoods,NA,3
2023,06,66000,all,All,0.17167035,1
2023,06,66000,race-ethnicity,Neighborhoods of color,0.20720294,1
2023,06,66000,race-ethnicity,White neighborhoods,0.12670001,1
2023,06,67000,all,All,0.097973697,1
2023,06,67000,race-ethnicity,Neighborhoods of color,0.10597826,1
2023,06,67000,race-ethnicity,White neighborhoods,0.05249406,1
2023,06,68000,all,All,0.11987861,1
2023,06,68000,race-ethnicity,Neighborhoods of color,0.12089273,1
2023,06,68000,race-ethnicity,White neighborhoods,0.052313883,1
2023,06,69000,all,All,0.21509643,1
2023,06,69000,race-ethnicity,Neighborhoods of color,0.21509643,1
2023,06,69000,race-ethnicity,White neighborhoods,NA,3
2023,06,69084,all,All,0.0768262,1
2023,06,69084,race-ethnicity,Neighborhoods of color,0.0768262,1
2023,06,69084,race-ethnicity,White neighborhoods,NA,3
2023,06,70000,all,All,0.087543555,1
2023,06,70000,race-ethnicity,Neighborhoods of color,0.15374507,1
2023,06,70000,race-ethnicity,White neighborhoods,0.074393108,1
2023,06,70098,all,All,0.15244582,1
2023,06,70098,race-ethnicity,Neighborhoods of color,0.18447368,1
2023,06,70098,race-ethnicity,White neighborhoods,0.12397661,1
2023,06,72016,all,All,0.13370354,1
2023,06,72016,race-ethnicity,Neighborhoods of color,NA,3
2023,06,72016,race-ethnicity,White neighborhoods,0.13370354,1
2023,06,75000,all,All,0.25395569,1
2023,06,75000,race-ethnicity,Neighborhoods of color,0.27919185,1
2023,06,75000,race-ethnicity,White neighborhoods,0.13174114,1
2023,06,77000,all,All,0.095347844,1
2023,06,77000,race-ethnicity,Neighborhoods of color,0.10425131,1
2023,06,77000,race-ethnicity,White neighborhoods,0.040024631,1
2023,06,78582,all,All,0.1022878,1
2023,06,78582,race-ethnicity,Neighborhoods of color,NA,3
2023,06,78582,race-ethnicity,White neighborhoods,0.1022878,1
2023,06,80000,all,All,0.10419517,1
2023,06,80000,race-ethnicity,Neighborhoods of color,0.112423,1
2023,06,80000,race-ethnicity,White neighborhoods,0.038775511,1
2023,06,81666,all,All,0.22788727,1
2023,06,81666,race-ethnicity,Neighborhoods of color,0.24658315,1
2023,06,81666,race-ethnicity,White neighborhoods,0.11481056,1
2023,06,82954,all,All,0.24710175,1
2023,06,82954,race-ethnicity,Neighborhoods of color,0.24710175,1
2023,06,82954,race-ethnicity,White neighborhoods,NA,3
2023,08,04000,all,All,0.1747738,1
2023,08,04000,race-ethnicity,Neighborhoods of color,0.26464778,1
2023,08,04000,race-ethnicity,White neighborhoods,0.12754697,1
2023,08,07850,all,All,0.071975067,1
2023,08,07850,race-ethnicity,Neighborhoods of color,NA,3
2023,08,07850,race-ethnicity,White neighborhoods,0.071975067,1
2023,08,16000,all,All,0.18789513,1
2023,08,16000,race-ethnicity,Neighborhoods of color,0.28856486,1
2023,08,16000,race-ethnicity,White neighborhoods,0.17478639,1
2023,08,20000,all,All,0.18565284,1
2023,08,20000,race-ethnicity,Neighborhoods of color,0.24784875,1
2023,08,20000,race-ethnicity,White neighborhoods,0.14727001,1
2023,08,32155,all,All,0.19365944,1
2023,08,32155,race-ethnicity,Neighborhoods of color,0.30031949,1
2023,08,32155,race-ethnicity,White neighborhoods,0.15432948,1
2023,09,08000,all,All,0.36570662,1
2023,09,08000,race-ethnicity,Neighborhoods of color,0.36570662,1
2023,09,08000,race-ethnicity,White neighborhoods,NA,3
2023,09,37000,all,All,0.45953158,1
2023,09,37000,race-ethnicity,Neighborhoods of color,0.45953158,1
2023,09,37000,race-ethnicity,White neighborhoods,NA,3
2023,09,52000,all,All,0.32834646,1
2023,09,52000,race-ethnicity,Neighborhoods of color,0.32834646,1
2023,09,52000,race-ethnicity,White neighborhoods,NA,3
2023,09,80000,all,All,0.39827484,1
2023,09,80000,race-ethnicity,Neighborhoods of color,0.39827484,1
2023,09,80000,race-ethnicity,White neighborhoods,NA,3
2023,11,50000,all,All,0.2216409,1
2023,11,50000,race-ethnicity,Neighborhoods of color,0.30102968,1
2023,11,50000,race-ethnicity,White neighborhoods,0.0875016,1
2023,12,10275,all,All,0.2089088,1
2023,12,10275,race-ethnicity,Neighborhoods of color,NA,3
2023,12,10275,race-ethnicity,White neighborhoods,0.2089088,1
2023,12,25175,all,All,0.24081038,1
2023,12,25175,race-ethnicity,Neighborhoods of color,0.47356322,1
2023,12,25175,race-ethnicity,White neighborhoods,0.22784324,1
2023,12,30000,all,All,0.31733999,1
2023,12,30000,race-ethnicity,Neighborhoods of color,0.31733999,1
2023,12,30000,race-ethnicity,White neighborhoods,NA,3
2023,12,35000,all,All,0.33154291,1
2023,12,35000,race-ethnicity,Neighborhoods of color,0.43983313,1
2023,12,35000,race-ethnicity,White neighborhoods,0.25093693,1
2023,12,45000,all,All,0.21102025,1
2023,12,45000,race-ethnicity,Neighborhoods of color,0.21090186,1
2023,12,45000,race-ethnicity,White neighborhoods,NA,3
2023,12,58715,all,All,0.27725059,1
2023,12,58715,race-ethnicity,Neighborhoods of color,0.35736513,1
2023,12,58715,race-ethnicity,White neighborhoods,0.23785232,1
2023,12,63000,all,All,0.2860319,1
2023,12,63000,race-ethnicity,Neighborhoods of color,0.44539693,1
2023,12,63000,race-ethnicity,White neighborhoods,0.25810033,1
2023,12,71000,all,All,0.29662466,1
2023,12,71000,race-ethnicity,Neighborhoods of color,0.33947921,1
2023,12,71000,race-ethnicity,White neighborhoods,0.17420515,1
2023,13,03440,all,All,0.28042924,1
2023,13,03440,race-ethnicity,Neighborhoods of color,0.38271606,1
2023,13,03440,race-ethnicity,White neighborhoods,0.24603774,1
2023,13,04000,all,All,0.32986918,1
2023,13,04000,race-ethnicity,Neighborhoods of color,0.40129435,1
2023,13,04000,race-ethnicity,White neighborhoods,0.15927935,1
2023,13,04204,all,All,0.45593807,1
2023,13,04204,race-ethnicity,Neighborhoods of color,0.45687491,1
2023,13,04204,race-ethnicity,White neighborhoods,0.40000001,1
2023,17,14000,all,All,0.25871101,1
2023,17,14000,race-ethnicity,Neighborhoods of color,0.31339988,1
2023,17,14000,race-ethnicity,White neighborhoods,0.13467345,1
2023,17,65000,all,All,0.24858229,1
2023,17,65000,race-ethnicity,Neighborhoods of color,0.4474026,1
2023,17,65000,race-ethnicity,White neighborhoods,0.22581604,1
2023,18,25000,all,All,0.22646694,1
2023,18,25000,race-ethnicity,Neighborhoods of color,0.42695883,1
2023,18,25000,race-ethnicity,White neighborhoods,0.19558102,1
2023,18,31000,all,All,0.37714663,1
2023,18,31000,race-ethnicity,Neighborhoods of color,0.37714663,1
2023,18,31000,race-ethnicity,White neighborhoods,NA,3
2023,18,36003,all,All,0.32003519,1
2023,18,36003,race-ethnicity,Neighborhoods of color,0.3830854,1
2023,18,36003,race-ethnicity,White neighborhoods,0.27859998,1
2023,18,71000,all,All,0.24421562,1
2023,18,71000,race-ethnicity,Neighborhoods of color,0.38063064,1
2023,18,71000,race-ethnicity,White neighborhoods,0.2277725,1
2023,19,12000,all,All,0.2008922,1
2023,19,12000,race-ethnicity,Neighborhoods of color,NA,3
2023,19,12000,race-ethnicity,White neighborhoods,0.2008922,1
2023,19,21000,all,All,0.19766223,1
2023,19,21000,race-ethnicity,Neighborhoods of color,0.39199999,1
2023,19,21000,race-ethnicity,White neighborhoods,0.18927935,1
2023,20,36000,all,All,0.28216031,1
2023,20,36000,race-ethnicity,Neighborhoods of color,0.44348004,1
2023,20,36000,race-ethnicity,White neighborhoods,0.21455775,1
2023,20,38900,all,All,0.21409406,1
2023,20,38900,race-ethnicity,Neighborhoods of color,0.30503264,1
2023,20,38900,race-ethnicity,White neighborhoods,0.16123269,1
2023,20,71000,all,All,0.22009748,1
2023,20,71000,race-ethnicity,Neighborhoods of color,0.48148149,1
2023,20,71000,race-ethnicity,White neighborhoods,0.20906605,1
2023,21,46027,all,All,0.25159302,1
2023,21,46027,race-ethnicity,Neighborhoods of color,0.28779599,1
2023,21,46027,race-ethnicity,White neighborhoods,0.24698795,1
2023,22,05000,all,All,0.36273447,1
2023,22,05000,race-ethnicity,Neighborhoods of color,0.47816947,1
2023,22,05000,race-ethnicity,White neighborhoods,0.23988986,1
2023,22,50115,all,All,0.23507555,1
2023,22,50115,race-ethnicity,Neighborhoods of color,NA,3
2023,22,50115,race-ethnicity,White neighborhoods,0.23507555,1
2023,22,55000,all,All,0.37848932,1
2023,22,55000,race-ethnicity,Neighborhoods of color,0.41730794,1
2023,22,55000,race-ethnicity,White neighborhoods,0.20913593,1
2023,22,70000,all,All,0.38177299,1
2023,22,70000,race-ethnicity,Neighborhoods of color,0.49069417,1
2023,22,70000,race-ethnicity,White neighborhoods,0.32826784,1
2023,24,04000,all,All,0.36861938,1
2023,24,04000,race-ethnicity,Neighborhoods of color,0.4176228,1
2023,24,04000,race-ethnicity,White neighborhoods,0.21225174,1
2023,25,07000,all,All,0.19152306,1
2023,25,07000,race-ethnicity,Neighborhoods of color,0.2708815,1
2023,25,07000,race-ethnicity,White neighborhoods,0.11898199,1
2023,25,09000,all,All,0.30033222,1
2023,25,09000,race-ethnicity,Neighborhoods of color,0.30033222,1
2023,25,09000,race-ethnicity,White neighborhoods,NA,3
2023,25,11000,all,All,0.080500893,1
2023,25,11000,race-ethnicity,Neighborhoods of color,0.057777777,1
2023,25,11000,race-ethnicity,White neighborhoods,0.0818872,1
2023,25,23000,all,All,0.24606442,1
2023,25,23000,race-ethnicity,Neighborhoods of color,NA,3
2023,25,23000,race-ethnicity,White neighborhoods,0.24606442,1
2023,25,37000,all,All,0.26217678,1
2023,25,37000,race-ethnicity,Neighborhoods of color,0.27091813,1
2023,25,37000,race-ethnicity,White neighborhoods,0.24484305,1
2023,25,37490,all,All,0.26260984,1
2023,25,37490,race-ethnicity,Neighborhoods of color,0.28837007,1
2023,25,37490,race-ethnicity,White neighborhoods,0.18421052,1
2023,25,55745,all,All,0.11145016,1
2023,25,55745,race-ethnicity,Neighborhoods of color,NA,3
2023,25,55745,race-ethnicity,White neighborhoods,0.11145016,1
2023,25,67000,all,All,0.25764319,1
2023,25,67000,race-ethnicity,Neighborhoods of color,0.40733746,1
2023,25,67000,race-ethnicity,White neighborhoods,0.23004228,1
2023,25,82000,all,All,0.24747026,1
2023,25,82000,race-ethnicity,Neighborhoods of color,0.29428807,1
2023,25,82000,race-ethnicity,White neighborhoods,0.2123096,1
2023,26,03000,all,All,0.15998468,1
2023,26,03000,race-ethnicity,Neighborhoods of color,0.34735975,1
2023,26,03000,race-ethnicity,White neighborhoods,0.12567976,1
2023,26,22000,all,All,0.50269783,1
2023,26,22000,race-ethnicity,Neighborhoods of color,0.53592521,1
2023,26,22000,race-ethnicity,White neighborhoods,0.10887881,1
2023,26,29000,all,All,0.36616614,1
2023,26,29000,race-ethnicity,Neighborhoods of color,0.54819918,1
2023,26,29000,race-ethnicity,White neighborhoods,0.30217835,1
2023,26,34000,all,All,0.19116217,1
2023,26,34000,race-ethnicity,Neighborhoods of color,0.30978498,1
2023,26,34000,race-ethnicity,White neighborhoods,0.16124392,1
2023,26,46000,all,All,0.20746659,1
2023,26,46000,race-ethnicity,Neighborhoods of color,0.3594225,1
2023,26,46000,race-ethnicity,White neighborhoods,0.19231935,1
2023,26,76460,all,All,0.15631743,1
2023,26,76460,race-ethnicity,Neighborhoods of color,NA,3
2023,26,76460,race-ethnicity,White neighborhoods,0.15631743,1
2023,26,84000,all,All,0.29495269,1
2023,26,84000,race-ethnicity,Neighborhoods of color,0.37145856,1
2023,26,84000,race-ethnicity,White neighborhoods,0.27403155,1
2023,27,17000,all,All,0.13954228,1
2023,27,17000,race-ethnicity,Neighborhoods of color,NA,3
2023,27,17000,race-ethnicity,White neighborhoods,0.13960159,1
2023,27,43000,all,All,0.17268515,1
2023,27,43000,race-ethnicity,Neighborhoods of color,0.28513429,1
2023,27,43000,race-ethnicity,White neighborhoods,0.12896174,1
2023,27,54880,all,All,0.2367475,1
2023,27,54880,race-ethnicity,Neighborhoods of color,0.465294,1
2023,27,54880,race-ethnicity,White neighborhoods,0.13505855,1
2023,27,58000,all,All,0.18910675,1
2023,27,58000,race-ethnicity,Neighborhoods of color,0.22685656,1
2023,27,58000,race-ethnicity,White neighborhoods,0.14560375,1
2023,28,36000,all,All,0.32266727,1
2023,28,36000,race-ethnicity,Neighborhoods of color,0.40788484,1
2023,28,36000,race-ethnicity,White neighborhoods,0.23006886,1
2023,29,15670,all,All,0.29630867,1
2023,29,15670,race-ethnicity,Neighborhoods of color,0.44528979,1
2023,29,15670,race-ethnicity,White neighborhoods,0.23189186,1
2023,29,65000,all,All,0.39443743,1
2023,29,65000,race-ethnicity,Neighborhoods of color,0.55463815,1
2023,29,65000,race-ethnicity,White neighborhoods,0.25049093,1
2023,30,06550,all,All,0.21338965,1
2023,30,06550,race-ethnicity,Neighborhoods of color,0.43626571,1
2023,30,06550,race-ethnicity,White neighborhoods,0.19627842,1
2023,31,28000,all,All,0.16201118,1
2023,31,28000,race-ethnicity,Neighborhoods of color,NA,3
2023,31,28000,race-ethnicity,White neighborhoods,0.16201118,1
2023,31,37000,all,All,0.19328921,1
2023,31,37000,race-ethnicity,Neighborhoods of color,0.35107556,1
2023,31,37000,race-ethnicity,White neighborhoods,0.15255927,1
2023,32,31900,all,All,0.27333641,1
2023,32,31900,race-ethnicity,Neighborhoods of color,0.30217719,1
2023,32,31900,race-ethnicity,White neighborhoods,0.23260567,1
2023,32,40000,all,All,0.30802,1
2023,32,40000,race-ethnicity,Neighborhoods of color,0.36219686,1
2023,32,40000,race-ethnicity,White neighborhoods,0.20776135,1
2023,32,51800,all,All,0.31407288,1
2023,32,51800,race-ethnicity,Neighborhoods of color,0.34562865,1
2023,32,51800,race-ethnicity,White neighborhoods,0.18298167,1
2023,32,60600,all,All,0.23521127,1
2023,32,60600,race-ethnicity,Neighborhoods of color,0.35831898,1
2023,32,60600,race-ethnicity,White neighborhoods,0.19184487,1
2023,33,45140,all,All,0.2454827,1
2023,33,45140,race-ethnicity,Neighborhoods of color,NA,3
2023,33,45140,race-ethnicity,White neighborhoods,0.2454827,1
2023,33,50260,all,All,0.16736953,1
2023,33,50260,race-ethnicity,Neighborhoods of color,NA,3
2023,33,50260,race-ethnicity,White neighborhoods,0.16736953,1
2023,34,21000,all,All,0.30737901,1
2023,34,21000,race-ethnicity,Neighborhoods of color,0.30737901,1
2023,34,21000,race-ethnicity,White neighborhoods,NA,3
2023,34,36000,all,All,0.19388841,1
2023,34,36000,race-ethnicity,Neighborhoods of color,0.19388841,1
2023,34,36000,race-ethnicity,White neighborhoods,NA,3
2023,34,51000,all,All,0.3792049,1
2023,34,51000,race-ethnicity,Neighborhoods of color,0.3792049,1
2023,34,51000,race-ethnicity,White neighborhoods,NA,3
2023,34,57000,all,All,0.34129244,1
2023,34,57000,race-ethnicity,Neighborhoods of color,0.34129244,1
2023,34,57000,race-ethnicity,White neighborhoods,NA,3
2023,34,74000,all,All,0.40383592,1
2023,34,74000,race-ethnicity,Neighborhoods of color,0.42802474,1
2023,34,74000,race-ethnicity,White neighborhoods,0.17366947,1
2023,35,02000,all,All,0.24591734,1
2023,35,02000,race-ethnicity,Neighborhoods of color,0.26499531,1
2023,35,02000,race-ethnicity,White neighborhoods,0.16756757,1
2023,36,01000,all,All,0.29789403,1
2023,36,01000,race-ethnicity,Neighborhoods of color,0.41847447,1
2023,36,01000,race-ethnicity,White neighborhoods,0.18415841,1
2023,36,11000,all,All,0.36454257,1
2023,36,11000,race-ethnicity,Neighborhoods of color,0.40680024,1
2023,36,11000,race-ethnicity,White neighborhoods,0.29457104,1
2023,36,51000,all,All,0.19550134,1
2023,36,51000,race-ethnicity,Neighborhoods of color,0.23592195999999999,1
2023,36,51000,race-ethnicity,White neighborhoods,0.10538884,1
2023,36,63000,all,All,NA,3
2023,36,63000,race-ethnicity,Neighborhoods of color,NA,3
2023,36,63000,race-ethnicity,White neighborhoods,NA,3
2023,36,73000,all,All,0.24078543,1
2023,36,73000,race-ethnicity,Neighborhoods of color,0.39508131,1
2023,36,73000,race-ethnicity,White neighborhoods,0.1818044,1
2023,36,84000,all,All,0.22415884,1
2023,36,84000,race-ethnicity,Neighborhoods of color,0.25341171,1
2023,36,84000,race-ethnicity,White neighborhoods,0.14822888,1
2023,37,12000,all,All,0.28265187,1
2023,37,12000,race-ethnicity,Neighborhoods of color,0.3683109,1
2023,37,12000,race-ethnicity,White neighborhoods,0.15531354,1
2023,37,19000,all,All,0.19638154,1
2023,37,19000,race-ethnicity,Neighborhoods of color,0.25551575,1
2023,37,19000,race-ethnicity,White neighborhoods,0.13826768,1
2023,37,28000,all,All,0.30152434,1
2023,37,28000,race-ethnicity,Neighborhoods of color,0.41491565,1
2023,37,28000,race-ethnicity,White neighborhoods,0.21982943,1
2023,37,75000,all,All,0.29033539,1
2023,37,75000,race-ethnicity,Neighborhoods of color,0.40354374,1
2023,37,75000,race-ethnicity,White neighborhoods,0.22697408,1
2023,39,01000,all,All,0.2435115,1
2023,39,01000,race-ethnicity,Neighborhoods of color,0.46626893,1
2023,39,01000,race-ethnicity,White neighborhoods,0.21189421,1
2023,39,15000,all,All,0.27991056,1
2023,39,15000,race-ethnicity,Neighborhoods of color,0.41651165,1
2023,39,15000,race-ethnicity,White neighborhoods,0.23069389,1
2023,39,16000,all,All,0.45100343,1
2023,39,16000,race-ethnicity,Neighborhoods of color,0.49727452,1
2023,39,16000,race-ethnicity,White neighborhoods,0.35366172,1
2023,39,21000,all,All,0.37037334,1
2023,39,21000,race-ethnicity,Neighborhoods of color,0.56228095,1
2023,39,21000,race-ethnicity,White neighborhoods,0.30626795,1
2023,39,77000,all,All,0.32187599,1
2023,39,77000,race-ethnicity,Neighborhoods of color,0.5338164,1
2023,39,77000,race-ethnicity,White neighborhoods,0.27961856,1
2023,40,41850,all,All,0.37462151,1
2023,40,41850,race-ethnicity,Neighborhoods of color,0.40441176,1
2023,40,41850,race-ethnicity,White neighborhoods,0.34181607,1
2023,41,59000,all,All,0.14685774,1
2023,41,59000,race-ethnicity,Neighborhoods of color,0.21461187,1
2023,41,59000,race-ethnicity,White neighborhoods,0.14367799,1
2023,42,02000,all,All,0.32322654,1
2023,42,02000,race-ethnicity,Neighborhoods of color,0.38257372,1
2023,42,02000,race-ethnicity,White neighborhoods,0.17701453,1
2023,42,60000,all,All,0.33562723,1
2023,42,60000,race-ethnicity,Neighborhoods of color,0.41788435,1
2023,42,60000,race-ethnicity,White neighborhoods,0.18473542,1
2023,42,61000,all,All,0.23227659,1
2023,42,61000,race-ethnicity,Neighborhoods of color,0.3610822,1
2023,42,61000,race-ethnicity,White neighborhoods,0.21472132,1
2023,44,59000,all,All,0.27112886,1
2023,44,59000,race-ethnicity,Neighborhoods of color,0.3155416,1
2023,44,59000,race-ethnicity,White neighborhoods,0.12764159,1
2023,46,59020,all,All,0.14694954,1
2023,46,59020,race-ethnicity,Neighborhoods of color,NA,3
2023,46,59020,race-ethnicity,White neighborhoods,0.14657535,1
2023,47,14000,all,All,0.2441439,1
2023,47,14000,race-ethnicity,Neighborhoods of color,0.3984929,1
2023,47,14000,race-ethnicity,White neighborhoods,0.20569725,1
2023,47,48000,all,All,0.37357944,1
2023,47,48000,race-ethnicity,Neighborhoods of color,0.46161842,1
2023,47,48000,race-ethnicity,White neighborhoods,0.17165336,1
2023,47,52006,all,All,0.26623321,1
2023,47,52006,race-ethnicity,Neighborhoods of color,0.36616069,1
2023,47,52006,race-ethnicity,White neighborhoods,0.21041021,1
2023,48,01000,all,All,0.36296082,1
2023,48,01000,race-ethnicity,Neighborhoods of color,0.44890234,1
2023,48,01000,race-ethnicity,White neighborhoods,0.35040373,1
2023,48,03000,all,All,0.341519,1
2023,48,03000,race-ethnicity,Neighborhoods of color,0.50910318,1
2023,48,03000,race-ethnicity,White neighborhoods,0.30278948,1
2023,48,05000,all,All,0.23259349000000001,1
2023,48,05000,race-ethnicity,Neighborhoods of color,0.3052288,1
2023,48,05000,race-ethnicity,White neighborhoods,0.15659675,1
2023,48,07000,all,All,0.41604453,1
2023,48,07000,race-ethnicity,Neighborhoods of color,0.49155515,1
2023,48,07000,race-ethnicity,White neighborhoods,0.29344729,1
2023,48,10768,all,All,0.40040523,1
2023,48,10768,race-ethnicity,Neighborhoods of color,0.40432656,1
2023,48,10768,race-ethnicity,White neighborhoods,0.16793893,1
2023,48,17000,all,All,0.43287316,1
2023,48,17000,race-ethnicity,Neighborhoods of color,0.44633767,1
2023,48,17000,race-ethnicity,White neighborhoods,0.3219178,1
2023,48,19000,all,All,0.35426015,1
2023,48,19000,race-ethnicity,Neighborhoods of color,0.40219095,1
2023,48,19000,race-ethnicity,White neighborhoods,0.24541017,1
2023,48,24000,all,All,0.34676975,1
2023,48,24000,race-ethnicity,Neighborhoods of color,0.34676975,1
2023,48,24000,race-ethnicity,White neighborhoods,NA,3
2023,48,35000,all,All,0.3290801,1
2023,48,35000,race-ethnicity,Neighborhoods of color,0.36148864000000003,1
2023,48,35000,race-ethnicity,White neighborhoods,0.20285375,1
2023,48,41464,all,All,0.46926758,1
2023,48,41464,race-ethnicity,Neighborhoods of color,0.46926758,1
2023,48,41464,race-ethnicity,White neighborhoods,NA,3
2023,48,42508,all,All,0.36006263,1
2023,48,42508,race-ethnicity,Neighborhoods of color,0.36006263,1
2023,48,42508,race-ethnicity,White neighborhoods,NA,3
2023,48,45000,all,All,0.34963921,1
2023,48,45000,race-ethnicity,Neighborhoods of color,0.45882353,1
2023,48,45000,race-ethnicity,White neighborhoods,0.28046456,1
2023,48,45384,all,All,0.45546898,1
2023,48,45384,race-ethnicity,Neighborhoods of color,0.45565942,1
2023,48,45384,race-ethnicity,White neighborhoods,0.40000001,1
2023,48,58016,all,All,0.17732424,1
2023,48,58016,race-ethnicity,Neighborhoods of color,0.17373319,1
2023,48,58016,race-ethnicity,White neighborhoods,0.18372993,1
2023,48,64472,all,All,0.34055066,1
2023,48,64472,race-ethnicity,Neighborhoods of color,0.47648904,1
2023,48,64472,race-ethnicity,White neighborhoods,0.29382184,1
2023,48,65000,all,All,0.36052439,1
2023,48,65000,race-ethnicity,Neighborhoods of color,0.37406445,1
2023,48,65000,race-ethnicity,White neighborhoods,0.19820164,1
2023,48,74144,all,All,0.31521598,1
2023,48,74144,race-ethnicity,Neighborhoods of color,0.44993895,1
2023,48,74144,race-ethnicity,White neighborhoods,0.27830741,1
2023,48,76000,all,All,0.36436996,1
2023,48,76000,race-ethnicity,Neighborhoods of color,0.4728682,1
2023,48,76000,race-ethnicity,White neighborhoods,0.30110064,1
2023,48,79000,all,All,0.38859013,1
2023,48,79000,race-ethnicity,Neighborhoods of color,0.58787876,1
2023,48,79000,race-ethnicity,White neighborhoods,0.3625066,1
2023,49,62470,all,All,0.12873726,1
2023,49,62470,race-ethnicity,Neighborhoods of color,NA,3
2023,49,62470,race-ethnicity,White neighborhoods,0.12873726,1
2023,49,67000,all,All,0.17681551,1
2023,49,67000,race-ethnicity,Neighborhoods of color,0.23953532,1
2023,49,67000,race-ethnicity,White neighborhoods,0.143126,1
2023,51,01000,all,All,0.17418472,1
2023,51,01000,race-ethnicity,Neighborhoods of color,0.22032046,1
2023,51,01000,race-ethnicity,White neighborhoods,0.12084211,1
2023,51,03000,all,All,0.10266498,1
2023,51,03000,race-ethnicity,Neighborhoods of color,0.16317734,1
2023,51,03000,race-ethnicity,White neighborhoods,0.086956523,1
2023,51,16000,all,All,0.29626167,1
2023,51,16000,race-ethnicity,Neighborhoods of color,0.34699053,1
2023,51,16000,race-ethnicity,White neighborhoods,0.17773621,1
2023,51,35000,all,All,0.3633202,1
2023,51,35000,race-ethnicity,Neighborhoods of color,0.37141407,1
2023,51,35000,race-ethnicity,White neighborhoods,0.27807486,1
2023,51,56000,all,All,0.37099344,1
2023,51,56000,race-ethnicity,Neighborhoods of color,0.39369279,1
2023,51,56000,race-ethnicity,White neighborhoods,0.31895044,1
2023,51,57000,all,All,0.37899074,1
2023,51,57000,race-ethnicity,Neighborhoods of color,0.40650225,1
2023,51,57000,race-ethnicity,White neighborhoods,0.32648695,1
2023,51,64000,all,All,0.5,1
2023,51,64000,race-ethnicity,Neighborhoods of color,NA,3
2023,51,64000,race-ethnicity,White neighborhoods,NA,3
2023,51,67000,all,All,0.23239283,1
2023,51,67000,race-ethnicity,Neighborhoods of color,0.268179,1
2023,51,67000,race-ethnicity,White neighborhoods,0.14734121,1
2023,51,68000,all,All,0.26747721,1
2023,51,68000,race-ethnicity,Neighborhoods of color,0.43844491,1
2023,51,68000,race-ethnicity,White neighborhoods,0.22798704,1
2023,51,82000,all,All,0.23964985,1
2023,51,82000,race-ethnicity,Neighborhoods of color,0.31982127,1
2023,51,82000,race-ethnicity,White neighborhoods,0.21640134,1
2023,53,05210,all,All,0.057076938,1
2023,53,05210,race-ethnicity,Neighborhoods of color,0.067355283,1
2023,53,05210,race-ethnicity,White neighborhoods,0.048102219,1
2023,53,05280,all,All,0.12012814,1
2023,53,05280,race-ethnicity,Neighborhoods of color,NA,3
2023,53,05280,race-ethnicity,White neighborhoods,0.12012814,1
2023,53,22640,all,All,0.15088859,1
2023,53,22640,race-ethnicity,Neighborhoods of color,0.20120573,1
2023,53,22640,race-ethnicity,White neighborhoods,0.1361326,1
2023,53,63000,all,All,0.11126065,1
2023,53,63000,race-ethnicity,Neighborhoods of color,0.15744779,1
2023,53,63000,race-ethnicity,White neighborhoods,0.088943109,1
2023,53,67000,all,All,0.164315,1
2023,53,67000,race-ethnicity,Neighborhoods of color,NA,3
2023,53,67000,race-ethnicity,White neighborhoods,0.164315,1
2023,53,70000,all,All,0.21771196,1
2023,53,70000,race-ethnicity,Neighborhoods of color,0.30725995,1
2023,53,70000,race-ethnicity,White neighborhoods,0.18689555,1
2023,53,80010,all,All,0.21112159,1
2023,53,80010,race-ethnicity,Neighborhoods of color,0.237399,1
2023,53,80010,race-ethnicity,White neighborhoods,0.14984298,1
2023,55,31000,all,All,0.16989352,1
2023,55,31000,race-ethnicity,Neighborhoods of color,NA,3
2023,55,31000,race-ethnicity,White neighborhoods,0.16941348,1
2023,55,53000,all,All,0.35398695,1
2023,55,53000,race-ethnicity,Neighborhoods of color,0.45730534,1
2023,55,53000,race-ethnicity,White neighborhoods,0.17888023,1
