year,state,county,hpsascore,hpsascore_quality
2020,01,001,12,1
2020,01,003,0,1
2020,01,005,20,1
2020,01,007,16,1
2020,01,009,15,1
2020,01,011,21,1
2020,01,013,15,1
2020,01,015,0,1
2020,01,017,14,1
2020,01,019,15,1
2020,01,021,13,1
2020,01,023,20,1
2020,01,025,18,1
2020,01,027,12,1
2020,01,029,18,1
2020,01,031,0,1
2020,01,033,0,1
2020,01,035,15,1
2020,01,037,14,1
2020,01,039,0,1
2020,01,041,15,1
2020,01,043,0,1
2020,01,045,15,1
2020,01,047,15,1
2020,01,049,14,1
2020,01,051,0,1
2020,01,053,11,1
2020,01,055,0,1
2020,01,057,0,1
2020,01,059,10,1
2020,01,061,14,1
2020,01,063,23,1
2020,01,065,20,1
2020,01,067,11,1
2020,01,069,0,1
2020,01,071,0,1
2020,01,073,0,1
2020,01,075,15,1
2020,01,077,0,1
2020,01,079,15,1
2020,01,081,0,1
2020,01,083,15,1
2020,01,085,22,1
2020,01,087,18,1
2020,01,089,0,1
2020,01,091,17,1
2020,01,093,0,1
2020,01,095,10,1
2020,01,097,0,1
2020,01,099,18,1
2020,01,101,0,1
2020,01,103,0,1
2020,01,105,19,1
2020,01,107,13,1
2020,01,109,0,1
2020,01,111,17,1
2020,01,113,19,1
2020,01,115,9,1
2020,01,117,0,1
2020,01,119,18,1
2020,01,121,13,1
2020,01,123,0,1
2020,01,125,0,1
2020,01,127,0,1
2020,01,129,14,1
2020,01,131,18,1
2020,01,133,15,1
2020,02,013,16,1
2020,02,016,15,1
2020,02,020,0,1
2020,02,050,17,1
2020,02,060,15,1
2020,02,068,15,1
2020,02,070,0,1
2020,02,090,0,1
2020,02,100,0,1
2020,02,105,16,1
2020,02,110,0,1
2020,02,122,0,1
2020,02,130,0,1
2020,02,150,0,1
2020,02,158,0,1
2020,02,164,0,1
2020,02,170,0,1
2020,02,180,17,1
2020,02,185,15,1
2020,02,188,0,1
2020,02,195,0,1
2020,02,198,16,1
2020,02,220,0,1
2020,02,230,15,1
2020,02,240,13,1
2020,02,261,16,1
2020,02,275,0,1
2020,02,282,15,1
2020,02,290,15,1
2020,04,001,16,1
2020,04,003,16,1
2020,04,003,12,1
2020,04,003,12,1
2020,04,003,10,1
2020,04,003,15,1
2020,04,005,13,1
2020,04,005,8,1
2020,04,007,14,1
2020,04,007,20,1
2020,04,009,8,1
2020,04,011,0,1
2020,04,012,17,1
2020,04,012,16,1
2020,04,013,17,1
2020,04,013,18,1
2020,04,013,13,1
2020,04,013,9,1
2020,04,013,8,1
2020,04,013,11,1
2020,04,015,18,1
2020,04,015,17,1
2020,04,015,12,1
2020,04,015,9,1
2020,04,017,19,1
2020,04,017,13,1
2020,04,017,20,1
2020,04,017,20,1
2020,04,019,12,1
2020,04,019,13,1
2020,04,019,20,1
2020,04,019,19,1
2020,04,019,20,1
2020,04,019,13,1
2020,04,019,11,1
2020,04,019,10,1
2020,04,019,19,1
2020,04,019,18,1
2020,04,021,8,1
2020,04,021,10,1
2020,04,021,12,1
2020,04,021,14,1
2020,04,021,16,1
2020,04,021,17,1
2020,04,023,12,1
2020,04,023,12,1
2020,04,025,6,1
2020,04,025,14,1
2020,04,025,13,1
2020,04,027,18,1
2020,04,027,15,1
2020,04,027,14,1
2020,04,027,13,1
2020,05,001,0,1
2020,05,003,0,1
2020,05,005,0,1
2020,05,007,0,1
2020,05,009,0,1
2020,05,011,0,1
2020,05,013,17,1
2020,05,015,0,1
2020,05,017,0,1
2020,05,019,0,1
2020,05,021,0,1
2020,05,023,0,1
2020,05,025,16,1
2020,05,027,0,1
2020,05,029,0,1
2020,05,031,0,1
2020,05,033,0,1
2020,05,035,0,1
2020,05,037,0,1
2020,05,039,0,1
2020,05,041,15,1
2020,05,043,0,1
2020,05,045,0,1
2020,05,047,11,1
2020,05,049,0,1
2020,05,051,0,1
2020,05,053,0,1
2020,05,055,0,1
2020,05,057,0,1
2020,05,059,0,1
2020,05,061,14,1
2020,05,063,0,1
2020,05,065,0,1
2020,05,067,0,1
2020,05,069,11,1
2020,05,071,0,1
2020,05,073,13,1
2020,05,075,0,1
2020,05,077,0,1
2020,05,079,15,1
2020,05,081,0,1
2020,05,083,0,1
2020,05,085,0,1
2020,05,087,0,1
2020,05,089,0,1
2020,05,091,0,1
2020,05,093,15,1
2020,05,095,0,1
2020,05,097,13,1
2020,05,099,0,1
2020,05,101,18,1
2020,05,103,11,1
2020,05,105,0,1
2020,05,107,0,1
2020,05,109,0,1
2020,05,111,0,1
2020,05,113,16,1
2020,05,115,0,1
2020,05,117,15,1
2020,05,119,0,1
2020,05,121,0,1
2020,05,123,0,1
2020,05,125,0,1
2020,05,127,13,1
2020,05,129,0,1
2020,05,131,0,1
2020,05,133,8,1
2020,05,135,0,1
2020,05,137,0,1
2020,05,139,0,1
2020,05,141,0,1
2020,05,143,0,1
2020,05,145,0,1
2020,05,147,0,1
2020,05,149,0,1
2020,06,001,8,1
2020,06,003,10,1
2020,06,005,16,1
2020,06,007,8,1
2020,06,007,17,1
2020,06,007,13,1
2020,06,007,11,1
2020,06,007,11,1
2020,06,007,9,1
2020,06,009,8,1
2020,06,011,11,1
2020,06,013,0,1
2020,06,015,9,1
2020,06,017,15,1
2020,06,017,14,1
2020,06,017,12,1
2020,06,019,17,1
2020,06,019,5,1
2020,06,019,12,1
2020,06,019,20,1
2020,06,019,11,1
2020,06,019,14,1
2020,06,019,12,1
2020,06,019,18,1
2020,06,019,16,1
2020,06,021,10,1
2020,06,021,17,1
2020,06,023,16,1
2020,06,023,12,1
2020,06,023,13,1
2020,06,023,9,1
2020,06,025,15,1
2020,06,025,13,1
2020,06,025,15,1
2020,06,027,17,1
2020,06,029,6,1
2020,06,029,16,1
2020,06,029,8,1
2020,06,029,15,1
2020,06,029,14,1
2020,06,029,8,1
2020,06,029,12,1
2020,06,029,19,1
2020,06,031,12,1
2020,06,031,16,1
2020,06,031,17,1
2020,06,033,12,1
2020,06,033,12,1
2020,06,035,10,1
2020,06,037,18,1
2020,06,037,15,1
2020,06,037,18,1
2020,06,037,15,1
2020,06,037,14,1
2020,06,037,17,1
2020,06,037,17,1
2020,06,037,14,1
2020,06,037,15,1
2020,06,037,18,1
2020,06,037,16,1
2020,06,037,13,1
2020,06,039,15,1
2020,06,039,17,1
2020,06,039,11,1
2020,06,041,0,1
2020,06,043,10,1
2020,06,045,7,1
2020,06,045,11,1
2020,06,045,11,1
2020,06,045,10,1
2020,06,045,15,1
2020,06,047,15,1
2020,06,047,5,1
2020,06,049,15,1
2020,06,051,0,1
2020,06,053,14,1
2020,06,055,8,1
2020,06,057,0,1
2020,06,059,0,1
2020,06,061,13,1
2020,06,061,10,1
2020,06,061,9,1
2020,06,063,0,1
2020,06,065,13,1
2020,06,065,9,1
2020,06,067,9,1
2020,06,067,9,1
2020,06,069,8,1
2020,06,071,18,1
2020,06,071,16,1
2020,06,071,11,1
2020,06,071,16,1
2020,06,071,17,1
2020,06,071,18,1
2020,06,071,19,1
2020,06,071,15,1
2020,06,073,13,1
2020,06,073,11,1
2020,06,073,11,1
2020,06,073,11,1
2020,06,073,6,1
2020,06,075,0,1
2020,06,077,0,1
2020,06,079,0,1
2020,06,081,0,1
2020,06,083,0,1
2020,06,085,0,1
2020,06,087,0,1
2020,06,089,13,1
2020,06,089,14,1
2020,06,089,10,1
2020,06,091,0,1
2020,06,093,12,1
2020,06,093,17,1
2020,06,093,14,1
2020,06,095,12,1
2020,06,097,10,1
2020,06,097,6,1
2020,06,099,12,1
2020,06,101,0,1
2020,06,103,15,1
2020,06,103,17,1
2020,06,103,15,1
2020,06,105,12,1
2020,06,105,14,1
2020,06,105,17,1
2020,06,107,14,1
2020,06,107,14,1
2020,06,107,18,1
2020,06,107,14,1
2020,06,107,15,1
2020,06,109,15,1
2020,06,109,11,1
2020,06,111,0,1
2020,06,113,0,1
2020,06,115,17,1
2020,08,001,0,1
2020,08,003,0,1
2020,08,005,12,1
2020,08,007,10,1
2020,08,009,0,1
2020,08,011,0,1
2020,08,013,0,1
2020,08,014,0,1
2020,08,015,0,1
2020,08,017,13,1
2020,08,019,16,1
2020,08,021,18,1
2020,08,023,23,1
2020,08,025,0,1
2020,08,027,19,1
2020,08,029,0,1
2020,08,031,0,1
2020,08,033,15,1
2020,08,035,0,1
2020,08,037,0,1
2020,08,039,14,1
2020,08,041,15,1
2020,08,043,0,1
2020,08,045,0,1
2020,08,047,19,1
2020,08,049,13,1
2020,08,051,14,1
2020,08,053,0,1
2020,08,055,0,1
2020,08,057,14,1
2020,08,059,0,1
2020,08,061,0,1
2020,08,063,0,1
2020,08,065,0,1
2020,08,067,14,1
2020,08,069,16,1
2020,08,071,0,1
2020,08,073,0,1
2020,08,075,0,1
2020,08,077,0,1
2020,08,079,7,1
2020,08,081,12,1
2020,08,083,0,1
2020,08,085,0,1
2020,08,087,0,1
2020,08,089,0,1
2020,08,091,0,1
2020,08,093,18,1
2020,08,095,0,1
2020,08,097,0,1
2020,08,099,16,1
2020,08,101,0,1
2020,08,103,0,1
2020,08,105,0,1
2020,08,107,14,1
2020,08,109,0,1
2020,08,111,7,1
2020,08,113,14,1
2020,08,113,17,1
2020,08,115,0,1
2020,08,117,0,1
2020,08,119,0,1
2020,08,121,12,1
2020,08,123,0,1
2020,08,125,0,1
2020,09,001,0,1
2020,09,003,0,1
2020,09,005,0,1
2020,09,007,0,1
2020,09,009,0,1
2020,09,011,0,1
2020,09,013,0,1
2020,09,015,0,1
2020,10,001,0,1
2020,10,003,8,1
2020,10,003,7,1
2020,10,005,0,1
2020,11,001,20,1
2020,11,001,18,1
2020,11,001,13,1
2020,12,001,0,1
2020,12,003,0,1
2020,12,005,0,1
2020,12,007,0,1
2020,12,009,0,1
2020,12,011,0,1
2020,12,013,0,1
2020,12,015,0,1
2020,12,017,0,1
2020,12,019,14,1
2020,12,021,15,1
2020,12,023,0,1
2020,12,027,15,1
2020,12,029,17,1
2020,12,031,0,1
2020,12,033,0,1
2020,12,035,0,1
2020,12,037,0,1
2020,12,039,19,1
2020,12,041,0,1
2020,12,043,18,1
2020,12,045,0,1
2020,12,047,12,1
2020,12,049,15,1
2020,12,051,16,1
2020,12,053,0,1
2020,12,055,0,1
2020,12,057,0,1
2020,12,059,0,1
2020,12,061,0,1
2020,12,063,0,1
2020,12,065,17,1
2020,12,067,15,1
2020,12,069,0,1
2020,12,071,0,1
2020,12,073,0,1
2020,12,075,0,1
2020,12,077,18,1
2020,12,079,19,1
2020,12,081,0,1
2020,12,083,0,1
2020,12,085,13,1
2020,12,086,0,1
2020,12,087,0,1
2020,12,089,10,1
2020,12,091,0,1
2020,12,093,0,1
2020,12,095,0,1
2020,12,097,0,1
2020,12,099,0,1
2020,12,101,0,1
2020,12,103,0,1
2020,12,105,0,1
2020,12,107,0,1
2020,12,109,0,1
2020,12,111,0,1
2020,12,113,0,1
2020,12,115,0,1
2020,12,117,0,1
2020,12,119,0,1
2020,12,121,19,1
2020,12,123,0,1
2020,12,125,0,1
2020,12,127,0,1
2020,12,129,14,1
2020,12,131,0,1
2020,12,133,16,1
2020,13,001,0,1
2020,13,003,17,1
2020,13,005,0,1
2020,13,007,0,1
2020,13,009,0,1
2020,13,011,0,1
2020,13,013,0,1
2020,13,015,0,1
2020,13,017,0,1
2020,13,019,16,1
2020,13,021,0,1
2020,13,023,9,1
2020,13,025,17,1
2020,13,027,18,1
2020,13,029,0,1
2020,13,031,0,1
2020,13,033,16,1
2020,13,035,0,1
2020,13,037,0,1
2020,13,039,0,1
2020,13,043,0,1
2020,13,045,0,1
2020,13,047,0,1
2020,13,049,12,1
2020,13,051,18,1
2020,13,053,0,1
2020,13,055,0,1
2020,13,057,0,1
2020,13,059,0,1
2020,13,061,15,1
2020,13,063,0,1
2020,13,065,0,1
2020,13,067,0,1
2020,13,069,0,1
2020,13,071,12,1
2020,13,073,0,1
2020,13,075,0,1
2020,13,077,0,1
2020,13,079,13,1
2020,13,081,0,1
2020,13,083,16,1
2020,13,085,0,1
2020,13,087,0,1
2020,13,089,13,1
2020,13,091,0,1
2020,13,093,19,1
2020,13,095,0,1
2020,13,097,0,1
2020,13,099,14,1
2020,13,101,18,1
2020,13,103,12,1
2020,13,105,0,1
2020,13,107,13,1
2020,13,109,0,1
2020,13,111,0,1
2020,13,113,0,1
2020,13,115,0,1
2020,13,117,0,1
2020,13,119,0,1
2020,13,121,16,1
2020,13,123,0,1
2020,13,125,0,1
2020,13,127,0,1
2020,13,129,0,1
2020,13,131,0,1
2020,13,133,0,1
2020,13,135,0,1
2020,13,137,0,1
2020,13,139,0,1
2020,13,141,23,1
2020,13,143,0,1
2020,13,145,13,1
2020,13,147,10,1
2020,13,149,0,1
2020,13,151,0,1
2020,13,153,0,1
2020,13,155,0,1
2020,13,157,0,1
2020,13,159,12,1
2020,13,161,12,1
2020,13,163,14,1
2020,13,165,16,1
2020,13,167,19,1
2020,13,169,0,1
2020,13,171,0,1
2020,13,173,17,1
2020,13,175,0,1
2020,13,177,9,1
2020,13,179,12,1
2020,13,181,14,1
2020,13,183,15,1
2020,13,185,0,1
2020,13,187,0,1
2020,13,189,0,1
2020,13,191,15,1
2020,13,193,17,1
2020,13,195,0,1
2020,13,197,14,1
2020,13,199,17,1
2020,13,201,0,1
2020,13,205,13,1
2020,13,207,0,1
2020,13,209,17,1
2020,13,211,10,1
2020,13,213,0,1
2020,13,215,0,1
2020,13,217,0,1
2020,13,219,0,1
2020,13,221,0,1
2020,13,223,12,1
2020,13,225,15,1
2020,13,227,0,1
2020,13,229,0,1
2020,13,231,0,1
2020,13,233,0,1
2020,13,235,0,1
2020,13,237,0,1
2020,13,239,20,1
2020,13,241,0,1
2020,13,243,18,1
2020,13,245,0,1
2020,13,247,0,1
2020,13,249,18,1
2020,13,251,21,1
2020,13,253,0,1
2020,13,255,0,1
2020,13,257,0,1
2020,13,259,0,1
2020,13,261,0,1
2020,13,263,15,1
2020,13,265,19,1
2020,13,267,0,1
2020,13,269,18,1
2020,13,271,0,1
2020,13,273,16,1
2020,13,275,0,1
2020,13,277,0,1
2020,13,279,0,1
2020,13,281,0,1
2020,13,283,19,1
2020,13,285,0,1
2020,13,287,0,1
2020,13,289,21,1
2020,13,291,0,1
2020,13,293,0,1
2020,13,295,0,1
2020,13,297,0,1
2020,13,299,0,1
2020,13,301,19,1
2020,13,303,0,1
2020,13,305,0,1
2020,13,307,17,1
2020,13,309,19,1
2020,13,311,0,1
2020,13,313,0,1
2020,13,315,20,1
2020,13,317,0,1
2020,13,319,0,1
2020,13,321,0,1
2020,15,001,15,1
2020,15,003,12,1
2020,15,005,0,1
2020,15,007,14,1
2020,15,009,14,1
2020,16,001,0,1
2020,16,003,0,1
2020,16,005,0,1
2020,16,007,0,1
2020,16,009,0,1
2020,16,011,0,1
2020,16,013,8,1
2020,16,015,15,1
2020,16,017,0,1
2020,16,019,9,1
2020,16,021,0,1
2020,16,023,0,1
2020,16,025,10,1
2020,16,027,0,1
2020,16,029,0,1
2020,16,031,0,1
2020,16,033,9,1
2020,16,035,0,1
2020,16,037,18,1
2020,16,039,10,1
2020,16,041,9,1
2020,16,043,15,1
2020,16,045,0,1
2020,16,047,0,1
2020,16,049,0,1
2020,16,051,0,1
2020,16,053,0,1
2020,16,055,0,1
2020,16,057,0,1
2020,16,059,0,1
2020,16,061,0,1
2020,16,063,13,1
2020,16,065,0,1
2020,16,067,0,1
2020,16,069,0,1
2020,16,071,16,1
2020,16,073,16,1
2020,16,075,0,1
2020,16,077,0,1
2020,16,079,0,1
2020,16,081,14,1
2020,16,083,0,1
2020,16,085,15,1
2020,16,087,0,1
2020,17,001,0,1
2020,17,003,18,1
2020,17,005,0,1
2020,17,007,0,1
2020,17,009,9,1
2020,17,011,0,1
2020,17,013,9,1
2020,17,015,15,1
2020,17,017,16,1
2020,17,019,0,1
2020,17,021,0,1
2020,17,023,0,1
2020,17,025,13,1
2020,17,027,10,1
2020,17,029,0,1
2020,17,031,9,1
2020,17,031,10,1
2020,17,031,9,1
2020,17,031,14,1
2020,17,031,9,1
2020,17,031,11,1
2020,17,031,9,1
2020,17,031,14,1
2020,17,033,0,1
2020,17,035,0,1
2020,17,037,11,1
2020,17,039,11,1
2020,17,041,11,1
2020,17,043,0,1
2020,17,045,0,1
2020,17,047,0,1
2020,17,049,0,1
2020,17,051,0,1
2020,17,053,0,1
2020,17,055,0,1
2020,17,057,0,1
2020,17,059,15,1
2020,17,061,0,1
2020,17,063,0,1
2020,17,065,11,1
2020,17,067,0,1
2020,17,069,0,1
2020,17,071,0,1
2020,17,073,12,1
2020,17,075,0,1
2020,17,077,0,1
2020,17,079,0,1
2020,17,081,0,1
2020,17,083,0,1
2020,17,085,0,1
2020,17,087,12,1
2020,17,089,0,1
2020,17,091,0,1
2020,17,093,0,1
2020,17,095,0,1
2020,17,097,0,1
2020,17,099,0,1
2020,17,101,0,1
2020,17,103,0,1
2020,17,105,7,1
2020,17,107,0,1
2020,17,109,0,1
2020,17,111,0,1
2020,17,113,0,1
2020,17,115,0,1
2020,17,117,13,1
2020,17,119,7,1
2020,17,121,0,1
2020,17,123,11,1
2020,17,125,12,1
2020,17,127,0,1
2020,17,129,10,1
2020,17,131,7,1
2020,17,133,0,1
2020,17,135,0,1
2020,17,137,0,1
2020,17,139,7,1
2020,17,141,0,1
2020,17,143,0,1
2020,17,145,0,1
2020,17,147,0,1
2020,17,149,9,1
2020,17,151,14,1
2020,17,153,0,1
2020,17,155,0,1
2020,17,157,6,1
2020,17,159,0,1
2020,17,161,0,1
2020,17,163,14,1
2020,17,165,0,1
2020,17,167,0,1
2020,17,169,0,1
2020,17,171,0,1
2020,17,173,11,1
2020,17,175,0,1
2020,17,177,0,1
2020,17,179,0,1
2020,17,181,0,1
2020,17,183,8,1
2020,17,185,0,1
2020,17,187,0,1
2020,17,189,15,1
2020,17,191,0,1
2020,17,193,0,1
2020,17,195,0,1
2020,17,197,0,1
2020,17,199,0,1
2020,17,201,0,1
2020,17,203,8,1
2020,18,001,13,1
2020,18,003,5,1
2020,18,005,0,1
2020,18,007,15,1
2020,18,009,0,1
2020,18,011,0,1
2020,18,013,0,1
2020,18,015,13,1
2020,18,017,0,1
2020,18,019,0,1
2020,18,021,17,1
2020,18,023,9,1
2020,18,025,0,1
2020,18,027,7,1
2020,18,029,0,1
2020,18,031,0,1
2020,18,033,0,1
2020,18,035,0,1
2020,18,037,0,1
2020,18,039,0,1
2020,18,041,0,1
2020,18,043,0,1
2020,18,045,8,1
2020,18,047,0,1
2020,18,049,10,1
2020,18,051,0,1
2020,18,053,0,1
2020,18,055,13,1
2020,18,057,0,1
2020,18,059,0,1
2020,18,061,0,1
2020,18,063,0,1
2020,18,065,0,1
2020,18,067,0,1
2020,18,069,0,1
2020,18,071,0,1
2020,18,073,7,1
2020,18,075,15,1
2020,18,077,0,1
2020,18,079,0,1
2020,18,081,0,1
2020,18,083,0,1
2020,18,085,0,1
2020,18,087,8,1
2020,18,089,7,1
2020,18,089,12,1
2020,18,091,0,1
2020,18,093,0,1
2020,18,095,0,1
2020,18,097,6,1
2020,18,099,0,1
2020,18,101,8,1
2020,18,103,0,1
2020,18,105,0,1
2020,18,107,0,1
2020,18,109,14,1
2020,18,111,15,1
2020,18,113,5,1
2020,18,115,10,1
2020,18,117,0,1
2020,18,119,13,1
2020,18,121,0,1
2020,18,123,0,1
2020,18,125,0,1
2020,18,127,0,1
2020,18,129,7,1
2020,18,131,0,1
2020,18,133,7,1
2020,18,135,10,1
2020,18,137,0,1
2020,18,139,11,1
2020,18,141,0,1
2020,18,143,0,1
2020,18,145,0,1
2020,18,147,0,1
2020,18,149,0,1
2020,18,151,8,1
2020,18,153,11,1
2020,18,155,15,1
2020,18,157,0,1
2020,18,159,0,1
2020,18,161,0,1
2020,18,163,0,1
2020,18,165,11,1
2020,18,167,0,1
2020,18,169,0,1
2020,18,171,11,1
2020,18,173,0,1
2020,18,175,7,1
2020,18,177,0,1
2020,18,179,0,1
2020,18,181,12,1
2020,18,183,0,1
2020,19,001,9,1
2020,19,003,11,1
2020,19,005,0,1
2020,19,007,0,1
2020,19,009,9,1
2020,19,011,11,1
2020,19,013,0,1
2020,19,015,11,1
2020,19,017,0,1
2020,19,019,10,1
2020,19,021,9,1
2020,19,023,0,1
2020,19,025,12,1
2020,19,027,0,1
2020,19,029,0,1
2020,19,031,9,1
2020,19,033,0,1
2020,19,035,0,1
2020,19,037,0,1
2020,19,039,13,1
2020,19,041,0,1
2020,19,043,7,1
2020,19,045,0,1
2020,19,047,0,1
2020,19,049,0,1
2020,19,051,0,1
2020,19,053,0,1
2020,19,055,8,1
2020,19,057,0,1
2020,19,059,0,1
2020,19,061,0,1
2020,19,063,0,1
2020,19,065,11,1
2020,19,067,0,1
2020,19,069,0,1
2020,19,071,0,1
2020,19,073,0,1
2020,19,075,11,1
2020,19,077,0,1
2020,19,079,0,1
2020,19,081,0,1
2020,19,083,0,1
2020,19,085,0,1
2020,19,087,0,1
2020,19,089,0,1
2020,19,091,0,1
2020,19,093,7,1
2020,19,095,0,1
2020,19,097,8,1
2020,19,099,0,1
2020,19,101,0,1
2020,19,103,0,1
2020,19,105,0,1
2020,19,107,6,1
2020,19,109,0,1
2020,19,111,0,1
2020,19,113,0,1
2020,19,115,0,1
2020,19,117,12,1
2020,19,119,6,1
2020,19,121,0,1
2020,19,123,0,1
2020,19,125,0,1
2020,19,127,0,1
2020,19,129,0,1
2020,19,131,10,1
2020,19,133,0,1
2020,19,135,0,1
2020,19,137,0,1
2020,19,139,0,1
2020,19,141,0,1
2020,19,143,0,1
2020,19,145,0,1
2020,19,147,10,1
2020,19,149,0,1
2020,19,151,14,1
2020,19,153,0,1
2020,19,155,11,1
2020,19,157,11,1
2020,19,159,0,1
2020,19,161,14,1
2020,19,163,0,1
2020,19,165,0,1
2020,19,167,0,1
2020,19,169,0,1
2020,19,171,0,1
2020,19,173,12,1
2020,19,175,0,1
2020,19,177,0,1
2020,19,179,0,1
2020,19,181,0,1
2020,19,183,0,1
2020,19,185,0,1
2020,19,187,0,1
2020,19,189,0,1
2020,19,191,0,1
2020,19,193,0,1
2020,19,195,0,1
2020,19,197,0,1
2020,20,001,0,1
2020,20,003,0,1
2020,20,005,0,1
2020,20,007,0,1
2020,20,009,0,1
2020,20,011,0,1
2020,20,013,0,1
2020,20,015,0,1
2020,20,017,14,1
2020,20,019,14,1
2020,20,021,0,1
2020,20,023,0,1
2020,20,025,0,1
2020,20,027,0,1
2020,20,029,0,1
2020,20,031,0,1
2020,20,033,0,1
2020,20,035,0,1
2020,20,037,0,1
2020,20,039,0,1
2020,20,041,0,1
2020,20,043,0,1
2020,20,045,0,1
2020,20,047,0,1
2020,20,049,0,1
2020,20,051,0,1
2020,20,053,0,1
2020,20,055,0,1
2020,20,057,0,1
2020,20,059,0,1
2020,20,061,0,1
2020,20,063,0,1
2020,20,065,0,1
2020,20,067,0,1
2020,20,069,11,1
2020,20,071,0,1
2020,20,073,0,1
2020,20,075,13,1
2020,20,077,0,1
2020,20,079,0,1
2020,20,081,6,1
2020,20,083,12,1
2020,20,085,0,1
2020,20,087,8,1
2020,20,089,13,1
2020,20,091,0,1
2020,20,093,0,1
2020,20,095,0,1
2020,20,097,0,1
2020,20,099,0,1
2020,20,101,0,1
2020,20,103,0,1
2020,20,105,0,1
2020,20,107,11,1
2020,20,109,0,1
2020,20,111,0,1
2020,20,113,0,1
2020,20,115,10,1
2020,20,117,0,1
2020,20,119,0,1
2020,20,121,0,1
2020,20,123,0,1
2020,20,125,0,1
2020,20,127,0,1
2020,20,129,0,1
2020,20,131,0,1
2020,20,133,15,1
2020,20,135,0,1
2020,20,137,0,1
2020,20,139,13,1
2020,20,141,0,1
2020,20,143,0,1
2020,20,145,0,1
2020,20,147,11,1
2020,20,149,0,1
2020,20,151,0,1
2020,20,153,0,1
2020,20,155,0,1
2020,20,157,0,1
2020,20,159,0,1
2020,20,161,0,1
2020,20,163,0,1
2020,20,165,0,1
2020,20,167,0,1
2020,20,169,0,1
2020,20,171,0,1
2020,20,173,0,1
2020,20,175,0,1
2020,20,177,0,1
2020,20,179,0,1
2020,20,181,0,1
2020,20,183,0,1
2020,20,185,11,1
2020,20,187,0,1
2020,20,189,9,1
2020,20,191,0,1
2020,20,193,0,1
2020,20,195,0,1
2020,20,197,11,1
2020,20,199,11,1
2020,20,201,0,1
2020,20,203,0,1
2020,20,205,0,1
2020,20,207,6,1
2020,20,209,0,1
2020,21,001,0,1
2020,21,003,0,1
2020,21,005,0,1
2020,21,007,0,1
2020,21,009,0,1
2020,21,011,0,1
2020,21,013,13,1
2020,21,015,0,1
2020,21,017,0,1
2020,21,019,0,1
2020,21,021,0,1
2020,21,023,12,1
2020,21,025,13,1
2020,21,027,0,1
2020,21,029,0,1
2020,21,031,15,1
2020,21,033,0,1
2020,21,035,0,1
2020,21,037,12,1
2020,21,039,10,1
2020,21,041,0,1
2020,21,043,0,1
2020,21,045,18,1
2020,21,047,0,1
2020,21,049,0,1
2020,21,051,16,1
2020,21,053,0,1
2020,21,055,10,1
2020,21,057,12,1
2020,21,059,0,1
2020,21,061,13,1
2020,21,063,19,1
2020,21,065,0,1
2020,21,067,0,1
2020,21,069,10,1
2020,21,071,0,1
2020,21,073,0,1
2020,21,075,13,1
2020,21,077,0,1
2020,21,079,0,1
2020,21,081,0,1
2020,21,083,0,1
2020,21,085,0,1
2020,21,087,12,1
2020,21,089,0,1
2020,21,091,17,1
2020,21,093,0,1
2020,21,095,18,1
2020,21,097,0,1
2020,21,099,10,1
2020,21,101,0,1
2020,21,103,0,1
2020,21,105,17,1
2020,21,107,0,1
2020,21,109,15,1
2020,21,111,12,1
2020,21,111,15,1
2020,21,113,0,1
2020,21,115,0,1
2020,21,117,0,1
2020,21,119,0,1
2020,21,121,11,1
2020,21,123,0,1
2020,21,125,0,1
2020,21,127,0,1
2020,21,129,0,1
2020,21,131,13,1
2020,21,133,0,1
2020,21,135,10,1
2020,21,137,16,1
2020,21,139,0,1
2020,21,141,0,1
2020,21,143,0,1
2020,21,145,12,1
2020,21,147,19,1
2020,21,149,18,1
2020,21,151,0,1
2020,21,153,0,1
2020,21,155,0,1
2020,21,157,8,1
2020,21,159,0,1
2020,21,161,0,1
2020,21,163,11,1
2020,21,165,17,1
2020,21,167,8,1
2020,21,169,17,1
2020,21,171,0,1
2020,21,173,0,1
2020,21,175,8,1
2020,21,177,0,1
2020,21,179,0,1
2020,21,181,14,1
2020,21,183,13,1
2020,21,185,0,1
2020,21,187,9,1
2020,21,189,0,1
2020,21,191,9,1
2020,21,193,0,1
2020,21,195,17,1
2020,21,197,0,1
2020,21,199,0,1
2020,21,201,0,1
2020,21,203,0,1
2020,21,205,0,1
2020,21,207,0,1
2020,21,209,0,1
2020,21,211,0,1
2020,21,213,9,1
2020,21,215,0,1
2020,21,217,0,1
2020,21,219,13,1
2020,21,221,12,1
2020,21,223,9,1
2020,21,225,15,1
2020,21,227,0,1
2020,21,229,12,1
2020,21,231,16,1
2020,21,233,0,1
2020,21,235,0,1
2020,21,237,13,1
2020,21,239,0,1
2020,22,001,0,1
2020,22,003,11,1
2020,22,005,12,1
2020,22,007,18,1
2020,22,009,19,1
2020,22,011,0,1
2020,22,013,17,1
2020,22,015,0,1
2020,22,017,0,1
2020,22,019,6,1
2020,22,019,16,1
2020,22,021,13,1
2020,22,023,15,1
2020,22,025,20,1
2020,22,027,16,1
2020,22,029,15,1
2020,22,031,20,1
2020,22,033,23,1
2020,22,033,14,1
2020,22,033,19,1
2020,22,035,0,1
2020,22,037,14,1
2020,22,039,0,1
2020,22,041,18,1
2020,22,043,13,1
2020,22,045,0,1
2020,22,047,14,1
2020,22,049,19,1
2020,22,051,14,1
2020,22,051,12,1
2020,22,051,13,1
2020,22,053,0,1
2020,22,055,0,1
2020,22,057,0,1
2020,22,059,0,1
2020,22,061,0,1
2020,22,063,10,1
2020,22,065,19,1
2020,22,067,0,1
2020,22,069,0,1
2020,22,071,0,1
2020,22,073,0,1
2020,22,075,9,1
2020,22,077,12,1
2020,22,079,0,1
2020,22,081,0,1
2020,22,083,0,1
2020,22,085,19,1
2020,22,087,12,1
2020,22,089,0,1
2020,22,091,15,1
2020,22,093,12,1
2020,22,095,0,1
2020,22,097,0,1
2020,22,099,16,1
2020,22,101,12,1
2020,22,103,11,1
2020,22,105,0,1
2020,22,107,20,1
2020,22,109,0,1
2020,22,111,18,1
2020,22,113,17,1
2020,22,115,12,1
2020,22,117,0,1
2020,22,119,14,1
2020,22,121,0,1
2020,22,123,9,1
2020,22,125,0,1
2020,22,127,15,1
2020,23,001,0,1
2020,23,003,9,1
2020,23,003,10,1
2020,23,003,12,1
2020,23,003,12,1
2020,23,005,0,1
2020,23,007,0,1
2020,23,009,0,1
2020,23,011,0,1
2020,23,013,11,1
2020,23,015,0,1
2020,23,017,14,1
2020,23,019,11,1
2020,23,019,14,1
2020,23,021,19,1
2020,23,023,0,1
2020,23,025,8,1
2020,23,027,0,1
2020,23,029,12,1
2020,23,029,16,1
2020,23,031,10,1
2020,24,001,0,1
2020,24,003,0,1
2020,24,005,0,1
2020,24,009,12,1
2020,24,011,0,1
2020,24,013,0,1
2020,24,015,0,1
2020,24,017,13,1
2020,24,019,0,1
2020,24,021,0,1
2020,24,023,0,1
2020,24,025,10,1
2020,24,027,0,1
2020,24,029,0,1
2020,24,031,0,1
2020,24,033,6,1
2020,24,033,12,1
2020,24,035,0,1
2020,24,037,8,1
2020,24,039,0,1
2020,24,041,0,1
2020,24,043,0,1
2020,24,045,0,1
2020,24,047,0,1
2020,24,510,14,1
2020,25,001,0,1
2020,25,003,5,1
2020,25,005,0,1
2020,25,007,12,1
2020,25,009,0,1
2020,25,011,0,1
2020,25,013,8,1
2020,25,015,0,1
2020,25,017,0,1
2020,25,019,13,1
2020,25,021,0,1
2020,25,023,0,1
2020,25,025,0,1
2020,25,027,11,1
2020,26,001,0,1
2020,26,003,0,1
2020,26,005,8,1
2020,26,007,0,1
2020,26,009,12,1
2020,26,011,0,1
2020,26,013,0,1
2020,26,015,9,1
2020,26,017,0,1
2020,26,019,0,1
2020,26,021,0,1
2020,26,023,0,1
2020,26,025,0,1
2020,26,027,0,1
2020,26,029,7,1
2020,26,031,0,1
2020,26,033,0,1
2020,26,035,11,1
2020,26,037,0,1
2020,26,039,0,1
2020,26,041,0,1
2020,26,043,0,1
2020,26,045,0,1
2020,26,047,0,1
2020,26,049,0,1
2020,26,051,13,1
2020,26,053,0,1
2020,26,055,0,1
2020,26,057,0,1
2020,26,059,7,1
2020,26,061,0,1
2020,26,063,0,1
2020,26,065,0,1
2020,26,067,0,1
2020,26,069,0,1
2020,26,071,0,1
2020,26,073,0,1
2020,26,075,0,1
2020,26,077,0,1
2020,26,079,0,1
2020,26,081,0,1
2020,26,083,0,1
2020,26,085,17,1
2020,26,087,0,1
2020,26,089,0,1
2020,26,091,0,1
2020,26,093,0,1
2020,26,095,0,1
2020,26,097,15,1
2020,26,099,0,1
2020,26,101,0,1
2020,26,103,14,1
2020,26,105,0,1
2020,26,107,0,1
2020,26,109,11,1
2020,26,111,0,1
2020,26,113,0,1
2020,26,115,0,1
2020,26,117,0,1
2020,26,119,0,1
2020,26,121,0,1
2020,26,123,0,1
2020,26,125,0,1
2020,26,127,17,1
2020,26,129,0,1
2020,26,131,0,1
2020,26,133,0,1
2020,26,135,19,1
2020,26,137,0,1
2020,26,139,0,1
2020,26,141,12,1
2020,26,143,0,1
2020,26,145,16,1
2020,26,147,0,1
2020,26,149,0,1
2020,26,151,0,1
2020,26,153,0,1
2020,26,155,0,1
2020,26,157,9,1
2020,26,159,11,1
2020,26,161,0,1
2020,26,163,16,1
2020,26,163,20,1
2020,26,163,17,1
2020,26,163,18,1
2020,26,163,19,1
2020,26,165,0,1
2020,27,001,0,1
2020,27,003,0,1
2020,27,005,0,1
2020,27,007,6,1
2020,27,009,0,1
2020,27,011,0,1
2020,27,013,0,1
2020,27,015,0,1
2020,27,017,0,1
2020,27,019,0,1
2020,27,021,0,1
2020,27,023,0,1
2020,27,025,0,1
2020,27,027,10,1
2020,27,029,14,1
2020,27,031,0,1
2020,27,033,8,1
2020,27,035,0,1
2020,27,037,0,1
2020,27,039,0,1
2020,27,041,0,1
2020,27,043,14,1
2020,27,045,10,1
2020,27,047,0,1
2020,27,049,0,1
2020,27,051,8,1
2020,27,053,0,1
2020,27,055,0,1
2020,27,057,0,1
2020,27,059,0,1
2020,27,061,0,1
2020,27,063,11,1
2020,27,065,6,1
2020,27,067,0,1
2020,27,069,15,1
2020,27,071,0,1
2020,27,073,0,1
2020,27,075,0,1
2020,27,077,13,1
2020,27,079,0,1
2020,27,081,9,1
2020,27,083,16,1
2020,27,085,0,1
2020,27,087,17,1
2020,27,089,15,1
2020,27,091,11,1
2020,27,093,0,1
2020,27,095,0,1
2020,27,097,0,1
2020,27,099,0,1
2020,27,101,15,1
2020,27,103,0,1
2020,27,105,0,1
2020,27,107,16,1
2020,27,109,0,1
2020,27,111,12,1
2020,27,113,0,1
2020,27,115,0,1
2020,27,117,0,1
2020,27,119,0,1
2020,27,121,6,1
2020,27,123,0,1
2020,27,125,0,1
2020,27,127,10,1
2020,27,129,16,1
2020,27,131,0,1
2020,27,133,0,1
2020,27,135,15,1
2020,27,135,9,1
2020,27,137,13,1
2020,27,137,11,1
2020,27,137,14,1
2020,27,139,0,1
2020,27,141,0,1
2020,27,143,14,1
2020,27,145,9,1
2020,27,147,0,1
2020,27,149,0,1
2020,27,151,0,1
2020,27,153,0,1
2020,27,155,0,1
2020,27,157,8,1
2020,27,159,12,1
2020,27,161,0,1
2020,27,163,0,1
2020,27,165,7,1
2020,27,167,0,1
2020,27,169,11,1
2020,27,171,0,1
2020,27,173,0,1
2020,28,001,0,1
2020,28,003,0,1
2020,28,005,19,1
2020,28,007,0,1
2020,28,009,22,1
2020,28,011,17,1
2020,28,013,19,1
2020,28,015,21,1
2020,28,017,18,1
2020,28,019,0,1
2020,28,021,22,1
2020,28,023,16,1
2020,28,025,14,1
2020,28,027,0,1
2020,28,029,18,1
2020,28,031,17,1
2020,28,033,0,1
2020,28,035,0,1
2020,28,037,0,1
2020,28,039,0,1
2020,28,041,17,1
2020,28,043,0,1
2020,28,045,9,1
2020,28,047,0,1
2020,28,049,0,1
2020,28,051,20,1
2020,28,053,24,1
2020,28,055,0,1
2020,28,057,0,1
2020,28,059,0,1
2020,28,061,19,1
2020,28,063,21,1
2020,28,065,23,1
2020,28,067,0,1
2020,28,069,22,1
2020,28,071,0,1
2020,28,073,14,1
2020,28,075,0,1
2020,28,077,18,1
2020,28,079,20,1
2020,28,081,0,1
2020,28,083,16,1
2020,28,085,0,1
2020,28,087,0,1
2020,28,089,0,1
2020,28,091,19,1
2020,28,093,15,1
2020,28,095,18,1
2020,28,097,22,1
2020,28,099,18,1
2020,28,101,19,1
2020,28,103,17,1
2020,28,105,0,1
2020,28,107,19,1
2020,28,109,12,1
2020,28,111,16,1
2020,28,113,16,1
2020,28,115,0,1
2020,28,117,12,1
2020,28,119,23,1
2020,28,121,0,1
2020,28,123,17,1
2020,28,125,21,1
2020,28,127,0,1
2020,28,129,20,1
2020,28,131,0,1
2020,28,133,17,1
2020,28,135,22,1
2020,28,137,13,1
2020,28,139,21,1
2020,28,141,9,1
2020,28,143,21,1
2020,28,145,0,1
2020,28,147,15,1
2020,28,149,0,1
2020,28,151,21,1
2020,28,153,13,1
2020,28,155,13,1
2020,28,157,15,1
2020,28,159,22,1
2020,28,161,17,1
2020,28,163,20,1
2020,29,001,0,1
2020,29,003,0,1
2020,29,005,0,1
2020,29,007,0,1
2020,29,009,0,1
2020,29,011,0,1
2020,29,013,0,1
2020,29,015,0,1
2020,29,017,0,1
2020,29,019,0,1
2020,29,021,0,1
2020,29,023,0,1
2020,29,025,0,1
2020,29,027,0,1
2020,29,029,0,1
2020,29,031,0,1
2020,29,033,0,1
2020,29,035,0,1
2020,29,037,0,1
2020,29,039,0,1
2020,29,041,10,1
2020,29,043,0,1
2020,29,045,0,1
2020,29,047,0,1
2020,29,049,0,1
2020,29,051,0,1
2020,29,053,0,1
2020,29,055,0,1
2020,29,057,0,1
2020,29,059,0,1
2020,29,061,12,1
2020,29,063,0,1
2020,29,065,0,1
2020,29,067,0,1
2020,29,069,0,1
2020,29,071,0,1
2020,29,073,0,1
2020,29,075,0,1
2020,29,077,0,1
2020,29,079,0,1
2020,29,081,0,1
2020,29,083,0,1
2020,29,085,16,1
2020,29,087,10,1
2020,29,089,0,1
2020,29,091,0,1
2020,29,093,14,1
2020,29,095,0,1
2020,29,097,0,1
2020,29,099,0,1
2020,29,101,0,1
2020,29,103,0,1
2020,29,105,0,1
2020,29,107,0,1
2020,29,109,0,1
2020,29,111,11,1
2020,29,113,0,1
2020,29,115,0,1
2020,29,117,0,1
2020,29,119,0,1
2020,29,121,0,1
2020,29,123,0,1
2020,29,125,0,1
2020,29,127,0,1
2020,29,129,12,1
2020,29,131,0,1
2020,29,133,0,1
2020,29,135,0,1
2020,29,137,0,1
2020,29,139,0,1
2020,29,141,0,1
2020,29,143,0,1
2020,29,145,0,1
2020,29,147,0,1
2020,29,149,0,1
2020,29,151,0,1
2020,29,153,0,1
2020,29,155,0,1
2020,29,157,0,1
2020,29,159,0,1
2020,29,161,0,1
2020,29,163,0,1
2020,29,165,0,1
2020,29,167,0,1
2020,29,169,0,1
2020,29,171,0,1
2020,29,173,0,1
2020,29,175,0,1
2020,29,177,0,1
2020,29,179,0,1
2020,29,181,0,1
2020,29,183,0,1
2020,29,185,0,1
2020,29,186,0,1
2020,29,187,0,1
2020,29,189,0,1
2020,29,195,0,1
2020,29,197,0,1
2020,29,199,0,1
2020,29,201,0,1
2020,29,203,0,1
2020,29,205,17,1
2020,29,207,0,1
2020,29,209,0,1
2020,29,211,0,1
2020,29,213,0,1
2020,29,215,0,1
2020,29,217,0,1
2020,29,219,0,1
2020,29,221,0,1
2020,29,223,0,1
2020,29,225,0,1
2020,29,227,0,1
2020,29,229,0,1
2020,29,510,0,1
2020,30,001,0,1
2020,30,003,0,1
2020,30,005,0,1
2020,30,007,0,1
2020,30,009,0,1
2020,30,011,9,1
2020,30,013,0,1
2020,30,015,19,1
2020,30,017,0,1
2020,30,019,9,1
2020,30,021,0,1
2020,30,023,0,1
2020,30,025,16,1
2020,30,027,0,1
2020,30,029,0,1
2020,30,031,0,1
2020,30,033,9,1
2020,30,035,0,1
2020,30,037,9,1
2020,30,039,18,1
2020,30,041,14,1
2020,30,043,11,1
2020,30,045,13,1
2020,30,047,0,1
2020,30,049,14,1
2020,30,049,16,1
2020,30,051,19,1
2020,30,053,0,1
2020,30,055,11,1
2020,30,057,0,1
2020,30,059,0,1
2020,30,061,17,1
2020,30,063,0,1
2020,30,065,17,1
2020,30,067,0,1
2020,30,069,7,1
2020,30,071,17,1
2020,30,073,0,1
2020,30,075,11,1
2020,30,077,0,1
2020,30,079,9,1
2020,30,081,0,1
2020,30,083,0,1
2020,30,085,0,1
2020,30,087,17,1
2020,30,089,0,1
2020,30,091,0,1
2020,30,093,0,1
2020,30,095,10,1
2020,30,097,7,1
2020,30,099,16,1
2020,30,101,0,1
2020,30,103,8,1
2020,30,105,0,1
2020,30,107,0,1
2020,30,109,0,1
2020,30,111,0,1
2020,31,001,0,1
2020,31,003,0,1
2020,31,005,0,1
2020,31,007,5,1
2020,31,009,8,1
2020,31,011,0,1
2020,31,013,0,1
2020,31,015,0,1
2020,31,017,0,1
2020,31,019,0,1
2020,31,021,0,1
2020,31,023,0,1
2020,31,025,0,1
2020,31,027,0,1
2020,31,029,0,1
2020,31,031,0,1
2020,31,033,0,1
2020,31,035,0,1
2020,31,037,0,1
2020,31,039,0,1
2020,31,041,0,1
2020,31,043,0,1
2020,31,045,0,1
2020,31,047,0,1
2020,31,049,0,1
2020,31,051,0,1
2020,31,053,0,1
2020,31,055,0,1
2020,31,057,0,1
2020,31,059,0,1
2020,31,061,0,1
2020,31,063,15,1
2020,31,065,0,1
2020,31,067,0,1
2020,31,069,9,1
2020,31,071,0,1
2020,31,073,0,1
2020,31,075,0,1
2020,31,077,0,1
2020,31,079,0,1
2020,31,081,0,1
2020,31,083,0,1
2020,31,085,9,1
2020,31,087,15,1
2020,31,089,0,1
2020,31,091,0,1
2020,31,093,0,1
2020,31,095,0,1
2020,31,097,0,1
2020,31,099,0,1
2020,31,101,13,1
2020,31,103,8,1
2020,31,105,0,1
2020,31,107,0,1
2020,31,109,0,1
2020,31,111,0,1
2020,31,113,5,1
2020,31,115,0,1
2020,31,117,0,1
2020,31,119,0,1
2020,31,121,0,1
2020,31,123,0,1
2020,31,125,0,1
2020,31,127,0,1
2020,31,129,0,1
2020,31,131,0,1
2020,31,133,0,1
2020,31,135,0,1
2020,31,137,0,1
2020,31,139,0,1
2020,31,141,0,1
2020,31,143,0,1
2020,31,145,0,1
2020,31,147,0,1
2020,31,149,0,1
2020,31,151,0,1
2020,31,153,0,1
2020,31,155,0,1
2020,31,157,0,1
2020,31,159,0,1
2020,31,161,0,1
2020,31,163,0,1
2020,31,165,0,1
2020,31,167,0,1
2020,31,169,0,1
2020,31,171,0,1
2020,31,173,0,1
2020,31,175,0,1
2020,31,177,0,1
2020,31,179,0,1
2020,31,181,0,1
2020,31,183,0,1
2020,31,185,0,1
2020,32,001,0,1
2020,32,003,7,1
2020,32,003,14,1
2020,32,003,16,1
2020,32,003,16,1
2020,32,005,17,1
2020,32,007,13,1
2020,32,007,16,1
2020,32,007,18,1
2020,32,009,11,1
2020,32,011,12,1
2020,32,013,0,1
2020,32,015,15,1
2020,32,017,16,1
2020,32,019,0,1
2020,32,021,15,1
2020,32,023,0,1
2020,32,027,0,1
2020,32,029,14,1
2020,32,031,9,1
2020,32,031,17,1
2020,32,033,0,1
2020,32,510,0,1
2020,33,001,0,1
2020,33,003,5,1
2020,33,005,0,1
2020,33,007,0,1
2020,33,009,0,1
2020,33,011,9,1
2020,33,013,0,1
2020,33,015,0,1
2020,33,017,0,1
2020,33,019,0,1
2020,34,001,0,1
2020,34,003,0,1
2020,34,005,0,1
2020,34,007,0,1
2020,34,009,0,1
2020,34,011,0,1
2020,34,013,0,1
2020,34,015,0,1
2020,34,017,0,1
2020,34,019,0,1
2020,34,021,0,1
2020,34,023,0,1
2020,34,025,0,1
2020,34,027,0,1
2020,34,029,0,1
2020,34,031,0,1
2020,34,033,0,1
2020,34,035,0,1
2020,34,037,0,1
2020,34,039,0,1
2020,34,041,0,1
2020,35,001,0,1
2020,35,003,21,1
2020,35,005,16,1
2020,35,006,17,1
2020,35,007,21,1
2020,35,009,0,1
2020,35,011,13,1
2020,35,013,18,1
2020,35,013,17,1
2020,35,015,0,1
2020,35,017,0,1
2020,35,019,19,1
2020,35,021,8,1
2020,35,023,18,1
2020,35,025,17,1
2020,35,027,14,1
2020,35,028,0,1
2020,35,029,0,1
2020,35,031,19,1
2020,35,033,19,1
2020,35,035,0,1
2020,35,037,19,1
2020,35,039,18,1
2020,35,041,16,1
2020,35,043,16,1
2020,35,043,20,1
2020,35,045,16,1
2020,35,047,0,1
2020,35,049,17,1
2020,35,051,16,1
2020,35,053,19,1
2020,35,055,0,1
2020,35,057,21,1
2020,35,059,15,1
2020,35,061,17,1
2020,36,001,0,1
2020,36,003,0,1
2020,36,005,0,1
2020,36,007,0,1
2020,36,009,8,1
2020,36,011,0,1
2020,36,013,0,1
2020,36,015,0,1
2020,36,017,0,1
2020,36,019,0,1
2020,36,021,0,1
2020,36,023,0,1
2020,36,025,9,1
2020,36,027,0,1
2020,36,029,12,1
2020,36,031,0,1
2020,36,033,0,1
2020,36,035,0,1
2020,36,037,0,1
2020,36,039,0,1
2020,36,041,11,1
2020,36,041,12,1
2020,36,043,0,1
2020,36,045,0,1
2020,36,047,0,1
2020,36,049,0,1
2020,36,051,0,1
2020,36,053,0,1
2020,36,055,0,1
2020,36,057,0,1
2020,36,059,0,1
2020,36,061,0,1
2020,36,063,15,1
2020,36,065,0,1
2020,36,067,0,1
2020,36,069,0,1
2020,36,071,0,1
2020,36,073,0,1
2020,36,075,0,1
2020,36,077,0,1
2020,36,079,0,1
2020,36,081,0,1
2020,36,083,0,1
2020,36,085,0,1
2020,36,087,0,1
2020,36,089,0,1
2020,36,091,0,1
2020,36,093,0,1
2020,36,095,0,1
2020,36,097,0,1
2020,36,099,0,1
2020,36,101,0,1
2020,36,103,0,1
2020,36,105,9,1
2020,36,107,0,1
2020,36,109,0,1
2020,36,111,0,1
2020,36,113,0,1
2020,36,115,0,1
2020,36,117,0,1
2020,36,119,0,1
2020,36,121,0,1
2020,36,123,0,1
2020,37,001,0,1
2020,37,003,0,1
2020,37,005,0,1
2020,37,007,17,1
2020,37,009,0,1
2020,37,011,0,1
2020,37,013,0,1
2020,37,015,0,1
2020,37,017,0,1
2020,37,019,0,1
2020,37,021,0,1
2020,37,023,0,1
2020,37,025,0,1
2020,37,027,0,1
2020,37,029,16,1
2020,37,031,0,1
2020,37,033,15,1
2020,37,035,0,1
2020,37,037,0,1
2020,37,039,0,1
2020,37,041,0,1
2020,37,043,0,1
2020,37,045,0,1
2020,37,047,0,1
2020,37,049,0,1
2020,37,051,0,1
2020,37,053,15,1
2020,37,055,11,1
2020,37,057,0,1
2020,37,059,0,1
2020,37,061,0,1
2020,37,063,0,1
2020,37,065,0,1
2020,37,067,0,1
2020,37,069,0,1
2020,37,071,0,1
2020,37,073,16,1
2020,37,075,15,1
2020,37,077,0,1
2020,37,079,0,1
2020,37,081,0,1
2020,37,083,13,1
2020,37,085,11,1
2020,37,087,0,1
2020,37,089,0,1
2020,37,091,0,1
2020,37,093,11,1
2020,37,095,13,1
2020,37,097,0,1
2020,37,099,0,1
2020,37,101,10,1
2020,37,103,0,1
2020,37,105,0,1
2020,37,107,0,1
2020,37,109,0,1
2020,37,111,0,1
2020,37,113,0,1
2020,37,115,0,1
2020,37,117,0,1
2020,37,119,0,1
2020,37,121,0,1
2020,37,123,17,1
2020,37,125,0,1
2020,37,127,0,1
2020,37,129,0,1
2020,37,131,17,1
2020,37,133,9,1
2020,37,135,0,1
2020,37,137,0,1
2020,37,139,0,1
2020,37,141,0,1
2020,37,143,0,1
2020,37,145,7,1
2020,37,147,0,1
2020,37,149,0,1
2020,37,151,0,1
2020,37,153,0,1
2020,37,155,16,1
2020,37,157,0,1
2020,37,159,0,1
2020,37,161,0,1
2020,37,163,0,1
2020,37,165,0,1
2020,37,167,0,1
2020,37,169,12,1
2020,37,171,0,1
2020,37,173,0,1
2020,37,175,0,1
2020,37,177,18,1
2020,37,179,0,1
2020,37,181,0,1
2020,37,183,0,1
2020,37,185,0,1
2020,37,187,14,1
2020,37,189,0,1
2020,37,191,0,1
2020,37,193,0,1
2020,37,195,9,1
2020,37,197,0,1
2020,37,199,0,1
2020,38,001,0,1
2020,38,003,11,1
2020,38,005,17,1
2020,38,007,5,1
2020,38,009,13,1
2020,38,011,9,1
2020,38,013,16,1
2020,38,015,0,1
2020,38,017,0,1
2020,38,019,15,1
2020,38,021,9,1
2020,38,023,13,1
2020,38,025,14,1
2020,38,027,0,1
2020,38,029,15,1
2020,38,031,14,1
2020,38,033,11,1
2020,38,035,0,1
2020,38,037,9,1
2020,38,039,13,1
2020,38,041,12,1
2020,38,043,14,1
2020,38,045,14,1
2020,38,047,11,1
2020,38,049,14,1
2020,38,051,15,1
2020,38,053,15,1
2020,38,055,15,1
2020,38,057,12,1
2020,38,059,13,1
2020,38,061,15,1
2020,38,063,13,1
2020,38,065,9,1
2020,38,067,13,1
2020,38,069,0,1
2020,38,071,0,1
2020,38,073,14,1
2020,38,075,13,1
2020,38,077,15,1
2020,38,079,20,1
2020,38,081,15,1
2020,38,083,10,1
2020,38,085,23,1
2020,38,087,7,1
2020,38,089,14,1
2020,38,091,11,1
2020,38,091,15,1
2020,38,093,8,1
2020,38,095,13,1
2020,38,097,0,1
2020,38,099,0,1
2020,38,101,11,1
2020,38,103,13,1
2020,38,105,9,1
2020,39,001,0,1
2020,39,003,20,1
2020,39,005,11,1
2020,39,007,8,1
2020,39,009,0,1
2020,39,011,4,1
2020,39,013,0,1
2020,39,015,7,1
2020,39,017,0,1
2020,39,019,13,1
2020,39,021,11,1
2020,39,023,18,1
2020,39,025,0,1
2020,39,027,0,1
2020,39,029,0,1
2020,39,031,0,1
2020,39,033,0,1
2020,39,035,17,1
2020,39,035,16,1
2020,39,035,19,1
2020,39,035,15,1
2020,39,035,17,1
2020,39,035,10,1
2020,39,035,16,1
2020,39,037,0,1
2020,39,039,0,1
2020,39,041,0,1
2020,39,043,0,1
2020,39,045,0,1
2020,39,047,0,1
2020,39,049,0,1
2020,39,051,0,1
2020,39,053,0,1
2020,39,055,0,1
2020,39,057,0,1
2020,39,059,0,1
2020,39,061,19,1
2020,39,061,17,1
2020,39,063,0,1
2020,39,065,8,1
2020,39,067,11,1
2020,39,069,0,1
2020,39,071,0,1
2020,39,073,12,1
2020,39,075,8,1
2020,39,077,0,1
2020,39,079,0,1
2020,39,081,0,1
2020,39,083,0,1
2020,39,085,14,1
2020,39,087,0,1
2020,39,089,7,1
2020,39,091,0,1
2020,39,093,0,1
2020,39,095,16,1
2020,39,095,17,1
2020,39,095,18,1
2020,39,097,0,1
2020,39,099,19,1
2020,39,099,19,1
2020,39,101,0,1
2020,39,103,0,1
2020,39,105,0,1
2020,39,107,0,1
2020,39,109,0,1
2020,39,111,13,1
2020,39,113,0,1
2020,39,115,0,1
2020,39,117,10,1
2020,39,119,0,1
2020,39,121,0,1
2020,39,123,0,1
2020,39,125,7,1
2020,39,127,11,1
2020,39,129,4,1
2020,39,131,0,1
2020,39,133,0,1
2020,39,135,10,1
2020,39,137,0,1
2020,39,139,0,1
2020,39,141,0,1
2020,39,143,0,1
2020,39,145,0,1
2020,39,147,5,1
2020,39,149,0,1
2020,39,151,17,1
2020,39,153,19,1
2020,39,155,15,1
2020,39,157,9,1
2020,39,159,0,1
2020,39,161,5,1
2020,39,163,0,1
2020,39,165,0,1
2020,39,167,17,1
2020,39,169,0,1
2020,39,171,0,1
2020,39,173,0,1
2020,39,175,0,1
2020,40,001,0,1
2020,40,003,9,1
2020,40,005,18,1
2020,40,007,0,1
2020,40,009,0,1
2020,40,011,0,1
2020,40,013,0,1
2020,40,015,12,1
2020,40,017,0,1
2020,40,019,11,1
2020,40,021,0,1
2020,40,023,0,1
2020,40,025,0,1
2020,40,027,0,1
2020,40,029,18,1
2020,40,031,0,1
2020,40,033,0,1
2020,40,035,0,1
2020,40,037,0,1
2020,40,039,0,1
2020,40,041,0,1
2020,40,043,12,1
2020,40,045,0,1
2020,40,047,0,1
2020,40,049,0,1
2020,40,051,0,1
2020,40,053,12,1
2020,40,055,0,1
2020,40,057,0,1
2020,40,059,16,1
2020,40,061,0,1
2020,40,063,13,1
2020,40,065,0,1
2020,40,067,0,1
2020,40,069,12,1
2020,40,071,0,1
2020,40,073,0,1
2020,40,075,0,1
2020,40,077,0,1
2020,40,079,0,1
2020,40,081,0,1
2020,40,083,0,1
2020,40,085,0,1
2020,40,087,12,1
2020,40,089,0,1
2020,40,091,14,1
2020,40,093,0,1
2020,40,095,0,1
2020,40,097,0,1
2020,40,099,0,1
2020,40,101,0,1
2020,40,103,0,1
2020,40,105,0,1
2020,40,107,0,1
2020,40,109,0,1
2020,40,111,0,1
2020,40,113,0,1
2020,40,115,0,1
2020,40,117,0,1
2020,40,119,0,1
2020,40,121,0,1
2020,40,123,0,1
2020,40,125,0,1
2020,40,127,11,1
2020,40,129,0,1
2020,40,131,0,1
2020,40,133,0,1
2020,40,135,0,1
2020,40,137,0,1
2020,40,139,0,1
2020,40,141,0,1
2020,40,143,0,1
2020,40,145,0,1
2020,40,147,0,1
2020,40,149,0,1
2020,40,151,0,1
2020,40,153,0,1
2020,41,001,17,1
2020,41,003,11,1
2020,41,005,0,1
2020,41,007,0,1
2020,41,009,8,1
2020,41,011,0,1
2020,41,013,0,1
2020,41,015,0,1
2020,41,017,11,1
2020,41,019,0,1
2020,41,021,15,1
2020,41,023,0,1
2020,41,025,0,1
2020,41,027,0,1
2020,41,029,0,1
2020,41,031,0,1
2020,41,033,0,1
2020,41,035,0,1
2020,41,037,0,1
2020,41,039,15,1
2020,41,039,17,1
2020,41,039,10,1
2020,41,041,0,1
2020,41,043,0,1
2020,41,045,0,1
2020,41,047,0,1
2020,41,049,0,1
2020,41,051,0,1
2020,41,053,0,1
2020,41,055,11,1
2020,41,057,0,1
2020,41,059,0,1
2020,41,061,0,1
2020,41,063,0,1
2020,41,065,0,1
2020,41,067,12,1
2020,41,069,17,1
2020,41,071,0,1
2020,42,001,0,1
2020,42,003,11,1
2020,42,003,15,1
2020,42,003,12,1
2020,42,005,0,1
2020,42,007,13,1
2020,42,009,0,1
2020,42,011,0,1
2020,42,013,0,1
2020,42,015,0,1
2020,42,017,0,1
2020,42,019,0,1
2020,42,021,0,1
2020,42,023,0,1
2020,42,025,0,1
2020,42,027,0,1
2020,42,029,0,1
2020,42,031,8,1
2020,42,033,0,1
2020,42,035,12,1
2020,42,035,15,1
2020,42,037,0,1
2020,42,039,0,1
2020,42,041,0,1
2020,42,043,0,1
2020,42,045,0,1
2020,42,047,13,1
2020,42,049,0,1
2020,42,051,0,1
2020,42,053,0,1
2020,42,055,0,1
2020,42,057,10,1
2020,42,059,0,1
2020,42,061,0,1
2020,42,063,0,1
2020,42,065,0,1
2020,42,067,9,1
2020,42,069,0,1
2020,42,071,0,1
2020,42,073,0,1
2020,42,075,0,1
2020,42,077,0,1
2020,42,079,6,1
2020,42,081,0,1
2020,42,083,0,1
2020,42,085,0,1
2020,42,087,0,1
2020,42,089,0,1
2020,42,091,0,1
2020,42,093,0,1
2020,42,095,0,1
2020,42,097,0,1
2020,42,099,0,1
2020,42,101,0,1
2020,42,103,11,1
2020,42,105,0,1
2020,42,107,0,1
2020,42,109,0,1
2020,42,111,0,1
2020,42,113,0,1
2020,42,115,12,1
2020,42,117,14,1
2020,42,117,12,1
2020,42,119,0,1
2020,42,121,0,1
2020,42,123,0,1
2020,42,125,0,1
2020,42,127,0,1
2020,42,129,0,1
2020,42,131,0,1
2020,42,133,0,1
2020,44,001,0,1
2020,44,003,0,1
2020,44,005,0,1
2020,44,007,0,1
2020,44,009,15,1
2020,45,001,0,1
2020,45,003,0,1
2020,45,005,17,1
2020,45,007,0,1
2020,45,009,14,1
2020,45,011,18,1
2020,45,013,0,1
2020,45,015,0,1
2020,45,017,0,1
2020,45,019,0,1
2020,45,021,0,1
2020,45,023,17,1
2020,45,025,13,1
2020,45,027,0,1
2020,45,029,12,1
2020,45,031,0,1
2020,45,033,0,1
2020,45,035,0,1
2020,45,037,0,1
2020,45,039,13,1
2020,45,041,0,1
2020,45,043,0,1
2020,45,045,0,1
2020,45,047,0,1
2020,45,049,19,1
2020,45,051,0,1
2020,45,053,0,1
2020,45,055,0,1
2020,45,057,0,1
2020,45,059,0,1
2020,45,061,18,1
2020,45,063,0,1
2020,45,065,13,1
2020,45,067,0,1
2020,45,069,13,1
2020,45,071,0,1
2020,45,073,0,1
2020,45,075,0,1
2020,45,077,0,1
2020,45,079,0,1
2020,45,081,11,1
2020,45,083,0,1
2020,45,085,0,1
2020,45,087,15,1
2020,45,089,17,1
2020,45,091,0,1
2020,46,003,0,1
2020,46,005,0,1
2020,46,007,18,1
2020,46,009,0,1
2020,46,011,0,1
2020,46,013,0,1
2020,46,015,0,1
2020,46,017,0,1
2020,46,019,16,1
2020,46,021,8,1
2020,46,023,0,1
2020,46,025,14,1
2020,46,027,0,1
2020,46,029,0,1
2020,46,031,20,1
2020,46,033,12,1
2020,46,035,7,1
2020,46,037,0,1
2020,46,039,11,1
2020,46,041,18,1
2020,46,043,0,1
2020,46,045,15,1
2020,46,047,0,1
2020,46,049,0,1
2020,46,051,0,1
2020,46,053,0,1
2020,46,055,0,1
2020,46,057,15,1
2020,46,059,0,1
2020,46,061,0,1
2020,46,063,10,1
2020,46,065,0,1
2020,46,067,0,1
2020,46,069,15,1
2020,46,071,18,1
2020,46,073,0,1
2020,46,075,13,1
2020,46,077,15,1
2020,46,079,0,1
2020,46,081,0,1
2020,46,083,10,1
2020,46,083,8,1
2020,46,085,17,1
2020,46,087,10,1
2020,46,089,0,1
2020,46,091,13,1
2020,46,093,9,1
2020,46,095,17,1
2020,46,097,13,1
2020,46,099,0,1
2020,46,101,13,1
2020,46,102,20,1
2020,46,103,11,1
2020,46,105,15,1
2020,46,107,15,1
2020,46,109,17,1
2020,46,111,0,1
2020,46,115,0,1
2020,46,117,0,1
2020,46,119,0,1
2020,46,121,21,1
2020,46,123,0,1
2020,46,125,11,1
2020,46,127,0,1
2020,46,129,0,1
2020,46,135,0,1
2020,46,137,21,1
2020,47,001,0,1
2020,47,003,0,1
2020,47,005,0,1
2020,47,007,11,1
2020,47,009,0,1
2020,47,011,0,1
2020,47,013,0,1
2020,47,015,0,1
2020,47,017,0,1
2020,47,019,0,1
2020,47,021,0,1
2020,47,023,0,1
2020,47,025,0,1
2020,47,027,13,1
2020,47,029,11,1
2020,47,031,0,1
2020,47,033,0,1
2020,47,035,0,1
2020,47,037,0,1
2020,47,039,18,1
2020,47,041,0,1
2020,47,043,0,1
2020,47,045,0,1
2020,47,047,0,1
2020,47,049,11,1
2020,47,051,0,1
2020,47,053,0,1
2020,47,055,0,1
2020,47,057,0,1
2020,47,059,0,1
2020,47,061,16,1
2020,47,063,0,1
2020,47,065,0,1
2020,47,067,18,1
2020,47,069,18,1
2020,47,071,10,1
2020,47,073,0,1
2020,47,075,15,1
2020,47,077,0,1
2020,47,079,0,1
2020,47,081,15,1
2020,47,083,0,1
2020,47,085,0,1
2020,47,087,0,1
2020,47,089,0,1
2020,47,091,12,1
2020,47,093,0,1
2020,47,095,17,1
2020,47,097,20,1
2020,47,099,0,1
2020,47,101,11,1
2020,47,103,0,1
2020,47,105,0,1
2020,47,107,0,1
2020,47,109,12,1
2020,47,111,0,1
2020,47,113,0,1
2020,47,115,0,1
2020,47,117,0,1
2020,47,119,0,1
2020,47,121,0,1
2020,47,123,0,1
2020,47,125,0,1
2020,47,127,0,1
2020,47,129,18,1
2020,47,131,0,1
2020,47,133,0,1
2020,47,135,9,1
2020,47,137,0,1
2020,47,139,17,1
2020,47,141,0,1
2020,47,143,0,1
2020,47,145,0,1
2020,47,147,0,1
2020,47,149,0,1
2020,47,151,12,1
2020,47,153,0,1
2020,47,155,0,1
2020,47,157,0,1
2020,47,159,0,1
2020,47,161,17,1
2020,47,163,0,1
2020,47,165,0,1
2020,47,167,0,1
2020,47,169,0,1
2020,47,171,0,1
2020,47,173,19,1
2020,47,175,18,1
2020,47,177,0,1
2020,47,179,0,1
2020,47,181,11,1
2020,47,183,0,1
2020,47,185,0,1
2020,47,187,0,1
2020,47,189,0,1
2020,48,001,0,1
2020,48,003,11,1
2020,48,005,0,1
2020,48,007,17,1
2020,48,009,16,1
2020,48,011,15,1
2020,48,013,13,1
2020,48,015,7,1
2020,48,017,0,1
2020,48,019,16,1
2020,48,021,10,1
2020,48,023,0,1
2020,48,025,17,1
2020,48,027,0,1
2020,48,029,0,1
2020,48,031,10,1
2020,48,033,7,1
2020,48,035,5,1
2020,48,037,0,1
2020,48,039,11,1
2020,48,041,0,1
2020,48,043,0,1
2020,48,045,13,1
2020,48,047,16,1
2020,48,049,0,1
2020,48,051,11,1
2020,48,053,0,1
2020,48,055,11,1
2020,48,057,0,1
2020,48,059,0,1
2020,48,061,13,1
2020,48,063,0,1
2020,48,065,15,1
2020,48,067,15,1
2020,48,069,14,1
2020,48,071,13,1
2020,48,073,0,1
2020,48,075,0,1
2020,48,077,0,1
2020,48,079,17,1
2020,48,081,16,1
2020,48,083,0,1
2020,48,085,0,1
2020,48,087,0,1
2020,48,089,0,1
2020,48,091,0,1
2020,48,093,0,1
2020,48,095,0,1
2020,48,097,0,1
2020,48,099,12,1
2020,48,101,14,1
2020,48,103,0,1
2020,48,105,12,1
2020,48,107,15,1
2020,48,109,0,1
2020,48,111,0,1
2020,48,113,7,1
2020,48,113,13,1
2020,48,113,15,1
2020,48,115,14,1
2020,48,117,17,1
2020,48,119,17,1
2020,48,121,0,1
2020,48,123,0,1
2020,48,125,0,1
2020,48,127,10,1
2020,48,129,17,1
2020,48,131,19,1
2020,48,133,15,1
2020,48,135,12,1
2020,48,137,0,1
2020,48,139,0,1
2020,48,141,12,1
2020,48,143,0,1
2020,48,145,16,1
2020,48,147,12,1
2020,48,149,0,1
2020,48,151,19,1
2020,48,153,0,1
2020,48,155,9,1
2020,48,157,0,1
2020,48,159,15,1
2020,48,161,15,1
2020,48,163,18,1
2020,48,165,13,1
2020,48,167,8,1
2020,48,169,14,1
2020,48,171,0,1
2020,48,173,9,1
2020,48,175,0,1
2020,48,177,0,1
2020,48,179,7,1
2020,48,181,0,1
2020,48,183,0,1
2020,48,185,0,1
2020,48,187,0,1
2020,48,189,11,1
2020,48,191,22,1
2020,48,193,10,1
2020,48,195,0,1
2020,48,197,0,1
2020,48,199,16,1
2020,48,201,9,1
2020,48,201,10,1
2020,48,201,11,1
2020,48,201,7,1
2020,48,203,0,1
2020,48,205,0,1
2020,48,207,0,1
2020,48,209,0,1
2020,48,211,0,1
2020,48,213,0,1
2020,48,215,0,1
2020,48,217,0,1
2020,48,219,0,1
2020,48,221,0,1
2020,48,223,0,1
2020,48,225,18,1
2020,48,227,15,1
2020,48,229,0,1
2020,48,231,0,1
2020,48,233,13,1
2020,48,235,11,1
2020,48,237,12,1
2020,48,239,10,1
2020,48,241,14,1
2020,48,243,9,1
2020,48,245,0,1
2020,48,247,18,1
2020,48,249,0,1
2020,48,251,0,1
2020,48,253,7,1
2020,48,255,14,1
2020,48,257,0,1
2020,48,259,0,1
2020,48,261,7,1
2020,48,263,13,1
2020,48,265,0,1
2020,48,267,0,1
2020,48,269,5,1
2020,48,271,17,1
2020,48,273,12,1
2020,48,275,15,1
2020,48,277,0,1
2020,48,279,18,1
2020,48,281,0,1
2020,48,283,16,1
2020,48,285,0,1
2020,48,287,14,1
2020,48,289,0,1
2020,48,291,10,1
2020,48,293,0,1
2020,48,295,15,1
2020,48,297,16,1
2020,48,299,0,1
2020,48,301,6,1
2020,48,303,15,1
2020,48,305,17,1
2020,48,307,0,1
2020,48,309,0,1
2020,48,311,7,1
2020,48,313,0,1
2020,48,315,19,1
2020,48,317,0,1
2020,48,319,13,1
2020,48,321,0,1
2020,48,323,10,1
2020,48,325,12,1
2020,48,327,0,1
2020,48,329,10,1
2020,48,331,15,1
2020,48,333,12,1
2020,48,335,0,1
2020,48,337,12,1
2020,48,339,0,1
2020,48,341,0,1
2020,48,343,15,1
2020,48,345,10,1
2020,48,347,0,1
2020,48,349,9,1
2020,48,351,15,1
2020,48,353,0,1
2020,48,355,0,1
2020,48,357,0,1
2020,48,359,11,1
2020,48,361,16,1
2020,48,363,0,1
2020,48,365,11,1
2020,48,367,10,1
2020,48,369,16,1
2020,48,371,13,1
2020,48,373,0,1
2020,48,375,0,1
2020,48,377,12,1
2020,48,379,16,1
2020,48,381,0,1
2020,48,383,0,1
2020,48,385,16,1
2020,48,387,18,1
2020,48,389,0,1
2020,48,391,15,1
2020,48,393,7,1
2020,48,395,15,1
2020,48,397,0,1
2020,48,399,12,1
2020,48,401,0,1
2020,48,403,16,1
2020,48,405,16,1
2020,48,407,14,1
2020,48,409,13,1
2020,48,411,14,1
2020,48,413,15,1
2020,48,415,0,1
2020,48,417,0,1
2020,48,419,18,1
2020,48,421,15,1
2020,48,423,0,1
2020,48,425,0,1
2020,48,427,15,1
2020,48,429,10,1
2020,48,431,10,1
2020,48,433,0,1
2020,48,435,10,1
2020,48,437,0,1
2020,48,439,0,1
2020,48,441,0,1
2020,48,443,0,1
2020,48,445,0,1
2020,48,447,0,1
2020,48,449,0,1
2020,48,451,0,1
2020,48,453,0,1
2020,48,455,15,1
2020,48,457,18,1
2020,48,459,0,1
2020,48,461,16,1
2020,48,463,10,1
2020,48,465,15,1
2020,48,467,11,1
2020,48,469,0,1
2020,48,471,0,1
2020,48,473,14,1
2020,48,475,13,1
2020,48,477,0,1
2020,48,479,17,1
2020,48,481,0,1
2020,48,483,0,1
2020,48,485,0,1
2020,48,487,0,1
2020,48,489,0,1
2020,48,491,0,1
2020,48,493,7,1
2020,48,495,14,1
2020,48,497,0,1
2020,48,499,0,1
2020,48,501,0,1
2020,48,503,0,1
2020,48,505,20,1
2020,48,507,17,1
2020,49,001,12,1
2020,49,003,9,1
2020,49,005,0,1
2020,49,007,0,1
2020,49,009,6,1
2020,49,011,0,1
2020,49,013,0,1
2020,49,015,16,1
2020,49,017,0,1
2020,49,019,0,1
2020,49,021,0,1
2020,49,023,6,1
2020,49,025,10,1
2020,49,027,8,1
2020,49,029,5,1
2020,49,031,13,1
2020,49,033,13,1
2020,49,035,11,1
2020,49,037,0,1
2020,49,039,0,1
2020,49,041,0,1
2020,49,043,0,1
2020,49,045,9,1
2020,49,047,10,1
2020,49,047,17,1
2020,49,049,0,1
2020,49,051,0,1
2020,49,053,0,1
2020,49,055,9,1
2020,49,057,0,1
2020,50,001,0,1
2020,50,003,7,1
2020,50,005,0,1
2020,50,007,0,1
2020,50,009,0,1
2020,50,011,0,1
2020,50,013,0,1
2020,50,015,0,1
2020,50,017,13,1
2020,50,019,0,1
2020,50,021,0,1
2020,50,023,0,1
2020,50,025,0,1
2020,50,027,0,1
2020,51,001,11,1
2020,51,003,0,1
2020,51,005,0,1
2020,51,007,9,1
2020,51,009,9,1
2020,51,011,12,1
2020,51,013,0,1
2020,51,015,0,1
2020,51,017,9,1
2020,51,019,12,1
2020,51,021,12,1
2020,51,023,12,1
2020,51,025,19,1
2020,51,027,0,1
2020,51,029,0,1
2020,51,031,9,1
2020,51,033,9,1
2020,51,035,0,1
2020,51,036,14,1
2020,51,037,16,1
2020,51,041,0,1
2020,51,043,0,1
2020,51,045,14,1
2020,51,047,7,1
2020,51,049,0,1
2020,51,051,16,1
2020,51,053,11,1
2020,51,057,0,1
2020,51,059,0,1
2020,51,061,0,1
2020,51,063,10,1
2020,51,065,11,1
2020,51,067,6,1
2020,51,069,0,1
2020,51,071,11,1
2020,51,073,0,1
2020,51,075,7,1
2020,51,077,0,1
2020,51,079,0,1
2020,51,081,13,1
2020,51,083,15,1
2020,51,085,0,1
2020,51,087,7,1
2020,51,089,0,1
2020,51,091,15,1
2020,51,093,0,1
2020,51,095,0,1
2020,51,097,9,1
2020,51,099,0,1
2020,51,101,0,1
2020,51,103,0,1
2020,51,105,18,1
2020,51,107,0,1
2020,51,109,9,1
2020,51,111,14,1
2020,51,113,9,1
2020,51,115,0,1
2020,51,117,12,1
2020,51,119,14,1
2020,51,121,0,1
2020,51,125,0,1
2020,51,127,10,1
2020,51,131,0,1
2020,51,133,0,1
2020,51,135,12,1
2020,51,137,0,1
2020,51,139,9,1
2020,51,141,19,1
2020,51,143,16,1
2020,51,145,0,1
2020,51,147,0,1
2020,51,149,0,1
2020,51,153,0,1
2020,51,155,0,1
2020,51,157,12,1
2020,51,159,10,1
2020,51,161,0,1
2020,51,163,0,1
2020,51,165,0,1
2020,51,167,16,1
2020,51,169,10,1
2020,51,171,0,1
2020,51,173,13,1
2020,51,175,0,1
2020,51,177,0,1
2020,51,179,0,1
2020,51,181,14,1
2020,51,183,0,1
2020,51,185,0,1
2020,51,187,4,1
2020,51,191,0,1
2020,51,193,10,1
2020,51,195,0,1
2020,51,197,0,1
2020,51,199,0,1
2020,51,510,0,1
2020,51,520,0,1
2020,51,530,0,1
2020,51,540,0,1
2020,51,550,13,1
2020,51,570,0,1
2020,51,580,0,1
2020,51,590,0,1
2020,51,595,0,1
2020,51,600,0,1
2020,51,610,0,1
2020,51,620,0,1
2020,51,630,0,1
2020,51,640,0,1
2020,51,650,12,1
2020,51,660,0,1
2020,51,670,0,1
2020,51,678,0,1
2020,51,680,6,1
2020,51,683,0,1
2020,51,685,0,1
2020,51,690,0,1
2020,51,700,0,1
2020,51,710,0,1
2020,51,720,0,1
2020,51,730,0,1
2020,51,735,0,1
2020,51,740,0,1
2020,51,750,0,1
2020,51,760,0,1
2020,51,770,14,1
2020,51,775,0,1
2020,51,790,0,1
2020,51,800,0,1
2020,51,810,0,1
2020,51,820,0,1
2020,51,830,0,1
2020,51,840,0,1
2020,53,001,0,1
2020,53,003,0,1
2020,53,005,0,1
2020,53,007,0,1
2020,53,009,17,1
2020,53,011,0,1
2020,53,013,0,1
2020,53,015,0,1
2020,53,017,0,1
2020,53,019,17,1
2020,53,021,0,1
2020,53,023,13,1
2020,53,025,17,1
2020,53,025,17,1
2020,53,027,0,1
2020,53,029,12,1
2020,53,031,0,1
2020,53,033,10,1
2020,53,033,10,1
2020,53,033,15,1
2020,53,035,10,1
2020,53,037,0,1
2020,53,039,0,1
2020,53,041,0,1
2020,53,043,0,1
2020,53,045,16,1
2020,53,047,0,1
2020,53,049,0,1
2020,53,051,0,1
2020,53,053,15,1
2020,53,053,13,1
2020,53,053,15,1
2020,53,055,12,1
2020,53,055,15,1
2020,53,057,0,1
2020,53,059,0,1
2020,53,061,16,1
2020,53,061,15,1
2020,53,061,12,1
2020,53,063,15,1
2020,53,063,15,1
2020,53,063,14,1
2020,53,065,0,1
2020,53,067,15,1
2020,53,067,11,1
2020,53,069,17,1
2020,53,071,0,1
2020,53,073,0,1
2020,53,075,15,1
2020,53,075,15,1
2020,53,077,0,1
2020,54,001,0,1
2020,54,003,0,1
2020,54,005,0,1
2020,54,007,0,1
2020,54,009,0,1
2020,54,011,0,1
2020,54,013,0,1
2020,54,015,0,1
2020,54,017,0,1
2020,54,019,0,1
2020,54,021,0,1
2020,54,023,12,1
2020,54,025,0,1
2020,54,027,9,1
2020,54,029,0,1
2020,54,031,0,1
2020,54,033,0,1
2020,54,035,8,1
2020,54,037,0,1
2020,54,039,0,1
2020,54,041,0,1
2020,54,043,0,1
2020,54,045,0,1
2020,54,047,16,1
2020,54,049,0,1
2020,54,051,0,1
2020,54,053,0,1
2020,54,055,0,1
2020,54,057,0,1
2020,54,059,0,1
2020,54,061,0,1
2020,54,063,0,1
2020,54,065,0,1
2020,54,067,0,1
2020,54,069,0,1
2020,54,071,0,1
2020,54,073,0,1
2020,54,075,0,1
2020,54,077,0,1
2020,54,079,0,1
2020,54,081,0,1
2020,54,083,0,1
2020,54,085,0,1
2020,54,087,0,1
2020,54,089,0,1
2020,54,091,0,1
2020,54,093,0,1
2020,54,095,0,1
2020,54,097,0,1
2020,54,099,0,1
2020,54,101,0,1
2020,54,103,0,1
2020,54,105,14,1
2020,54,107,0,1
2020,54,109,19,1
2020,55,001,12,1
2020,55,003,9,1
2020,55,005,0,1
2020,55,007,0,1
2020,55,009,0,1
2020,55,011,10,1
2020,55,013,12,1
2020,55,015,10,1
2020,55,017,0,1
2020,55,019,11,1
2020,55,021,0,1
2020,55,023,0,1
2020,55,025,0,1
2020,55,027,0,1
2020,55,029,13,1
2020,55,031,11,1
2020,55,033,8,1
2020,55,035,10,1
2020,55,037,11,1
2020,55,039,0,1
2020,55,041,0,1
2020,55,043,0,1
2020,55,045,0,1
2020,55,047,10,1
2020,55,049,0,1
2020,55,051,9,1
2020,55,053,0,1
2020,55,055,0,1
2020,55,057,0,1
2020,55,059,0,1
2020,55,061,7,1
2020,55,063,0,1
2020,55,065,10,1
2020,55,067,0,1
2020,55,069,0,1
2020,55,071,0,1
2020,55,073,12,1
2020,55,075,0,1
2020,55,077,13,1
2020,55,078,0,1
2020,55,079,11,1
2020,55,079,12,1
2020,55,081,0,1
2020,55,083,7,1
2020,55,085,0,1
2020,55,087,0,1
2020,55,089,0,1
2020,55,091,0,1
2020,55,093,0,1
2020,55,095,0,1
2020,55,097,0,1
2020,55,099,0,1
2020,55,101,0,1
2020,55,103,0,1
2020,55,105,0,1
2020,55,107,0,1
2020,55,109,10,1
2020,55,111,0,1
2020,55,113,0,1
2020,55,115,8,1
2020,55,117,12,1
2020,55,119,0,1
2020,55,121,12,1
2020,55,123,0,1
2020,55,125,0,1
2020,55,127,0,1
2020,55,129,0,1
2020,55,131,0,1
2020,55,133,0,1
2020,55,135,0,1
2020,55,137,0,1
2020,55,139,0,1
2020,55,141,0,1
2020,56,001,0,1
2020,56,003,8,1
2020,56,005,16,1
2020,56,007,14,1
2020,56,009,12,1
2020,56,011,11,1
2020,56,013,13,1
2020,56,015,0,1
2020,56,017,0,1
2020,56,019,8,1
2020,56,021,17,1
2020,56,021,16,1
2020,56,023,12,1
2020,56,025,13,1
2020,56,027,14,1
2020,56,029,8,1
2020,56,031,13,1
2020,56,033,15,1
2020,56,035,10,1
2020,56,037,10,1
2020,56,039,0,1
2020,56,041,16,1
2020,56,043,0,1
2020,56,045,11,1
