year,state,place,rate_crime_violent,rate_crime_property,rate_crime_violent_quality,rate_crime_property_quality
2021,01,03076,767.7157442019374,2151.747792649758,2,2
2021,01,07000,2855.1084387392825,7418.633859786189,2,2
2021,01,35896,850.379223167088,2660.581584966784,1,1
2021,01,37000,45.696659859768374,113.76564277588167,2,2
2021,01,50000,4295.1265704606685,6051.375070020539,2,2
2021,01,51000,101.48142989324552,25.37035747331138,2,2
2021,01,77256,1081.0865272236329,1816.5880788296458,2,2
2021,02,03000,7.862038318891111,19.484181920730144,3,3
2021,04,04720,1587.4638051439276,4814.625560665418,1,1
2021,04,07940,774.7099017957664,2080.012484533669,1,1
2021,04,12000,926.8129746475357,3098.6752997918798,1,1
2021,04,23620,2247.2057511675503,5020.464921026394,1,1
2021,04,27400,796.1898806096495,2366.834573249088,1,1
2021,04,27820,NA,NA,NA,NA
2021,04,28380,659.896851074735,3314.4333749773095,1,1
2021,04,46000,1238.5686044455872,3010.3344637490154,2,2
2021,04,54050,895.9532953716182,2875.36021903448,1,1
2021,04,55000,0.691337354402782,5.907791937623773,3,3
2021,04,65000,898.2550223097388,4559.565955129146,1,1
2021,04,71510,610.3964757709251,1934.0969162995596,1,1
2021,04,73000,0,6.149992731826771,2,2
2021,04,77000,24.899334221533465,98.29662539694928,3,3
2021,04,85540,1007.8399226517015,4042.9198982701723,2,2
2021,05,23290,1901.8138372977085,7801.672640382318,1,1
2021,05,24550,3111.6746712150452,8524.844023519907,1,1
2021,05,35710,2358.1011351909183,5968.782249742002,1,1
2021,05,41000,4807.001728638437,9521.875448876384,1,1
2021,05,66080,1747.6451616659099,4891.3106756552215,1,1
2021,06,00562,121.29724208375895,898.8764044943821,1,1
2021,06,00884,579.5080193329646,3341.188352129271,1,1
2021,06,02000,287.4751582405716,1060.8723621784932,1,1
2021,06,02252,92.37472766884531,246.6230936819172,1,1
2021,06,02364,NA,NA,NA,NA
2021,06,03526,NA,NA,NA,NA
2021,06,04982,NA,NA,NA,NA
2021,06,06000,NA,NA,NA,NA
2021,06,08786,NA,NA,NA,NA
2021,06,08954,59.610297678924034,384.67270220930664,1,1
2021,06,11194,630.3435546500897,2936.6696268435808,1,1
2021,06,11530,NA,NA,NA,NA
2021,06,13014,NA,NA,NA,NA
2021,06,13210,744.3591532914631,2888.8224282502024,1,1
2021,06,13214,NA,NA,NA,NA
2021,06,13392,752.861894053519,2076.2832128899854,1,1
2021,06,13588,NA,NA,NA,NA
2021,06,14218,NA,NA,NA,NA
2021,06,15044,NA,NA,NA,NA
2021,06,16000,966.8519269454317,4109.120689518085,1,1
2021,06,16350,NA,NA,NA,NA
2021,06,16532,NA,NA,NA,NA
2021,06,17918,NA,NA,NA,NA
2021,06,19766,NA,NA,NA,NA
2021,06,21712,1264.581349075375,3051.5922786039628,1,1
2021,06,22020,62.10472337758533,332.74457295880575,1,1
2021,06,22230,832.5464846019755,2540.3108657757116,1,1
2021,06,22804,973.963801562304,2767.3778253204177,1,1
2021,06,23182,NA,NA,NA,NA
2021,06,24638,NA,NA,NA,NA
2021,06,24680,264.79309135121366,721.33290402572,3,3
2021,06,26000,NA,NA,NA,NA
2021,06,27000,1650.7078440181333,5036.58957670445,2,2
2021,06,28000,NA,NA,NA,NA
2021,06,29000,52.11107765708594,175.44062811218936,1,1
2021,06,30000,NA,NA,NA,NA
2021,06,32548,NA,NA,NA,NA
2021,06,33000,0,3.0815881272572634,3,3
2021,06,33182,326.19821603320474,1130.445541770244,1,1
2021,06,33434,NA,NA,NA,NA
2021,06,36000,NA,NA,NA,NA
2021,06,36448,NA,NA,NA,NA
2021,06,36546,NA,NA,NA,NA
2021,06,36770,3.357191776223025,13.4287671048921,2,2
2021,06,37692,NA,NA,NA,NA
2021,06,39496,NA,NA,NA,NA
2021,06,39892,NA,NA,NA,NA
2021,06,40130,NA,NA,NA,NA
2021,06,41992,NA,NA,NA,NA
2021,06,43000,2.357656489449487,17.146592650541724,2,2
2021,06,44000,NA,NA,NA,NA
2021,06,45484,NA,NA,NA,NA
2021,06,46842,NA,NA,NA,NA
2021,06,46898,NA,NA,NA,NA
2021,06,47766,NA,NA,NA,NA
2021,06,48256,NA,NA,NA,NA
2021,06,48354,0,0.9185773074661964,2,2
2021,06,49270,NA,NA,NA,NA
2021,06,49670,40.04416993289568,417.430135058064,1,1
2021,06,50076,448.2609634910348,1369.0861957226182,1,1
2021,06,50258,NA,NA,NA,NA
2021,06,51182,NA,NA,NA,NA
2021,06,52526,NA,NA,NA,NA
2021,06,53000,NA,NA,NA,NA
2021,06,53322,1200.2682547962008,3247.7172548592525,1,1
2021,06,53896,NA,NA,NA,NA
2021,06,53980,0.7184166097920184,0,1,1
2021,06,54652,NA,NA,NA,NA
2021,06,55156,NA,NA,NA,NA
2021,06,56000,NA,NA,NA,NA
2021,06,56700,20.484981947609658,49.93214349729854,3,3
2021,06,57456,NA,NA,NA,NA
2021,06,57792,NA,NA,NA,NA
2021,06,58072,NA,NA,NA,NA
2021,06,59444,NA,NA,NA,NA
2021,06,59451,NA,NA,NA,NA
2021,06,59920,NA,NA,NA,NA
2021,06,60102,NA,NA,NA,NA
2021,06,60466,NA,NA,NA,NA
2021,06,60620,1299.3075546565005,4143.433871901934,1,1
2021,06,62000,0.31760349109757413,3.4936384020733153,3,3
2021,06,62938,NA,NA,NA,NA
2021,06,64000,2.3138997888566446,20.8250980997098,3,3
2021,06,64224,NA,NA,NA,NA
2021,06,65000,14.038519887148414,36.22843841844752,3,3
2021,06,65042,NA,NA,NA,NA
2021,06,66000,880.7577317131972,3078.1768127281834,2,2
2021,06,67000,2.4251298888020205,16.860426845956905,3,3
2021,06,68000,0.49341926723291457,3.552618724076985,3,3
2021,06,68084,NA,NA,NA,NA
2021,06,68196,816.4303966579369,1526.8308716719857,1,1
2021,06,68252,NA,NA,NA,NA
2021,06,68378,NA,NA,NA,NA
2021,06,69000,244.72783587939506,1146.524418612062,2,2
2021,06,69070,135.75371359332226,667.5492527936095,3,3
2021,06,69084,195.43159112584232,1585.3410672128327,1,1
2021,06,69088,NA,NA,NA,NA
2021,06,69196,1235.030967257957,3466.320248103999,2,2
2021,06,70000,NA,NA,NA,NA
2021,06,70098,NA,NA,NA,NA
2021,06,72016,NA,NA,NA,NA
2021,06,73080,NA,NA,NA,NA
2021,06,75000,1720.481533456255,3843.3946472509424,2,2
2021,06,77000,192.22115075538412,1321.1186113789777,1,1
2021,06,78120,NA,NA,NA,NA
2021,06,78582,NA,NA,NA,NA
2021,06,80000,32.618445731060916,294.24556253227865,1,1
2021,06,80238,651.9958617122167,2265.281489783602,1,1
2021,06,80854,356.718192627824,1647.1618999937418,1,1
2021,06,81344,583.7912087912088,1603.835978835979,1,1
2021,06,81554,NA,NA,NA,NA
2021,06,81666,NA,NA,NA,NA
2021,06,82590,NA,NA,NA,NA
2021,06,82954,NA,NA,NA,NA
2021,06,82996,1083.6180069132597,2044.5814031281993,1,1
2021,06,84200,415.92014333248017,2185.637500457055,1,1
2021,06,84550,NA,NA,NA,NA
2021,06,85292,NA,NA,NA,NA
2021,08,03455,581.759599033384,5057.647087540581,1,1
2021,08,04000,1877.4641717253896,6635.532052485554,1,1
2021,08,07850,994.949013628133,6553.893071571523,1,1
2021,08,12815,553.8472937428222,4497.462305042048,1,1
2021,08,16000,1181.4038823267028,5953.518121872909,1,1
2021,08,20000,1521.931977832453,8403.520661461038,2,2
2021,08,27425,862.1723385375446,3976.9048132959206,1,1
2021,08,32155,1242.8280411908722,5171.285999962622,1,1
2021,08,43000,1583.4661456994497,9095.93337103491,1,1
2021,08,45970,1259.249511585298,4435.716527143711,1,1
2021,08,46465,888.8830361610788,3785.983302167558,1,1
2021,08,62000,1910.7194141298105,9348.973291211947,2,2
2021,08,77290,1376.8518123212227,5783.489163073333,1,1
2021,08,83835,1068.9401480070974,6718.310468689141,1,1
2021,09,08000,1324.9937722599627,2382.026405617758,1,1
2021,09,18430,954.7896098472104,2082.4390640045476,1,1
2021,09,37000,1452.7566180220792,5378.325463549465,1,1
2021,09,52000,2887.790011503354,5843.554386960874,1,1
2021,09,55990,791.6671254445558,2139.373052487861,1,1
2021,09,73000,1076.2498145675715,2349.799732977303,1,1
2021,09,80000,1815.736973010028,5043.81146568468,1,1
2021,11,50000,NA,NA,NA,NA
2021,12,07300,2.097601392807325,1.0488006964036625,2,2
2021,12,07875,0,5.032775953396494,1,1
2021,12,10275,NA,NA,NA,NA
2021,12,12875,NA,NA,NA,NA
2021,12,14400,50.86279760346466,121.92111778477556,1,1
2021,12,16475,NA,NA,NA,NA
2021,12,16725,NA,NA,NA,NA
2021,12,17200,NA,NA,NA,NA
2021,12,17935,704.2638733145529,2635.1776385963954,1,1
2021,12,24000,NA,NA,NA,NA
2021,12,24125,NA,NA,NA,NA
2021,12,25175,12.253047044492977,39.64221102630081,2,2
2021,12,30000,NA,NA,NA,NA
2021,12,32000,242.46872481110373,549.8142165311244,3,3
2021,12,32275,NA,NA,NA,NA
2021,12,35000,0,0.7465153728844288,3,3
2021,12,36950,NA,NA,NA,NA
2021,12,38250,NA,NA,NA,NA
2021,12,39425,186.6553542209563,572.0865402096842,3,3
2021,12,43975,NA,NA,NA,NA
2021,12,45000,14.291969047678462,89.15466405932754,3,3
2021,12,45025,NA,NA,NA,NA
2021,12,45060,1.7904141227866004,0,1,1
2021,12,45975,645.5407800098284,1178.651735588879,1,1
2021,12,49675,NA,NA,NA,NA
2021,12,53000,NA,NA,NA,NA
2021,12,54000,1379.0024345247623,1646.884397981619,1,1
2021,12,54200,NA,NA,NA,NA
2021,12,55775,NA,NA,NA,NA
2021,12,57425,NA,NA,NA,NA
2021,12,58050,NA,NA,NA,NA
2021,12,58715,NA,NA,NA,NA
2021,12,63000,NA,NA,NA,NA
2021,12,69700,NA,NA,NA,NA
2021,12,70600,15.892790312575299,72.2865623894554,2,2
2021,12,71000,1320.1883955886835,2208.5492908882557,2,2
2021,12,76600,1448.0871959060037,3272.435427220242,2,2
2021,13,03440,NA,NA,NA,NA
2021,13,04000,1797.8317933214682,6997.911435096017,2,2
2021,13,04204,40.74250735352572,34.283329358454566,3,3
2021,13,19000,341.54409246156405,1232.5925056026933,2,2
2021,13,42425,337.5249792854706,795.6816298679145,1,1
2021,13,49008,4.4668210910529575,28.715278442483296,3,3
2021,13,67284,836.1384429483859,2293.716554462282,1,1
2021,13,68516,753.2479714835139,2973.59410909432,1,1
2021,13,69000,0,0.6759954032312581,3,3
2021,13,72122,NA,NA,NA,NA
2021,13,80508,2942.6176984256617,6586.337307919436,1,1
2021,15,71550,NA,NA,NA,NA
2021,16,08830,1046.4850110349535,2587.0595196448085,1,1
2021,16,52120,732.4672168849314,1780.8326173553073,1,1
2021,16,56260,1115.4822463365056,2843.822372346558,1,1
2021,17,02154,274.3164732217952,1076.5627628327056,1,1
2021,17,03012,NA,NA,NA,NA
2021,17,06613,1746.7973255754607,2259.7356198642374,1,1
2021,17,12385,2066.943617490916,2851.3860747314443,1,1
2021,17,14000,1334.0413016357058,2228.4955539858047,2,2
2021,17,14351,1168.364642836111,2145.9278016606795,3,3
2021,17,23074,0.8759942534776972,0,3,3
2021,17,24582,837.4334004639661,3246.488388100033,2,2
2021,17,38570,490.94283642556366,770.3411986189737,3,3
2021,17,51622,350.9760893344876,1103.930529551113,1,1
2021,17,59000,8.797241185164333,45.74565416285453,2,2
2021,17,65000,3103.892790482201,5253.051523411798,2,2
2021,17,68003,603.4361267343984,2279.220529640116,1,1
2021,17,72000,3802.148737268034,7280.766010883215,2,2
2021,17,79293,NA,NA,NA,NA
2021,18,05860,1591.2270183852918,4571.342925659473,1,1
2021,18,10342,289.39136105648225,1284.938402437409,1,1
2021,18,22000,2991.0226652102674,4662.752594210814,1,1
2021,18,23278,330.4032772711366,1327.78887127653,1,1
2021,18,25000,1648.4185841112244,3026.542204084119,1,1
2021,18,31000,2632.563781600444,3668.813152495128,3,3
2021,18,36003,2222.1237490114804,4616.727114068337,2,2
2021,18,71000,1119.8023077072753,1759.9673107232504,1,1
2021,19,12000,1494.3741209563996,4181.31739334271,1,1
2021,19,19000,1938.5598427131972,6517.571884984026,1,1
2021,19,21000,2074.97248823433,4656.161464796647,2,2
2021,19,73335,2311.9145285081277,5272.622559678424,1,1
2021,20,36000,361.48833028347616,387.8134129506565,3,3
2021,20,38900,1814.343764842472,4780.199482822312,1,1
2021,20,52575,1011.8356265899001,2393.4900490954046,1,1
2021,20,53775,1041.7466926847258,3849.443531080825,1,1
2021,20,71000,2402.958943865239,6939.164997397518,2,2
2021,20,79000,3248.566808760841,7960.7374028699305,1,1
2021,21,46027,1339.0217641603963,4434.673288647411,2,2
2021,21,48006,10.947862786786406,60.45124234442928,3,3
2021,22,05000,2472.2996909625385,6484.4661012064435,2,2
2021,22,40735,761.8254415403081,1385.6567784500567,3,3
2021,22,41155,1393.7491011936147,3869.661090072384,1,1
2021,22,55000,0.5208686004781574,3.1252116028689443,3,3
2021,22,70000,79.7363946476285,37.49194715219618,3,3
2021,24,04000,1256.1401257322138,2538.6222140419545,2,2
2021,24,30325,NA,NA,NA,NA
2021,25,07000,2010.511077355703,3278.4692351823833,2,2
2021,25,09000,1632.1869962385813,2749.09802717433,1,1
2021,25,11000,1018.0337405468296,3629.8463538993255,1,1
2021,25,23000,1935.9538885139118,1998.0929729266436,1,1
2021,25,34550,1082.0292033987107,1694.799425955033,1,1
2021,25,37000,1258.6669454025991,2546.9495836382007,1,1
2021,25,37490,1275.0291820059263,1435.654924027017,1,1
2021,25,45000,2458.403533082774,3358.6218584573667,1,1
2021,25,45560,183.87537085293354,1085.203108960258,1,1
2021,25,55745,911.0439210693825,2258.712603437301,2,2
2021,25,62535,480.1012306470822,1680.974593092497,1,1
2021,25,67000,2978.750722218656,4427.039866469795,1,1
2021,25,82000,1409.742626320101,3533.185851560085,1,1
2021,26,03000,810.7161189919417,2194.2296567289436,1,1
2021,26,21000,1072.3711626614806,2605.917488540075,1,1
2021,26,22000,3992.206400292415,6682.949796951328,1,1
2021,26,27440,838.2189638085231,1269.2688867926781,1,1
2021,26,29000,2842.327635874784,2991.165738429038,1,1
2021,26,34000,2712.5514257699965,3942.7266019064177,1,1
2021,26,46000,2745.791957180083,4191.316289879569,1,1
2021,26,49000,868.8899615925451,2301.2991374063427,1,1
2021,26,69035,NA,NA,NA,NA
2021,26,74900,1842.6164103102524,3257.3888393091497,1,1
2021,26,76460,1174.0836329459505,1570.1690262714267,1,1
2021,26,80700,584.4992636229749,1769.6060382916053,1,1
2021,26,84000,1416.5875276986387,2687.8471322915766,1,1
2021,26,86000,1907.9342286460846,2237.4972045997574,1,1
2021,26,88940,2221.2071778140294,2557.911908646003,1,1
2021,27,06616,726.7766894762735,5238.382754148218,1,1
2021,27,07966,1527.3264748319589,4626.555773223691,1,1
2021,27,17000,1250.1297413246302,6204.518457865784,1,1
2021,27,43000,1944.054331895994,6899.934366994361,1,1
2021,27,51730,418.57210685458676,2561.411400154934,1,1
2021,27,54880,895.3329101660374,3430.1606922126084,1,1
2021,27,58000,1418.8816178156003,6367.695342387918,2,2
2021,27,71428,295.88996676304487,2954.8463804145163,3,3
2021,28,36000,3.8264574019629727,1.2754858006543242,3,3
2021,29,15670,1818.3719097328337,4499.686348940825,1,1
2021,29,35000,1221.4677247811503,5641.004663339606,1,1
2021,29,38000,2180.275648282819,6173.733627538565,1,1
2021,29,41348,728.3769300996308,2529.4724725122055,1,1
2021,29,54074,855.7080240523337,2195.986872535847,1,1
2021,29,65000,1969.7014733129229,9778.821415714678,1,1
2021,29,70000,2981.5602332105595,9052.033475086446,2,2
2021,30,06550,2271.607499416539,7187.373043245253,1,1
2021,31,28000,1815.4086658181616,5372.558242487964,1,1
2021,31,37000,13.727848477335732,26.431230650392678,3,3
2021,32,31900,1231.164658634538,2881.285140562249,1,1
2021,32,40000,6358.993424555677,10695.888063063772,2,2
2021,32,51800,1139.2785339588195,2994.9391075266335,3,3
2021,32,60600,1771.3619557313407,5768.083935778511,2,2
2021,32,68400,1790.4583723105704,4501.403180542563,3,3
2021,33,45140,2105.8136494378105,4106.162294081757,1,1
2021,33,50260,1139.4345845420753,2343.948201502333,1,1
2021,34,13690,NA,NA,NA,NA
2021,34,21000,1171.0809297940666,3550.0692337153464,1,1
2021,34,36000,410.59252087788093,1474.511224255257,2,2
2021,34,51000,1192.1749437545511,2083.9387814411243,2,2
2021,34,57000,1136.6010878443838,1496.8941346318236,1,1
2021,34,74000,NA,NA,NA,NA
2021,35,02000,2321.921413532123,7706.424628691742,1,1
2021,35,39380,2343.2241162879545,8071.2063601797445,1,1
2021,35,63460,1226.526566604494,2871.0096383895,1,1
2021,35,70500,1900.2703169034335,6369.126358773797,2,2
2021,36,01000,2838.977082956077,5549.184121043842,2,2
2021,36,11000,2757.498795337867,6178.739253145708,2,2
2021,36,50617,546.5699944227551,2071.016917642685,1,1
2021,36,51000,5.185411662734873,9.684013833716783,2,2
2021,36,63000,2611.084793936523,5677.877783041213,1,1
2021,36,73000,NA,NA,NA,NA
2021,36,84000,619.8445620559767,1599.6757736136935,1,1
2021,37,02140,2548.460416845355,8254.352860451154,1,1
2021,37,10740,429.4796711013211,1710.3430592705256,1,1
2021,37,12000,1.3874901574916954,18.61549294634691,3,3
2021,37,14100,273.9699315562662,1682.8188678509448,1,1
2021,37,19000,1739.1242037075522,5712.5249905054,1,1
2021,37,22920,1952.0664565917016,5227.892967284901,1,1
2021,37,25580,2208.019324887083,6164.840280311513,2,2
2021,37,28000,2352.419597743356,5841.622022248319,1,1
2021,37,28080,2165.9169845698343,4276.034845983032,2,2
2021,37,31400,1026.0897231944002,4228.974440555732,1,1
2021,37,55000,1631.045024111947,3335.8646009791896,2,2
2021,37,74440,1676.2088708008553,4890.667034558875,1,1
2021,37,75000,3730.280698782254,6309.773028876601,2,2
2021,38,25700,2615.6394274238073,6846.7502540426785,1,1
2021,39,01000,2814.3490544852543,6275.752938903192,1,1
2021,39,15000,2132.7398076873233,5021.317678770442,2,2
2021,39,16000,5710.916846511107,7247.486401626204,2,2
2021,39,18000,2192.4125668184242,5926.784487548197,1,1
2021,39,21000,2823.3730204600624,5444.457288174777,2,2
2021,39,61000,451.2858555885262,1126.3600395647875,1,1
2021,39,77000,4586.412430835428,4043.4106699477625,2,2
2021,40,09050,860.3027911060655,2928.577130136318,3,3
2021,40,23200,639.4217403391716,2779.0252560894764,1,1
2021,40,41850,1937.5979484257018,2742.0079564259645,1,1
2021,40,52500,1271.6211380174163,5084.098771322915,3,3
2021,40,55000,1451.7597740881752,5637.100164442655,2,2
2021,40,75000,2760.731714444347,6888.801223420317,1,1
2021,41,05350,657.665237108325,3458.641987975294,1,1
2021,41,05800,737.8248593392551,3003.854001360236,2,2
2021,41,23850,1262.1336811366705,6083.865233901592,2,2
2021,41,31250,741.9151396236992,4010.8966048842017,1,1
2021,41,34100,744.034973420578,3723.0074875600753,1,1
2021,41,47000,1119.04257073527,5743.63323674229,2,2
2021,41,59000,1398.6921641099175,7977.737122513814,2,2
2021,41,64900,1087.299719276894,7100.17050053676,2,2
2021,42,02000,NA,NA,NA,NA
2021,42,06088,NA,NA,NA,NA
2021,42,24000,237.6067660358399,611.2878914754648,2,2
2021,42,60000,1720.245606234716,4268.42594709008,2,2
2021,42,61000,1.6490384456823226,7.2557691610022195,3,3
2021,42,63624,NA,NA,NA,NA
2021,42,69000,1093.6081171779383,3008.4093331754116,2,2
2021,44,19180,499.6733370435793,2158.395237980013,1,1
2021,44,54640,1226.063829787234,3106.3829787234044,1,1
2021,44,59000,1216.0244052284813,4091.371311145478,1,1
2021,44,74300,505.64923910676697,2109.694433019621,1,1
2021,45,13330,1263.4524904007355,3670.7046671353633,2,2
2021,45,16000,1357.8484221568228,6441.038491797546,2,2
2021,45,48535,408.3239595050619,1807.6490438695164,1,1
2021,45,50875,3568.123483089172,8025.876970892773,1,1
2021,46,59020,1664.394635893859,4102.336493041245,1,1
2021,47,14000,2813.9260228551784,8670.21895948501,2,2
2021,47,15160,1993.0527526021601,3457.723308748884,2,2
2021,47,27740,647.6064319093351,1545.4244397836405,2,2
2021,47,40000,2325.458569021702,5610.043361378269,2,2
2021,47,48000,4485.294233598627,8484.102065950841,2,2
2021,47,51560,2040.6793314090087,3910.854534470028,2,2
2021,47,52006,2856.8247671560366,5961.069133928859,2,2
2021,48,01000,2233.9289414540062,3277.9699379951226,2,2
2021,48,01924,0.9729708692521745,5.837825215513048,1,1
2021,48,03000,2672.5424337853283,5195.861676589926,2,2
2021,48,04000,2120.039561156654,4102.430767975856,1,1
2021,48,05000,2102.348151394473,5448.003404406674,2,2
2021,48,06128,1398.0591933901119,4294.731230994754,1,1
2021,48,07000,3788.2674132489374,5018.563118951771,1,1
2021,48,10768,1715.3710808236797,3203.1380314125986,2,2
2021,48,10912,1860.241303225201,2981.0807004365993,1,1
2021,48,13024,676.6219137211922,1944.6220354979148,1,1
2021,48,13552,745.2402295928607,1717.9325938909033,1,1
2021,48,15976,1013.1067460180949,3291.306890501909,1,1
2021,48,16432,1331.7411577391106,3146.8213351529625,1,1
2021,48,17000,2482.9649744788917,5383.94810288904,2,2
2021,48,19000,2115.3803262323313,4981.391882569282,2,2
2021,48,19972,1619.1376052224705,3699.96564164233,1,1
2021,48,22660,2319.788576231027,4296.31729766401,2,2
2021,48,24000,1239.8081002964243,2389.2843678619743,1,1
2021,48,26232,290.473017988008,1251.165889407062,1,1
2021,48,27000,1415.7885409408577,3830.7306028053795,2,2
2021,48,27684,557.6265921093508,1842.1870146008077,1,1
2021,48,29000,1279.2002448230135,3163.1133326532695,1,1
2021,48,30464,778.6032082942161,2681.7421119229357,1,1
2021,48,35000,2825.5936454557823,6178.770394298492,2,2
2021,48,37000,1469.0145721209833,3890.095363988292,2,2
2021,48,39148,1857.6511507042817,2897.7492304207035,1,1
2021,48,41464,1362.0105458643015,2063.628546861565,2,2
2021,48,41980,747.4496410274751,1760.4406018936584,1,1
2021,48,42508,1295.456816592022,3306.776165774867,1,1
2021,48,43888,1210.2431466321814,3690.509595324948,1,1
2021,48,45000,2817.5958863100063,6725.053514755201,2,2
2021,48,45384,1859.9277164455655,3067.471695986361,1,1
2021,48,45744,711.2157724109528,1646.8314730139286,1,1
2021,48,47892,1491.5113982168598,4392.451017030591,3,3
2021,48,48072,1874.3547585363056,2613.849271594081,1,1
2021,48,48768,463.0118038705442,649.3887072007127,1,1
2021,48,50820,1292.990211196016,2322.1281796479684,1,1
2021,48,53388,2318.0042613636365,3964.84375,1,1
2021,48,56000,1535.2320286383617,3602.1689347477036,1,1
2021,48,56348,778.8987757831807,2179.285370568229,1,1
2021,48,57200,1662.08843373799,2755.8008531969567,1,1
2021,48,58016,568.4294832040429,2667.0824754324353,1,1
2021,48,61796,515.944229707344,2842.869961347322,1,1
2021,48,63500,1231.5793944026839,3399.159128551408,1,1
2021,48,64472,2134.7873763845437,4476.816128610376,1,1
2021,48,65000,2328.830147643147,6393.6871749829215,2,2
2021,48,70808,586.7309924550203,2076.6831108531633,1,1
2021,48,72176,1533.5486985258624,2745.2873392496876,2,2
2021,48,74144,1642.7652579922815,4054.5047405783985,2,2
2021,48,76000,2135.2339181286548,4798.976608187135,2,2
2021,48,79000,2873.355888575802,5371.332741826975,1,1
2021,49,43660,1048.7521333696109,2778.945806228203,1,1
2021,49,44320,NA,NA,NA,NA
2021,49,55980,2280.803623272558,5736.848217396354,1,1
2021,49,57300,871.4619471954018,2998.945562056774,1,1
2021,49,62470,603.3222357272455,2366.608536349064,1,1
2021,49,65330,1021.8034993270526,3287.2139973082103,1,1
2021,49,67000,3139.2949139606235,11322.952704704423,2,2
2021,49,67440,1018.9878677081603,4365.755359813861,1,1
2021,49,70850,531.6264861076213,2680.6141476123094,1,1
2021,49,82950,998.7504847257529,3805.4203110862168,1,1
2021,49,83470,1664.74121167328,4787.566105294882,1,1
2021,51,01000,1145.4941998293136,3140.626481651231,1,1
2021,51,16000,1576.2303173498617,3336.1383975531207,1,1
2021,51,35000,1635.8557346359728,4138.268932635212,2,2
2021,51,47672,1960.1636002177959,3625.2896559583655,2,2
2021,51,56000,1946.301109315985,3410.0794838681786,1,1
2021,51,57000,2017.9748151377453,4961.099280672043,1,1
2021,51,64000,2131.2619287048246,6183.4301311387935,1,1
2021,51,67000,1450.7524061043266,5094.471720519683,1,1
2021,51,68000,2831.9508325132056,5899.897567735845,1,1
2021,51,76432,1870.9525239095938,3424.540035167475,1,1
2021,51,82000,946.1213395155335,2664.4350147927053,1,1
2021,53,03180,1335.1933041052212,6784.985815769113,1,1
2021,53,05210,494.76115555853113,4466.909918655642,1,1
2021,53,05280,1249.102656137832,9245.126732563918,1,1
2021,53,22640,1039.4972744888535,7592.495336750031,1,1
2021,53,23515,1026.1343594676928,6683.90251723585,1,1
2021,53,35275,1272.237066994054,5725.668616547508,1,1
2021,53,35415,1369.26384461413,7538.73526577211,1,1
2021,53,35940,470.23653661516977,3757.528148730034,1,1
2021,53,53545,947.6687871410247,3658.472734888348,1,1
2021,53,57745,749.1952560462621,6492.076002013047,1,1
2021,53,63000,1611.5881187900625,7755.34602109485,1,1
2021,53,67000,2531.578271136729,9037.300240575254,1,1
2021,53,67167,1132.3376852159956,7233.455342637359,1,1
2021,53,70000,2072.4053521800747,11457.125503837447,1,1
2021,53,74060,2303.922349480436,8169.65873913482,2,2
2021,53,80010,1800.220223131739,4891.654374337772,2,2
2021,55,02375,1356.4854452054794,3496.8964041095887,1,1
2021,55,31000,1072.9994490255224,2833.3162126574716,2,2
2021,55,39225,963.8070377993073,1874.4038953867778,1,1
2021,55,48000,735.7400912423195,3901.7204941099353,2,2
2021,55,53000,2509.8668622167493,5844.191782053898,1,1
2021,55,66000,1168.5219741329388,2687.0857731162732,1,1
2022,01,03076,906.6005739629534,2208.452908948604,2,2
2022,01,07000,3034.959661928544,8475.235866707246,2,2
2022,01,35896,780.4771998478178,2526.2242513180067,1,1
2022,01,37000,1777.4677363097314,3314.4983141495172,2,2
2022,01,50000,4017.905064514051,6136.885721033083,1,1
2022,01,51000,202.1829755929116,42.53849734009278,2,2
2022,01,77256,2708.016295358091,4782.744312220573,2,2
2022,02,03000,5.504448282268108,24.42598925256473,3,3
2022,04,04720,1656.690653933239,4249.333064317259,1,1
2022,04,07940,799.6464720860251,2005.4291786788997,1,1
2022,04,12000,903.0614836476573,3188.470999717,1,1
2022,04,23620,2353.728815784292,4981.818659175342,1,1
2022,04,27400,774.880550161449,2276.3753100831755,1,1
2022,04,27820,931.5430722782295,2411.2897699560226,1,1
2022,04,28380,660.228414426606,3050.9934182198435,1,1
2022,04,46000,1283.6965374759131,2739.0293807981884,2,2
2022,04,54050,824.3941199841081,2656.1487150534263,1,1
2022,04,55000,0.8077263373462835,8.015130578282351,3,3
2022,04,65000,868.4734573059446,4295.804803419016,2,2
2022,04,71510,690.9767774106915,1991.8813662932464,1,1
2022,04,73000,2345.7915527195382,7573.823927515815,1,1
2022,04,77000,14.232033905510384,74.6719701016389,3,3
2022,04,85540,1006.084266046473,3384.762339846751,2,2
2022,05,23290,1718.5493885626486,6744.753846477658,1,1
2022,05,24550,3296.1988467782567,7934.837373341544,2,2
2022,05,35710,2407.532629913625,6066.676022914301,1,1
2022,05,41000,4630.646134369838,9462.06569148147,1,1
2022,05,66080,1733.4640447494376,4244.276569978663,1,1
2022,06,00562,819.9574550377102,5539.869786630567,1,1
2022,06,00884,597.8492010450209,3980.8007776900176,1,1
2022,06,02000,1127.8812829325489,4231.499433898667,1,1
2022,06,02252,1229.3941712457397,3629.9297489045002,1,1
2022,06,02364,NA,NA,NA,NA
2022,06,03526,455.33128380667836,1805.0014716030087,1,1
2022,06,04982,NA,NA,NA,NA
2022,06,06000,50.25332619351649,434.1557853111999,3,3
2022,06,08786,NA,NA,NA,NA
2022,06,08954,643.8635573226555,4343.494158230645,1,1
2022,06,11194,619.6348424767964,3041.526863915639,1,1
2022,06,11530,9.526329716856312,28.57898915056893,3,3
2022,06,13014,14.592859227551317,112.85144469306353,3,3
2022,06,13210,779.0523909985935,4249.077004219409,1,1
2022,06,13214,NA,NA,NA,NA
2022,06,13392,740.3034374852863,2122.396352085997,1,1
2022,06,13588,847.0393792968885,3470.7955054116405,1,1
2022,06,14218,626.0001492450688,2877.113268715746,1,1
2022,06,15044,NA,NA,NA,NA
2022,06,16000,1231.9310118633357,4201.36472357548,1,1
2022,06,16350,270.29416594040896,1491.6701400730046,1,1
2022,06,16532,NA,NA,NA,NA
2022,06,17918,693.6940413707935,3189.641864773078,1,1
2022,06,19766,NA,NA,NA,NA
2022,06,21712,1114.2535541661541,2880.2224723564855,1,1
2022,06,22020,352.06268987251923,2120.325941909656,1,1
2022,06,22230,894.35233065273,2767.707624077584,1,1
2022,06,22804,938.3644136215042,2811.784480590812,1,1
2022,06,23182,233.6292078378831,827.3321051750125,1,1
2022,06,24638,170.20856716454728,1158.158293967463,1,1
2022,06,24680,856.2732046693649,2349.0173404880566,1,1
2022,06,26000,359.27358552415916,2382.919207150506,1,1
2022,06,27000,1780.8866762198813,5931.179920521192,2,2
2022,06,28000,4.217036828788305,88.5577734045544,3,3
2022,06,29000,650.7920786310643,3358.2502607246693,1,1
2022,06,30000,120.81516821584272,716.1511886156123,1,1
2022,06,32548,830.0949665432638,1951.068086182713,1,1
2022,06,33000,148.8150832492746,680.5643765332935,1,1
2022,06,33182,680.4162809115347,2911.289333080501,1,1
2022,06,33434,NA,NA,NA,NA
2022,06,36000,NA,NA,NA,NA
2022,06,36448,NA,NA,NA,NA
2022,06,36546,NA,NA,NA,NA
2022,06,36770,463.34150994821476,2649.682950937027,2,2
2022,06,37692,NA,NA,NA,NA
2022,06,39496,NA,NA,NA,NA
2022,06,39892,NA,NA,NA,NA
2022,06,40130,NA,NA,NA,NA
2022,06,41992,NA,NA,NA,NA
2022,06,43000,315.60071210249777,824.8015868723948,2,2
2022,06,44000,5.05019143059813,26.513505010640188,3,3
2022,06,45484,NA,NA,NA,NA
2022,06,46842,NA,NA,NA,NA
2022,06,46898,1763.1092762812766,4290.308601144994,2,2
2022,06,47766,184.59515500935618,1255.4999241389773,1,1
2022,06,48256,NA,NA,NA,NA
2022,06,48354,1467.1931399673856,4025.9633178811587,2,2
2022,06,49270,NA,NA,NA,NA
2022,06,49670,739.0542054254128,3787.8049968343644,1,1
2022,06,50076,512.9625823287071,2003.5925254023718,1,1
2022,06,50258,928.9058851741067,271.35158330493607,1,1
2022,06,51182,93.94192040770794,514.3320142322009,1,1
2022,06,52526,785.1373499651594,38.27544581080153,3,3
2022,06,53000,2.2840175869354193,22.154970593273568,3,3
2022,06,53322,1147.8108702409597,3302.978321686372,1,1
2022,06,53896,NA,NA,NA,NA
2022,06,53980,381.3217230840205,1790.5541779597484,1,1
2022,06,54652,77.12120388176727,302.0580485369218,1,1
2022,06,55156,NA,NA,NA,NA
2022,06,56000,468.9067566192187,2090.0882562484553,2,2
2022,06,56700,11.40959166339169,53.24476109582789,3,3
2022,06,57456,676.5333228647326,1898.742459336029,1,1
2022,06,57792,NA,NA,NA,NA
2022,06,58072,457.84917673912605,2384.6867470683637,3,3
2022,06,59444,NA,NA,NA,NA
2022,06,59451,1.7172688556120346,6.869075422448138,3,3
2022,06,59920,NA,NA,NA,NA
2022,06,60102,554.9068936047281,1643.0540342092274,1,1
2022,06,60466,NA,NA,NA,NA
2022,06,60620,1169.3579774950483,3977.719924925834,1,1
2022,06,62000,15.81898024525747,166.73205178501374,3,3
2022,06,62938,NA,NA,NA,NA
2022,06,64000,316.27196333078683,833.6516424751719,2,2
2022,06,64224,946.0447344010124,2647.6966267976386,1,1
2022,06,65000,100.88626091991983,174.62823639053389,3,3
2022,06,65042,607.1150256438139,1852.1538991282914,2,2
2022,06,66000,886.8580412966306,2842.8735241010213,1,1
2022,06,67000,17.978087883473787,97.17567764465898,3,3
2022,06,68000,10.587549042326225,47.14455799979224,3,3
2022,06,68084,NA,NA,NA,NA
2022,06,68196,690.9707503179313,1761.339550657058,1,1
2022,06,68252,358.08572937166997,1522.5843613497816,1,1
2022,06,68378,NA,NA,NA,NA
2022,06,69000,806.0916118299564,3573.137559051831,2,2
2022,06,69070,877.7075812274368,2493.231046931408,2,2
2022,06,69084,605.9754173889955,4998.516297302785,1,1
2022,06,69088,NA,NA,NA,NA
2022,06,69196,1355.6320349086661,4180.093661849684,2,2
2022,06,70000,NA,NA,NA,NA
2022,06,70098,750.7532782332048,1622.704395104954,1,1
2022,06,72016,19.817206091016466,34.085594476548316,1,1
2022,06,73080,NA,NA,NA,NA
2022,06,75000,1886.3856513451863,5105.771333937443,2,2
2022,06,77000,521.436473381509,3292.9424931909193,1,1
2022,06,78120,NA,NA,NA,NA
2022,06,78582,NA,NA,NA,NA
2022,06,80000,473.00177375665163,3770.9516410686538,1,1
2022,06,80238,768.9280738511279,2699.224690780308,1,1
2022,06,80854,830.0425082375431,3918.8067510124006,1,1
2022,06,81344,1112.280746255406,3046.406331249128,1,1
2022,06,81554,667.1192844702896,2092.865365882457,1,1
2022,06,81666,236.55020298564716,1279.4489019595308,1,1
2022,06,82590,NA,NA,NA,NA
2022,06,82954,1733.9855512985455,4090.735583108308,2,2
2022,06,82996,1109.846328969835,2307.0981380600047,1,1
2022,06,84200,673.9204792323408,3558.18919693454,1,1
2022,06,84550,167.7000816434608,1187.1400516339725,1,1
2022,06,85292,231.32351750540718,1185.5330272152119,1,1
2022,08,03455,567.175336811142,4878.682983114752,1,1
2022,08,04000,1706.9877552284893,6745.338183395335,1,1
2022,08,07850,996.266346460534,5201.786149833955,1,1
2022,08,12815,665.7257989638075,4373.1778425655975,1,1
2022,08,16000,1150.5133316097179,5659.157819237217,2,2
2022,08,20000,1693.866066404052,8462.999437253799,2,2
2022,08,27425,893.5872669740102,4904.656371846076,1,1
2022,08,32155,1467.359586471389,6213.119158120964,2,2
2022,08,43000,1770.7446093154615,9033.679370344991,1,1
2022,08,45970,1263.7105472009116,4709.916363118374,1,1
2022,08,46465,985.6209150326797,4742.483660130719,1,1
2022,08,62000,2034.461096652607,10129.229112447276,2,2
2022,08,77290,1247.540532725901,5404.833602493671,1,1
2022,08,83835,1045.0035497220827,6772.177105158353,1,1
2022,09,08000,1126.1534316696975,1945.8476459890887,1,1
2022,09,18430,914.9162579809383,2540.020357175905,1,1
2022,09,37000,1558.7698356972337,4952.212594067258,1,1
2022,09,52000,2600.63652973419,5623.416042906819,2,2
2022,09,55990,844.5908841295991,3076.331685886875,1,1
2022,09,73000,1038.3050371825452,2321.0474622082074,1,1
2022,09,80000,1939.203354297694,4652.341020265549,1,1
2022,11,50000,NA,NA,NA,NA
2022,12,07300,778.7303531332925,2783.2210655235763,1,1
2022,12,07875,22.480891242443924,99.91507218863967,1,1
2022,12,10275,1197.5144787644788,1553.953507078507,1,1
2022,12,12875,NA,NA,NA,NA
2022,12,14400,397.6053990627872,1118.8257187913393,1,1
2022,12,16475,784.343372298504,2971.0548945861406,1,1
2022,12,16725,NA,NA,NA,NA
2022,12,17200,NA,NA,NA,NA
2022,12,17935,691.6718964895648,2830.780734667717,1,1
2022,12,24000,NA,NA,NA,NA
2022,12,24125,NA,NA,NA,NA
2022,12,25175,1626.9467889392895,4113.359641608269,2,2
2022,12,30000,NA,NA,NA,NA
2022,12,32000,202.92739127019456,655.2590924563378,3,3
2022,12,32275,NA,NA,NA,NA
2022,12,35000,1.4733693747546577,13.576046381667917,3,3
2022,12,36950,1933.0258161522975,2833.9152373913707,2,2
2022,12,38250,NA,NA,NA,NA
2022,12,39425,1911.777177402745,4044.050835342436,1,1
2022,12,43975,NA,NA,NA,NA
2022,12,45000,752.3694679544251,2380.8504164177925,2,2
2022,12,45025,NA,NA,NA,NA
2022,12,45060,0.8959128455983802,1.7918256911967605,1,1
2022,12,45975,564.5244824575682,1359.8899066277986,1,1
2022,12,49675,NA,NA,NA,NA
2022,12,53000,NA,NA,NA,NA
2022,12,54000,1650.0292149811132,1729.8560647831919,1,1
2022,12,54200,NA,NA,NA,NA
2022,12,55775,NA,NA,NA,NA
2022,12,57425,NA,NA,NA,NA
2022,12,58050,NA,NA,NA,NA
2022,12,58715,NA,NA,NA,NA
2022,12,63000,NA,NA,NA,NA
2022,12,69700,NA,NA,NA,NA
2022,12,70600,2216.292829077116,3356.215859053057,2,2
2022,12,71000,1570.3452959091283,2835.367108403984,2,2
2022,12,76600,1667.6871789638399,3956.186005374698,2,2
2022,13,03440,NA,NA,NA,NA
2022,13,04000,1907.8971299698082,7345.838436013402,2,2
2022,13,04204,218.73372516925824,494.50685712868585,3,3
2022,13,19000,1251.8819779833018,3793.2854936159397,2,2
2022,13,42425,426.8515140459686,814.7877903441566,1,1
2022,13,49008,3.832543403554045,45.99052084264854,3,3
2022,13,67284,907.6209981675111,2131.076856742481,1,1
2022,13,68516,612.7530987399856,2986.355284878895,1,1
2022,13,69000,10.163772250191418,42.68784345080395,3,3
2022,13,72122,NA,NA,NA,NA
2022,13,80508,2910.1450717893845,6182.347525319133,1,1
2022,15,71550,NA,NA,NA,NA
2022,16,08830,956.4801530368245,2294.2713670834187,1,1
2022,16,52120,747.4639615589963,1745.194874532835,1,1
2022,16,56260,1207.6258796467769,2748.5915904793465,1,1
2022,17,02154,454.46258822303827,1655.077219574446,1,1
2022,17,03012,110.25054436206278,148.28698216697447,1,1
2022,17,06613,776.7680357414835,863.0755952683149,1,1
2022,17,12385,1806.4268628424425,3171.683892223676,1,1
2022,17,14000,2621.941765977911,5588.236806893972,2,2
2022,17,14351,1218.6865267433989,2478.9461806174204,3,3
2022,17,23074,1188.3702600928277,1474.7350906384097,1,1
2022,17,24582,1054.6637125717468,3890.853966649823,2,2
2022,17,38570,1264.1375040773262,2134.8546474860373,3,3
2022,17,51622,669.3988154726371,1721.1195997021912,1,1
2022,17,59000,3321.4216215259967,6105.047145611831,2,2
2022,17,65000,3250.929656550114,5486.154697549487,2,2
2022,17,68003,733.521548001186,3137.770558585038,1,1
2022,17,72000,3748.227012450313,7872.940270019438,2,2
2022,17,79293,61.49717672052329,161.01078995918823,1,1
2022,18,05860,1641.6474698124193,4611.042199326634,1,1
2022,18,10342,339.85902888801746,1516.2941288850009,1,1
2022,18,22000,2880.0916976032026,4766.222435118813,1,1
2022,18,23278,306.94358901868924,1445.8658535354045,1,1
2022,18,25000,1699.7209977543723,3129.512993641168,1,1
2022,18,31000,2365.9387517767154,4081.9227290347594,3,3
2022,18,36003,2209.9622905059605,4496.2279168168925,2,2
2022,18,71000,174.6148771875364,341.4690931667378,1,1
2022,19,12000,1410.219894982071,4411.045140182138,1,1
2022,19,19000,2064.1116631180503,6306.679283968142,1,1
2022,19,21000,1461.316169709707,3014.5803231314853,2,2
2022,19,73335,1918.8243690694874,4933.952661198797,1,1
2022,20,36000,443.26355202717485,420.1031922695866,2,2
2022,20,38900,1838.0072132319694,4453.0666750785995,1,1
2022,20,52575,1060.4162855172608,2253.120734058573,1,1
2022,20,53775,1026.5614513209541,3943.5416624295794,1,1
2022,20,71000,2409.219257935158,6491.2877379756555,2,2
2022,20,79000,3337.534189836621,7776.972403150895,1,1
2022,21,46027,1316.0024402694257,4421.43203974153,2,2
2022,21,48006,10.013096494462598,71.2042417384007,3,3
2022,22,05000,2446.5631929046563,8332.594235033259,2,2
2022,22,40735,739.4869603799319,1460.0759206612656,3,3
2022,22,41155,1503.093533907558,4430.425815843746,1,1
2022,22,55000,14.458160711656957,55.99251330150785,3,3
2022,22,70000,88.0853783642975,29.540828109977816,3,3
2022,24,04000,2567.2827552228387,5648.466849600032,2,2
2022,24,30325,1651.996428115831,2997.831356040311,1,1
2022,25,07000,2062.032149802161,3418.450472636629,2,2
2022,25,09000,1666.4597518932703,3077.9368368779424,1,1
2022,25,11000,1190.2137976636545,4079.279768060901,1,1
2022,25,23000,2009.8677887182555,2341.997906832696,1,1
2022,25,34550,1177.5125756526281,1590.834251195113,1,1
2022,25,37000,1391.007260081752,2953.7115315896353,1,1
2022,25,37490,1681.0229203302433,2130.090508976384,1,1
2022,25,45000,2458.755714569668,3115.6827668455576,1,1
2022,25,45560,235.1531321718879,1392.8300905565668,1,1
2022,25,55745,1066.5372693873105,2384.6070052782206,1,1
2022,25,62535,517.0013919268245,1907.6854245376812,1,1
2022,25,67000,2958.6941824152473,4429.992595215866,1,1
2022,25,82000,1464.805010994608,3242.062578664094,1,1
2022,26,03000,837.860836551679,2639.588924527067,1,1
2022,26,21000,1067.205342483443,2883.3914439094583,1,1
2022,26,22000,3926.7447356808475,7842.339746257383,1,1
2022,26,27440,872.4061176132692,1801.0578971302746,1,1
2022,26,29000,2943.9429290399817,3494.8633692877124,1,1
2022,26,34000,2797.1286648897503,4255.007673047411,1,1
2022,26,46000,2457.8266333882075,4243.003557962934,1,1
2022,26,49000,896.4689027473454,2721.0096072813076,1,1
2022,26,69035,NA,NA,NA,NA
2022,26,74900,1861.8523920270147,4121.828478326567,1,1
2022,26,76460,1229.2140208158871,1964.9479602823303,1,1
2022,26,80700,546.0594241138007,2398.761041642767,1,1
2022,26,84000,1595.3762230496147,2868.213698155684,1,1
2022,26,86000,1872.5090205881659,2387.802749805438,1,1
2022,26,88940,2259.8133764270447,3255.4866287859045,1,1
2022,27,06616,721.6171395275874,5331.450853838914,1,1
2022,27,07966,1685.6776259255337,5007.592612211745,1,1
2022,27,17000,1032.5911584382059,4689.300696077075,1,1
2022,27,43000,2092.171749707761,7689.56865795065,1,1
2022,27,51730,356.61553091919217,1994.5444080182187,1,1
2022,27,54880,738.1173043823646,3068.3172249437307,1,1
2022,27,58000,1365.5822749557974,6498.902223402395,1,1
2022,27,71428,271.3470727607248,2524.1895988034257,3,3
2022,28,36000,4.567074006172074,2.609756574955471,3,3
2022,29,15670,1759.5029008020797,4559.648733474939,1,1
2022,29,35000,1147.9487473203621,5120.358703300659,1,1
2022,29,38000,2228.6434842417752,6846.4180821333,1,1
2022,29,41348,782.4787669078327,2924.4652406417113,1,1
2022,29,54074,723.1146202014702,1870.9501769670571,1,1
2022,29,65000,1916.662751914314,11642.585347193793,1,1
2022,29,70000,2844.149153505889,7240.3522173467645,2,2
2022,30,06550,2042.8206639167158,6681.868258563706,1,1
2022,31,28000,1827.343725798624,5581.504211254565,1,1
2022,31,37000,9.811917800658625,28.20926367689355,3,3
2022,32,31900,1229.630607772674,2907.600066653462,1,1
2022,32,40000,5958.5785511022195,11594.438887467337,2,2
2022,32,51800,1298.376650430646,3112.9981592443055,3,3
2022,32,60600,1972.1262764144255,5366.973860842547,2,2
2022,32,68400,1606.1096968294376,3740.8007405693124,3,3
2022,33,45140,2128.880273303372,4498.552639585525,1,1
2022,33,50260,1076.498466072155,2240.964120383097,1,1
2022,34,13690,NA,NA,NA,NA
2022,34,21000,1483.8020123097335,3897.0994729664985,1,1
2022,34,36000,731.853879311842,2376.5278795688764,2,2
2022,34,51000,1551.3006132973273,2936.018610401653,2,2
2022,34,57000,2092.307302488218,3432.7015659048297,1,1
2022,34,74000,23.31908278274388,363.1114319027261,3,3
2022,35,02000,2322.4560973138437,8092.244080981102,1,1
2022,35,39380,2574.748591302472,9003.0825087847,1,1
2022,35,63460,1309.0435165930369,3273.5670956675067,1,1
2022,35,70500,2009.883926635242,7908.282639213851,2,2
2022,36,01000,3134.6547365886936,7015.608072864422,2,2
2022,36,11000,2651.361822702828,6549.615451338692,2,2
2022,36,50617,501.0639877270253,2416.241896372544,1,1
2022,36,51000,92.11980747505325,170.47325318844364,2,2
2022,36,63000,2576.874952604838,7200.746947751574,1,1
2022,36,73000,NA,NA,NA,NA
2022,36,84000,631.1373820192582,1733.244351225093,1,1
2022,37,02140,2366.1881637227175,7916.110784993863,1,1
2022,37,10740,428.86550777676126,1776.075022872827,1,1
2022,37,12000,1.3713580444434286,23.998765777760003,3,3
2022,37,14100,357.9057293397256,1576.8737836426637,1,1
2022,37,19000,1672.3338050082016,5527.747858103304,1,1
2022,37,22920,1985.6538426522661,5808.899984187602,1,1
2022,37,25580,2101.3459033678596,6153.941574148732,2,2
2022,37,28000,2214.3188807612332,6204.870761300394,1,1
2022,37,28080,2274.3304434887477,4784.171843356771,2,2
2022,37,31400,1133.894146512443,4173.676831405538,1,1
2022,37,55000,1642.9045555801397,3523.8240493902476,2,2
2022,37,74440,1680.4494881684384,5001.154507281948,1,1
2022,37,75000,3319.2959117846226,6302.014256464092,2,2
2022,38,25700,2610.76508612226,6229.2352280492305,1,1
2022,39,01000,3055.609571510409,5991.391316687076,1,1
2022,39,15000,2224.236733900994,5669.051704600641,1,1
2022,39,16000,5434.908806177689,7714.2818570869285,2,2
2022,39,18000,1998.7833107466458,6128.213339479572,1,1
2022,39,21000,3293.3979097629367,6155.638906084993,2,2
2022,39,61000,507.5260277712286,1312.866839564694,1,1
2022,39,77000,4576.199613278905,4275.046117601736,2,2
2022,40,09050,867.4947696455614,2657.632815987815,3,3
2022,40,23200,733.3100536490905,2782.9804344835616,1,1
2022,40,41850,2088.483130637311,3342.0124583896377,1,1
2022,40,52500,1208.2912428250368,4797.926406214517,3,3
2022,40,55000,1498.7784251080625,5214.891467769216,2,2
2022,40,75000,2919.1286067320807,5974.685510926402,1,1
2022,41,05350,842.6102466326341,3736.392152038871,1,1
2022,41,05800,721.0233100701917,2886.104462902999,2,2
2022,41,23850,1135.4700008486323,5366.750586970666,2,2
2022,41,31250,672.0986566835498,4185.862144902004,1,1
2022,41,34100,760.7023599594793,4143.060818669568,1,1
2022,41,47000,1219.3268567553982,6441.506213540023,2,2
2022,41,59000,1364.9568720679893,8776.336826595223,2,2
2022,41,64900,1119.7469189890417,7662.41451119178,2,2
2022,42,02000,NA,NA,NA,NA
2022,42,06088,121.48128796290248,239.0438247011952,2,2
2022,42,24000,1530.1710501339294,3915.592769915424,2,2
2022,42,60000,2177.430693293029,6659.959026065649,2,2
2022,42,61000,5.594994783490158,16.784984350470474,3,3
2022,42,63624,709.2948277502352,1267.42846270124,2,2
2022,42,69000,1227.026103863687,3219.958223308241,2,2
2022,44,19180,465.5887581478032,1873.238925638824,1,1
2022,44,54640,1171.9165691178034,3556.9862722145367,1,1
2022,44,59000,1231.8477716574862,4056.0841261892842,1,1
2022,44,74300,510.9744754357779,2428.0347414324197,1,1
2022,45,13330,1128.9677247265938,3258.202187249933,2,2
2022,45,16000,1447.1240329350512,5174.985740819282,2,2
2022,45,48535,595.9645939853758,2280.499202814888,1,1
2022,45,50875,3179.9922249578854,7399.248412595569,1,1
2022,46,59020,1710.4358302180444,4583.740518404765,1,1
2022,47,14000,2416.04518776753,7632.606681082036,2,2
2022,47,15160,1832.834967417591,3475.0598634755365,2,2
2022,47,27740,750.9267009446371,1923.95073538204,2,2
2022,47,40000,2393.9705092855615,5592.707068285234,2,2
2022,47,48000,4430.445044418731,11021.591138157572,2,2
2022,47,51560,2316.157068676826,3884.368057229603,2,2
2022,47,52006,2791.2463474067504,6035.056124589426,2,2
2022,48,01000,2204.0900313400234,3282.7883123872234,2,2
2022,48,01924,435.30215090474564,1414.9690831152082,1,1
2022,48,03000,2577.8598522659213,5247.554402076263,2,2
2022,48,04000,2025.0642363184902,3712.6177665838986,1,1
2022,48,05000,1996.6562374113182,5275.192495945531,2,2
2022,48,06128,1444.6589065589883,4729.481699013606,1,1
2022,48,07000,3335.8644706868113,5537.953968212407,1,1
2022,48,10768,1904.2882582259797,3231.033321033802,2,2
2022,48,10912,475.1237915585947,941.9948125442113,1,1
2022,48,13024,728.7351455958393,2224.7588521665507,1,1
2022,48,13552,781.9867966048413,1620.2976003353242,1,1
2022,48,15976,893.3093125005188,3276.851167694747,1,1
2022,48,16432,1798.323871316572,3433.3603676669372,1,1
2022,48,17000,2437.351323457225,4912.776428238789,2,2
2022,48,19000,2011.852608173502,5125.238151620507,2,2
2022,48,19972,1732.0155768933375,3942.7253939913676,1,1
2022,48,22660,2109.662850124797,3930.1137038944576,2,2
2022,48,24000,1414.9835863676033,2553.084035139793,1,1
2022,48,26232,257.079472791335,1341.5111575101137,1,1
2022,48,27000,1288.036830715623,3763.42516138312,2,2
2022,48,27684,600.2721761722133,2178.8939750092786,1,1
2022,48,29000,1334.6938440985798,3378.7383311614335,1,1
2022,48,30464,746.6582859807684,2648.533295485074,1,1
2022,48,35000,2752.048663627222,6479.251197494353,2,2
2022,48,37000,1498.2624861744102,3987.2608467144128,2,2
2022,48,39148,1811.2264813802794,2949.748874489291,1,1
2022,48,41464,1294.5909210201612,2013.3728696047285,2,2
2022,48,41980,816.0819254598172,2190.9067674871553,1,1
2022,48,42508,1201.3309018779794,3240.0742233739643,1,1
2022,48,43888,1476.1000778816199,4062.0132398753894,1,1
2022,48,45000,2811.4954103567143,7143.963747627716,2,2
2022,48,45384,1793.696837207999,3136.1668138058603,1,1
2022,48,45744,621.431484502447,1721.5538336052202,1,1
2022,48,47892,1624.7432062580717,4656.080407390306,3,3
2022,48,48072,2115.631368405163,2785.8706317457923,1,1
2022,48,48768,1533.4382834820126,2760.1889102676228,1,1
2022,48,50820,1107.6102502338886,2809.888916370049,1,1
2022,48,53388,2177.269238573306,3061.2334918352403,1,1
2022,48,56000,1564.2013012880095,3848.7584650112863,1,1
2022,48,56348,799.3380356368193,2451.8388791593698,1,1
2022,48,57200,1375.9850945438982,2344.08439710955,1,1
2022,48,58016,650.6450299703805,2631.708241503713,1,1
2022,48,61796,468.39399303761553,2892.523483225058,1,1
2022,48,63500,1214.4606317187565,3622.628979371602,1,1
2022,48,64472,1922.1097946128623,4585.504214358995,1,1
2022,48,65000,2416.4016208491335,7333.6644388522345,2,2
2022,48,70808,744.0246372993449,2402.8634501303636,1,1
2022,48,72176,1496.292214248919,2508.5955937848166,2,2
2022,48,74144,1667.6061630965803,3645.2461480646375,2,2
2022,48,76000,1977.3026432815113,4589.277455619196,2,2
2022,48,79000,2461.8957475459106,4741.320427001815,2,2
2022,49,43660,1060.8619044123045,3003.9399946161566,1,1
2022,49,44320,612.1125664634937,1702.7622876410321,1,1
2022,49,55980,2062.152753763515,4595.753509924614,1,1
2022,49,57300,884.6549948506694,3012.358393408857,1,1
2022,49,62470,701.048951048951,2475.5244755244753,1,1
2022,49,65330,975.3155738557199,3070.4764281406615,1,1
2022,49,67000,3214.603341796302,10453.671454620433,2,2
2022,49,67440,821.8748366183928,3824.9594813614262,1,1
2022,49,70850,504.36519112112444,2365.6519624158323,1,1
2022,49,82950,982.961429074693,3694.697679214318,1,1
2022,49,83470,1354.5237203675433,4756.315349828615,1,1
2022,51,01000,1232.9149586913206,3477.289744533421,1,1
2022,51,16000,1567.5062255139808,3909.743079754749,1,1
2022,51,35000,1616.417790798516,4624.791388822085,2,2
2022,51,47672,1997.0694490058863,4008.0337518631736,2,2
2022,51,56000,2093.7996305059473,4049.849285320714,1,1
2022,51,57000,1967.7347208331753,6656.454532794875,1,1
2022,51,64000,2145.116240860922,7515.608313480654,1,1
2022,51,67000,1437.6835071377948,5976.555106065475,1,1
2022,51,68000,3019.765554917198,6609.012931773053,1,1
2022,51,76432,1912.3724382221471,3206.966348992157,1,1
2022,51,82000,911.9895173618694,2782.4852587901287,1,1
2022,53,03180,1333.7537811102159,6615.045022949441,1,1
2022,53,05210,563.7225608541493,4698.351991288528,1,1
2022,53,05280,1223.8240670804462,13126.00571409806,1,1
2022,53,22640,1128.5826409375084,7950.598572807564,1,1
2022,53,23515,1182.5646997410001,6681.791716023852,1,1
2022,53,35275,1571.1678179020075,7327.344523579447,1,1
2022,53,35415,1586.1625076755765,8791.956735642048,1,1
2022,53,35940,481.44324294951906,3998.2611530728686,1,1
2022,53,53545,1125.8638093019645,4516.396200533168,1,1
2022,53,57745,790.66014901998,7157.704902472593,1,1
2022,53,63000,1650.143002410826,8027.056791219203,1,1
2022,53,67000,2429.778608471319,10425.496441765166,1,1
2022,53,67167,1246.1329401220112,7452.70380971656,1,1
2022,53,70000,2214.528768347975,13737.832635448882,1,1
2022,53,74060,2460.9334032511797,9737.283691662296,2,2
2022,53,80010,1849.8615187466414,4899.549419205489,2,2
2022,55,02375,1143.3058709222312,3596.289247068532,1,1
2022,55,31000,1255.077401119368,3177.47037792711,2,2
2022,55,39225,1093.5442694460917,1920.738142381876,1,1
2022,55,48000,863.6356865140252,3911.4987561262647,2,2
2022,55,53000,2374.1538010706454,4847.034444504526,1,1
2022,55,66000,1149.083960595458,2521.5291854414936,1,1
2023,01,03076,974.1166907973279,2386.39538723361,2,2
2023,01,07000,2704.6688273246305,8787.288909402876,2,2
2023,01,35896,754.3208406835424,2257.5513252021083,1,1
2023,01,37000,649.4100011882239,1221.1284469915088,2,2
2023,01,50000,3608.9185670216157,5261.56555751849,1,1
2023,01,51000,195.52509574682523,69.0385003023584,3,3
2023,01,77256,2800.3974038756164,5060.399818011309,2,2
2023,02,03000,15.567217515541273,37.361322037299054,3,3
2023,04,04720,1687.9219804951238,3585.4551873262435,1,1
2023,04,07940,758.1827651135773,1799.8077000120186,1,1
2023,04,12000,823.7362605753568,2581.2320448147043,1,1
2023,04,23620,2122.280009956375,4430.587033131149,1,1
2023,04,27400,818.8316526383346,2152.568254413208,1,1
2023,04,27820,2041.6238663751585,4231.533256326116,1,1
2023,04,28380,801.8194011137999,2724.2421591781595,1,1
2023,04,46000,1370.8968664651472,2631.247068838452,2,2
2023,04,54050,911.2988710391173,2327.3883646018794,1,1
2023,04,55000,0.8616275405703482,9.66253741925319,3,3
2023,04,65000,855.1879059664944,4057.497037193035,1,1
2023,04,71510,654.7662838836536,1865.983587370167,1,1
2023,04,73000,2156.968978483953,6057.322483223276,1,1
2023,04,77000,9.754337919712597,63.49521853397822,3,3
2023,04,85540,967.8959181808026,2825.4842018667287,2,2
2023,05,23290,1405.9880485873266,5268.083968444979,1,1
2023,05,24550,3252.6593367301334,6905.33655135425,2,2
2023,05,35710,2494.096253172869,5824.188313738367,1,1
2023,05,41000,4475.705217052467,9063.377051282683,1,1
2023,05,66080,1743.9465372820068,4526.937336934133,1,1
2023,06,00562,816.8999427649721,7341.693116187106,1,1
2023,06,00884,613.6249278990709,4084.287520096216,1,1
2023,06,02000,1095.6224441522784,3754.1394212211185,1,1
2023,06,02252,1109.2010124482763,4526.645876346547,1,1
2023,06,02364,NA,NA,NA,NA
2023,06,03526,1343.892488600912,4684.768075696801,1,1
2023,06,04982,NA,NA,NA,NA
2023,06,06000,171.34824451228135,1230.2138525906025,3,3
2023,06,08786,504.5032028126957,2235.9485623464816,1,1
2023,06,08954,811.1063566776019,4708.790947558598,1,1
2023,06,11194,575.5458515283843,2793.886462882096,1,1
2023,06,11530,23.52362520449515,93.02524512686719,3,3
2023,06,13014,1133.957973968951,2381.6057707385917,2,2
2023,06,13210,736.5840370471261,4220.103514028875,1,1
2023,06,13214,NA,NA,NA,NA
2023,06,13392,716.6490928262372,2025.5972075773552,1,1
2023,06,13588,982.3521301530401,3442.253780045039,1,1
2023,06,14218,810.7953943562122,3028.055965253954,1,1
2023,06,15044,NA,NA,NA,NA
2023,06,16000,1245.7749879285368,4370.674392403026,1,1
2023,06,16350,630.8274416232789,3212.6870604826267,1,1
2023,06,16532,197.21724655774486,846.7676274222439,2,2
2023,06,17918,742.9797191887675,3281.00624024961,1,1
2023,06,19766,NA,NA,NA,NA
2023,06,21712,1143.8484782049206,2790.0370797548353,1,1
2023,06,22020,363.95235327641757,2009.355550414454,1,1
2023,06,22230,1063.8297872340424,3039.246819718678,1,1
2023,06,22804,915.197481205766,2430.7431643686673,1,1
2023,06,23182,1374.3384589740383,3801.3084968954454,1,1
2023,06,24638,560.0194789383978,2570.0024348673,1,1
2023,06,24680,871.5511912457945,2268.2980922136076,1,1
2023,06,26000,493.61538259568175,3744.1251892629903,1,1
2023,06,27000,1905.0246957865402,5337.6010595734115,2,2
2023,06,28000,813.9979331530741,3110.8877532241395,1,1
2023,06,29000,396.8277228419195,2121.8853126850054,1,1
2023,06,30000,547.6673427991886,3470.1201435481353,1,1
2023,06,32548,1047.327569152712,3068.669777617446,1,1
2023,06,33000,911.4264357635943,5217.932048165527,1,1
2023,06,33182,849.4583324140062,2869.404055336143,1,1
2023,06,33434,NA,NA,NA,NA
2023,06,36000,NA,NA,NA,NA
2023,06,36448,NA,NA,NA,NA
2023,06,36546,1233.2465072223538,5154.629410371774,1,1
2023,06,36770,456.58099688473516,2535.6957424714433,2,2
2023,06,37692,NA,NA,NA,NA
2023,06,39496,NA,NA,NA,NA
2023,06,39892,NA,NA,NA,NA
2023,06,40130,NA,NA,NA,NA
2023,06,41992,561.3136136019565,2506.113893094212,2,2
2023,06,43000,1320.6366100970358,4163.440503739441,2,2
2023,06,44000,5.443380162819277,31.649367518106367,3,3
2023,06,45484,872.6205198737879,2375.1459183319657,1,1
2023,06,46842,NA,NA,NA,NA
2023,06,46898,2096.562172760288,4982.955684780429,2,2
2023,06,47766,718.523064334663,4800.808018819678,1,1
2023,06,48256,NA,NA,NA,NA
2023,06,48354,1390.578828437337,3632.4297620463462,2,2
2023,06,49270,NA,NA,NA,NA
2023,06,49670,779.4762211187062,3775.967363986256,1,1
2023,06,50076,591.2865858574999,1947.6621782639468,1,1
2023,06,50258,2069.3767762890784,3533.546488022737,1,1
2023,06,51182,767.4606187132283,3068.656291516417,1,1
2023,06,52526,1028.6656141709611,34.7522166949649,3,3
2023,06,53000,56.38342555561643,383.9551489252908,3,3
2023,06,53322,1097.703747493364,2994.0536217268836,1,1
2023,06,53896,NA,NA,NA,NA
2023,06,53980,568.7593261391406,2096.263777455793,1,1
2023,06,54652,1040.72353169431,2726.6757539275873,1,1
2023,06,55156,NA,NA,NA,NA
2023,06,56000,895.4873884304787,3833.301578461403,2,2
2023,06,56700,13.862808605023377,26.46536188231736,3,3
2023,06,57456,1061.0534085516952,3162.07096536089,1,1
2023,06,57792,NA,NA,NA,NA
2023,06,58072,1208.968198879986,4825.090470446321,3,3
2023,06,59444,NA,NA,NA,NA
2023,06,59451,1.7172983462416926,22.324878501142006,3,3
2023,06,59920,768.7524124029678,2045.7177166873955,2,2
2023,06,60102,1185.3487497421836,3382.550986981789,1,1
2023,06,60466,NA,NA,NA,NA
2023,06,60620,1335.401573711394,4430.829491490173,1,1
2023,06,62000,1437.827479675311,5596.048583200787,3,3
2023,06,62938,832.4695941956729,2645.0097744656846,1,1
2023,06,64000,1897.4775248569938,4779.516846353482,2,2
2023,06,64224,1012.3894242343804,2087.7445321711434,1,1
2023,06,65000,95.14190121475015,212.82927665100507,3,3
2023,06,65042,1255.6869881710645,3845.313921747043,2,2
2023,06,66000,874.1853246896707,2709.8445483628516,1,1
2023,06,67000,23.555548646990808,84.53691824072337,3,3
2023,06,68000,899.950911768449,2183.3152535114245,2,2
2023,06,68084,NA,NA,NA,NA
2023,06,68196,680.286570717915,1373.3285146367907,1,1
2023,06,68252,785.090048766356,2921.153010477524,1,1
2023,06,68378,NA,NA,NA,NA
2023,06,69000,1398.4129072420333,5210.8368978208755,2,2
2023,06,69070,1799.5092247568844,3959.1475052258475,2,2
2023,06,69084,622.1032350915744,4073.073917315981,1,1
2023,06,69088,NA,NA,NA,NA
2023,06,69196,1444.3028758645796,3795.959228248999,2,2
2023,06,70000,2.184956573988092,33.866826896815425,3,3
2023,06,70098,1093.5807150595883,2472.6886962802455,1,1
2023,06,72016,528.7471475482829,1523.427871733098,1,1
2023,06,73080,NA,NA,NA,NA
2023,06,75000,1933.7223453053327,5115.923487377914,2,2
2023,06,77000,559.7732234205467,2736.3070607018344,1,1
2023,06,78120,NA,NA,NA,NA
2023,06,78582,NA,NA,NA,NA
2023,06,80000,469.6896842486707,3665.53077024927,1,1
2023,06,80238,804.3373392898342,3006.5647349986366,1,1
2023,06,80854,655.40583285886,3220.0923641424683,1,1
2023,06,81344,1069.16645553585,2913.6052698251838,1,1
2023,06,81554,1097.1249448988588,3647.940441788706,1,1
2023,06,81666,1081.5407944671326,6851.095581568877,1,1
2023,06,82590,NA,NA,NA,NA
2023,06,82954,1809.3362028475487,4085.5526502113576,1,1
2023,06,82996,1036.0278166372686,1861.2006568943493,1,1
2023,06,84200,516.5866190103876,3399.2330317584424,1,1
2023,06,84550,944.0136665668297,3950.2146494059702,1,1
2023,06,85292,826.3020075647366,3471.6322374163515,1,1
2023,08,03455,494.97293116782674,4372.5322587210485,1,1
2023,08,04000,1687.3355014466904,5960.774062598507,1,1
2023,08,07850,1139.5073112896853,5558.273895778835,1,1
2023,08,12815,758.0131488275939,3665.2822528076285,1,1
2023,08,16000,1208.447957871989,6029.612977878241,2,2
2023,08,20000,1762.2811859880571,7760.594283024208,2,2
2023,08,27425,831.4427977961758,4470.109896585251,1,1
2023,08,32155,1248.3892488644776,4724.869997532467,2,2
2023,08,43000,1695.9995905546068,7830.003390719664,1,1
2023,08,45970,1301.5622789466238,4298.793427514703,1,1
2023,08,46465,1070.458952811894,4427.92501616031,1,1
2023,08,62000,1789.0130387215954,8825.797657693205,2,2
2023,08,77290,1348.703089348955,4584.330687719593,1,1
2023,08,83835,1071.4347532584425,5739.705398715663,1,1
2023,09,08000,1081.6690538604978,2105.2347106991324,1,1
2023,09,18430,1001.3242571382107,2143.2056315777245,1,1
2023,09,37000,1425.3563390847712,5524.714511961323,1,1
2023,09,52000,2748.075519402828,7992.896540826077,1,1
2023,09,55990,800,2696.580027359781,1,1
2023,09,73000,1052.9726227118094,2293.713090732368,1,1
2023,09,80000,1923.8168526356292,5377.068103116583,1,1
2023,11,50000,NA,NA,NA,NA
2023,12,07300,761.8912711341353,3068.81304827335,1,1
2023,12,07875,1303.9540452351707,3616.5804394486418,1,1
2023,12,10275,189.93444354537834,260.6753332331978,1,1
2023,12,12875,NA,NA,NA,NA
2023,12,14400,637.4942147773249,1902.7783998447321,1,1
2023,12,16475,684.1333684170959,2905.6873284967864,1,1
2023,12,16725,NA,NA,NA,NA
2023,12,17200,NA,NA,NA,NA
2023,12,17935,592.2342789907177,2514.054124722186,1,1
2023,12,24000,NA,NA,NA,NA
2023,12,24125,NA,NA,NA,NA
2023,12,25175,1682.3223847755396,4370.835103160622,2,2
2023,12,30000,NA,NA,NA,NA
2023,12,32000,235.39412168568347,706.1823650570503,3,3
2023,12,32275,NA,NA,NA,NA
2023,12,35000,1.9755879713726907,12.685354342498327,3,3
2023,12,36950,1636.3956530489033,2338.2471322197625,2,2
2023,12,38250,NA,NA,NA,NA
2023,12,39425,1904.1039439555911,3893.0502024095217,1,1
2023,12,43975,NA,NA,NA,NA
2023,12,45000,1422.9967559435188,4400.185374656061,2,2
2023,12,45025,NA,NA,NA,NA
2023,12,45060,370.2904802991084,1167.4935289042278,1,1
2023,12,45975,580.2067859926758,1461.915197152648,1,1
2023,12,49675,NA,NA,NA,NA
2023,12,53000,NA,NA,NA,NA
2023,12,54000,1820.0250652574778,1824.814604902892,1,1
2023,12,54200,NA,NA,NA,NA
2023,12,55775,NA,NA,NA,NA
2023,12,57425,NA,NA,NA,NA
2023,12,58050,NA,NA,NA,NA
2023,12,58715,NA,NA,NA,NA
2023,12,63000,0.383662131780269,8.440566899165919,3,3
2023,12,69700,NA,NA,NA,NA
2023,12,70600,553.8418395961862,1018.5481932537457,2,2
2023,12,71000,1662.4765817041146,2806.6366878585827,2,2
2023,12,76600,1578.9737925494526,3717.742745255548,2,2
2023,13,03440,NA,NA,NA,NA
2023,13,04000,1768.72219785414,7273.572113834327,2,2
2023,13,04204,1997.4789582340798,4129.446561854851,3,3
2023,13,19000,938.9234916798364,2906.7975320843707,2,2
2023,13,42425,367.77689825245085,918.2244413322779,1,1
2023,13,49008,4.4716148278747685,67.71302453638937,3,3
2023,13,67284,968.9231666612657,2233.81617464381,1,1
2023,13,68516,610.0860090673333,3079.3484953077486,1,1
2023,13,69000,17.621623087037264,55.57588819757906,3,3
2023,13,72122,NA,NA,NA,NA
2023,13,80508,2793.536187037992,5883.003020702866,1,1
2023,15,71550,NA,NA,NA,NA
2023,16,08830,882.4739818668567,2358.0723034692255,1,1
2023,16,52120,727.1853601890041,1143.6351259360108,1,1
2023,16,56260,1068.784163930416,1987.976178155783,1,1
2023,17,02154,473.62896877459985,1849.9081605877723,1,1
2023,17,03012,1409.374704642875,2050.95987590831,1,1
2023,17,06613,NA,NA,NA,NA
2023,17,12385,1408.434847222535,3180.5183400508886,1,1
2023,17,14000,2814.6937858983147,6050.306391377314,2,2
2023,17,14351,1229.2274972063012,2078.752268002836,3,3
2023,17,23074,1390.812051951694,1747.4979405114543,2,2
2023,17,24582,1048.960183927265,4505.434214651479,2,2
2023,17,38570,1233.7684013753046,1874.687051440398,3,3
2023,17,51622,648.4902023771282,1763.4382696220152,1,1
2023,17,59000,3553.1455683784316,7341.740541890374,2,2
2023,17,65000,3249.598710455201,5401.323408895421,2,2
2023,17,68003,833.5504037509768,3056.7856212555353,1,1
2023,17,72000,3932.6731976713513,8706.931424450815,2,2
2023,17,79293,671.3975640751695,1526.1080309045312,1,1
2023,18,05860,1886.002208374053,5080.529502100493,1,1
2023,18,10342,359.20040596610977,1636.7996338344892,1,1
2023,18,22000,3010.9669274568237,4676.187940673818,1,1
2023,18,23278,359.6979726114271,1207.9113735904398,1,1
2023,18,25000,1739.8163276804328,3101.019775762015,1,1
2023,18,31000,2250.382629899608,4102.570754105165,3,3
2023,18,36003,2231.977352578049,4653.06113194028,2,2
2023,18,71000,3174.0322361130015,5013.31829759104,1,1
2023,19,12000,1377.3299527250674,4226.978130776931,1,1
2023,19,19000,2081.457811897154,6619.312841921985,1,1
2023,19,21000,2189.547405678138,5078.978085699224,1,1
2023,19,73335,2113.2269325518673,5499.060139402926,1,1
2023,20,36000,609.2675867059493,1173.954618287073,2,2
2023,20,38900,691.3963062676122,1798.6779664568035,1,1
2023,20,52575,937.9348733648761,2244.642360144726,1,1
2023,20,53775,967.5505453881613,3720.6071024700937,1,1
2023,20,71000,2496.372013354163,6737.349626892303,2,2
2023,20,79000,3670.9812150682997,8389.409011117612,1,1
2023,21,46027,1307.6027179701173,4490.193758135537,2,2
2023,21,48006,11.798281277403103,79.08037180529647,3,3
2023,22,05000,2626.2969436609014,7875.314596846655,2,2
2023,22,40735,755.3255387248328,1366.6620041633412,3,3
2023,22,41155,1721.3726906548807,4283.842848222921,1,1
2023,22,55000,7.446115388195247,44.41075963673594,3,3
2023,22,70000,53.955952322558495,14.17025010491435,3,3
2023,24,04000,2459.142782396876,6640.239919749547,2,2
2023,24,30325,1610.082240718459,3143.2576255628464,1,1
2023,25,07000,2057.76749621972,3606.0255552945,2,2
2023,25,09000,1692.9958127141226,3409.7830224590784,1,1
2023,25,11000,1442.3485067151128,4513.812248501622,1,1
2023,25,23000,2301.52297256943,2676.933577919031,1,1
2023,25,34550,1255.9883121736864,1786.0176449936012,1,1
2023,25,37000,590.5974790721174,1583.6374881314296,1,1
2023,25,37490,1345.8203260492542,1725.3852633665329,1,1
2023,25,45000,2205.875053359939,3242.2987958026824,1,1
2023,25,45560,213.5496700714092,1328.7535026665462,1,1
2023,25,55745,1025.0490819940608,2615.404346839514,1,1
2023,25,62535,579.7713193211586,2085.6869731467805,1,1
2023,25,67000,2876.8796324417935,5215.475182712874,1,1
2023,25,82000,915.8106286587413,1634.055308733291,1,1
2023,26,03000,1014.2021307322226,2680.3324008285263,1,1
2023,26,21000,1065.4080818945533,3181.3882758748587,1,1
2023,26,22000,4050.6154145802047,8401.869804788861,1,1
2023,26,27440,916.9907340726871,1928.8011906476547,1,1
2023,26,29000,3476.2169852168,4498.051586565226,1,1
2023,26,34000,2677.885198818818,4353.58601998301,1,1
2023,26,46000,2479.874895598244,4474.614824160788,1,1
2023,26,49000,844.1599863913756,2459.120967913415,1,1
2023,26,69035,NA,NA,NA,NA
2023,26,74900,2170.3387043735615,4343.3081223281815,1,1
2023,26,76460,1174.0202138260172,1889.5207270384271,1,1
2023,26,80700,490.2241515571489,2325.1285693014306,1,1
2023,26,84000,1749.826248117688,3055.1372639870265,1,1
2023,26,86000,2058.1070643455528,2982.591646366823,1,1
2023,26,88940,2333.96214141677,4061.6665582514797,1,1
2023,27,06616,846.4846124406223,5311.916071951192,1,1
2023,27,07966,1638.4308053444618,4264.425185835043,1,1
2023,27,17000,922.1417634666083,4479.4676674763705,1,1
2023,27,43000,2114.3506425048904,7906.382879031031,1,1
2023,27,51730,384.7798204360838,1716.4197872393934,1,1
2023,27,54880,744.8330291520742,2685.838307107976,1,1
2023,27,58000,1316.9267160988036,5019.46309160975,2,2
2023,27,71428,287.21814282929364,2367.9251413347197,3,3
2023,28,36000,1.3348728867293613,3.337182216823403,3,3
2023,29,15670,1696.5408805031445,4308.962264150944,1,1
2023,29,35000,428.06534146821497,2027.9800564193401,1,1
2023,29,38000,2240.114278293617,7241.166945082276,1,1
2023,29,41348,927.0541902654436,3157.4432410828304,1,1
2023,29,54074,895.3903578325081,1610.623860534861,1,1
2023,29,65000,2127.5361725501434,10554.776550702982,1,1
2023,29,70000,2929.19873459559,6192.454790122291,2,2
2023,30,06550,1890.6195857032988,5831.593715401324,1,1
2023,31,28000,1634.6272419604566,4970.678103119905,2,2
2023,31,37000,722.6590904901095,2729.635782276417,2,2
2023,32,31900,1250.7588060014236,3266.024287954937,1,1
2023,32,40000,5582.963189439414,11820.892862355637,2,2
2023,32,51800,1000.4690275618321,3495.547931293002,2,2
2023,32,60600,1962.7526872125493,5334.642082994063,2,2
2023,32,68400,1519.623118801899,4062.104742177332,3,3
2023,33,45140,1952.9523892041764,3567.12732313824,1,1
2023,33,50260,995.2705446006299,2030.0446609825415,1,1
2023,34,13690,415.7002476273712,2175.983506448396,1,1
2023,34,21000,1574.8379167985163,4385.261283272131,1,1
2023,34,36000,896.4724482293202,2570.324932428001,2,2
2023,34,51000,1558.980168496165,3657.3694284933003,2,2
2023,34,57000,2133.7054420905747,3928.0730686286943,1,1
2023,34,74000,45.57277193606473,390.1473890136274,3,3
2023,35,02000,2449.8300408186487,8024.882308600362,1,1
2023,35,39380,2630.270308670479,9410.187191418321,1,1
2023,35,63460,1260.6422423098945,2851.698534726329,1,1
2023,35,70500,2065.197678636199,8659.775117881756,2,2
2023,36,01000,3589.0928348038087,6947.372628171182,2,2
2023,36,11000,3104.2305090142077,8386.487552325098,2,2
2023,36,50617,850.5840104913532,2168.1312889902074,1,1
2023,36,51000,2571.498421479434,3582.4068052871457,2,2
2023,36,63000,2685.962235361434,10505.912645432005,1,1
2023,36,73000,NA,NA,NA,NA
2023,36,84000,883.887194612679,2261.739425091515,1,1
2023,37,02140,2343.9900814886246,7039.387934597166,1,1
2023,37,10740,436.9333167313766,2004.6862796146838,1,1
2023,37,12000,1.4668001078662234,24.935601833725798,3,3
2023,37,14100,385.8502788261139,1607.2400908766595,1,1
2023,37,19000,1617.8739188463073,6044.060804603678,1,1
2023,37,22920,1775.938042462278,4972.0542509967,1,1
2023,37,25580,2069.0415523324186,6273.275186201489,2,2
2023,37,28000,2165.3648798917484,6347.382805696601,1,1
2023,37,28080,2131.2401174610345,5351.25367065733,2,2
2023,37,31400,1223.289346971708,3885.8957341037453,1,1
2023,37,55000,1630.7568776645571,3883.4827715857023,2,2
2023,37,74440,1622.56067736005,5781.004908161716,2,2
2023,37,75000,2736.2916372709624,5035.334632723098,2,2
2023,38,25700,2508.058017727639,6052.811008491911,1,1
2023,39,01000,3165.7925561664365,5332.249928769667,1,1
2023,39,15000,2069.4778662446097,6105.072756342965,2,2
2023,39,16000,5194.776925525749,8725.168220764415,2,2
2023,39,18000,1680.897537728356,4675.227252669667,1,1
2023,39,21000,3106.602993981322,6555.458860180926,2,2
2023,39,61000,471.7275461431906,1025.8202193907475,1,1
2023,39,77000,4627.860285106589,4023.3031986024043,2,2
2023,40,09050,1082.6525418611272,2285.2164011076698,3,3
2023,40,23200,757.1796105335815,2613.52465017047,1,1
2023,40,41850,2314.089695793166,3899.0977476781895,1,1
2023,40,52500,1205.7740416737884,4068.7104743850705,3,3
2023,40,55000,1541.325380104052,4955.909236771682,2,2
2023,40,75000,3061.199741949253,5414.942690421564,1,1
2023,41,05350,716.9083711103361,2943.529363500236,1,1
2023,41,05800,714.4828129927467,2928.8867865026805,2,2
2023,41,23850,1055.6557007661108,5093.510590356016,2,2
2023,41,31250,710.8794695881862,4346.824088354695,1,1
2023,41,34100,858.4773470340963,4016.8145726296125,1,1
2023,41,47000,1180.7352495512507,5388.488705503882,2,2
2023,41,59000,1382.1055989046467,8190.566580832872,2,2
2023,41,64900,1061.890799587923,7393.612806086061,2,2
2023,42,02000,NA,NA,NA,NA
2023,42,06088,1607.650287404793,2762.459614112029,2,2
2023,42,24000,1586.7284081736693,3245.677386465016,2,2
2023,42,60000,2091.9698287193382,7961.542739277265,2,2
2023,42,61000,6.58718134510243,9.880772017653646,3,3
2023,42,63624,1688.1774853431186,3021.004681766418,2,2
2023,42,69000,1039.7770591792203,2700.0026290191126,2,2
2023,44,19180,566.3665408074354,2062.155097298867,1,1
2023,44,54640,1285.86609989373,2950.318809776833,1,1
2023,44,59000,1162.9007328587802,3350.4368763603097,1,1
2023,44,74300,579.2134763668835,2249.2789998913977,1,1
2023,45,13330,1303.169444919547,3370.0843343376264,2,2
2023,45,16000,1850.4698628449705,6282.468355806084,2,2
2023,45,48535,576.2880145043275,2144.352593296065,1,1
2023,45,50875,3206.1978545887964,7095.181338327941,1,1
2023,46,59020,1470.3352526284898,3833.6993149229415,1,1
2023,47,14000,2434.4753653627376,7309.989498556052,2,2
2023,47,15160,1870.306055370367,3246.711693630488,2,2
2023,47,27740,621.6768916155419,1852.1764534034473,2,2
2023,47,40000,2455.077147031039,4726.901058739114,2,2
2023,47,48000,4714.1542262062785,12706.199538043089,2,2
2023,47,51560,2238.697023745295,4191.764997111973,2,2
2023,47,52006,2807.8410283239173,6539.8408295800955,2,2
2023,48,01000,1979.8631322268543,2864.784079288917,1,1
2023,48,01924,462.4642472419301,1490.4721221351363,1,1
2023,48,03000,2478.2900793749536,4798.327900669337,1,1
2023,48,04000,1829.9309216275847,3683.4199240568537,1,1
2023,48,05000,1830.736199995454,4864.743114204298,1,1
2023,48,06128,1491.6368970167262,4153.161891693676,1,1
2023,48,07000,3651.393896754903,4985.489402866942,1,1
2023,48,10768,1959.8666120634177,3423.517335645107,2,2
2023,48,10912,NA,NA,NA,NA
2023,48,13024,735.2664210756285,1959.4548782968336,1,1
2023,48,13552,751.2197640498748,1787.6965175413688,1,1
2023,48,15976,831.6977428851815,2646.3853451095847,1,1
2023,48,16432,1646.7992080514766,2924.4349117307374,1,1
2023,48,17000,2768.2642107485276,4935.992160890785,2,2
2023,48,19000,1895.5748630490637,5435.86910268377,1,1
2023,48,19972,1521.2229652962508,3676.5156102240335,1,1
2023,48,22660,2003.6856114897475,3884.5175066545767,1,1
2023,48,24000,1453.814585923111,2768.4263146485937,1,1
2023,48,26232,270.9087640911075,1114.4493233700537,1,1
2023,48,27000,1230.0929235927338,3639.710998809108,2,2
2023,48,27684,478.50531302618936,2151.371302999458,1,1
2023,48,29000,1297.1976942331369,3063.620575789448,1,1
2023,48,30464,768.5179589452267,2398.2192139562057,1,1
2023,48,35000,2713.2448480037765,6430.176415687751,2,2
2023,48,37000,1333.5372261170971,3962.5778321491866,1,1
2023,48,39148,1795.1378214981044,2869.786863408136,1,1
2023,48,41464,1365.5064094800136,2156.6796510242275,2,2
2023,48,41980,799.9303651477563,2092.5273099186143,1,1
2023,48,42508,1059.9081932462025,2885.132449556943,1,1
2023,48,43888,1474.053041744699,3836.162629130671,1,1
2023,48,45000,2557.4732455434773,5791.755720512644,2,2
2023,48,45384,1767.8681957590636,3028.048042618003,1,1
2023,48,45744,561.9976867641388,1522.3859940488549,1,1
2023,48,47892,1770.2622809846284,4905.675588519833,1,1
2023,48,48072,1979.1340169256255,2761.2352423170496,1,1
2023,48,48768,1425.1919196604588,1751.0494700466172,1,1
2023,48,50820,929.078014184397,2206.6869300911853,1,1
2023,48,53388,1931.1009817671809,2660.413744740533,1,1
2023,48,56000,1874.8535270681978,3809.300612675349,1,1
2023,48,56348,831.8582665915243,2396.3550637784465,1,1
2023,48,57200,1221.6667293162425,2214.036010976206,1,1
2023,48,58016,679.6849714100766,2632.0826619428617,1,1
2023,48,61796,526.7652554769213,2717.533757789446,1,1
2023,48,63500,1042.7394438722965,3248.9057672502577,1,1
2023,48,64472,1919.4629523551107,4226.838312882511,2,2
2023,48,65000,2204.2504424402687,7780.16304832092,2,2
2023,48,70808,819.2463662459562,2021.2329703376317,1,1
2023,48,72176,1585.2613538988862,2684.1751777484424,1,1
2023,48,74144,1554.9861675857333,3466.458716277688,2,2
2023,48,76000,1758.6753567024837,3813.9862603487754,2,2
2023,48,79000,2283.5858733594646,3999.6879814348954,1,1
2023,49,43660,982.8873375993795,2673.55051386465,1,1
2023,49,44320,570.0958797615963,1580.7203938844261,1,1
2023,49,55980,2077.6562841341565,4020.7880606625044,1,1
2023,49,57300,1002.596653202539,2690.4212348528563,1,1
2023,49,62470,685.0213905146846,2378.7652117617213,1,1
2023,49,65330,1017.3011776092918,2783.715115341184,1,1
2023,49,67000,3147.316173585498,9297.75170681943,2,2
2023,49,67440,824.5093588674346,3494.399459476579,1,1
2023,49,70850,460.59429112048895,2163.548318830837,1,1
2023,49,82950,1022.5582015359873,3072.8346964575967,1,1
2023,49,83470,1437.4252473632707,3747.598854698996,1,1
2023,51,01000,1331.096767609766,4039.212184605965,1,1
2023,51,16000,1619.3316424649515,3653.1516645232186,1,1
2023,51,35000,1713.3411973728282,4882.2578531172185,3,3
2023,51,47672,1835.8463188442372,3116.522616869598,2,2
2023,51,56000,2288.741922564863,4486.020760496607,1,1
2023,51,57000,2046.0608329752338,5478.711862387624,1,1
2023,51,64000,2213.7945919279746,6970.266909217978,1,1
2023,51,67000,1476.3065972451066,6481.688965047562,1,1
2023,51,68000,2839.567477730373,6075.377240897068,1,1
2023,51,76432,1834.6820091475404,3229.5784267058507,1,1
2023,51,82000,1070.0861582353532,2815.567117221583,1,1
2023,53,03180,1338.7162834240244,7795.915979170323,1,1
2023,53,05210,562.8344102804913,4387.595156052619,1,1
2023,53,05280,1198.4799766150247,8920.934965951043,1,1
2023,53,22640,1087.4751312081955,7559.212480757632,1,1
2023,53,23515,1199.2099322799097,6975.572396001289,1,1
2023,53,35275,1724.1583618718078,6350.353719086611,1,1
2023,53,35415,1748.6945894900566,8861.97829870755,1,1
2023,53,35940,520.6627807976947,3586.78804549523,1,1
2023,53,53545,1037.656477067027,3699.3600693470667,1,1
2023,53,57745,852.021770723506,6971.950721416427,1,1
2023,53,63000,1571.1318515321536,7366.880664652568,1,1
2023,53,67000,2470.0298392866493,9657.197201040013,1,1
2023,53,67167,1187.1799734496492,6419.4955433339655,1,1
2023,53,70000,2017.3982456617775,11882.60266144175,1,1
2023,53,74060,2621.746170133267,7985.635404990243,1,1
2023,53,80010,1569.052783803326,3772.337568433013,2,2
2023,55,02375,1139.2624844737088,3117.2785917486945,1,1
2023,55,31000,1078.0128535910305,2891.588872730684,2,2
2023,55,39225,1182.0831694352828,1970.8110179833986,1,1
2023,55,48000,874.1943912210417,3651.0044707658362,2,2
2023,55,53000,2365.0474940149816,4144.405675411931,1,1
2023,55,66000,913.7450586481757,1862.484608904154,1,1
2024,01,03076,826.3642454773308,1842.568925726481,2,2
2024,01,07000,2261.155656926019,7658.460032395937,2,2
2024,01,35896,785.8206860819066,2008.808099997841,1,1
2024,01,37000,2509.0780148210656,4189.127927070663,2,2
2024,01,50000,2989.4403586738504,3552.3262673536005,2,2
2024,01,51000,1393.4600544826678,3718.593982602003,2,2
2024,01,77256,2606.3149552405484,4585.817467893874,2,2
2024,02,03000,17.994573943856928,36.335197386634185,3,3
2024,04,04720,1853.4338267893638,3334.883268272111,1,1
2024,04,07940,748.1677039352668,1732.6992175214205,1,1
2024,04,12000,777.4795099523088,2278.1791701173715,1,1
2024,04,23620,2565.242985152724,4591.536398718033,1,1
2024,04,27400,922.3512284933383,1763.706817192484,1,1
2024,04,27820,1924.5905400007118,3878.0538932813356,1,1
2024,04,28380,836.081564401505,2495.2389799804914,1,1
2024,04,46000,1537.8182130825928,2335.451497174479,2,2
2024,04,54050,952.2310137832266,2102.01822189268,1,1
2024,04,55000,0.8524510708307683,10.168523487767022,3,3
2024,04,65000,813.7116983360743,3369.2750009228084,1,1
2024,04,71510,633.7610036915611,1430.8025918372616,1,1
2024,04,73000,2094.4886076622442,5132.799829846063,1,1
2024,04,77000,1774.3518689461919,5115.58786487361,2,2
2024,04,85540,1003.6049890651993,2549.4562558044317,2,2
2024,05,23290,1403.5582315569025,4257.996959292784,1,1
2024,05,24550,3420.744947386003,5653.3600579032345,2,2
2024,05,35710,2699.1277437388476,5328.375157542708,1,1
2024,05,41000,4532.629426453528,8548.142904893923,2,2
2024,05,66080,1673.0943738656988,3322.3684210526317,1,1
2024,06,00562,895.9320541702272,6129.10743416453,1,1
2024,06,00884,562.8101009602331,3875.490607489324,1,1
2024,06,02000,1101.2391116942074,3290.9459800708805,1,1
2024,06,02252,1318.7152828455403,4710.801274071276,1,1
2024,06,02364,NA,NA,NA,NA
2024,06,03526,1344.2204346749647,3474.1471797585355,1,1
2024,06,04982,NA,NA,NA,NA
2024,06,06000,1511.7623090547743,7829.066083471233,2,2
2024,06,08786,1079.9917944757515,3965.1989236282893,1,1
2024,06,08954,723.1266619478507,4429.62906280489,1,1
2024,06,11194,584.9282610406302,2532.0661344897835,1,1
2024,06,11530,24.765534989393892,100.13890234841878,3,3
2024,06,13014,1640.1142991349277,3204.8772850041105,2,2
2024,06,13210,741.4842636964123,3292.967232223805,1,1
2024,06,13214,NA,NA,NA,NA
2024,06,13392,779.7376752600633,1851.4699231117143,1,1
2024,06,13588,1017.2998448186678,3333.5249152250126,1,1
2024,06,14218,764.0809781519342,2653.036680697535,1,1
2024,06,15044,NA,NA,NA,NA
2024,06,16000,1302.0518402063935,4250.413189825453,1,1
2024,06,16350,579.3198471848186,2657.3557963299304,1,1
2024,06,16532,1391.280703344512,4177.467597208375,2,2
2024,06,17918,739.476678043231,2749.990192617002,1,1
2024,06,19766,NA,NA,NA,NA
2024,06,21712,1096.2287815105938,2699.8822391789295,1,1
2024,06,22020,418.0737350339092,1924.5904384471546,1,1
2024,06,22230,1038.5546937583051,3160.9005833623914,1,1
2024,06,22804,944.0895849480183,2273.030975225165,1,1
2024,06,23182,1270.8531688537485,2940.7625119013123,1,1
2024,06,24638,517.1838505171838,2242.718909385576,1,1
2024,06,24680,813.3763523198969,1973.6749949805996,1,1
2024,06,26000,494.09754922359224,3198.931207428984,1,1
2024,06,27000,2049.7463230580433,5578.51163983369,2,2
2024,06,28000,1005.9020486919018,3593.723398218035,1,1
2024,06,29000,548.0685992372663,2755.5508762078566,1,1
2024,06,30000,582.443852622308,3303.8354268458907,1,1
2024,06,32548,1101.0552757920439,3236.25735112864,1,1
2024,06,33000,899.2386697816764,4933.848023627055,1,1
2024,06,33182,774.1497492499398,2532.68510610341,1,1
2024,06,33434,NA,NA,NA,NA
2024,06,36000,NA,NA,NA,NA
2024,06,36448,679.7172376291463,1675.9108210984232,1,1
2024,06,36546,1269.9748491426715,4946.97281221012,1,1
2024,06,36770,499.855625782027,2328.595720106516,2,2
2024,06,37692,NA,NA,NA,NA
2024,06,39496,NA,NA,NA,NA
2024,06,39892,NA,NA,NA,NA
2024,06,40130,NA,NA,NA,NA
2024,06,41992,721.4517901826431,3119.665115408901,2,2
2024,06,43000,1503.0249282183217,4776.006041075803,2,2
2024,06,44000,1002.3428529503952,1226.4395764561555,2,2
2024,06,45484,879.3504261985782,2422.425120447424,1,1
2024,06,46842,NA,NA,NA,NA
2024,06,46898,2177.1992213413373,5215.708024751775,2,2
2024,06,47766,804.296367940136,4347.272773549848,1,1
2024,06,48256,NA,NA,NA,NA
2024,06,48354,1501.2658805282485,3979.654676915357,2,2
2024,06,49270,NA,NA,NA,NA
2024,06,49670,833.6120001910859,3659.2939378015576,1,1
2024,06,50076,629.1047972587094,1572.3158195316962,1,1
2024,06,50258,2078.2474213627474,2967.8293434220786,1,1
2024,06,51182,800.2862424712266,2839.763849961238,1,1
2024,06,52526,1124.372425818477,29.06131938390003,3,3
2024,06,53000,66.45153361946939,422.83201871566484,3,3
2024,06,53322,1072.9090465740062,2978.3676455219984,1,1
2024,06,53896,NA,NA,NA,NA
2024,06,53980,480.95699593537097,1902.8539192570843,1,1
2024,06,54652,939.1423793597706,2947.3244147157193,1,1
2024,06,55156,NA,NA,NA,NA
2024,06,56000,827.9245668727962,3683.3152027101023,1,1
2024,06,56700,18.63099452248761,40.988187949472746,3,3
2024,06,57456,1011.0547228451159,3103.9773397852,1,1
2024,06,57792,NA,NA,NA,NA
2024,06,58072,1246.4259883874195,4439.547663627208,3,3
2024,06,59444,NA,NA,NA,NA
2024,06,59451,3.9906277257412595,31.354932130824178,3,3
2024,06,59920,1443.115759723367,3084.2852401802825,1,1
2024,06,60102,1210.474607929943,2672.0196004706054,1,1
2024,06,60466,NA,NA,NA,NA
2024,06,60620,1308.168477555084,4018.8736418336866,1,1
2024,06,62000,1498.7353832556596,4776.70973989952,3,3
2024,06,62938,732.9037222275656,2558.430316437434,2,2
2024,06,64000,1867.5785786429508,4266.643465366385,2,2
2024,06,64224,1156.0264835158043,2474.6385099004087,1,1
2024,06,65000,111.34857491783552,211.47249510605053,3,3
2024,06,65042,1300.7819255941815,4253.711643318132,1,1
2024,06,66000,875.6943015100113,2528.0563300003023,1,1
2024,06,67000,23.969117177666565,87.68601660975507,3,3
2024,06,68000,1500.5989064150654,3810.3779473164345,2,2
2024,06,68084,NA,NA,NA,NA
2024,06,68196,633.4183512151936,1164.6044560612129,1,1
2024,06,68252,717.7149507783328,2826.24508995684,1,1
2024,06,68378,NA,NA,NA,NA
2024,06,69000,1355.372535468141,4692.609444092483,2,2
2024,06,69070,1869.4676403239955,3988.4254776199323,2,2
2024,06,69084,587.3049993858248,3727.2755189780128,1,1
2024,06,69088,NA,NA,NA,NA
2024,06,69196,1540.8013615541995,3397.5484782097014,2,2
2024,06,70000,1035.4396779607102,4602.441619410107,1,1
2024,06,70098,1082.5004235134677,2287.537410356316,1,1
2024,06,72016,539.6628301256029,1483.6748014072623,1,1
2024,06,73080,NA,NA,NA,NA
2024,06,75000,1926.9311194256748,4416.95674565502,2,2
2024,06,77000,499.23493866542185,2664.0991726963875,1,1
2024,06,78120,NA,NA,NA,NA
2024,06,78582,476.81801844974245,1981.550257577573,1,1
2024,06,80000,524.1680151973545,3793.7099838176314,1,1
2024,06,80238,874.5333415836479,2663.8203081492484,1,1
2024,06,80854,592.5475747331637,3081.7538395310266,1,1
2024,06,81344,1064.8901674300062,2581.4754532722663,1,1
2024,06,81554,1098.4833716714102,3202.8539124332333,1,1
2024,06,81666,994.6245211961245,6161.682814562076,1,1
2024,06,82590,NA,NA,NA,NA
2024,06,82954,1629.1623534969674,3602.2203850242117,1,1
2024,06,82996,861.6340779304638,1341.8891377605587,1,1
2024,06,84200,449.3773181236395,2916.7484140997976,1,1
2024,06,84550,942.5773425328289,3671.2664144224345,1,1
2024,06,85292,877.3864097951605,3432.948412928683,1,1
2024,08,03455,671.1026305918424,4341.373517947714,1,1
2024,08,04000,1708.786305370761,4955.987343826058,1,1
2024,08,07850,977.1405485140887,5069.8561536365605,1,1
2024,08,12815,732.8952597480614,3182.0408314156066,1,1
2024,08,16000,1244.1405489385863,5509.47248030794,2,2
2024,08,20000,1815.8878361666877,6563.292468669883,2,2
2024,08,27425,811.2601260654766,4214.910502910785,1,1
2024,08,32155,1529.7005577315308,5018.681298846633,2,2
2024,08,43000,1702.6113945958373,7751.160726260194,1,1
2024,08,45970,1314.809971229101,4157.6967185079375,1,1
2024,08,46465,1017.7273306976151,3697.2324958551203,1,1
2024,08,62000,1722.8242844721722,7540.269449000995,2,2
2024,08,77290,1322.5880280469114,4445.615762863504,1,1
2024,08,83835,961.172110422223,5419.798413633058,1,1
2024,09,08000,1373.7571486996574,2117.9594108063534,1,1
2024,09,18430,1188.3616194721703,2243.7917559561324,1,1
2024,09,37000,1394.4042203637505,5626.326087494944,1,1
2024,09,52000,2601.433579706585,7497.636752041326,1,1
2024,09,55990,624.8169481597188,2183.605063620684,1,1
2024,09,73000,984.3667969433587,2078.836843026308,1,1
2024,09,80000,1705.420957786696,4712.324473965996,1,1
2024,11,50000,NA,NA,NA,NA
2024,12,07300,775.1860646088154,2705.668735159726,1,1
2024,12,07875,1895.9906674034507,3322.895560876773,1,1
2024,12,10275,147.07519857471604,314.1006606784946,1,1
2024,12,12875,912.6033075473147,1565.072027429273,2,2
2024,12,14400,586.3206542104142,1655.3639523008308,1,1
2024,12,16475,563.0110940874605,1991.767116460229,1,1
2024,12,16725,NA,NA,NA,NA
2024,12,17200,NA,NA,NA,NA
2024,12,17935,409.00828115532215,1565.340335285801,1,1
2024,12,24000,400.31464839119843,1636.2793905303768,2,2
2024,12,24125,NA,NA,NA,NA
2024,12,25175,1552.4838368725207,4023.9667266063607,2,2
2024,12,30000,190.56883248955407,661.9061304799593,1,1
2024,12,32000,234.71453811531964,592.5897267252163,3,3
2024,12,32275,NA,NA,NA,NA
2024,12,35000,0.10228400175928483,5.216484089723527,3,3
2024,12,36950,1890.0575608438983,2561.396187974816,2,2
2024,12,38250,101.69971907536615,220.07152324505464,2,2
2024,12,39425,1551.7387462628758,3086.531827589963,1,1
2024,12,43975,NA,NA,NA,NA
2024,12,45000,1352.0538559418808,4332.619169322124,2,2
2024,12,45025,NA,NA,NA,NA
2024,12,45060,1009.9225107574861,3107.5218463115298,1,1
2024,12,45975,467.53246753246754,1106.060606060606,1,1
2024,12,49675,NA,NA,NA,NA
2024,12,53000,NA,NA,NA,NA
2024,12,54000,1672.148280207789,1713.6446070144161,1,1
2024,12,54200,NA,NA,NA,NA
2024,12,55775,71.59601371872004,253.47298405256532,1,1
2024,12,57425,NA,NA,NA,NA
2024,12,58050,NA,NA,NA,NA
2024,12,58715,400.44560864721643,797.0200997027843,2,2
2024,12,63000,1.9030799445823121,4.948007855914011,3,3
2024,12,69700,NA,NA,NA,NA
2024,12,70600,2057.7089783281735,3990.588235294118,2,2
2024,12,71000,1666.0109855633962,2456.8121946725496,2,2
2024,12,76600,1399.9509362989613,3356.7748793850683,2,2
2024,13,03440,NA,NA,NA,NA
2024,13,04000,1499.006467854683,6217.888328570185,2,2
2024,13,04204,2101.4449605017667,4099.182247628121,3,3
2024,13,19000,1358.7876943316758,3255.101589997594,2,2
2024,13,42425,404.9373078987169,956.2374981704639,1,1
2024,13,49008,5.747933937079283,76.63911916105711,3,3
2024,13,67284,788.1581930663673,1913.1730385117846,1,1
2024,13,68516,649.0050146142855,2709.012298411572,1,1
2024,13,69000,7.437558317218623,19.6081082908491,3,3
2024,13,72122,NA,NA,NA,NA
2024,13,80508,2460.5374141462826,5164.477647909386,1,1
2024,15,71550,NA,NA,NA,NA
2024,16,08830,875.4773606696958,2116.8258571416527,1,1
2024,16,52120,675.4368439656364,1304.0003688392321,1,1
2024,16,56260,975.3532936302904,1694.1777934897887,1,1
2024,17,02154,496.01999868429715,1682.7840273666204,1,1
2024,17,03012,1512.523763465964,2197.3562796695905,1,1
2024,17,06613,1.2673146869099068,0,1,1
2024,17,12385,1614.5162007200322,3631.272501000044,1,1
2024,17,14000,2926.4989344304017,6066.960113247659,2,2
2024,17,14351,1182.4099907001462,2076.1621797891225,3,3
2024,17,23074,1556.5454956757792,2076.844101832356,1,1
2024,17,24582,1078.0717841236574,4096.14880796437,2,2
2024,17,38570,1160.5570141912326,2327.760975771877,3,3
2024,17,51622,685.5042072571869,1657.6858758261883,1,1
2024,17,59000,4246.271251415275,7773.092387379757,2,2
2024,17,65000,3406.294697026186,5050.12845628758,2,2
2024,17,68003,772.7532913566113,3421.449758026747,1,1
2024,17,72000,4279.537633459808,9090.26736080473,2,2
2024,17,79293,1430.2393461762988,2704.4321702815573,1,1
2024,18,05860,1602.7683044135467,5119.364389311547,1,1
2024,18,10342,379.73064701773717,1599.5907566083954,1,1
2024,18,22000,2893.658066071859,4565.262323883013,1,1
2024,18,23278,329.3041617401331,1344.5772301318195,1,1
2024,18,25000,1789.7233319309428,2902.5760548644957,1,1
2024,18,31000,2218.37223843268,3874.0100041684036,3,3
2024,18,36003,2181.2701781319847,4288.600907592622,2,2
2024,18,71000,2545.4721831498277,4081.09812290828,1,1
2024,19,12000,1261.0735516960017,3880.8427555659173,1,1
2024,19,19000,1906.5928076660093,5786.172247381408,1,1
2024,19,21000,2239.891536147556,4681.740505882187,1,1
2024,19,73335,2171.8679225560677,5325.141403700306,1,1
2024,20,36000,2464.3052824958904,6598.124214393914,2,2
2024,20,38900,2026.007017105496,4068.671851412271,1,1
2024,20,52575,886.5480466299454,1784.1262400297812,1,1
2024,20,53775,793.2862720038343,2973.9498567192195,1,1
2024,20,71000,2421.5731480450922,6189.08304580796,2,2
2024,20,79000,1622.0834537436078,4013.117390594178,1,1
2024,21,46027,1306.0467989806164,3744.845161788555,2,2
2024,21,48006,9.496405610476435,74.54678404224002,3,3
2024,22,05000,745.6087192677683,2697.388798362444,2,2
2024,22,40735,2298.812800394364,6575.196154952143,2,2
2024,22,41155,1767.2504097704052,3768.6553368744067,1,1
2024,22,55000,9.412321535660597,23.127418630480324,3,3
2024,22,70000,2619.044987899349,5621.55352465991,2,2
2024,24,04000,2683.853095458645,6615.693519153308,2,2
2024,24,30325,1635.5896636489,2682.415012890461,1,1
2024,25,07000,2134.4693161595455,3652.9810546154054,2,2
2024,25,09000,1730.7801795304879,2327.633651528666,1,1
2024,25,11000,1250.0420889592242,4701.336745344961,1,1
2024,25,23000,2256.5421653451244,2555.217788737484,1,1
2024,25,34550,1062.7028489001082,1678.0111792282726,1,1
2024,25,37000,1348.3373884833738,2997.431738307651,1,1
2024,25,37490,1545.5859363478157,2059.798051303228,1,1
2024,25,45000,2014.8913839878019,2779.262955702093,1,1
2024,25,45560,204.39333363281074,1340.9101118548133,1,1
2024,25,55745,1083.1031983861174,2877.1764890220734,1,1
2024,25,62535,486.2036625697221,2173.1082481859917,1,1
2024,25,67000,2845.8988426419555,5086.301042333068,1,1
2024,25,82000,183.04315278549177,124.60457366400232,1,1
2024,26,03000,892.3596315841227,2477.1378937362747,1,1
2024,26,21000,1091.9449279949358,2780.596334118392,1,1
2024,26,22000,4023.1469155717036,7825.943965044713,1,1
2024,26,27440,895.6474884751242,1368.6164162126565,1,1
2024,26,29000,2869.971936389149,3612.098534455878,1,1
2024,26,34000,2666.0286599340166,3728.813559322034,1,1
2024,26,46000,2568.5037558726985,3927.519177512542,1,1
2024,26,49000,826.8425482946374,2082.023633205826,1,1
2024,26,69035,NA,NA,NA,NA
2024,26,74900,2189.254420483761,3843.328611154835,1,1
2024,26,76460,1243.5147821790333,1855.9139945947159,1,1
2024,26,80700,563.1527452274227,2122.915197160345,1,1
2024,26,84000,1777.0140943100746,2783.336233397135,1,1
2024,26,86000,1882.0322121650545,2538.471655925293,1,1
2024,26,88940,2019.3140537535712,3178.932943777229,1,1
2024,27,06616,783.8493204759487,4598.206733209271,1,1
2024,27,07966,1429.4911536077068,3877.1519862654395,1,1
2024,27,17000,882.9641877073932,4459.6006567692,1,1
2024,27,43000,2162.2203601672104,7990.0104389508615,1,1
2024,27,51730,323.1507195152739,1584.1959101237062,1,1
2024,27,54880,734.0799476824982,2384.5336385187607,1,1
2024,27,58000,1449.1480194217727,4557.998463961678,1,1
2024,27,71428,264.35093544473534,1971.7770257327118,3,3
2024,28,36000,23.187456949758236,49.102850011252734,3,3
2024,29,15670,1620.4063851635187,4016.398543734636,2,2
2024,29,35000,1215.7056021028422,5278.46229669788,1,1
2024,29,38000,2310.5606605406842,6912.29348311438,1,1
2024,29,41348,923.2461217874508,3334.105116925214,1,1
2024,29,54074,961.6102173750813,1529.834436733084,1,1
2024,29,65000,2186.0442546583854,9243.289707187223,1,1
2024,29,70000,3067.888958188686,6302.881956294055,2,2
2024,30,06550,1744.0594805499272,5176.080513086726,1,1
2024,31,28000,1585.1805627153592,4717.217896193396,1,1
2024,31,37000,1665.7904373032318,4929.4550126115655,2,2
2024,32,31900,1183.8345762793513,2841.865352365411,1,1
2024,32,40000,5299.818291944276,10351.150817686252,2,2
2024,32,51800,1202.1034117625945,3369.048260019024,2,2
2024,32,60600,1785.426701609007,4870.9427111547075,2,2
2024,32,68400,1604.195448265833,4080.0189049661894,3,3
2024,33,45140,1818.527710280778,3307.5931963024136,1,1
2024,33,50260,1214.7567200473197,2347.3612723727733,1,1
2024,34,13690,691.4375860101367,3292.7197663880775,1,1
2024,34,21000,1220.6668511747828,3988.2885901152204,1,1
2024,34,36000,1605.0163562048165,3990.777956868586,2,2
2024,34,51000,1582.3172500951066,3073.0741703151093,2,2
2024,34,57000,2245.251519828645,3883.201562352348,1,1
2024,34,74000,64.20332528946844,388.5408133897142,3,3
2024,35,02000,2416.3224941214976,7655.571326424982,2,2
2024,35,39380,2791.6670315332276,8727.90003240015,1,1
2024,35,63460,1431.1385522738792,2551.720960235912,1,1
2024,35,70500,2191.6669475055887,8850.91946663072,2,2
2024,36,01000,2985.312263662779,5486.0088365243,2,2
2024,36,11000,3024.3377375800965,7147.449558250919,2,2
2024,36,50617,857.8090831108266,1680.580893812901,1,1
2024,36,51000,2698.576258592214,3532.926819493616,2,2
2024,36,63000,2461.0579962830266,6680.0145613396435,1,1
2024,36,73000,NA,NA,NA,NA
2024,36,84000,893.4269304403318,1922.5823657716523,1,1
2024,37,02140,2180.1449198709474,6196.64674459195,2,2
2024,37,10740,449.5108919946906,2288.824690752122,1,1
2024,37,12000,2.6553254765202845,26.22133908063781,3,3
2024,37,14100,457.1418059400841,1605.9750365621464,1,1
2024,37,19000,1585.771288001729,5911.4753985871475,1,1
2024,37,22920,1664.9669141190143,4694.637478357802,1,1
2024,37,25580,2122.243134983833,6042.179431494619,2,2
2024,37,28000,2185.273474591465,5765.974541663623,1,1
2024,37,28080,2240.003446159148,4761.084247821919,2,2
2024,37,31400,1254.247494515893,3873.714998494559,1,1
2024,37,55000,1710.0768973309412,4109.714342734668,2,2
2024,37,74440,1651.4217126774554,5652.083936923141,2,2
2024,37,75000,2729.3611652257405,5004.0271864845245,2,2
2024,38,25700,2311.835717595934,5658.4135473725,1,1
2024,39,01000,3297.2781602878777,5063.224251903597,1,1
2024,39,15000,2033.583528262602,5643.84494769041,2,2
2024,39,16000,5087.1763494374445,8292.33782303597,2,2
2024,39,18000,1869.0383274194853,4667.895347845763,1,1
2024,39,21000,3089.786863280592,6117.33868310648,2,2
2024,39,61000,379.3664705145862,1049.2049580568423,1,1
2024,39,77000,4553.900913397367,3677.5180118371513,2,2
2024,40,09050,1078.0165848705365,2090.032154340836,3,3
2024,40,23200,673.3798089336432,2143.0415698424995,1,1
2024,40,41850,2400.794745846901,3970.417793476461,1,1
2024,40,52500,1176.815349497193,3818.8660620642854,3,3
2024,40,55000,1743.3028509951587,4971.992110453649,2,2
2024,40,75000,3126.4348927243996,4754.7813646403765,2,2
2024,41,05350,851.6337463705885,3455.608718766613,1,1
2024,41,05800,791.1790308540478,2631.7825708482446,2,2
2024,41,23850,1017.3115579288494,5461.298171957392,2,2
2024,41,31250,726.1207709694067,3626.154585417075,1,1
2024,41,34100,956.2879396845636,3811.292513235579,1,1
2024,41,47000,1275.5604471992124,4911.081503794242,2,2
2024,41,59000,1329.1430443021686,7233.551425920005,2,2
2024,41,64900,1270.7908198920975,5274.928018337852,2,2
2024,42,02000,793.0081920365784,1855.1152600495332,1,1
2024,42,06088,1576.530350454102,2423.161783570219,2,2
2024,42,24000,1545.0186467767714,3208.311134789558,2,2
2024,42,60000,2152.552436972449,7135.884778560062,2,2
2024,42,61000,1386.9975948208257,4152.1333250207545,2,2
2024,42,63624,1393.2928749921252,2767.686524852481,2,2
2024,42,69000,1104.7834492917548,2498.9149448265885,2,2
2024,44,19180,481.6816816816817,1800.6006006006007,1,1
2024,44,54640,1208.280078531617,2678.7714281949584,1,1
2024,44,59000,1106.0297131414684,2871.1926452413604,1,1
2024,44,74300,593.9284640817554,2140.0661256387134,1,1
2024,45,13330,1312.7032875895761,3357.5658619393803,2,2
2024,45,16000,2075.291994586195,5968.075735983902,2,2
2024,45,48535,616.0033193961252,1998.021129233028,1,1
2024,45,50875,2929.6239773836032,6012.692535421515,1,1
2024,46,59020,1685.6191275084502,4584.328110031816,1,1
2024,47,14000,1879.6122357804534,5920.886195184705,2,2
2024,47,15160,1796.48184249898,2995.0809266899396,2,2
2024,47,27740,670.2397484305601,1835.1256125692908,2,2
2024,47,40000,2241.9755616466427,4158.106411865666,2,2
2024,47,48000,4727.454845067692,10377.879737632878,2,2
2024,47,51560,2212.518195050946,3622.9056334974757,2,2
2024,47,52006,3018.851520727979,6701.056322721806,2,2
2024,48,01000,1981.2109048597065,2797.2792515599012,1,1
2024,48,01924,546.8643721942593,1598.8754364485558,1,1
2024,48,03000,2475.1715085320852,4244.9909602001135,1,1
2024,48,04000,1792.3679168908488,3503.2759929803747,1,1
2024,48,05000,1865.9798129528278,4697.72004994186,1,1
2024,48,06128,1464.7027756587056,3506.8364532597852,1,1
2024,48,07000,3568.1812162889855,4789.060637894049,1,1
2024,48,10768,1897.6936942651591,3033.666883394916,2,2
2024,48,10912,1779.6427068763576,2316.378398662709,1,1
2024,48,13024,664.7225960819501,1709.2866756393003,1,1
2024,48,13552,711.3574539277915,1482.7396840397953,1,1
2024,48,15976,771.4538010757004,2409.087260175002,1,1
2024,48,16432,1654.9433372411097,2855.6076592418913,1,1
2024,48,17000,2801.6596360016256,4803.745207438748,2,2
2024,48,19000,1967.077748809187,4725.5587072702665,1,1
2024,48,19972,1350.2021378200516,2915.6254497402956,1,1
2024,48,22660,1896.700143472023,3088.4744141559063,1,1
2024,48,24000,1407.378001264464,2532.1629688441917,1,1
2024,48,26232,279.37593284772095,952.9398257408565,1,1
2024,48,27000,1177.4367365245216,3732.7890331542762,2,2
2024,48,27684,555.3934264764893,1617.3895596979537,1,1
2024,48,29000,1272.0584660757402,2577.3362933674707,1,1
2024,48,30464,807.8936809934467,2363.250001238341,1,1
2024,48,35000,2847.328018046149,6088.7283297820295,2,2
2024,48,37000,1240.9743773684947,3573.600736085336,1,1
2024,48,39148,1786.809476539432,2314.126922906695,1,1
2024,48,41464,1400.5178189496892,2236.6362729457064,2,2
2024,48,41980,795.9385621477435,1924.020135094437,3,3
2024,48,42508,1084.070796460177,2469.4842844064697,1,1
2024,48,43888,1443.5078325675627,3575.606285349059,1,1
2024,48,45000,2428.496982787919,4911.749378809278,2,2
2024,48,45384,1812.4290676479693,2939.7805825910514,1,1
2024,48,45744,518.5185185185185,1336.182336182336,1,1
2024,48,47892,1661.0961895257167,3902.9062485348195,1,1
2024,48,48072,1782.7868852459017,2373.3899297423886,1,1
2024,48,48768,1185.6890093981938,1716.4916473264552,1,1
2024,48,50820,999.5890790592778,2194.1266974379555,1,1
2024,48,53388,1585.126862177208,2741.887931183989,1,1
2024,48,56000,1865.0498885788281,3221.5106435660127,1,1
2024,48,56348,768.5430619382969,2027.2283827658139,1,1
2024,48,57200,1251.0425354462052,1822.4142008888005,1,1
2024,48,58016,719.5606241009793,2257.1009724908295,1,1
2024,48,61796,512.0819331092974,2461.025343002249,1,1
2024,48,63500,1040.8025918332212,2937.724007324746,1,1
2024,48,64472,1836.9885827798623,3934.82753777314,2,2
2024,48,65000,2176.2561366638847,7330.209111150905,2,2
2024,48,70808,824.4255381035485,2017.888307155323,1,1
2024,48,72176,1638.3562866900293,3166.223968214995,1,1
2024,48,74144,1401.822094034702,3020.647346976148,2,2
2024,48,76000,1764.2961621508673,3327.296789022776,2,2
2024,48,79000,2202.162193778575,3658.5722502217764,1,1
2024,49,43660,941.3346780971592,2588.670364767188,1,1
2024,49,44320,589.388656029493,1277.4001150599368,1,1
2024,49,55980,1949.3667989887088,3743.150332330431,1,1
2024,49,57300,930.213414006709,2482.9700973431295,1,1
2024,49,62470,754.5788822473555,2293.3621455831867,1,1
2024,49,65330,995.1468209225942,2487.3768321976568,1,1
2024,49,67000,3149.413240900547,8793.934819501268,2,2
2024,49,67440,839.952911730706,2742.5735223934416,1,1
2024,49,70850,493.4329874464843,1804.416708995477,1,1
2024,49,82950,1193.7407877146677,2684.845576389127,1,1
2024,49,83470,1407.8606152979332,3413.8272282698986,1,1
2024,51,01000,1222.4798695341963,4214.01997757619,1,1
2024,51,16000,1602.2455984765402,3368.001805347153,1,1
2024,51,35000,1684.3926517734465,4385.091271254825,3,3
2024,51,47672,1967.3698378555166,2914.5753927821174,2,2
2024,51,56000,2225.6481521691926,4269.987406088505,1,1
2024,51,57000,2076.2341820921592,5327.146012774191,1,1
2024,51,64000,2056.7959666632373,6042.802757485339,1,1
2024,51,67000,1284.8852672012,5510.575124586347,1,1
2024,51,68000,3077.626963550404,6301.662345584871,1,1
2024,51,76432,1600.267217296247,3010.243329689461,1,1
2024,51,82000,1068.2613526051334,2696.40121924229,1,1
2024,53,03180,1356.272468369205,5853.447873383445,1,1
2024,53,05210,559.1154253952992,4222.012947242949,1,1
2024,53,05280,1223.2710460412252,7328.923992379974,1,1
2024,53,22640,883.3653717197907,5597.925700746569,1,1
2024,53,23515,1343.8131325821917,5750.153277114973,1,1
2024,53,35275,1820.7397854504952,6284.072923383552,1,1
2024,53,35415,1762.4978798404165,6091.310664218343,1,1
2024,53,35940,408.1147903823107,3536.994849980026,1,1
2024,53,53545,1215.2057807100218,3727.301288092994,1,1
2024,53,57745,826.077461378505,5226.126836123323,1,1
2024,53,63000,1402.1572670198025,7109.434562679413,1,1
2024,53,67000,2469.897044200214,8867.833585910123,1,1
2024,53,67167,1120.6693931274385,6459.831711559254,1,1
2024,53,70000,1959.9745014769392,9297.982564038104,1,1
2024,53,74060,2523.2974910394264,5899.641577060932,2,2
2024,53,80010,1521.230185332247,3170.3468404822556,2,2
2024,55,02375,1075.6701278274663,2723.16489609853,1,1
2024,55,31000,1295.9634080920068,2655.9250091762115,2,2
2024,55,39225,1008.3323270136457,1663.446443666224,1,1
2024,55,48000,784.5295520519711,3032.363192938155,2,2
2024,55,53000,2582.3099159924723,4325.955556966558,1,1
2024,55,66000,1007.3035951206316,2035.2169824687953,1,1
