year,state,county,subgroup_type,subgroup,environmental,environmental_quality
2018,01,001,all,All,18,1
2018,01,003,all,All,46,1
2018,01,005,all,All,18,1
2018,01,007,all,All,18,1
2018,01,009,all,All,26,1
2018,01,011,all,All,15,1
2018,01,013,all,All,26,1
2018,01,015,all,All,24,1
2018,01,017,all,All,15,1
2018,01,019,all,All,24,1
2018,01,021,all,All,24,1
2018,01,023,all,All,23,1
2018,01,025,all,All,22,1
2018,01,027,all,All,22,1
2018,01,029,all,All,26,1
2018,01,031,all,All,25,1
2018,01,033,all,All,22,1
2018,01,035,all,All,23,1
2018,01,037,all,All,15,1
2018,01,039,all,All,26,1
2018,01,041,all,All,26,1
2018,01,043,all,All,24,1
2018,01,045,all,All,26,1
2018,01,047,all,All,26,1
2018,01,049,all,All,39,1
2018,01,051,all,All,15,1
2018,01,053,all,All,21,1
2018,01,055,all,All,21,1
2018,01,057,all,All,26,1
2018,01,059,all,All,23,1
2018,01,061,all,All,44,1
2018,01,063,all,All,22,1
2018,01,065,all,All,23,1
2018,01,067,all,All,26,1
2018,01,069,all,All,27,1
2018,01,071,all,All,37,1
2018,01,073,all,All,10,1
2018,01,075,all,All,26,1
2018,01,077,all,All,26,1
2018,01,079,all,All,24,1
2018,01,081,all,All,16,1
2018,01,083,all,All,24,1
2018,01,085,all,All,26,1
2018,01,087,all,All,15,1
2018,01,089,all,All,21,1
2018,01,091,all,All,19,1
2018,01,093,all,All,25,1
2018,01,095,all,All,29,1
2018,01,097,all,All,22,1
2018,01,099,all,All,26,1
2018,01,101,all,All,16,1
2018,01,103,all,All,18,1
2018,01,105,all,All,26,1
2018,01,107,all,All,20,1
2018,01,109,all,All,25,1
2018,01,111,all,All,25,1
2018,01,113,all,All,14,1
2018,01,115,all,All,20,1
2018,01,117,all,All,11,1
2018,01,119,all,All,17,1
2018,01,121,all,All,22,1
2018,01,123,all,All,15,1
2018,01,125,all,All,10,1
2018,01,127,all,All,22,1
2018,01,129,all,All,17,1
2018,01,131,all,All,24,1
2018,01,133,all,All,26,1
2018,02,013,all,All,100,1
2018,02,016,all,All,100,1
2018,02,020,all,All,46,1
2018,02,050,all,All,100,1
2018,02,060,all,All,100,1
2018,02,068,all,All,100,1
2018,02,070,all,All,100,1
2018,02,090,all,All,47,1
2018,02,100,all,All,100,1
2018,02,105,all,All,100,1
2018,02,110,all,All,100,1
2018,02,122,all,All,80,1
2018,02,130,all,All,100,1
2018,02,150,all,All,100,1
2018,02,158,all,All,100,1
2018,02,164,all,All,100,1
2018,02,170,all,All,98,1
2018,02,180,all,All,100,1
2018,02,185,all,All,100,1
2018,02,188,all,All,100,1
2018,02,195,all,All,100,1
2018,02,198,all,All,100,1
2018,02,220,all,All,100,1
2018,02,230,all,All,100,1
2018,02,240,all,All,82,1
2018,02,261,all,All,100,1
2018,02,275,all,All,100,1
2018,02,282,all,All,100,1
2018,02,290,all,All,99,1
2018,04,001,all,All,99,1
2018,04,003,all,All,96,1
2018,04,005,all,All,94,1
2018,04,007,all,All,91,1
2018,04,009,all,All,84,1
2018,04,011,all,All,98,1
2018,04,012,all,All,83,1
2018,04,013,all,All,30,1
2018,04,015,all,All,84,1
2018,04,017,all,All,98,1
2018,04,019,all,All,67,1
2018,04,021,all,All,61,1
2018,04,023,all,All,87,1
2018,04,025,all,All,93,1
2018,04,027,all,All,46,1
2018,05,001,all,All,41,1
2018,05,003,all,All,25,1
2018,05,005,all,All,21,1
2018,05,007,all,All,28,1
2018,05,009,all,All,38,1
2018,05,011,all,All,21,1
2018,05,013,all,All,20,1
2018,05,015,all,All,47,1
2018,05,017,all,All,40,1
2018,05,019,all,All,17,1
2018,05,021,all,All,55,1
2018,05,023,all,All,26,1
2018,05,025,all,All,30,1
2018,05,027,all,All,15,1
2018,05,029,all,All,25,1
2018,05,031,all,All,49,1
2018,05,033,all,All,24,1
2018,05,035,all,All,33,1
2018,05,037,all,All,55,1
2018,05,039,all,All,24,1
2018,05,041,all,All,41,1
2018,05,043,all,All,29,1
2018,05,045,all,All,18,1
2018,05,047,all,All,26,1
2018,05,049,all,All,26,1
2018,05,051,all,All,26,1
2018,05,053,all,All,26,1
2018,05,055,all,All,47,1
2018,05,057,all,All,26,1
2018,05,059,all,All,18,1
2018,05,061,all,All,26,1
2018,05,063,all,All,28,1
2018,05,065,all,All,30,1
2018,05,067,all,All,51,1
2018,05,069,all,All,28,1
2018,05,071,all,All,26,1
2018,05,073,all,All,26,1
2018,05,075,all,All,43,1
2018,05,077,all,All,55,1
2018,05,079,all,All,35,1
2018,05,081,all,All,24,1
2018,05,083,all,All,26,1
2018,05,085,all,All,28,1
2018,05,087,all,All,65,1
2018,05,089,all,All,28,1
2018,05,091,all,All,24,1
2018,05,093,all,All,54,1
2018,05,095,all,All,48,1
2018,05,097,all,All,32,1
2018,05,099,all,All,28,1
2018,05,101,all,All,56,1
2018,05,103,all,All,12,1
2018,05,105,all,All,26,1
2018,05,107,all,All,47,1
2018,05,109,all,All,28,1
2018,05,111,all,All,55,1
2018,05,113,all,All,27,1
2018,05,115,all,All,21,1
2018,05,117,all,All,43,1
2018,05,119,all,All,22,1
2018,05,121,all,All,33,1
2018,05,123,all,All,55,1
2018,05,125,all,All,22,1
2018,05,127,all,All,28,1
2018,05,129,all,All,29,1
2018,05,131,all,All,17,1
2018,05,133,all,All,26,1
2018,05,135,all,All,27,1
2018,05,137,all,All,30,1
2018,05,139,all,All,6,1
2018,05,141,all,All,26,1
2018,05,143,all,All,31,1
2018,05,145,all,All,27,1
2018,05,147,all,All,49,1
2018,05,149,all,All,26,1
2018,06,001,all,All,48,1
2018,06,003,all,All,93,1
2018,06,005,all,All,20,1
2018,06,007,all,All,2,1
2018,06,009,all,All,24,1
2018,06,011,all,All,7,1
2018,06,013,all,All,33,1
2018,06,015,all,All,36,1
2018,06,017,all,All,31,1
2018,06,019,all,All,15,1
2018,06,021,all,All,12,1
2018,06,023,all,All,50,1
2018,06,025,all,All,62,1
2018,06,027,all,All,98,1
2018,06,029,all,All,38,1
2018,06,031,all,All,36,1
2018,06,033,all,All,0,1
2018,06,035,all,All,65,1
2018,06,037,all,All,11,1
2018,06,039,all,All,20,1
2018,06,041,all,All,66,1
2018,06,043,all,All,7,1
2018,06,045,all,All,46,1
2018,06,047,all,All,31,1
2018,06,049,all,All,84,1
2018,06,051,all,All,79,1
2018,06,053,all,All,76,1
2018,06,055,all,All,47,1
2018,06,057,all,All,33,1
2018,06,059,all,All,16,1
2018,06,061,all,All,8,1
2018,06,063,all,All,73,1
2018,06,065,all,All,34,1
2018,06,067,all,All,3,1
2018,06,069,all,All,74,1
2018,06,071,all,All,26,1
2018,06,073,all,All,37,1
2018,06,075,all,All,45,1
2018,06,077,all,All,24,1
2018,06,079,all,All,81,1
2018,06,081,all,All,65,1
2018,06,083,all,All,73,1
2018,06,085,all,All,41,1
2018,06,087,all,All,45,1
2018,06,089,all,All,3,1
2018,06,091,all,All,93,1
2018,06,093,all,All,25,1
2018,06,095,all,All,33,1
2018,06,097,all,All,46,1
2018,06,099,all,All,27,1
2018,06,101,all,All,3,1
2018,06,103,all,All,8,1
2018,06,105,all,All,36,1
2018,06,107,all,All,19,1
2018,06,109,all,All,31,1
2018,06,111,all,All,54,1
2018,06,113,all,All,8,1
2018,06,115,all,All,6,1
2018,08,001,all,All,19,1
2018,08,003,all,All,98,1
2018,08,005,all,All,50,1
2018,08,007,all,All,98,1
2018,08,009,all,All,98,1
2018,08,011,all,All,98,1
2018,08,013,all,All,43,1
2018,08,014,all,All,25,1
2018,08,015,all,All,100,1
2018,08,017,all,All,98,1
2018,08,019,all,All,99,1
2018,08,021,all,All,98,1
2018,08,023,all,All,98,1
2018,08,025,all,All,98,1
2018,08,027,all,All,100,1
2018,08,029,all,All,98,1
2018,08,031,all,All,24,1
2018,08,033,all,All,98,1
2018,08,035,all,All,76,1
2018,08,037,all,All,84,1
2018,08,039,all,All,98,1
2018,08,041,all,All,79,1
2018,08,043,all,All,98,1
2018,08,045,all,All,73,1
2018,08,047,all,All,98,1
2018,08,049,all,All,98,1
2018,08,051,all,All,99,1
2018,08,053,all,All,100,1
2018,08,055,all,All,60,1
2018,08,057,all,All,100,1
2018,08,059,all,All,50,1
2018,08,061,all,All,98,1
2018,08,063,all,All,98,1
2018,08,065,all,All,100,1
2018,08,067,all,All,61,1
2018,08,069,all,All,41,1
2018,08,071,all,All,98,1
2018,08,073,all,All,98,1
2018,08,075,all,All,96,1
2018,08,077,all,All,88,1
2018,08,079,all,All,100,1
2018,08,081,all,All,98,1
2018,08,083,all,All,97,1
2018,08,085,all,All,98,1
2018,08,087,all,All,85,1
2018,08,089,all,All,98,1
2018,08,091,all,All,100,1
2018,08,093,all,All,100,1
2018,08,095,all,All,98,1
2018,08,097,all,All,99,1
2018,08,099,all,All,98,1
2018,08,101,all,All,78,1
2018,08,103,all,All,98,1
2018,08,105,all,All,98,1
2018,08,107,all,All,98,1
2018,08,109,all,All,99,1
2018,08,111,all,All,100,1
2018,08,113,all,All,100,1
2018,08,115,all,All,98,1
2018,08,117,all,All,99,1
2018,08,119,all,All,99,1
2018,08,121,all,All,97,1
2018,08,123,all,All,6,1
2018,08,125,all,All,98,1
2018,09,001,all,All,64,1
2018,09,003,all,All,62,1
2018,09,005,all,All,82,1
2018,09,007,all,All,75,1
2018,09,009,all,All,71,1
2018,09,011,all,All,77,1
2018,09,013,all,All,77,1
2018,09,015,all,All,76,1
2018,10,001,all,All,76,1
2018,10,003,all,All,36,1
2018,10,005,all,All,76,1
2018,11,001,all,All,21,1
2018,12,001,all,All,32,1
2018,12,003,all,All,33,1
2018,12,005,all,All,49,1
2018,12,007,all,All,40,1
2018,12,009,all,All,76,1
2018,12,011,all,All,51,1
2018,12,013,all,All,29,1
2018,12,015,all,All,62,1
2018,12,017,all,All,55,1
2018,12,019,all,All,42,1
2018,12,021,all,All,56,1
2018,12,023,all,All,41,1
2018,12,027,all,All,57,1
2018,12,029,all,All,55,1
2018,12,031,all,All,39,1
2018,12,033,all,All,40,1
2018,12,035,all,All,60,1
2018,12,037,all,All,64,1
2018,12,039,all,All,21,1
2018,12,041,all,All,55,1
2018,12,043,all,All,55,1
2018,12,045,all,All,42,1
2018,12,047,all,All,53,1
2018,12,049,all,All,58,1
2018,12,051,all,All,57,1
2018,12,053,all,All,50,1
2018,12,055,all,All,56,1
2018,12,057,all,All,34,1
2018,12,059,all,All,26,1
2018,12,061,all,All,75,1
2018,12,063,all,All,29,1
2018,12,065,all,All,26,1
2018,12,067,all,All,61,1
2018,12,069,all,All,50,1
2018,12,071,all,All,57,1
2018,12,073,all,All,22,1
2018,12,075,all,All,53,1
2018,12,077,all,All,26,1
2018,12,079,all,All,32,1
2018,12,081,all,All,57,1
2018,12,083,all,All,43,1
2018,12,085,all,All,64,1
2018,12,086,all,All,47,1
2018,12,087,all,All,98,1
2018,12,089,all,All,51,1
2018,12,091,all,All,44,1
2018,12,093,all,All,59,1
2018,12,095,all,All,29,1
2018,12,097,all,All,30,1
2018,12,099,all,All,60,1
2018,12,101,all,All,44,1
2018,12,103,all,All,56,1
2018,12,105,all,All,47,1
2018,12,107,all,All,49,1
2018,12,109,all,All,55,1
2018,12,111,all,All,65,1
2018,12,113,all,All,44,1
2018,12,115,all,All,61,1
2018,12,117,all,All,39,1
2018,12,119,all,All,46,1
2018,12,121,all,All,55,1
2018,12,123,all,All,37,1
2018,12,125,all,All,44,1
2018,12,127,all,All,57,1
2018,12,129,all,All,26,1
2018,12,131,all,All,48,1
2018,12,133,all,All,39,1
2018,13,001,all,All,47,1
2018,13,003,all,All,40,1
2018,13,005,all,All,55,1
2018,13,007,all,All,26,1
2018,13,009,all,All,26,1
2018,13,011,all,All,37,1
2018,13,013,all,All,21,1
2018,13,015,all,All,23,1
2018,13,017,all,All,48,1
2018,13,019,all,All,26,1
2018,13,021,all,All,22,1
2018,13,023,all,All,26,1
2018,13,025,all,All,51,1
2018,13,027,all,All,26,1
2018,13,029,all,All,37,1
2018,13,031,all,All,35,1
2018,13,033,all,All,29,1
2018,13,035,all,All,26,1
2018,13,037,all,All,26,1
2018,13,039,all,All,54,1
2018,13,043,all,All,44,1
2018,13,045,all,All,26,1
2018,13,047,all,All,23,1
2018,13,049,all,All,40,1
2018,13,051,all,All,35,1
2018,13,053,all,All,18,1
2018,13,055,all,All,27,1
2018,13,057,all,All,27,1
2018,13,059,all,All,25,1
2018,13,061,all,All,26,1
2018,13,063,all,All,11,1
2018,13,065,all,All,43,1
2018,13,067,all,All,15,1
2018,13,069,all,All,38,1
2018,13,071,all,All,26,1
2018,13,073,all,All,26,1
2018,13,075,all,All,26,1
2018,13,077,all,All,26,1
2018,13,079,all,All,26,1
2018,13,081,all,All,28,1
2018,13,083,all,All,36,1
2018,13,085,all,All,44,1
2018,13,087,all,All,26,1
2018,13,089,all,All,11,1
2018,13,091,all,All,35,1
2018,13,093,all,All,26,1
2018,13,095,all,All,26,1
2018,13,097,all,All,24,1
2018,13,099,all,All,26,1
2018,13,101,all,All,44,1
2018,13,103,all,All,26,1
2018,13,105,all,All,26,1
2018,13,107,all,All,31,1
2018,13,109,all,All,40,1
2018,13,111,all,All,55,1
2018,13,113,all,All,26,1
2018,13,115,all,All,23,1
2018,13,117,all,All,27,1
2018,13,119,all,All,26,1
2018,13,121,all,All,15,1
2018,13,123,all,All,55,1
2018,13,125,all,All,36,1
2018,13,127,all,All,60,1
2018,13,129,all,All,23,1
2018,13,131,all,All,26,1
2018,13,133,all,All,26,1
2018,13,135,all,All,24,1
2018,13,137,all,All,46,1
2018,13,139,all,All,26,1
2018,13,141,all,All,26,1
2018,13,143,all,All,26,1
2018,13,145,all,All,26,1
2018,13,147,all,All,33,1
2018,13,149,all,All,26,1
2018,13,151,all,All,17,1
2018,13,153,all,All,24,1
2018,13,155,all,All,55,1
2018,13,157,all,All,21,1
2018,13,159,all,All,14,1
2018,13,161,all,All,57,1
2018,13,163,all,All,26,1
2018,13,165,all,All,30,1
2018,13,167,all,All,26,1
2018,13,169,all,All,24,1
2018,13,171,all,All,26,1
2018,13,173,all,All,26,1
2018,13,175,all,All,26,1
2018,13,177,all,All,26,1
2018,13,179,all,All,26,1
2018,13,181,all,All,26,1
2018,13,183,all,All,31,1
2018,13,185,all,All,24,1
2018,13,187,all,All,50,1
2018,13,189,all,All,26,1
2018,13,191,all,All,55,1
2018,13,193,all,All,26,1
2018,13,195,all,All,26,1
2018,13,197,all,All,26,1
2018,13,199,all,All,26,1
2018,13,201,all,All,34,1
2018,13,205,all,All,26,1
2018,13,207,all,All,22,1
2018,13,209,all,All,32,1
2018,13,211,all,All,13,1
2018,13,213,all,All,36,1
2018,13,215,all,All,16,1
2018,13,217,all,All,5,1
2018,13,219,all,All,26,1
2018,13,221,all,All,26,1
2018,13,223,all,All,26,1
2018,13,225,all,All,26,1
2018,13,227,all,All,43,1
2018,13,229,all,All,44,1
2018,13,231,all,All,26,1
2018,13,233,all,All,26,1
2018,13,235,all,All,28,1
2018,13,237,all,All,26,1
2018,13,239,all,All,26,1
2018,13,241,all,All,55,1
2018,13,243,all,All,26,1
2018,13,245,all,All,24,1
2018,13,247,all,All,13,1
2018,13,249,all,All,26,1
2018,13,251,all,All,30,1
2018,13,253,all,All,26,1
2018,13,255,all,All,26,1
2018,13,257,all,All,26,1
2018,13,259,all,All,26,1
2018,13,261,all,All,25,1
2018,13,263,all,All,26,1
2018,13,265,all,All,26,1
2018,13,267,all,All,49,1
2018,13,269,all,All,26,1
2018,13,271,all,All,33,1
2018,13,273,all,All,26,1
2018,13,275,all,All,20,1
2018,13,277,all,All,28,1
2018,13,279,all,All,44,1
2018,13,281,all,All,55,1
2018,13,283,all,All,36,1
2018,13,285,all,All,25,1
2018,13,287,all,All,55,1
2018,13,289,all,All,26,1
2018,13,291,all,All,55,1
2018,13,293,all,All,26,1
2018,13,295,all,All,25,1
2018,13,297,all,All,19,1
2018,13,299,all,All,31,1
2018,13,301,all,All,26,1
2018,13,303,all,All,26,1
2018,13,305,all,All,33,1
2018,13,307,all,All,31,1
2018,13,309,all,All,26,1
2018,13,311,all,All,55,1
2018,13,313,all,All,21,1
2018,13,315,all,All,42,1
2018,13,317,all,All,27,1
2018,13,319,all,All,26,1
2018,13,321,all,All,26,1
2018,15,001,all,All,95,1
2018,15,003,all,All,94,1
2018,15,005,all,All,100,1
2018,15,007,all,All,99,1
2018,15,009,all,All,97,1
2018,16,001,all,All,50,1
2018,16,003,all,All,73,1
2018,16,005,all,All,96,1
2018,16,007,all,All,97,1
2018,16,009,all,All,33,1
2018,16,011,all,All,96,1
2018,16,013,all,All,97,1
2018,16,015,all,All,97,1
2018,16,017,all,All,21,1
2018,16,019,all,All,85,1
2018,16,021,all,All,48,1
2018,16,023,all,All,100,1
2018,16,025,all,All,98,1
2018,16,027,all,All,56,1
2018,16,029,all,All,97,1
2018,16,031,all,All,96,1
2018,16,033,all,All,98,1
2018,16,035,all,All,53,1
2018,16,037,all,All,98,1
2018,16,039,all,All,95,1
2018,16,041,all,All,98,1
2018,16,043,all,All,97,1
2018,16,045,all,All,76,1
2018,16,047,all,All,97,1
2018,16,049,all,All,84,1
2018,16,051,all,All,97,1
2018,16,053,all,All,93,1
2018,16,055,all,All,27,1
2018,16,057,all,All,58,1
2018,16,059,all,All,97,1
2018,16,061,all,All,78,1
2018,16,063,all,All,98,1
2018,16,065,all,All,95,1
2018,16,067,all,All,90,1
2018,16,069,all,All,61,1
2018,16,071,all,All,98,1
2018,16,073,all,All,95,1
2018,16,075,all,All,66,1
2018,16,077,all,All,97,1
2018,16,079,all,All,66,1
2018,16,081,all,All,98,1
2018,16,083,all,All,91,1
2018,16,085,all,All,97,1
2018,16,087,all,All,94,1
2018,17,001,all,All,31,1
2018,17,003,all,All,43,1
2018,17,005,all,All,65,1
2018,17,007,all,All,73,1
2018,17,009,all,All,76,1
2018,17,011,all,All,75,1
2018,17,013,all,All,55,1
2018,17,015,all,All,75,1
2018,17,017,all,All,76,1
2018,17,019,all,All,58,1
2018,17,021,all,All,76,1
2018,17,023,all,All,76,1
2018,17,025,all,All,76,1
2018,17,027,all,All,58,1
2018,17,029,all,All,76,1
2018,17,031,all,All,12,1
2018,17,033,all,All,47,1
2018,17,035,all,All,76,1
2018,17,037,all,All,72,1
2018,17,039,all,All,75,1
2018,17,041,all,All,59,1
2018,17,043,all,All,23,1
2018,17,045,all,All,76,1
2018,17,047,all,All,69,1
2018,17,049,all,All,66,1
2018,17,051,all,All,73,1
2018,17,053,all,All,75,1
2018,17,055,all,All,50,1
2018,17,057,all,All,75,1
2018,17,059,all,All,55,1
2018,17,061,all,All,55,1
2018,17,063,all,All,60,1
2018,17,065,all,All,63,1
2018,17,067,all,All,76,1
2018,17,069,all,All,55,1
2018,17,071,all,All,76,1
2018,17,073,all,All,72,1
2018,17,075,all,All,76,1
2018,17,077,all,All,47,1
2018,17,079,all,All,76,1
2018,17,081,all,All,56,1
2018,17,083,all,All,50,1
2018,17,085,all,All,76,1
2018,17,087,all,All,55,1
2018,17,089,all,All,39,1
2018,17,091,all,All,65,1
2018,17,093,all,All,48,1
2018,17,095,all,All,65,1
2018,17,097,all,All,42,1
2018,17,099,all,All,69,1
2018,17,101,all,All,66,1
2018,17,103,all,All,59,1
2018,17,105,all,All,75,1
2018,17,107,all,All,75,1
2018,17,109,all,All,76,1
2018,17,111,all,All,62,1
2018,17,113,all,All,72,1
2018,17,115,all,All,54,1
2018,17,117,all,All,57,1
2018,17,119,all,All,37,1
2018,17,121,all,All,59,1
2018,17,123,all,All,76,1
2018,17,125,all,All,76,1
2018,17,127,all,All,53,1
2018,17,129,all,All,76,1
2018,17,131,all,All,76,1
2018,17,133,all,All,47,1
2018,17,135,all,All,71,1
2018,17,137,all,All,75,1
2018,17,139,all,All,76,1
2018,17,141,all,All,65,1
2018,17,143,all,All,53,1
2018,17,145,all,All,52,1
2018,17,147,all,All,76,1
2018,17,149,all,All,63,1
2018,17,151,all,All,55,1
2018,17,153,all,All,55,1
2018,17,155,all,All,75,1
2018,17,157,all,All,53,1
2018,17,159,all,All,76,1
2018,17,161,all,All,52,1
2018,17,163,all,All,37,1
2018,17,165,all,All,52,1
2018,17,167,all,All,54,1
2018,17,169,all,All,76,1
2018,17,171,all,All,69,1
2018,17,173,all,All,75,1
2018,17,175,all,All,76,1
2018,17,177,all,All,74,1
2018,17,179,all,All,63,1
2018,17,181,all,All,44,1
2018,17,183,all,All,72,1
2018,17,185,all,All,62,1
2018,17,187,all,All,76,1
2018,17,189,all,All,55,1
2018,17,191,all,All,76,1
2018,17,193,all,All,53,1
2018,17,195,all,All,71,1
2018,17,197,all,All,43,1
2018,17,199,all,All,50,1
2018,17,201,all,All,52,1
2018,17,203,all,All,75,1
2018,18,001,all,All,76,1
2018,18,003,all,All,62,1
2018,18,005,all,All,51,1
2018,18,007,all,All,76,1
2018,18,009,all,All,68,1
2018,18,011,all,All,67,1
2018,18,013,all,All,59,1
2018,18,015,all,All,76,1
2018,18,017,all,All,76,1
2018,18,019,all,All,30,1
2018,18,021,all,All,76,1
2018,18,023,all,All,76,1
2018,18,025,all,All,47,1
2018,18,027,all,All,66,1
2018,18,029,all,All,55,1
2018,18,031,all,All,76,1
2018,18,033,all,All,74,1
2018,18,035,all,All,76,1
2018,18,037,all,All,52,1
2018,18,039,all,All,72,1
2018,18,041,all,All,76,1
2018,18,043,all,All,29,1
2018,18,045,all,All,76,1
2018,18,047,all,All,76,1
2018,18,049,all,All,76,1
2018,18,051,all,All,58,1
2018,18,053,all,All,76,1
2018,18,055,all,All,76,1
2018,18,057,all,All,56,1
2018,18,059,all,All,65,1
2018,18,061,all,All,11,1
2018,18,063,all,All,56,1
2018,18,065,all,All,76,1
2018,18,067,all,All,57,1
2018,18,069,all,All,76,1
2018,18,071,all,All,51,1
2018,18,073,all,All,76,1
2018,18,075,all,All,76,1
2018,18,077,all,All,53,1
2018,18,079,all,All,58,1
2018,18,081,all,All,55,1
2018,18,083,all,All,67,1
2018,18,085,all,All,67,1
2018,18,087,all,All,76,1
2018,18,089,all,All,50,1
2018,18,091,all,All,75,1
2018,18,093,all,All,54,1
2018,18,095,all,All,71,1
2018,18,097,all,All,53,1
2018,18,099,all,All,75,1
2018,18,101,all,All,68,1
2018,18,103,all,All,76,1
2018,18,105,all,All,53,1
2018,18,107,all,All,76,1
2018,18,109,all,All,58,1
2018,18,111,all,All,76,1
2018,18,113,all,All,76,1
2018,18,115,all,All,55,1
2018,18,117,all,All,51,1
2018,18,119,all,All,76,1
2018,18,121,all,All,76,1
2018,18,123,all,All,43,1
2018,18,125,all,All,55,1
2018,18,127,all,All,72,1
2018,18,129,all,All,44,1
2018,18,131,all,All,76,1
2018,18,133,all,All,76,1
2018,18,135,all,All,76,1
2018,18,137,all,All,76,1
2018,18,139,all,All,76,1
2018,18,141,all,All,70,1
2018,18,143,all,All,55,1
2018,18,145,all,All,66,1
2018,18,147,all,All,54,1
2018,18,149,all,All,76,1
2018,18,151,all,All,76,1
2018,18,153,all,All,76,1
2018,18,155,all,All,53,1
2018,18,157,all,All,62,1
2018,18,159,all,All,76,1
2018,18,161,all,All,75,1
2018,18,163,all,All,40,1
2018,18,165,all,All,76,1
2018,18,167,all,All,59,1
2018,18,169,all,All,76,1
2018,18,171,all,All,76,1
2018,18,173,all,All,51,1
2018,18,175,all,All,54,1
2018,18,177,all,All,73,1
2018,18,179,all,All,76,1
2018,18,181,all,All,76,1
2018,18,183,all,All,76,1
2018,19,001,all,All,87,1
2018,19,003,all,All,84,1
2018,19,005,all,All,76,1
2018,19,007,all,All,76,1
2018,19,009,all,All,93,1
2018,19,011,all,All,73,1
2018,19,013,all,All,75,1
2018,19,015,all,All,76,1
2018,19,017,all,All,76,1
2018,19,019,all,All,78,1
2018,19,021,all,All,85,1
2018,19,023,all,All,76,1
2018,19,025,all,All,97,1
2018,19,027,all,All,82,1
2018,19,029,all,All,84,1
2018,19,031,all,All,76,1
2018,19,033,all,All,76,1
2018,19,035,all,All,87,1
2018,19,037,all,All,76,1
2018,19,039,all,All,84,1
2018,19,041,all,All,82,1
2018,19,043,all,All,76,1
2018,19,045,all,All,66,1
2018,19,047,all,All,83,1
2018,19,049,all,All,76,1
2018,19,051,all,All,76,1
2018,19,053,all,All,88,1
2018,19,055,all,All,76,1
2018,19,057,all,All,61,1
2018,19,059,all,All,87,1
2018,19,061,all,All,75,1
2018,19,063,all,All,88,1
2018,19,065,all,All,76,1
2018,19,067,all,All,79,1
2018,19,069,all,All,76,1
2018,19,071,all,All,81,1
2018,19,073,all,All,80,1
2018,19,075,all,All,76,1
2018,19,077,all,All,80,1
2018,19,079,all,All,76,1
2018,19,081,all,All,79,1
2018,19,083,all,All,76,1
2018,19,085,all,All,76,1
2018,19,087,all,All,76,1
2018,19,089,all,All,76,1
2018,19,091,all,All,79,1
2018,19,093,all,All,96,1
2018,19,095,all,All,71,1
2018,19,097,all,All,76,1
2018,19,099,all,All,76,1
2018,19,101,all,All,75,1
2018,19,103,all,All,64,1
2018,19,105,all,All,67,1
2018,19,107,all,All,76,1
2018,19,109,all,All,85,1
2018,19,111,all,All,67,1
2018,19,113,all,All,57,1
2018,19,115,all,All,76,1
2018,19,117,all,All,76,1
2018,19,119,all,All,95,1
2018,19,121,all,All,76,1
2018,19,123,all,All,76,1
2018,19,125,all,All,76,1
2018,19,127,all,All,76,1
2018,19,129,all,All,79,1
2018,19,131,all,All,76,1
2018,19,133,all,All,79,1
2018,19,135,all,All,82,1
2018,19,137,all,All,84,1
2018,19,139,all,All,69,1
2018,19,141,all,All,95,1
2018,19,143,all,All,96,1
2018,19,145,all,All,84,1
2018,19,147,all,All,88,1
2018,19,149,all,All,84,1
2018,19,151,all,All,96,1
2018,19,153,all,All,55,1
2018,19,155,all,All,65,1
2018,19,157,all,All,79,1
2018,19,159,all,All,93,1
2018,19,161,all,All,96,1
2018,19,163,all,All,55,1
2018,19,165,all,All,84,1
2018,19,167,all,All,88,1
2018,19,169,all,All,76,1
2018,19,171,all,All,76,1
2018,19,173,all,All,82,1
2018,19,175,all,All,79,1
2018,19,177,all,All,76,1
2018,19,179,all,All,76,1
2018,19,181,all,All,78,1
2018,19,183,all,All,76,1
2018,19,185,all,All,86,1
2018,19,187,all,All,77,1
2018,19,189,all,All,76,1
2018,19,191,all,All,76,1
2018,19,193,all,All,76,1
2018,19,195,all,All,76,1
2018,19,197,all,All,76,1
2018,20,001,all,All,58,1
2018,20,003,all,All,56,1
2018,20,005,all,All,57,1
2018,20,007,all,All,73,1
2018,20,009,all,All,93,1
2018,20,011,all,All,54,1
2018,20,013,all,All,87,1
2018,20,015,all,All,52,1
2018,20,017,all,All,73,1
2018,20,019,all,All,73,1
2018,20,021,all,All,55,1
2018,20,023,all,All,98,1
2018,20,025,all,All,97,1
2018,20,027,all,All,93,1
2018,20,029,all,All,93,1
2018,20,031,all,All,73,1
2018,20,033,all,All,93,1
2018,20,035,all,All,57,1
2018,20,037,all,All,55,1
2018,20,039,all,All,98,1
2018,20,041,all,All,77,1
2018,20,043,all,All,72,1
2018,20,045,all,All,55,1
2018,20,047,all,All,97,1
2018,20,049,all,All,49,1
2018,20,051,all,All,80,1
2018,20,053,all,All,87,1
2018,20,055,all,All,96,1
2018,20,057,all,All,96,1
2018,20,059,all,All,59,1
2018,20,061,all,All,56,1
2018,20,063,all,All,98,1
2018,20,065,all,All,98,1
2018,20,067,all,All,97,1
2018,20,069,all,All,97,1
2018,20,071,all,All,98,1
2018,20,073,all,All,49,1
2018,20,075,all,All,98,1
2018,20,077,all,All,46,1
2018,20,079,all,All,54,1
2018,20,081,all,All,97,1
2018,20,083,all,All,97,1
2018,20,085,all,All,55,1
2018,20,087,all,All,59,1
2018,20,089,all,All,94,1
2018,20,091,all,All,49,1
2018,20,093,all,All,97,1
2018,20,095,all,All,80,1
2018,20,097,all,All,93,1
2018,20,099,all,All,60,1
2018,20,101,all,All,98,1
2018,20,103,all,All,55,1
2018,20,105,all,All,93,1
2018,20,107,all,All,55,1
2018,20,109,all,All,97,1
2018,20,111,all,All,54,1
2018,20,113,all,All,79,1
2018,20,115,all,All,93,1
2018,20,117,all,All,87,1
2018,20,119,all,All,97,1
2018,20,121,all,All,53,1
2018,20,123,all,All,93,1
2018,20,125,all,All,47,1
2018,20,127,all,All,65,1
2018,20,129,all,All,98,1
2018,20,131,all,All,80,1
2018,20,133,all,All,62,1
2018,20,135,all,All,98,1
2018,20,137,all,All,98,1
2018,20,139,all,All,57,1
2018,20,141,all,All,97,1
2018,20,143,all,All,93,1
2018,20,145,all,All,94,1
2018,20,147,all,All,97,1
2018,20,149,all,All,62,1
2018,20,151,all,All,86,1
2018,20,153,all,All,98,1
2018,20,155,all,All,62,1
2018,20,157,all,All,93,1
2018,20,159,all,All,85,1
2018,20,161,all,All,56,1
2018,20,163,all,All,97,1
2018,20,165,all,All,97,1
2018,20,167,all,All,94,1
2018,20,169,all,All,60,1
2018,20,171,all,All,98,1
2018,20,173,all,All,38,1
2018,20,175,all,All,94,1
2018,20,177,all,All,55,1
2018,20,179,all,All,98,1
2018,20,181,all,All,98,1
2018,20,183,all,All,97,1
2018,20,185,all,All,93,1
2018,20,187,all,All,97,1
2018,20,189,all,All,97,1
2018,20,191,all,All,62,1
2018,20,193,all,All,98,1
2018,20,195,all,All,98,1
2018,20,197,all,All,61,1
2018,20,199,all,All,98,1
2018,20,201,all,All,93,1
2018,20,203,all,All,98,1
2018,20,205,all,All,56,1
2018,20,207,all,All,73,1
2018,20,209,all,All,37,1
2018,21,001,all,All,55,1
2018,21,003,all,All,55,1
2018,21,005,all,All,48,1
2018,21,007,all,All,55,1
2018,21,009,all,All,54,1
2018,21,011,all,All,51,1
2018,21,013,all,All,49,1
2018,21,015,all,All,41,1
2018,21,017,all,All,45,1
2018,21,019,all,All,35,1
2018,21,021,all,All,54,1
2018,21,023,all,All,75,1
2018,21,025,all,All,55,1
2018,21,027,all,All,51,1
2018,21,029,all,All,42,1
2018,21,031,all,All,55,1
2018,21,033,all,All,55,1
2018,21,035,all,All,50,1
2018,21,037,all,All,31,1
2018,21,039,all,All,55,1
2018,21,041,all,All,50,1
2018,21,043,all,All,55,1
2018,21,045,all,All,55,1
2018,21,047,all,All,49,1
2018,21,049,all,All,40,1
2018,21,051,all,All,55,1
2018,21,053,all,All,55,1
2018,21,055,all,All,55,1
2018,21,057,all,All,55,1
2018,21,059,all,All,38,1
2018,21,061,all,All,55,1
2018,21,063,all,All,55,1
2018,21,065,all,All,55,1
2018,21,067,all,All,36,1
2018,21,069,all,All,63,1
2018,21,071,all,All,43,1
2018,21,073,all,All,53,1
2018,21,075,all,All,55,1
2018,21,077,all,All,53,1
2018,21,079,all,All,55,1
2018,21,081,all,All,50,1
2018,21,083,all,All,53,1
2018,21,085,all,All,53,1
2018,21,087,all,All,55,1
2018,21,089,all,All,45,1
2018,21,091,all,All,53,1
2018,21,093,all,All,39,1
2018,21,095,all,All,60,1
2018,21,097,all,All,54,1
2018,21,099,all,All,55,1
2018,21,101,all,All,51,1
2018,21,103,all,All,55,1
2018,21,105,all,All,55,1
2018,21,107,all,All,46,1
2018,21,109,all,All,55,1
2018,21,111,all,All,26,1
2018,21,113,all,All,49,1
2018,21,115,all,All,55,1
2018,21,117,all,All,32,1
2018,21,119,all,All,55,1
2018,21,121,all,All,55,1
2018,21,123,all,All,55,1
2018,21,125,all,All,50,1
2018,21,127,all,All,49,1
2018,21,129,all,All,55,1
2018,21,131,all,All,55,1
2018,21,133,all,All,59,1
2018,21,135,all,All,55,1
2018,21,137,all,All,55,1
2018,21,139,all,All,19,1
2018,21,141,all,All,46,1
2018,21,143,all,All,49,1
2018,21,145,all,All,33,1
2018,21,147,all,All,55,1
2018,21,149,all,All,55,1
2018,21,151,all,All,50,1
2018,21,153,all,All,55,1
2018,21,155,all,All,45,1
2018,21,157,all,All,26,1
2018,21,159,all,All,55,1
2018,21,161,all,All,54,1
2018,21,163,all,All,44,1
2018,21,165,all,All,52,1
2018,21,167,all,All,55,1
2018,21,169,all,All,55,1
2018,21,171,all,All,55,1
2018,21,173,all,All,48,1
2018,21,175,all,All,55,1
2018,21,177,all,All,55,1
2018,21,179,all,All,48,1
2018,21,181,all,All,47,1
2018,21,183,all,All,55,1
2018,21,185,all,All,54,1
2018,21,187,all,All,55,1
2018,21,189,all,All,55,1
2018,21,191,all,All,52,1
2018,21,193,all,All,55,1
2018,21,195,all,All,53,1
2018,21,197,all,All,49,1
2018,21,199,all,All,55,1
2018,21,201,all,All,76,1
2018,21,203,all,All,55,1
2018,21,205,all,All,55,1
2018,21,207,all,All,55,1
2018,21,209,all,All,50,1
2018,21,211,all,All,55,1
2018,21,213,all,All,48,1
2018,21,215,all,All,55,1
2018,21,217,all,All,50,1
2018,21,219,all,All,52,1
2018,21,221,all,All,55,1
2018,21,223,all,All,55,1
2018,21,225,all,All,54,1
2018,21,227,all,All,33,1
2018,21,229,all,All,55,1
2018,21,231,all,All,55,1
2018,21,233,all,All,55,1
2018,21,235,all,All,52,1
2018,21,237,all,All,55,1
2018,21,239,all,All,50,1
2018,22,001,all,All,55,1
2018,22,003,all,All,35,1
2018,22,005,all,All,1,1
2018,22,007,all,All,25,1
2018,22,009,all,All,40,1
2018,22,011,all,All,25,1
2018,22,013,all,All,26,1
2018,22,015,all,All,15,1
2018,22,017,all,All,15,1
2018,22,019,all,All,22,1
2018,22,021,all,All,26,1
2018,22,023,all,All,55,1
2018,22,025,all,All,45,1
2018,22,027,all,All,26,1
2018,22,029,all,All,38,1
2018,22,031,all,All,18,1
2018,22,033,all,All,3,1
2018,22,035,all,All,44,1
2018,22,037,all,All,25,1
2018,22,039,all,All,50,1
2018,22,041,all,All,42,1
2018,22,043,all,All,26,1
2018,22,045,all,All,52,1
2018,22,047,all,All,3,1
2018,22,049,all,All,25,1
2018,22,051,all,All,14,1
2018,22,053,all,All,58,1
2018,22,055,all,All,48,1
2018,22,057,all,All,34,1
2018,22,059,all,All,29,1
2018,22,061,all,All,21,1
2018,22,063,all,All,8,1
2018,22,065,all,All,30,1
2018,22,067,all,All,28,1
2018,22,069,all,All,26,1
2018,22,071,all,All,13,1
2018,22,073,all,All,22,1
2018,22,075,all,All,46,1
2018,22,077,all,All,23,1
2018,22,079,all,All,26,1
2018,22,081,all,All,26,1
2018,22,083,all,All,38,1
2018,22,085,all,All,26,1
2018,22,087,all,All,17,1
2018,22,089,all,All,1,1
2018,22,091,all,All,26,1
2018,22,093,all,All,2,1
2018,22,095,all,All,0,1
2018,22,097,all,All,54,1
2018,22,099,all,All,52,1
2018,22,101,all,All,55,1
2018,22,103,all,All,40,1
2018,22,105,all,All,26,1
2018,22,107,all,All,40,1
2018,22,109,all,All,45,1
2018,22,111,all,All,22,1
2018,22,113,all,All,55,1
2018,22,115,all,All,28,1
2018,22,117,all,All,29,1
2018,22,119,all,All,26,1
2018,22,121,all,All,2,1
2018,22,123,all,All,40,1
2018,22,125,all,All,23,1
2018,22,127,all,All,26,1
2018,23,001,all,All,76,1
2018,23,003,all,All,97,1
2018,23,005,all,All,69,1
2018,23,007,all,All,88,1
2018,23,009,all,All,97,1
2018,23,011,all,All,75,1
2018,23,013,all,All,96,1
2018,23,015,all,All,82,1
2018,23,017,all,All,79,1
2018,23,019,all,All,79,1
2018,23,021,all,All,88,1
2018,23,023,all,All,76,1
2018,23,025,all,All,78,1
2018,23,027,all,All,87,1
2018,23,029,all,All,93,1
2018,23,031,all,All,76,1
2018,24,001,all,All,67,1
2018,24,003,all,All,42,1
2018,24,005,all,All,45,1
2018,24,009,all,All,59,1
2018,24,011,all,All,76,1
2018,24,013,all,All,65,1
2018,24,015,all,All,65,1
2018,24,017,all,All,48,1
2018,24,019,all,All,76,1
2018,24,021,all,All,56,1
2018,24,023,all,All,76,1
2018,24,025,all,All,59,1
2018,24,027,all,All,43,1
2018,24,029,all,All,76,1
2018,24,031,all,All,33,1
2018,24,033,all,All,32,1
2018,24,035,all,All,71,1
2018,24,037,all,All,58,1
2018,24,039,all,All,76,1
2018,24,041,all,All,74,1
2018,24,043,all,All,56,1
2018,24,045,all,All,68,1
2018,24,047,all,All,76,1
2018,24,510,all,All,33,1
2018,25,001,all,All,94,1
2018,25,003,all,All,78,1
2018,25,005,all,All,75,1
2018,25,007,all,All,98,1
2018,25,009,all,All,64,1
2018,25,011,all,All,76,1
2018,25,013,all,All,54,1
2018,25,015,all,All,69,1
2018,25,017,all,All,54,1
2018,25,019,all,All,98,1
2018,25,021,all,All,59,1
2018,25,023,all,All,75,1
2018,25,025,all,All,30,1
2018,25,027,all,All,76,1
2018,26,001,all,All,96,1
2018,26,003,all,All,98,1
2018,26,005,all,All,76,1
2018,26,007,all,All,96,1
2018,26,009,all,All,95,1
2018,26,011,all,All,96,1
2018,26,013,all,All,95,1
2018,26,015,all,All,76,1
2018,26,017,all,All,78,1
2018,26,019,all,All,98,1
2018,26,021,all,All,76,1
2018,26,023,all,All,76,1
2018,26,025,all,All,76,1
2018,26,027,all,All,76,1
2018,26,029,all,All,96,1
2018,26,031,all,All,98,1
2018,26,033,all,All,89,1
2018,26,035,all,All,93,1
2018,26,037,all,All,77,1
2018,26,039,all,All,87,1
2018,26,041,all,All,96,1
2018,26,043,all,All,69,1
2018,26,045,all,All,76,1
2018,26,047,all,All,97,1
2018,26,049,all,All,76,1
2018,26,051,all,All,92,1
2018,26,053,all,All,95,1
2018,26,055,all,All,88,1
2018,26,057,all,All,87,1
2018,26,059,all,All,76,1
2018,26,061,all,All,98,1
2018,26,063,all,All,98,1
2018,26,065,all,All,76,1
2018,26,067,all,All,75,1
2018,26,069,all,All,92,1
2018,26,071,all,All,95,1
2018,26,073,all,All,82,1
2018,26,075,all,All,75,1
2018,26,077,all,All,75,1
2018,26,079,all,All,95,1
2018,26,081,all,All,66,1
2018,26,083,all,All,98,1
2018,26,085,all,All,85,1
2018,26,087,all,All,79,1
2018,26,089,all,All,97,1
2018,26,091,all,All,76,1
2018,26,093,all,All,72,1
2018,26,095,all,All,98,1
2018,26,097,all,All,98,1
2018,26,099,all,All,57,1
2018,26,101,all,All,97,1
2018,26,103,all,All,97,1
2018,26,105,all,All,96,1
2018,26,107,all,All,83,1
2018,26,109,all,All,83,1
2018,26,111,all,All,70,1
2018,26,113,all,All,95,1
2018,26,115,all,All,74,1
2018,26,117,all,All,84,1
2018,26,119,all,All,81,1
2018,26,121,all,All,77,1
2018,26,123,all,All,76,1
2018,26,125,all,All,66,1
2018,26,127,all,All,87,1
2018,26,129,all,All,91,1
2018,26,131,all,All,97,1
2018,26,133,all,All,95,1
2018,26,135,all,All,92,1
2018,26,137,all,All,76,1
2018,26,139,all,All,74,1
2018,26,141,all,All,97,1
2018,26,143,all,All,95,1
2018,26,145,all,All,77,1
2018,26,147,all,All,77,1
2018,26,149,all,All,76,1
2018,26,151,all,All,97,1
2018,26,153,all,All,98,1
2018,26,155,all,All,76,1
2018,26,157,all,All,94,1
2018,26,159,all,All,76,1
2018,26,161,all,All,75,1
2018,26,163,all,All,55,1
2018,26,165,all,All,90,1
2018,27,001,all,All,76,1
2018,27,003,all,All,29,1
2018,27,005,all,All,83,1
2018,27,007,all,All,63,1
2018,27,009,all,All,63,1
2018,27,011,all,All,95,1
2018,27,013,all,All,73,1
2018,27,015,all,All,81,1
2018,27,017,all,All,69,1
2018,27,019,all,All,60,1
2018,27,021,all,All,66,1
2018,27,023,all,All,79,1
2018,27,025,all,All,67,1
2018,27,027,all,All,61,1
2018,27,029,all,All,88,1
2018,27,031,all,All,98,1
2018,27,033,all,All,90,1
2018,27,035,all,All,49,1
2018,27,037,all,All,36,1
2018,27,039,all,All,68,1
2018,27,041,all,All,76,1
2018,27,043,all,All,75,1
2018,27,045,all,All,76,1
2018,27,047,all,All,76,1
2018,27,049,all,All,75,1
2018,27,051,all,All,76,1
2018,27,053,all,All,18,1
2018,27,055,all,All,76,1
2018,27,057,all,All,71,1
2018,27,059,all,All,68,1
2018,27,061,all,All,66,1
2018,27,063,all,All,59,1
2018,27,065,all,All,76,1
2018,27,067,all,All,77,1
2018,27,069,all,All,76,1
2018,27,071,all,All,64,1
2018,27,073,all,All,96,1
2018,27,075,all,All,75,1
2018,27,077,all,All,52,1
2018,27,079,all,All,75,1
2018,27,081,all,All,98,1
2018,27,083,all,All,89,1
2018,27,085,all,All,71,1
2018,27,087,all,All,84,1
2018,27,089,all,All,85,1
2018,27,091,all,All,75,1
2018,27,093,all,All,78,1
2018,27,095,all,All,70,1
2018,27,097,all,All,76,1
2018,27,099,all,All,75,1
2018,27,101,all,All,97,1
2018,27,103,all,All,72,1
2018,27,105,all,All,84,1
2018,27,107,all,All,76,1
2018,27,109,all,All,58,1
2018,27,111,all,All,79,1
2018,27,113,all,All,76,1
2018,27,115,all,All,76,1
2018,27,117,all,All,96,1
2018,27,119,all,All,72,1
2018,27,121,all,All,80,1
2018,27,123,all,All,7,1
2018,27,125,all,All,76,1
2018,27,127,all,All,88,1
2018,27,129,all,All,85,1
2018,27,131,all,All,75,1
2018,27,133,all,All,95,1
2018,27,135,all,All,49,1
2018,27,137,all,All,63,1
2018,27,139,all,All,55,1
2018,27,141,all,All,65,1
2018,27,143,all,All,76,1
2018,27,145,all,All,66,1
2018,27,147,all,All,76,1
2018,27,149,all,All,87,1
2018,27,151,all,All,75,1
2018,27,153,all,All,78,1
2018,27,155,all,All,95,1
2018,27,157,all,All,75,1
2018,27,159,all,All,76,1
2018,27,161,all,All,76,1
2018,27,163,all,All,35,1
2018,27,165,all,All,76,1
2018,27,167,all,All,76,1
2018,27,169,all,All,72,1
2018,27,171,all,All,64,1
2018,27,173,all,All,90,1
2018,28,001,all,All,26,1
2018,28,003,all,All,26,1
2018,28,005,all,All,26,1
2018,28,007,all,All,26,1
2018,28,009,all,All,35,1
2018,28,011,all,All,54,1
2018,28,013,all,All,25,1
2018,28,015,all,All,26,1
2018,28,017,all,All,26,1
2018,28,019,all,All,28,1
2018,28,021,all,All,26,1
2018,28,023,all,All,22,1
2018,28,025,all,All,19,1
2018,28,027,all,All,55,1
2018,28,029,all,All,25,1
2018,28,031,all,All,26,1
2018,28,033,all,All,31,1
2018,28,035,all,All,23,1
2018,28,037,all,All,26,1
2018,28,039,all,All,26,1
2018,28,041,all,All,26,1
2018,28,043,all,All,26,1
2018,28,045,all,All,51,1
2018,28,047,all,All,38,1
2018,28,049,all,All,21,1
2018,28,051,all,All,30,1
2018,28,053,all,All,42,1
2018,28,055,all,All,40,1
2018,28,057,all,All,26,1
2018,28,059,all,All,34,1
2018,28,061,all,All,26,1
2018,28,063,all,All,26,1
2018,28,065,all,All,26,1
2018,28,067,all,All,23,1
2018,28,069,all,All,26,1
2018,28,071,all,All,27,1
2018,28,073,all,All,27,1
2018,28,075,all,All,20,1
2018,28,077,all,All,26,1
2018,28,079,all,All,26,1
2018,28,081,all,All,22,1
2018,28,083,all,All,34,1
2018,28,085,all,All,24,1
2018,28,087,all,All,11,1
2018,28,089,all,All,25,1
2018,28,091,all,All,31,1
2018,28,093,all,All,39,1
2018,28,095,all,All,18,1
2018,28,097,all,All,26,1
2018,28,099,all,All,22,1
2018,28,101,all,All,26,1
2018,28,103,all,All,18,1
2018,28,105,all,All,26,1
2018,28,107,all,All,43,1
2018,28,109,all,All,35,1
2018,28,111,all,All,26,1
2018,28,113,all,All,25,1
2018,28,115,all,All,25,1
2018,28,117,all,All,26,1
2018,28,119,all,All,55,1
2018,28,121,all,All,25,1
2018,28,123,all,All,26,1
2018,28,125,all,All,40,1
2018,28,127,all,All,26,1
2018,28,129,all,All,26,1
2018,28,131,all,All,26,1
2018,28,133,all,All,49,1
2018,28,135,all,All,48,1
2018,28,137,all,All,43,1
2018,28,139,all,All,29,1
2018,28,141,all,All,26,1
2018,28,143,all,All,55,1
2018,28,145,all,All,26,1
2018,28,147,all,All,40,1
2018,28,149,all,All,26,1
2018,28,151,all,All,38,1
2018,28,153,all,All,29,1
2018,28,155,all,All,26,1
2018,28,157,all,All,26,1
2018,28,159,all,All,24,1
2018,28,161,all,All,26,1
2018,28,163,all,All,26,1
2018,29,001,all,All,76,1
2018,29,003,all,All,64,1
2018,29,005,all,All,76,1
2018,29,007,all,All,55,1
2018,29,009,all,All,44,1
2018,29,011,all,All,55,1
2018,29,013,all,All,55,1
2018,29,015,all,All,60,1
2018,29,017,all,All,40,1
2018,29,019,all,All,46,1
2018,29,021,all,All,55,1
2018,29,023,all,All,44,1
2018,29,025,all,All,60,1
2018,29,027,all,All,55,1
2018,29,029,all,All,39,1
2018,29,031,all,All,22,1
2018,29,033,all,All,65,1
2018,29,035,all,All,34,1
2018,29,037,all,All,59,1
2018,29,039,all,All,55,1
2018,29,041,all,All,61,1
2018,29,043,all,All,38,1
2018,29,045,all,All,76,1
2018,29,047,all,All,43,1
2018,29,049,all,All,55,1
2018,29,051,all,All,37,1
2018,29,053,all,All,55,1
2018,29,055,all,All,44,1
2018,29,057,all,All,62,1
2018,29,059,all,All,55,1
2018,29,061,all,All,76,1
2018,29,063,all,All,61,1
2018,29,065,all,All,55,1
2018,29,067,all,All,40,1
2018,29,069,all,All,54,1
2018,29,071,all,All,36,1
2018,29,073,all,All,55,1
2018,29,075,all,All,76,1
2018,29,077,all,All,31,1
2018,29,079,all,All,76,1
2018,29,081,all,All,93,1
2018,29,083,all,All,57,1
2018,29,085,all,All,55,1
2018,29,087,all,All,73,1
2018,29,089,all,All,62,1
2018,29,091,all,All,32,1
2018,29,093,all,All,55,1
2018,29,095,all,All,39,1
2018,29,097,all,All,39,1
2018,29,099,all,All,34,1
2018,29,101,all,All,55,1
2018,29,103,all,All,76,1
2018,29,105,all,All,43,1
2018,29,107,all,All,55,1
2018,29,109,all,All,45,1
2018,29,111,all,All,75,1
2018,29,113,all,All,52,1
2018,29,115,all,All,65,1
2018,29,117,all,All,65,1
2018,29,119,all,All,35,1
2018,29,121,all,All,65,1
2018,29,123,all,All,55,1
2018,29,125,all,All,55,1
2018,29,127,all,All,53,1
2018,29,129,all,All,83,1
2018,29,131,all,All,48,1
2018,29,133,all,All,55,1
2018,29,135,all,All,55,1
2018,29,137,all,All,60,1
2018,29,139,all,All,55,1
2018,29,141,all,All,55,1
2018,29,143,all,All,55,1
2018,29,145,all,All,47,1
2018,29,147,all,All,70,1
2018,29,149,all,All,33,1
2018,29,151,all,All,55,1
2018,29,153,all,All,31,1
2018,29,155,all,All,55,1
2018,29,157,all,All,40,1
2018,29,159,all,All,55,1
2018,29,161,all,All,42,1
2018,29,163,all,All,55,1
2018,29,165,all,All,48,1
2018,29,167,all,All,55,1
2018,29,169,all,All,37,1
2018,29,171,all,All,85,1
2018,29,173,all,All,55,1
2018,29,175,all,All,55,1
2018,29,177,all,All,55,1
2018,29,179,all,All,58,1
2018,29,181,all,All,38,1
2018,29,183,all,All,24,1
2018,29,185,all,All,55,1
2018,29,186,all,All,55,1
2018,29,187,all,All,47,1
2018,29,189,all,All,21,1
2018,29,195,all,All,49,1
2018,29,197,all,All,76,1
2018,29,199,all,All,76,1
2018,29,201,all,All,45,1
2018,29,203,all,All,73,1
2018,29,205,all,All,83,1
2018,29,207,all,All,51,1
2018,29,209,all,All,33,1
2018,29,211,all,All,79,1
2018,29,213,all,All,26,1
2018,29,215,all,All,61,1
2018,29,217,all,All,54,1
2018,29,219,all,All,52,1
2018,29,221,all,All,48,1
2018,29,223,all,All,52,1
2018,29,225,all,All,55,1
2018,29,227,all,All,93,1
2018,29,229,all,All,51,1
2018,29,510,all,All,19,1
2018,30,001,all,All,98,1
2018,30,003,all,All,98,1
2018,30,005,all,All,98,1
2018,30,007,all,All,98,1
2018,30,009,all,All,98,1
2018,30,011,all,All,98,1
2018,30,013,all,All,81,1
2018,30,015,all,All,98,1
2018,30,017,all,All,98,1
2018,30,019,all,All,98,1
2018,30,021,all,All,96,1
2018,30,023,all,All,98,1
2018,30,025,all,All,98,1
2018,30,027,all,All,98,1
2018,30,029,all,All,45,1
2018,30,031,all,All,94,1
2018,30,033,all,All,98,1
2018,30,035,all,All,97,1
2018,30,037,all,All,98,1
2018,30,039,all,All,97,1
2018,30,041,all,All,96,1
2018,30,043,all,All,97,1
2018,30,045,all,All,98,1
2018,30,047,all,All,80,1
2018,30,049,all,All,84,1
2018,30,051,all,All,97,1
2018,30,053,all,All,51,1
2018,30,055,all,All,98,1
2018,30,057,all,All,98,1
2018,30,059,all,All,98,1
2018,30,061,all,All,84,1
2018,30,063,all,All,62,1
2018,30,065,all,All,98,1
2018,30,067,all,All,98,1
2018,30,069,all,All,98,1
2018,30,071,all,All,98,1
2018,30,073,all,All,97,1
2018,30,075,all,All,98,1
2018,30,077,all,All,97,1
2018,30,079,all,All,98,1
2018,30,081,all,All,95,1
2018,30,083,all,All,82,1
2018,30,085,all,All,97,1
2018,30,087,all,All,98,1
2018,30,089,all,All,73,1
2018,30,091,all,All,98,1
2018,30,093,all,All,96,1
2018,30,095,all,All,98,1
2018,30,097,all,All,98,1
2018,30,099,all,All,97,1
2018,30,101,all,All,97,1
2018,30,103,all,All,98,1
2018,30,105,all,All,98,1
2018,30,107,all,All,98,1
2018,30,109,all,All,98,1
2018,30,111,all,All,81,1
2018,31,001,all,All,65,1
2018,31,003,all,All,98,1
2018,31,005,all,All,98,1
2018,31,007,all,All,98,1
2018,31,009,all,All,98,1
2018,31,011,all,All,97,1
2018,31,013,all,All,98,1
2018,31,015,all,All,98,1
2018,31,017,all,All,98,1
2018,31,019,all,All,77,1
2018,31,021,all,All,81,1
2018,31,023,all,All,76,1
2018,31,025,all,All,79,1
2018,31,027,all,All,97,1
2018,31,029,all,All,98,1
2018,31,031,all,All,98,1
2018,31,033,all,All,98,1
2018,31,035,all,All,84,1
2018,31,037,all,All,80,1
2018,31,039,all,All,95,1
2018,31,041,all,All,98,1
2018,31,043,all,All,76,1
2018,31,045,all,All,96,1
2018,31,047,all,All,87,1
2018,31,049,all,All,98,1
2018,31,051,all,All,95,1
2018,31,053,all,All,76,1
2018,31,055,all,All,56,1
2018,31,057,all,All,98,1
2018,31,059,all,All,93,1
2018,31,061,all,All,97,1
2018,31,063,all,All,98,1
2018,31,065,all,All,97,1
2018,31,067,all,All,68,1
2018,31,069,all,All,98,1
2018,31,071,all,All,98,1
2018,31,073,all,All,97,1
2018,31,075,all,All,98,1
2018,31,077,all,All,98,1
2018,31,079,all,All,79,1
2018,31,081,all,All,86,1
2018,31,083,all,All,97,1
2018,31,085,all,All,98,1
2018,31,087,all,All,98,1
2018,31,089,all,All,98,1
2018,31,091,all,All,98,1
2018,31,093,all,All,97,1
2018,31,095,all,All,89,1
2018,31,097,all,All,82,1
2018,31,099,all,All,97,1
2018,31,101,all,All,97,1
2018,31,103,all,All,98,1
2018,31,105,all,All,98,1
2018,31,107,all,All,98,1
2018,31,109,all,All,58,1
2018,31,111,all,All,96,1
2018,31,113,all,All,98,1
2018,31,115,all,All,98,1
2018,31,117,all,All,98,1
2018,31,119,all,All,87,1
2018,31,121,all,All,87,1
2018,31,123,all,All,98,1
2018,31,125,all,All,97,1
2018,31,127,all,All,85,1
2018,31,129,all,All,95,1
2018,31,131,all,All,64,1
2018,31,133,all,All,93,1
2018,31,135,all,All,98,1
2018,31,137,all,All,96,1
2018,31,139,all,All,96,1
2018,31,141,all,All,46,1
2018,31,143,all,All,93,1
2018,31,145,all,All,97,1
2018,31,147,all,All,84,1
2018,31,149,all,All,98,1
2018,31,151,all,All,84,1
2018,31,153,all,All,62,1
2018,31,155,all,All,76,1
2018,31,157,all,All,92,1
2018,31,159,all,All,66,1
2018,31,161,all,All,98,1
2018,31,163,all,All,97,1
2018,31,165,all,All,98,1
2018,31,167,all,All,95,1
2018,31,169,all,All,93,1
2018,31,171,all,All,98,1
2018,31,173,all,All,76,1
2018,31,175,all,All,98,1
2018,31,177,all,All,71,1
2018,31,179,all,All,95,1
2018,31,181,all,All,97,1
2018,31,183,all,All,98,1
2018,31,185,all,All,93,1
2018,32,001,all,All,82,1
2018,32,003,all,All,40,1
2018,32,005,all,All,86,1
2018,32,007,all,All,98,1
2018,32,009,all,All,98,1
2018,32,011,all,All,98,1
2018,32,013,all,All,98,1
2018,32,015,all,All,98,1
2018,32,017,all,All,99,1
2018,32,019,all,All,87,1
2018,32,021,all,All,98,1
2018,32,023,all,All,97,1
2018,32,027,all,All,95,1
2018,32,029,all,All,76,1
2018,32,031,all,All,24,1
2018,32,033,all,All,100,1
2018,32,510,all,All,85,1
2018,33,001,all,All,83,1
2018,33,003,all,All,80,1
2018,33,005,all,All,77,1
2018,33,007,all,All,96,1
2018,33,009,all,All,81,1
2018,33,011,all,All,64,1
2018,33,013,all,All,81,1
2018,33,015,all,All,72,1
2018,33,017,all,All,76,1
2018,33,019,all,All,82,1
2018,34,001,all,All,75,1
2018,34,003,all,All,24,1
2018,34,005,all,All,44,1
2018,34,007,all,All,30,1
2018,34,009,all,All,79,1
2018,34,011,all,All,77,1
2018,34,013,all,All,17,1
2018,34,015,all,All,36,1
2018,34,017,all,All,10,1
2018,34,019,all,All,57,1
2018,34,021,all,All,50,1
2018,34,023,all,All,36,1
2018,34,025,all,All,54,1
2018,34,027,all,All,56,1
2018,34,029,all,All,65,1
2018,34,031,all,All,27,1
2018,34,033,all,All,49,1
2018,34,035,all,All,48,1
2018,34,037,all,All,75,1
2018,34,039,all,All,18,1
2018,34,041,all,All,61,1
2018,35,001,all,All,58,1
2018,35,003,all,All,98,1
2018,35,005,all,All,76,1
2018,35,006,all,All,98,1
2018,35,007,all,All,98,1
2018,35,009,all,All,96,1
2018,35,011,all,All,98,1
2018,35,013,all,All,68,1
2018,35,015,all,All,86,1
2018,35,017,all,All,98,1
2018,35,019,all,All,98,1
2018,35,021,all,All,98,1
2018,35,023,all,All,97,1
2018,35,025,all,All,88,1
2018,35,027,all,All,98,1
2018,35,028,all,All,98,1
2018,35,029,all,All,90,1
2018,35,031,all,All,98,1
2018,35,033,all,All,100,1
2018,35,035,all,All,94,1
2018,35,037,all,All,98,1
2018,35,039,all,All,97,1
2018,35,041,all,All,98,1
2018,35,043,all,All,76,1
2018,35,045,all,All,63,1
2018,35,047,all,All,98,1
2018,35,049,all,All,87,1
2018,35,051,all,All,98,1
2018,35,053,all,All,98,1
2018,35,055,all,All,98,1
2018,35,057,all,All,98,1
2018,35,059,all,All,98,1
2018,35,061,all,All,87,1
2018,36,001,all,All,64,1
2018,36,003,all,All,96,1
2018,36,005,all,All,9,1
2018,36,007,all,All,76,1
2018,36,009,all,All,85,1
2018,36,011,all,All,79,1
2018,36,013,all,All,82,1
2018,36,015,all,All,76,1
2018,36,017,all,All,85,1
2018,36,019,all,All,85,1
2018,36,021,all,All,79,1
2018,36,023,all,All,86,1
2018,36,025,all,All,92,1
2018,36,027,all,All,78,1
2018,36,029,all,All,73,1
2018,36,031,all,All,89,1
2018,36,033,all,All,89,1
2018,36,035,all,All,80,1
2018,36,037,all,All,82,1
2018,36,039,all,All,85,1
2018,36,041,all,All,98,1
2018,36,043,all,All,84,1
2018,36,045,all,All,94,1
2018,36,047,all,All,9,1
2018,36,049,all,All,97,1
2018,36,051,all,All,89,1
2018,36,053,all,All,96,2
2018,36,055,all,All,78,1
2018,36,057,all,All,79,1
2018,36,059,all,All,48,1
2018,36,061,all,All,6,1
2018,36,063,all,All,76,1
2018,36,065,all,All,80,2
2018,36,067,all,All,73,1
2018,36,069,all,All,84,1
2018,36,071,all,All,68,1
2018,36,073,all,All,82,1
2018,36,075,all,All,80,1
2018,36,077,all,All,90,1
2018,36,079,all,All,83,1
2018,36,081,all,All,14,1
2018,36,083,all,All,80,1
2018,36,085,all,All,24,1
2018,36,087,all,All,54,1
2018,36,089,all,All,92,1
2018,36,091,all,All,78,1
2018,36,093,all,All,76,1
2018,36,095,all,All,96,1
2018,36,097,all,All,79,1
2018,36,099,all,All,78,1
2018,36,101,all,All,87,1
2018,36,103,all,All,70,1
2018,36,105,all,All,79,1
2018,36,107,all,All,76,1
2018,36,109,all,All,81,1
2018,36,111,all,All,83,1
2018,36,113,all,All,80,1
2018,36,115,all,All,71,1
2018,36,117,all,All,80,1
2018,36,119,all,All,38,1
2018,36,121,all,All,95,1
2018,36,123,all,All,83,1
2018,37,001,all,All,43,1
2018,37,003,all,All,40,1
2018,37,005,all,All,93,1
2018,37,007,all,All,33,1
2018,37,009,all,All,86,1
2018,37,011,all,All,81,1
2018,37,013,all,All,65,1
2018,37,015,all,All,61,1
2018,37,017,all,All,59,1
2018,37,019,all,All,61,1
2018,37,021,all,All,62,1
2018,37,023,all,All,42,1
2018,37,025,all,All,26,1
2018,37,027,all,All,40,1
2018,37,029,all,All,76,1
2018,37,031,all,All,88,1
2018,37,033,all,All,52,1
2018,37,035,all,All,19,1
2018,37,037,all,All,41,1
2018,37,039,all,All,62,1
2018,37,041,all,All,76,1
2018,37,043,all,All,65,1
2018,37,045,all,All,38,1
2018,37,047,all,All,57,1
2018,37,049,all,All,60,1
2018,37,051,all,All,45,1
2018,37,053,all,All,76,1
2018,37,055,all,All,82,1
2018,37,057,all,All,35,1
2018,37,059,all,All,52,1
2018,37,061,all,All,57,1
2018,37,063,all,All,30,1
2018,37,065,all,All,55,1
2018,37,067,all,All,36,1
2018,37,069,all,All,55,1
2018,37,071,all,All,22,1
2018,37,073,all,All,75,1
2018,37,075,all,All,88,1
2018,37,077,all,All,49,1
2018,37,079,all,All,55,1
2018,37,081,all,All,31,1
2018,37,083,all,All,51,1
2018,37,085,all,All,52,1
2018,37,087,all,All,73,1
2018,37,089,all,All,56,1
2018,37,091,all,All,55,1
2018,37,093,all,All,53,1
2018,37,095,all,All,76,1
2018,37,097,all,All,27,1
2018,37,099,all,All,78,1
2018,37,101,all,All,54,1
2018,37,103,all,All,67,1
2018,37,105,all,All,29,1
2018,37,107,all,All,55,1
2018,37,109,all,All,26,1
2018,37,111,all,All,57,1
2018,37,113,all,All,65,1
2018,37,115,all,All,78,1
2018,37,117,all,All,63,1
2018,37,119,all,All,19,1
2018,37,121,all,All,79,1
2018,37,123,all,All,31,1
2018,37,125,all,All,40,1
2018,37,127,all,All,55,1
2018,37,129,all,All,39,1
2018,37,131,all,All,56,1
2018,37,133,all,All,58,1
2018,37,135,all,All,36,1
2018,37,137,all,All,88,1
2018,37,139,all,All,70,1
2018,37,141,all,All,56,1
2018,37,143,all,All,76,1
2018,37,145,all,All,50,1
2018,37,147,all,All,56,1
2018,37,149,all,All,52,1
2018,37,151,all,All,35,1
2018,37,153,all,All,34,1
2018,37,155,all,All,54,1
2018,37,157,all,All,46,1
2018,37,159,all,All,35,1
2018,37,161,all,All,45,1
2018,37,163,all,All,57,1
2018,37,165,all,All,37,1
2018,37,167,all,All,34,1
2018,37,169,all,All,55,1
2018,37,171,all,All,57,1
2018,37,173,all,All,67,1
2018,37,175,all,All,76,1
2018,37,177,all,All,93,1
2018,37,179,all,All,27,1
2018,37,181,all,All,55,1
2018,37,183,all,All,40,1
2018,37,185,all,All,55,1
2018,37,187,all,All,68,1
2018,37,189,all,All,76,1
2018,37,191,all,All,55,1
2018,37,193,all,All,59,1
2018,37,195,all,All,55,1
2018,37,197,all,All,55,1
2018,37,199,all,All,91,1
2018,38,001,all,All,98,1
2018,38,003,all,All,85,1
2018,38,005,all,All,98,1
2018,38,007,all,All,98,1
2018,38,009,all,All,89,1
2018,38,011,all,All,98,1
2018,38,013,all,All,97,1
2018,38,015,all,All,76,1
2018,38,017,all,All,61,1
2018,38,019,all,All,98,1
2018,38,021,all,All,98,1
2018,38,023,all,All,97,1
2018,38,025,all,All,97,1
2018,38,027,all,All,98,1
2018,38,029,all,All,98,1
2018,38,031,all,All,98,1
2018,38,033,all,All,98,1
2018,38,035,all,All,75,1
2018,38,037,all,All,98,1
2018,38,039,all,All,98,1
2018,38,041,all,All,98,1
2018,38,043,all,All,98,1
2018,38,045,all,All,98,1
2018,38,047,all,All,98,1
2018,38,049,all,All,96,1
2018,38,051,all,All,98,1
2018,38,053,all,All,70,1
2018,38,055,all,All,96,1
2018,38,057,all,All,98,1
2018,38,059,all,All,80,1
2018,38,061,all,All,69,1
2018,38,063,all,All,97,1
2018,38,065,all,All,98,1
2018,38,067,all,All,89,1
2018,38,069,all,All,95,1
2018,38,071,all,All,81,1
2018,38,073,all,All,96,1
2018,38,075,all,All,97,1
2018,38,077,all,All,84,1
2018,38,079,all,All,95,1
2018,38,081,all,All,98,1
2018,38,083,all,All,98,1
2018,38,085,all,All,98,1
2018,38,087,all,All,98,1
2018,38,089,all,All,92,1
2018,38,091,all,All,98,1
2018,38,093,all,All,89,1
2018,38,095,all,All,98,1
2018,38,097,all,All,90,1
2018,38,099,all,All,89,1
2018,38,101,all,All,79,1
2018,38,103,all,All,88,1
2018,38,105,all,All,75,1
2018,39,001,all,All,70,1
2018,39,003,all,All,62,1
2018,39,005,all,All,76,1
2018,39,007,all,All,73,1
2018,39,009,all,All,52,1
2018,39,011,all,All,76,1
2018,39,013,all,All,60,1
2018,39,015,all,All,68,1
2018,39,017,all,All,47,1
2018,39,019,all,All,76,1
2018,39,021,all,All,76,1
2018,39,023,all,All,67,1
2018,39,025,all,All,55,1
2018,39,027,all,All,76,1
2018,39,029,all,All,71,1
2018,39,031,all,All,74,1
2018,39,033,all,All,76,1
2018,39,035,all,All,58,1
2018,39,037,all,All,76,1
2018,39,039,all,All,76,1
2018,39,041,all,All,58,1
2018,39,043,all,All,75,1
2018,39,045,all,All,59,1
2018,39,047,all,All,76,1
2018,39,049,all,All,53,1
2018,39,051,all,All,76,1
2018,39,053,all,All,50,1
2018,39,055,all,All,76,1
2018,39,057,all,All,59,1
2018,39,059,all,All,60,1
2018,39,061,all,All,38,1
2018,39,063,all,All,75,1
2018,39,065,all,All,76,1
2018,39,067,all,All,76,1
2018,39,069,all,All,76,1
2018,39,071,all,All,74,1
2018,39,073,all,All,64,1
2018,39,075,all,All,75,1
2018,39,077,all,All,76,1
2018,39,079,all,All,54,1
2018,39,081,all,All,54,1
2018,39,083,all,All,75,1
2018,39,085,all,All,69,1
2018,39,087,all,All,32,1
2018,39,089,all,All,64,1
2018,39,091,all,All,76,1
2018,39,093,all,All,72,1
2018,39,095,all,All,66,1
2018,39,097,all,All,76,1
2018,39,099,all,All,57,1
2018,39,101,all,All,76,1
2018,39,103,all,All,75,1
2018,39,105,all,All,49,1
2018,39,107,all,All,76,1
2018,39,109,all,All,69,1
2018,39,111,all,All,65,1
2018,39,113,all,All,51,1
2018,39,115,all,All,52,1
2018,39,117,all,All,76,1
2018,39,119,all,All,63,1
2018,39,121,all,All,56,1
2018,39,123,all,All,76,1
2018,39,125,all,All,76,1
2018,39,127,all,All,69,1
2018,39,129,all,All,70,1
2018,39,131,all,All,60,1
2018,39,133,all,All,66,1
2018,39,135,all,All,76,1
2018,39,137,all,All,76,1
2018,39,139,all,All,76,1
2018,39,141,all,All,54,1
2018,39,143,all,All,75,1
2018,39,145,all,All,53,1
2018,39,147,all,All,67,1
2018,39,149,all,All,76,1
2018,39,151,all,All,60,1
2018,39,153,all,All,54,1
2018,39,155,all,All,64,1
2018,39,157,all,All,69,1
2018,39,159,all,All,76,1
2018,39,161,all,All,76,1
2018,39,163,all,All,55,1
2018,39,165,all,All,53,1
2018,39,167,all,All,28,1
2018,39,169,all,All,75,1
2018,39,171,all,All,76,1
2018,39,173,all,All,72,1
2018,39,175,all,All,76,1
2018,40,001,all,All,31,1
2018,40,003,all,All,53,1
2018,40,005,all,All,68,1
2018,40,007,all,All,97,1
2018,40,009,all,All,82,1
2018,40,011,all,All,63,1
2018,40,013,all,All,58,1
2018,40,015,all,All,71,1
2018,40,017,all,All,55,1
2018,40,019,all,All,49,1
2018,40,021,all,All,30,1
2018,40,023,all,All,50,1
2018,40,025,all,All,98,1
2018,40,027,all,All,49,1
2018,40,029,all,All,61,1
2018,40,031,all,All,63,1
2018,40,033,all,All,93,1
2018,40,035,all,All,59,1
2018,40,037,all,All,39,1
2018,40,039,all,All,74,1
2018,40,041,all,All,46,1
2018,40,043,all,All,73,1
2018,40,045,all,All,93,1
2018,40,047,all,All,53,1
2018,40,049,all,All,52,1
2018,40,051,all,All,54,1
2018,40,053,all,All,73,1
2018,40,055,all,All,93,1
2018,40,057,all,All,93,1
2018,40,059,all,All,93,1
2018,40,061,all,All,31,1
2018,40,063,all,All,51,1
2018,40,065,all,All,79,1
2018,40,067,all,All,87,1
2018,40,069,all,All,55,1
2018,40,071,all,All,45,1
2018,40,073,all,All,48,1
2018,40,075,all,All,93,1
2018,40,077,all,All,33,1
2018,40,079,all,All,26,1
2018,40,081,all,All,59,1
2018,40,083,all,All,58,1
2018,40,085,all,All,55,1
2018,40,087,all,All,55,1
2018,40,089,all,All,26,1
2018,40,091,all,All,46,1
2018,40,093,all,All,73,1
2018,40,095,all,All,55,1
2018,40,097,all,All,37,1
2018,40,099,all,All,55,1
2018,40,101,all,All,36,1
2018,40,103,all,All,55,1
2018,40,105,all,All,52,1
2018,40,107,all,All,57,1
2018,40,109,all,All,38,1
2018,40,111,all,All,47,1
2018,40,113,all,All,35,1
2018,40,115,all,All,55,1
2018,40,117,all,All,53,1
2018,40,119,all,All,55,1
2018,40,121,all,All,29,1
2018,40,123,all,All,56,1
2018,40,125,all,All,57,1
2018,40,127,all,All,31,1
2018,40,129,all,All,93,1
2018,40,131,all,All,38,1
2018,40,133,all,All,56,1
2018,40,135,all,All,26,1
2018,40,137,all,All,60,1
2018,40,139,all,All,97,1
2018,40,141,all,All,93,1
2018,40,143,all,All,23,1
2018,40,145,all,All,42,1
2018,40,147,all,All,45,1
2018,40,149,all,All,81,1
2018,40,151,all,All,53,1
2018,40,153,all,All,88,1
2018,41,001,all,All,97,1
2018,41,003,all,All,45,1
2018,41,005,all,All,21,1
2018,41,007,all,All,79,1
2018,41,009,all,All,58,1
2018,41,011,all,All,39,1
2018,41,013,all,All,86,1
2018,41,015,all,All,30,1
2018,41,017,all,All,60,1
2018,41,019,all,All,38,1
2018,41,021,all,All,93,1
2018,41,023,all,All,97,1
2018,41,025,all,All,97,1
2018,41,027,all,All,62,1
2018,41,029,all,All,15,1
2018,41,031,all,All,80,1
2018,41,033,all,All,10,1
2018,41,035,all,All,40,1
2018,41,037,all,All,94,1
2018,41,039,all,All,22,1
2018,41,041,all,All,83,1
2018,41,043,all,All,27,1
2018,41,045,all,All,74,1
2018,41,047,all,All,23,1
2018,41,049,all,All,66,1
2018,41,051,all,All,12,1
2018,41,053,all,All,37,1
2018,41,055,all,All,93,1
2018,41,057,all,All,72,1
2018,41,059,all,All,68,1
2018,41,061,all,All,83,1
2018,41,063,all,All,98,1
2018,41,065,all,All,63,1
2018,41,067,all,All,22,1
2018,41,069,all,All,97,1
2018,41,071,all,All,40,1
2018,42,001,all,All,74,1
2018,42,003,all,All,30,1
2018,42,005,all,All,60,1
2018,42,007,all,All,49,1
2018,42,009,all,All,76,1
2018,42,011,all,All,45,1
2018,42,013,all,All,75,1
2018,42,015,all,All,75,1
2018,42,017,all,All,43,1
2018,42,019,all,All,58,1
2018,42,021,all,All,76,1
2018,42,023,all,All,76,1
2018,42,025,all,All,76,1
2018,42,027,all,All,76,1
2018,42,029,all,All,52,1
2018,42,031,all,All,76,1
2018,42,033,all,All,76,1
2018,42,035,all,All,75,1
2018,42,037,all,All,76,1
2018,42,039,all,All,76,1
2018,42,041,all,All,54,1
2018,42,043,all,All,55,1
2018,42,045,all,All,19,1
2018,42,047,all,All,76,1
2018,42,049,all,All,72,1
2018,42,051,all,All,57,1
2018,42,053,all,All,76,1
2018,42,055,all,All,65,1
2018,42,057,all,All,75,1
2018,42,059,all,All,33,1
2018,42,061,all,All,76,1
2018,42,063,all,All,74,1
2018,42,065,all,All,76,1
2018,42,067,all,All,76,1
2018,42,069,all,All,75,1
2018,42,071,all,All,53,1
2018,42,073,all,All,59,1
2018,42,075,all,All,58,1
2018,42,077,all,All,41,1
2018,42,079,all,All,73,1
2018,42,081,all,All,73,1
2018,42,083,all,All,77,1
2018,42,085,all,All,65,1
2018,42,087,all,All,74,1
2018,42,089,all,All,71,1
2018,42,091,all,All,36,1
2018,42,093,all,All,76,1
2018,42,095,all,All,37,1
2018,42,097,all,All,73,1
2018,42,099,all,All,74,1
2018,42,101,all,All,12,1
2018,42,103,all,All,76,1
2018,42,105,all,All,88,1
2018,42,107,all,All,77,1
2018,42,109,all,All,73,1
2018,42,111,all,All,76,1
2018,42,113,all,All,76,1
2018,42,115,all,All,64,1
2018,42,117,all,All,78,1
2018,42,119,all,All,74,1
2018,42,121,all,All,75,1
2018,42,123,all,All,70,1
2018,42,125,all,All,31,1
2018,42,127,all,All,76,1
2018,42,129,all,All,39,1
2018,42,131,all,All,66,1
2018,42,133,all,All,60,1
2018,44,001,all,All,76,1
2018,44,003,all,All,74,1
2018,44,005,all,All,85,1
2018,44,007,all,All,58,1
2018,44,009,all,All,79,1
2018,45,001,all,All,26,1
2018,45,003,all,All,28,1
2018,45,005,all,All,23,1
2018,45,007,all,All,22,1
2018,45,009,all,All,26,1
2018,45,011,all,All,30,1
2018,45,013,all,All,48,1
2018,45,015,all,All,21,1
2018,45,017,all,All,32,1
2018,45,019,all,All,32,1
2018,45,021,all,All,28,1
2018,45,023,all,All,22,1
2018,45,025,all,All,38,1
2018,45,027,all,All,41,1
2018,45,029,all,All,28,1
2018,45,031,all,All,42,1
2018,45,033,all,All,55,1
2018,45,035,all,All,21,1
2018,45,037,all,All,29,1
2018,45,039,all,All,26,1
2018,45,041,all,All,31,1
2018,45,043,all,All,46,1
2018,45,045,all,All,23,1
2018,45,047,all,All,26,1
2018,45,049,all,All,26,1
2018,45,051,all,All,56,1
2018,45,053,all,All,26,1
2018,45,055,all,All,29,1
2018,45,057,all,All,26,1
2018,45,059,all,All,26,1
2018,45,061,all,All,39,1
2018,45,063,all,All,26,1
2018,45,065,all,All,26,1
2018,45,067,all,All,55,1
2018,45,069,all,All,44,1
2018,45,071,all,All,26,1
2018,45,073,all,All,32,1
2018,45,075,all,All,33,1
2018,45,077,all,All,28,1
2018,45,079,all,All,22,1
2018,45,081,all,All,26,1
2018,45,083,all,All,24,1
2018,45,085,all,All,26,1
2018,45,087,all,All,25,1
2018,45,089,all,All,44,1
2018,45,091,all,All,12,1
2018,46,003,all,All,98,1
2018,46,005,all,All,96,1
2018,46,007,all,All,98,1
2018,46,009,all,All,98,1
2018,46,011,all,All,82,1
2018,46,013,all,All,83,1
2018,46,015,all,All,98,1
2018,46,017,all,All,98,1
2018,46,019,all,All,98,1
2018,46,021,all,All,98,1
2018,46,023,all,All,98,1
2018,46,025,all,All,98,1
2018,46,027,all,All,87,1
2018,46,029,all,All,92,1
2018,46,031,all,All,98,1
2018,46,033,all,All,97,1
2018,46,035,all,All,84,1
2018,46,037,all,All,98,1
2018,46,039,all,All,98,1
2018,46,041,all,All,98,1
2018,46,043,all,All,98,1
2018,46,045,all,All,98,1
2018,46,047,all,All,97,1
2018,46,049,all,All,98,1
2018,46,051,all,All,98,1
2018,46,053,all,All,98,1
2018,46,055,all,All,98,1
2018,46,057,all,All,98,1
2018,46,059,all,All,98,1
2018,46,061,all,All,98,1
2018,46,063,all,All,98,1
2018,46,065,all,All,98,1
2018,46,067,all,All,98,1
2018,46,069,all,All,98,1
2018,46,071,all,All,98,1
2018,46,073,all,All,98,1
2018,46,075,all,All,98,1
2018,46,077,all,All,98,1
2018,46,079,all,All,98,1
2018,46,081,all,All,97,1
2018,46,083,all,All,77,1
2018,46,085,all,All,98,1
2018,46,087,all,All,98,1
2018,46,089,all,All,98,1
2018,46,091,all,All,98,1
2018,46,093,all,All,91,1
2018,46,095,all,All,98,1
2018,46,097,all,All,98,1
2018,46,099,all,All,70,1
2018,46,101,all,All,97,1
2018,46,102,all,All,98,1
2018,46,103,all,All,63,1
2018,46,105,all,All,98,1
2018,46,107,all,All,98,1
2018,46,109,all,All,98,1
2018,46,111,all,All,98,1
2018,46,115,all,All,98,1
2018,46,117,all,All,98,1
2018,46,119,all,All,98,1
2018,46,121,all,All,98,1
2018,46,123,all,All,98,1
2018,46,125,all,All,97,1
2018,46,127,all,All,81,1
2018,46,129,all,All,98,1
2018,46,135,all,All,83,1
2018,46,137,all,All,98,1
2018,47,001,all,All,33,1
2018,47,003,all,All,49,1
2018,47,005,all,All,40,1
2018,47,007,all,All,55,1
2018,47,009,all,All,30,1
2018,47,011,all,All,10,1
2018,47,013,all,All,48,1
2018,47,015,all,All,55,1
2018,47,017,all,All,52,1
2018,47,019,all,All,71,1
2018,47,021,all,All,44,1
2018,47,023,all,All,40,1
2018,47,025,all,All,30,1
2018,47,027,all,All,55,1
2018,47,029,all,All,56,1
2018,47,031,all,All,47,1
2018,47,033,all,All,55,1
2018,47,035,all,All,55,1
2018,47,037,all,All,24,1
2018,47,039,all,All,40,1
2018,47,041,all,All,55,1
2018,47,043,all,All,42,1
2018,47,045,all,All,55,1
2018,47,047,all,All,47,1
2018,47,049,all,All,55,1
2018,47,051,all,All,44,1
2018,47,053,all,All,55,1
2018,47,055,all,All,41,1
2018,47,057,all,All,39,1
2018,47,059,all,All,57,1
2018,47,061,all,All,55,1
2018,47,063,all,All,39,1
2018,47,065,all,All,21,1
2018,47,067,all,All,55,1
2018,47,069,all,All,44,1
2018,47,071,all,All,28,1
2018,47,073,all,All,51,1
2018,47,075,all,All,49,1
2018,47,077,all,All,38,1
2018,47,079,all,All,55,1
2018,47,081,all,All,37,1
2018,47,083,all,All,40,1
2018,47,085,all,All,36,1
2018,47,087,all,All,55,1
2018,47,089,all,All,40,1
2018,47,091,all,All,76,1
2018,47,093,all,All,21,1
2018,47,095,all,All,55,1
2018,47,097,all,All,54,1
2018,47,099,all,All,44,1
2018,47,101,all,All,55,1
2018,47,103,all,All,43,1
2018,47,105,all,All,19,1
2018,47,107,all,All,29,1
2018,47,109,all,All,37,1
2018,47,111,all,All,55,1
2018,47,113,all,All,39,1
2018,47,115,all,All,35,1
2018,47,117,all,All,48,1
2018,47,119,all,All,41,1
2018,47,121,all,All,26,1
2018,47,123,all,All,29,1
2018,47,125,all,All,36,1
2018,47,127,all,All,55,1
2018,47,129,all,All,49,1
2018,47,131,all,All,55,1
2018,47,133,all,All,55,1
2018,47,135,all,All,40,1
2018,47,137,all,All,55,1
2018,47,139,all,All,44,1
2018,47,141,all,All,54,1
2018,47,143,all,All,40,1
2018,47,145,all,All,26,1
2018,47,147,all,All,52,1
2018,47,149,all,All,30,1
2018,47,151,all,All,55,1
2018,47,153,all,All,55,1
2018,47,155,all,All,40,1
2018,47,157,all,All,21,1
2018,47,159,all,All,55,1
2018,47,161,all,All,45,1
2018,47,163,all,All,39,1
2018,47,165,all,All,34,1
2018,47,167,all,All,44,1
2018,47,169,all,All,55,1
2018,47,171,all,All,76,1
2018,47,173,all,All,39,1
2018,47,175,all,All,55,1
2018,47,177,all,All,53,1
2018,47,179,all,All,55,1
2018,47,181,all,All,40,1
2018,47,183,all,All,54,1
2018,47,185,all,All,55,1
2018,47,187,all,All,35,1
2018,47,189,all,All,36,1
2018,48,001,all,All,51,1
2018,48,003,all,All,85,1
2018,48,005,all,All,26,1
2018,48,007,all,All,91,1
2018,48,009,all,All,93,1
2018,48,011,all,All,97,1
2018,48,013,all,All,84,1
2018,48,015,all,All,76,1
2018,48,017,all,All,97,1
2018,48,019,all,All,83,1
2018,48,021,all,All,79,1
2018,48,023,all,All,93,1
2018,48,025,all,All,80,1
2018,48,027,all,All,69,1
2018,48,029,all,All,67,1
2018,48,031,all,All,84,1
2018,48,033,all,All,93,1
2018,48,035,all,All,82,1
2018,48,037,all,All,23,1
2018,48,039,all,All,31,1
2018,48,041,all,All,62,1
2018,48,043,all,All,98,1
2018,48,045,all,All,97,1
2018,48,047,all,All,93,1
2018,48,049,all,All,81,1
2018,48,051,all,All,80,1
2018,48,053,all,All,79,1
2018,48,055,all,All,82,1
2018,48,057,all,All,72,1
2018,48,059,all,All,93,1
2018,48,061,all,All,84,1
2018,48,063,all,All,42,1
2018,48,065,all,All,97,1
2018,48,067,all,All,26,1
2018,48,069,all,All,97,1
2018,48,071,all,All,37,1
2018,48,073,all,All,43,1
2018,48,075,all,All,93,1
2018,48,077,all,All,93,1
2018,48,079,all,All,97,1
2018,48,081,all,All,93,1
2018,48,083,all,All,93,1
2018,48,085,all,All,48,1
2018,48,087,all,All,93,1
2018,48,089,all,All,82,1
2018,48,091,all,All,76,1
2018,48,093,all,All,93,1
2018,48,095,all,All,93,1
2018,48,097,all,All,57,1
2018,48,099,all,All,85,1
2018,48,101,all,All,93,1
2018,48,103,all,All,93,1
2018,48,105,all,All,93,1
2018,48,107,all,All,94,1
2018,48,109,all,All,98,1
2018,48,111,all,All,98,1
2018,48,113,all,All,42,1
2018,48,115,all,All,93,1
2018,48,117,all,All,97,1
2018,48,119,all,All,63,1
2018,48,121,all,All,46,1
2018,48,123,all,All,63,1
2018,48,125,all,All,93,1
2018,48,127,all,All,79,1
2018,48,129,all,All,95,1
2018,48,131,all,All,81,1
2018,48,133,all,All,93,1
2018,48,135,all,All,86,1
2018,48,137,all,All,93,1
2018,48,139,all,All,55,1
2018,48,141,all,All,40,1
2018,48,143,all,All,81,1
2018,48,145,all,All,81,1
2018,48,147,all,All,55,1
2018,48,149,all,All,84,1
2018,48,151,all,All,93,1
2018,48,153,all,All,97,1
2018,48,155,all,All,93,1
2018,48,157,all,All,50,1
2018,48,159,all,All,55,1
2018,48,161,all,All,55,1
2018,48,163,all,All,87,1
2018,48,165,all,All,93,1
2018,48,167,all,All,20,1
2018,48,169,all,All,93,1
2018,48,171,all,All,89,1
2018,48,173,all,All,93,1
2018,48,175,all,All,76,1
2018,48,177,all,All,82,1
2018,48,179,all,All,95,1
2018,48,181,all,All,55,1
2018,48,183,all,All,11,1
2018,48,185,all,All,61,1
2018,48,187,all,All,77,1
2018,48,189,all,All,95,1
2018,48,191,all,All,93,1
2018,48,193,all,All,93,1
2018,48,195,all,All,97,1
2018,48,197,all,All,93,1
2018,48,199,all,All,20,1
2018,48,201,all,All,27,1
2018,48,203,all,All,14,1
2018,48,205,all,All,98,1
2018,48,207,all,All,93,1
2018,48,209,all,All,76,1
2018,48,211,all,All,93,1
2018,48,213,all,All,39,1
2018,48,215,all,All,81,1
2018,48,217,all,All,69,1
2018,48,219,all,All,89,1
2018,48,221,all,All,56,1
2018,48,223,all,All,56,1
2018,48,225,all,All,45,1
2018,48,227,all,All,76,1
2018,48,229,all,All,97,1
2018,48,231,all,All,56,1
2018,48,233,all,All,78,1
2018,48,235,all,All,93,1
2018,48,237,all,All,87,1
2018,48,239,all,All,76,1
2018,48,241,all,All,25,1
2018,48,243,all,All,98,1
2018,48,245,all,All,6,1
2018,48,247,all,All,93,1
2018,48,249,all,All,76,1
2018,48,251,all,All,60,1
2018,48,253,all,All,93,1
2018,48,255,all,All,60,1
2018,48,257,all,All,55,1
2018,48,259,all,All,79,1
2018,48,261,all,All,93,1
2018,48,263,all,All,93,1
2018,48,265,all,All,81,1
2018,48,267,all,All,93,1
2018,48,269,all,All,93,1
2018,48,271,all,All,93,1
2018,48,273,all,All,82,1
2018,48,275,all,All,93,1
2018,48,277,all,All,54,1
2018,48,279,all,All,97,1
2018,48,281,all,All,78,1
2018,48,283,all,All,93,1
2018,48,285,all,All,90,1
2018,48,287,all,All,84,1
2018,48,289,all,All,62,1
2018,48,291,all,All,37,1
2018,48,293,all,All,63,1
2018,48,295,all,All,95,1
2018,48,297,all,All,76,1
2018,48,299,all,All,87,1
2018,48,301,all,All,40,1
2018,48,303,all,All,86,1
2018,48,305,all,All,93,1
2018,48,307,all,All,93,1
2018,48,309,all,All,60,1
2018,48,311,all,All,76,1
2018,48,313,all,All,55,1
2018,48,315,all,All,28,1
2018,48,317,all,All,81,1
2018,48,319,all,All,93,1
2018,48,321,all,All,80,1
2018,48,323,all,All,86,1
2018,48,325,all,All,79,1
2018,48,327,all,All,93,1
2018,48,329,all,All,75,1
2018,48,331,all,All,84,1
2018,48,333,all,All,93,1
2018,48,335,all,All,93,1
2018,48,337,all,All,66,1
2018,48,339,all,All,37,1
2018,48,341,all,All,95,1
2018,48,343,all,All,35,1
2018,48,345,all,All,97,1
2018,48,347,all,All,27,1
2018,48,349,all,All,59,1
2018,48,351,all,All,28,1
2018,48,353,all,All,88,1
2018,48,355,all,All,59,1
2018,48,357,all,All,97,1
2018,48,359,all,All,98,1
2018,48,361,all,All,6,1
2018,48,363,all,All,76,1
2018,48,365,all,All,17,1
2018,48,367,all,All,58,1
2018,48,369,all,All,98,1
2018,48,371,all,All,96,1
2018,48,373,all,All,38,1
2018,48,375,all,All,89,1
2018,48,377,all,All,95,1
2018,48,379,all,All,55,1
2018,48,381,all,All,94,1
2018,48,383,all,All,76,1
2018,48,385,all,All,93,1
2018,48,387,all,All,59,1
2018,48,389,all,All,75,1
2018,48,391,all,All,76,1
2018,48,393,all,All,97,1
2018,48,395,all,All,79,1
2018,48,397,all,All,55,1
2018,48,399,all,All,93,1
2018,48,401,all,All,28,1
2018,48,403,all,All,26,1
2018,48,405,all,All,32,1
2018,48,407,all,All,40,1
2018,48,409,all,All,71,1
2018,48,411,all,All,83,1
2018,48,413,all,All,93,1
2018,48,415,all,All,93,1
2018,48,417,all,All,93,1
2018,48,419,all,All,26,1
2018,48,421,all,All,98,1
2018,48,423,all,All,44,1
2018,48,425,all,All,76,1
2018,48,427,all,All,77,1
2018,48,429,all,All,90,1
2018,48,431,all,All,93,1
2018,48,433,all,All,93,1
2018,48,435,all,All,93,1
2018,48,437,all,All,97,1
2018,48,439,all,All,44,1
2018,48,441,all,All,89,1
2018,48,443,all,All,97,1
2018,48,445,all,All,93,1
2018,48,447,all,All,93,1
2018,48,449,all,All,41,1
2018,48,451,all,All,78,1
2018,48,453,all,All,65,1
2018,48,455,all,All,38,1
2018,48,457,all,All,28,1
2018,48,459,all,All,37,1
2018,48,461,all,All,93,1
2018,48,463,all,All,83,1
2018,48,465,all,All,86,1
2018,48,467,all,All,48,1
2018,48,469,all,All,45,1
2018,48,471,all,All,40,1
2018,48,473,all,All,63,1
2018,48,475,all,All,93,1
2018,48,477,all,All,76,1
2018,48,479,all,All,48,1
2018,48,481,all,All,82,1
2018,48,483,all,All,93,1
2018,48,485,all,All,64,1
2018,48,487,all,All,93,1
2018,48,489,all,All,80,1
2018,48,491,all,All,78,1
2018,48,493,all,All,80,1
2018,48,495,all,All,93,1
2018,48,497,all,All,57,1
2018,48,499,all,All,52,1
2018,48,501,all,All,93,1
2018,48,503,all,All,91,1
2018,48,505,all,All,88,1
2018,48,507,all,All,91,1
2018,49,001,all,All,98,1
2018,49,003,all,All,95,1
2018,49,005,all,All,96,1
2018,49,007,all,All,96,1
2018,49,009,all,All,98,1
2018,49,011,all,All,60,1
2018,49,013,all,All,60,1
2018,49,015,all,All,98,1
2018,49,017,all,All,100,1
2018,49,019,all,All,98,1
2018,49,021,all,All,98,1
2018,49,023,all,All,98,1
2018,49,025,all,All,98,1
2018,49,027,all,All,98,1
2018,49,029,all,All,95,1
2018,49,031,all,All,98,1
2018,49,033,all,All,98,1
2018,49,035,all,All,33,1
2018,49,037,all,All,99,1
2018,49,039,all,All,98,1
2018,49,041,all,All,97,1
2018,49,043,all,All,96,1
2018,49,045,all,All,91,1
2018,49,047,all,All,92,1
2018,49,049,all,All,48,1
2018,49,051,all,All,96,1
2018,49,053,all,All,85,1
2018,49,055,all,All,98,1
2018,49,057,all,All,73,1
2018,50,001,all,All,78,1
2018,50,003,all,All,83,1
2018,50,005,all,All,85,1
2018,50,007,all,All,68,1
2018,50,009,all,All,85,1
2018,50,011,all,All,76,1
2018,50,013,all,All,76,1
2018,50,015,all,All,78,1
2018,50,017,all,All,83,1
2018,50,019,all,All,86,1
2018,50,021,all,All,80,1
2018,50,023,all,All,82,1
2018,50,025,all,All,83,1
2018,50,027,all,All,82,1
2018,51,001,all,All,76,1
2018,51,003,all,All,52,1
2018,51,005,all,All,72,1
2018,51,007,all,All,55,1
2018,51,009,all,All,57,1
2018,51,011,all,All,55,1
2018,51,013,all,All,20,1
2018,51,015,all,All,74,1
2018,51,017,all,All,93,1
2018,51,019,all,All,55,1
2018,51,021,all,All,86,1
2018,51,023,all,All,57,1
2018,51,025,all,All,57,1
2018,51,027,all,All,60,1
2018,51,029,all,All,55,1
2018,51,031,all,All,50,1
2018,51,033,all,All,46,1
2018,51,035,all,All,79,1
2018,51,036,all,All,40,1
2018,51,037,all,All,55,1
2018,51,041,all,All,32,1
2018,51,043,all,All,64,1
2018,51,045,all,All,76,1
2018,51,047,all,All,58,1
2018,51,049,all,All,55,1
2018,51,051,all,All,55,1
2018,51,053,all,All,40,1
2018,51,057,all,All,55,1
2018,51,059,all,All,33,1
2018,51,061,all,All,59,1
2018,51,063,all,All,82,1
2018,51,065,all,All,55,1
2018,51,067,all,All,61,1
2018,51,069,all,All,58,1
2018,51,071,all,All,76,1
2018,51,073,all,All,56,1
2018,51,075,all,All,46,1
2018,51,077,all,All,88,1
2018,51,079,all,All,65,1
2018,51,081,all,All,60,1
2018,51,083,all,All,49,1
2018,51,085,all,All,30,1
2018,51,087,all,All,23,1
2018,51,089,all,All,55,1
2018,51,091,all,All,93,1
2018,51,093,all,All,55,1
2018,51,095,all,All,55,1
2018,51,097,all,All,55,1
2018,51,099,all,All,50,1
2018,51,101,all,All,40,1
2018,51,103,all,All,76,1
2018,51,105,all,All,58,1
2018,51,107,all,All,46,1
2018,51,109,all,All,55,1
2018,51,111,all,All,55,1
2018,51,113,all,All,64,1
2018,51,115,all,All,76,1
2018,51,117,all,All,57,1
2018,51,119,all,All,69,1
2018,51,121,all,All,69,1
2018,51,125,all,All,69,1
2018,51,127,all,All,40,1
2018,51,131,all,All,76,1
2018,51,133,all,All,76,1
2018,51,135,all,All,55,1
2018,51,137,all,All,55,1
2018,51,139,all,All,76,1
2018,51,141,all,All,67,1
2018,51,143,all,All,52,1
2018,51,145,all,All,43,1
2018,51,147,all,All,55,1
2018,51,149,all,All,36,1
2018,51,153,all,All,41,1
2018,51,155,all,All,72,1
2018,51,157,all,All,76,1
2018,51,159,all,All,63,1
2018,51,161,all,All,58,1
2018,51,163,all,All,69,1
2018,51,165,all,All,68,1
2018,51,167,all,All,76,1
2018,51,169,all,All,54,1
2018,51,171,all,All,76,1
2018,51,173,all,All,76,1
2018,51,175,all,All,56,1
2018,51,177,all,All,43,1
2018,51,179,all,All,41,1
2018,51,181,all,All,55,1
2018,51,183,all,All,58,1
2018,51,185,all,All,77,1
2018,51,187,all,All,70,1
2018,51,191,all,All,66,1
2018,51,193,all,All,61,1
2018,51,195,all,All,75,1
2018,51,197,all,All,78,1
2018,51,199,all,All,50,1
2018,51,510,all,All,24,1
2018,51,520,all,All,52,1
2018,51,530,all,All,55,1
2018,51,540,all,All,36,1
2018,51,550,all,All,55,1
2018,51,570,all,All,33,1
2018,51,580,all,All,62,1
2018,51,590,all,All,41,1
2018,51,595,all,All,30,1
2018,51,600,all,All,37,1
2018,51,610,all,All,20,1
2018,51,620,all,All,55,1
2018,51,630,all,All,26,1
2018,51,640,all,All,76,1
2018,51,650,all,All,51,1
2018,51,660,all,All,55,1
2018,51,670,all,All,20,1
2018,51,678,all,All,55,1
2018,51,680,all,All,40,1
2018,51,683,all,All,40,1
2018,51,685,all,All,40,1
2018,51,690,all,All,49,1
2018,51,700,all,All,49,1
2018,51,710,all,All,44,1
2018,51,720,all,All,76,1
2018,51,730,all,All,35,1
2018,51,735,all,All,55,1
2018,51,740,all,All,53,1
2018,51,750,all,All,55,1
2018,51,760,all,All,14,1
2018,51,770,all,All,43,1
2018,51,775,all,All,55,1
2018,51,790,all,All,72,1
2018,51,800,all,All,57,1
2018,51,810,all,All,52,1
2018,51,820,all,All,55,1
2018,51,830,all,All,55,1
2018,51,840,all,All,52,1
2018,53,001,all,All,80,1
2018,53,003,all,All,54,1
2018,53,005,all,All,54,1
2018,53,007,all,All,51,1
2018,53,009,all,All,64,1
2018,53,011,all,All,23,1
2018,53,013,all,All,93,1
2018,53,015,all,All,44,1
2018,53,017,all,All,56,1
2018,53,019,all,All,74,1
2018,53,021,all,All,53,1
2018,53,023,all,All,97,1
2018,53,025,all,All,59,1
2018,53,027,all,All,66,1
2018,53,029,all,All,62,1
2018,53,031,all,All,55,1
2018,53,033,all,All,13,1
2018,53,035,all,All,29,1
2018,53,037,all,All,76,1
2018,53,039,all,All,70,1
2018,53,041,all,All,35,1
2018,53,043,all,All,79,1
2018,53,045,all,All,34,1
2018,53,047,all,All,73,1
2018,53,049,all,All,91,1
2018,53,051,all,All,44,1
2018,53,053,all,All,19,1
2018,53,055,all,All,55,1
2018,53,057,all,All,52,1
2018,53,059,all,All,59,1
2018,53,061,all,All,20,1
2018,53,063,all,All,25,1
2018,53,065,all,All,54,1
2018,53,067,all,All,32,1
2018,53,069,all,All,73,1
2018,53,071,all,All,72,1
2018,53,073,all,All,53,1
2018,53,075,all,All,78,1
2018,53,077,all,All,52,1
2018,54,001,all,All,76,1
2018,54,003,all,All,49,1
2018,54,005,all,All,57,1
2018,54,007,all,All,62,1
2018,54,009,all,All,33,1
2018,54,011,all,All,19,1
2018,54,013,all,All,49,1
2018,54,015,all,All,55,1
2018,54,017,all,All,26,1
2018,54,019,all,All,74,1
2018,54,021,all,All,50,1
2018,54,023,all,All,81,1
2018,54,025,all,All,79,1
2018,54,027,all,All,76,1
2018,54,029,all,All,46,1
2018,54,031,all,All,76,1
2018,54,033,all,All,38,1
2018,54,035,all,All,45,1
2018,54,037,all,All,55,1
2018,54,039,all,All,27,1
2018,54,041,all,All,55,1
2018,54,043,all,All,43,1
2018,54,045,all,All,55,1
2018,54,047,all,All,69,1
2018,54,049,all,All,54,1
2018,54,051,all,All,36,1
2018,54,053,all,All,41,1
2018,54,055,all,All,76,1
2018,54,057,all,All,74,1
2018,54,059,all,All,53,1
2018,54,061,all,All,55,1
2018,54,063,all,All,80,1
2018,54,065,all,All,64,1
2018,54,067,all,All,79,1
2018,54,069,all,All,36,1
2018,54,071,all,All,89,1
2018,54,073,all,All,36,1
2018,54,075,all,All,89,1
2018,54,077,all,All,76,1
2018,54,079,all,All,37,1
2018,54,081,all,All,70,1
2018,54,083,all,All,81,1
2018,54,085,all,All,37,1
2018,54,087,all,All,55,1
2018,54,089,all,All,76,1
2018,54,091,all,All,63,1
2018,54,093,all,All,82,1
2018,54,095,all,All,36,1
2018,54,097,all,All,63,1
2018,54,099,all,All,35,1
2018,54,101,all,All,88,1
2018,54,103,all,All,39,1
2018,54,105,all,All,55,1
2018,54,107,all,All,23,1
2018,54,109,all,All,62,1
2018,55,001,all,All,76,1
2018,55,003,all,All,76,1
2018,55,005,all,All,76,1
2018,55,007,all,All,82,1
2018,55,009,all,All,75,1
2018,55,011,all,All,76,1
2018,55,013,all,All,76,1
2018,55,015,all,All,78,1
2018,55,017,all,All,76,1
2018,55,019,all,All,76,1
2018,55,021,all,All,76,1
2018,55,023,all,All,76,1
2018,55,025,all,All,74,1
2018,55,027,all,All,76,1
2018,55,029,all,All,97,1
2018,55,031,all,All,61,1
2018,55,033,all,All,76,1
2018,55,035,all,All,74,1
2018,55,037,all,All,95,1
2018,55,039,all,All,77,1
2018,55,041,all,All,95,1
2018,55,043,all,All,76,1
2018,55,045,all,All,76,1
2018,55,047,all,All,68,1
2018,55,049,all,All,76,1
2018,55,051,all,All,89,1
2018,55,053,all,All,76,1
2018,55,055,all,All,76,1
2018,55,057,all,All,76,1
2018,55,059,all,All,75,1
2018,55,061,all,All,97,1
2018,55,063,all,All,68,1
2018,55,065,all,All,76,1
2018,55,067,all,All,83,1
2018,55,069,all,All,77,1
2018,55,071,all,All,85,1
2018,55,073,all,All,77,1
2018,55,075,all,All,85,1
2018,55,077,all,All,76,1
2018,55,078,all,All,76,1
2018,55,079,all,All,60,1
2018,55,081,all,All,76,1
2018,55,083,all,All,80,1
2018,55,085,all,All,81,1
2018,55,087,all,All,66,1
2018,55,089,all,All,77,1
2018,55,091,all,All,76,1
2018,55,093,all,All,74,1
2018,55,095,all,All,76,1
2018,55,097,all,All,77,1
2018,55,099,all,All,79,1
2018,55,101,all,All,75,1
2018,55,103,all,All,76,1
2018,55,105,all,All,69,1
2018,55,107,all,All,76,1
2018,55,109,all,All,67,1
2018,55,111,all,All,76,1
2018,55,113,all,All,76,1
2018,55,115,all,All,76,1
2018,55,117,all,All,77,1
2018,55,119,all,All,83,1
2018,55,121,all,All,76,1
2018,55,123,all,All,76,1
2018,55,125,all,All,76,1
2018,55,127,all,All,72,1
2018,55,129,all,All,76,1
2018,55,131,all,All,76,1
2018,55,133,all,All,70,1
2018,55,135,all,All,78,1
2018,55,137,all,All,76,1
2018,55,139,all,All,50,1
2018,55,141,all,All,66,1
2018,56,001,all,All,97,1
2018,56,003,all,All,98,1
2018,56,005,all,All,97,1
2018,56,007,all,All,98,1
2018,56,009,all,All,97,1
2018,56,011,all,All,97,1
2018,56,013,all,All,98,1
2018,56,015,all,All,98,1
2018,56,017,all,All,98,1
2018,56,019,all,All,98,1
2018,56,021,all,All,87,1
2018,56,023,all,All,98,1
2018,56,025,all,All,97,1
2018,56,027,all,All,98,1
2018,56,029,all,All,99,1
2018,56,031,all,All,97,1
2018,56,033,all,All,97,1
2018,56,035,all,All,97,1
2018,56,037,all,All,97,1
2018,56,039,all,All,98,1
2018,56,041,all,All,96,1
2018,56,043,all,All,98,1
2018,56,045,all,All,97,1
