year,state,county,economic_connectedness,economic_connectedness_quality
2022,01,001,0.72077,1
2022,01,003,0.74313003,1
2022,01,005,0.41365999,1
2022,01,007,0.63151997,1
2022,01,009,0.72561997,1
2022,01,011,0.35515001,1
2022,01,013,0.46026,1
2022,01,015,0.60189003,1
2022,01,017,0.49761,1
2022,01,019,0.60461003,1
2022,01,021,0.63505,1
2022,01,023,0.67873001,1
2022,01,025,0.56535,1
2022,01,027,0.57560998,1
2022,01,029,0.69016999,1
2022,01,031,0.68441999,1
2022,01,033,0.64434999,1
2022,01,035,0.44521999,1
2022,01,037,0.48805001,1
2022,01,039,0.60332,1
2022,01,041,0.60762,1
2022,01,043,0.65998,1
2022,01,045,0.63924998,1
2022,01,047,0.45451,1
2022,01,049,0.59283,1
2022,01,051,0.69626999,1
2022,01,053,0.46434,1
2022,01,055,0.59388,1
2022,01,057,0.68558002,1
2022,01,059,0.57484001,1
2022,01,061,0.58556002,1
2022,01,063,0.458,1
2022,01,065,0.58731002,1
2022,01,067,0.60405999,1
2022,01,069,0.57523,1
2022,01,071,0.57870001,1
2022,01,073,0.59913999,1
2022,01,075,0.71999002,1
2022,01,077,0.69683999,1
2022,01,079,0.63709003,1
2022,01,081,0.72622001,1
2022,01,083,0.70283997,1
2022,01,085,0.41341001,1
2022,01,087,0.45666999,1
2022,01,089,0.74789,1
2022,01,091,0.57516998,1
2022,01,093,0.64333999,1
2022,01,095,0.56095999,1
2022,01,097,0.56962001,1
2022,01,099,0.47554001,1
2022,01,101,0.49068999,1
2022,01,103,0.61510003,1
NA,01,105,NA,NA
2022,01,107,0.62550998,1
2022,01,109,0.59630001,1
2022,01,111,0.55489999,1
2022,01,113,0.56879997,1
2022,01,115,0.78175998,1
2022,01,117,0.82049,1
2022,01,119,0.54794002,1
2022,01,121,0.52474999,1
2022,01,123,0.51406997,1
2022,01,125,0.64775002,1
2022,01,127,0.64082003,1
2022,01,129,0.70414001,1
2022,01,131,0.42162001,1
2022,01,133,0.59921002,1
2022,02,013,0.91415,1
2022,02,016,0.83311999,1
2022,02,020,1.02472,1
2022,02,050,0.76327002,1
NA,02,060,NA,NA
NA,02,063,NA,NA
NA,02,066,NA,NA
2022,02,068,1.16948,1
2022,02,070,0.90030998,1
2022,02,090,1.09859,1
2022,02,100,1.1621799,1
2022,02,105,1.04737,1
2022,02,110,1.1094,1
2022,02,122,1.03391,1
2022,02,130,0.98493999,1
2022,02,150,1.06233,1
2022,02,158,0.64175999,1
NA,02,164,NA,NA
2022,02,170,1.09532,1
2022,02,180,0.83958,1
2022,02,185,1.08719,1
2022,02,188,0.83544999,1
2022,02,195,1.04632,1
2022,02,198,0.86852002,1
2022,02,220,1.1381,1
2022,02,230,1.1267101,1
2022,02,240,0.99532002,1
2022,02,275,1.06294,1
NA,02,282,NA,NA
2022,02,290,0.79198003,1
2022,04,001,0.48368001,1
2022,04,003,0.79714,1
2022,04,005,0.75237,1
2022,04,007,0.61997002,1
2022,04,009,0.68656999,1
2022,04,011,0.81149,1
2022,04,012,0.61006999,1
2022,04,013,0.74400002,1
2022,04,015,0.77204001,1
2022,04,017,0.57981002,1
2022,04,019,0.71572,1
2022,04,021,0.77478999,1
2022,04,023,0.52688998,1
2022,04,025,0.84227997,1
2022,04,027,0.66210002,1
2022,05,001,0.61054999,1
2022,05,003,0.68015999,1
2022,05,005,0.78823,1
2022,05,007,0.84904999,1
2022,05,009,0.76545,1
2022,05,011,0.60974002,1
2022,05,013,0.69174999,1
2022,05,015,0.71524,1
2022,05,017,0.56199002,1
2022,05,019,0.71052998,1
2022,05,021,0.74431998,1
2022,05,023,0.77938998,1
2022,05,025,0.75866997,1
2022,05,027,0.64563,1
2022,05,029,0.70840001,1
2022,05,031,0.72960001,1
2022,05,033,0.76648998,1
2022,05,035,0.56164002,1
2022,05,037,0.68954998,1
2022,05,039,0.57362998,1
2022,05,041,0.56584001,1
2022,05,043,0.71228999,1
2022,05,045,0.83756,1
2022,05,047,0.75325,1
2022,05,049,0.73201001,1
2022,05,051,0.70425999,1
2022,05,053,0.82261002,1
2022,05,055,0.74122,1
2022,05,057,0.57415003,1
2022,05,059,0.68937999,1
2022,05,061,0.62585002,1
2022,05,063,0.72654998,1
2022,05,065,0.73961002,1
2022,05,067,0.64454001,1
2022,05,069,0.57021999,1
2022,05,071,0.63472998,1
2022,05,073,0.64393997,1
2022,05,075,0.72068,1
2022,05,077,0.52933002,1
2022,05,079,0.65166003,1
2022,05,081,0.71503001,1
2022,05,083,0.72668999,1
2022,05,085,0.84548002,1
2022,05,087,0.79619998,1
2022,05,089,0.71357,1
2022,05,091,0.64515001,1
2022,05,093,0.57393003,1
2022,05,095,0.55575001,1
2022,05,097,0.69204998,1
2022,05,099,0.61993998,1
2022,05,101,0.76115,1
2022,05,103,0.63314998,1
2022,05,105,0.77210999,1
2022,05,107,0.49533999,1
2022,05,109,0.66134,1
2022,05,111,0.64930999,1
2022,05,113,0.69538999,1
2022,05,115,0.74772,1
2022,05,117,0.70025998,1
2022,05,119,0.68171,1
2022,05,121,0.72465003,1
2022,05,123,0.53117001,1
2022,05,125,0.79585999,1
2022,05,127,0.65103,1
2022,05,129,0.70889002,1
2022,05,131,0.73863,1
2022,05,133,0.62248999,1
2022,05,135,0.70662999,1
2022,05,137,0.71987998,1
2022,05,139,0.68690997,1
2022,05,141,0.71042001,1
2022,05,143,0.80754,1
2022,05,145,0.79613,1
2022,05,147,0.64192998,1
2022,05,149,0.63029999,1
2022,06,001,0.91564,1
NA,06,003,NA,NA
2022,06,005,0.92817998,1
2022,06,007,0.80008,1
2022,06,009,0.92421001,1
2022,06,011,0.58380002,1
2022,06,013,0.88687998,1
2022,06,015,0.63748002,1
2022,06,017,1.01846,1
2022,06,019,0.57849997,1
2022,06,021,0.63274997,1
2022,06,023,0.81883001,1
2022,06,025,0.73171002,1
2022,06,027,0.79105997,1
2022,06,029,0.6207,1
2022,06,031,0.61815,1
2022,06,033,0.65311998,1
2022,06,035,0.81195998,1
2022,06,037,0.73580003,1
2022,06,039,0.56068999,1
2022,06,041,0.81247997,1
2022,06,043,0.95354998,1
2022,06,045,0.69420999,1
2022,06,047,0.63156003,1
2022,06,049,0.66933,1
2022,06,051,0.9637,1
2022,06,053,0.61296999,1
2022,06,055,0.80387002,1
2022,06,057,1.01335,1
2022,06,059,0.85553998,1
2022,06,061,1.0711,1
2022,06,063,0.89507997,1
2022,06,065,0.74834001000000006,1
2022,06,067,0.81634998,1
2022,06,069,0.82344002,1
2022,06,071,0.73532999,1
2022,06,073,0.90846002,1
2022,06,075,1.31244,1
2022,06,077,0.72867,1
2022,06,079,0.93507999,1
2022,06,081,1.16289,1
2022,06,083,0.72433001,1
2022,06,085,1.15832,1
2022,06,087,0.81641001,1
2022,06,089,0.79174,1
2022,06,091,1.03074,1
2022,06,093,0.74171001,1
2022,06,095,0.87462997,1
2022,06,097,0.86228001,1
2022,06,099,0.74586999,1
2022,06,101,0.71074998,1
2022,06,103,0.64851999,1
2022,06,105,0.73521,1
2022,06,107,0.54176003,1
2022,06,109,0.9109,1
2022,06,111,0.78140998,1
2022,06,113,0.81755,1
2022,06,115,0.72917002,1
2022,08,001,0.81186002,1
2022,08,003,0.73189002,1
2022,08,005,0.83072001,1
2022,08,007,0.93331999,1
2022,08,009,0.88227999,1
2022,08,011,0.65877998,1
2022,08,013,1.1075,1
2022,08,014,1.1688499,1
2022,08,015,1.09936,1
2022,08,017,1.04763,1
2022,08,019,1.0602601,1
2022,08,021,0.75433999,1
NA,08,023,NA,NA
2022,08,025,0.75880998,1
2022,08,027,1.0331399000000001,1
2022,08,029,0.87716001,1
2022,08,031,0.90732002,1
2022,08,033,0.94189,1
2022,08,035,1.3532701,1
2022,08,037,0.87858999,1
2022,08,039,1.15659,1
2022,08,041,0.96052998,1
2022,08,043,0.87696999,1
2022,08,045,0.80632001,1
2022,08,047,1.07927,1
2022,08,049,1.10788,1
2022,08,051,1.24836,1
NA,08,053,NA,NA
2022,08,055,0.78763002,1
NA,08,057,NA,NA
2022,08,059,1.11146,1
NA,08,061,NA,NA
2022,08,063,0.95122999,1
2022,08,065,0.88313001,1
2022,08,067,1.04206,1
2022,08,069,1.123,1
2022,08,071,0.76256001,1
2022,08,073,0.96450001,1
2022,08,075,0.96489,1
2022,08,077,0.91115999,1
NA,08,079,NA,NA
2022,08,081,0.88957,1
2022,08,083,0.74285001,1
2022,08,085,0.82997,1
2022,08,087,0.81336999,1
2022,08,089,0.71502,1
2022,08,091,1.2136199,1
2022,08,093,1.15571,1
2022,08,095,0.84065998,1
2022,08,097,1.2436399,1
2022,08,099,0.73517001,1
2022,08,101,0.73233002,1
2022,08,103,1.01608,1
2022,08,105,0.76765001,1
2022,08,107,1.16202,1
2022,08,109,0.76845998,1
NA,08,111,NA,NA
2022,08,113,1.2128,1
2022,08,115,0.97241998,1
2022,08,117,1.00858,1
2022,08,119,1.04694,1
2022,08,121,1.06846,1
2022,08,123,0.87436998,1
2022,08,125,0.81590003,1
2022,09,001,0.70120001,1
2022,09,003,0.77675003,1
2022,09,005,1.08725,1
2022,09,007,1.1066999,1
2022,09,009,0.79593003,1
2022,09,011,0.98711002,1
2022,09,013,1.17711,1
2022,09,015,0.95749003,1
2022,10,001,0.79290998,1
2022,10,003,0.83468997,1
2022,10,005,0.71723998,1
2022,11,001,0.99615997,1
2022,12,001,0.81159002,1
2022,12,003,0.66503,1
2022,12,005,0.70344001,1
2022,12,007,0.61645001,1
2022,12,009,0.78833997,1
2022,12,011,0.75189,1
2022,12,013,0.58503997,1
2022,12,015,0.77934003,1
2022,12,017,0.69256002,1
2022,12,019,0.79848999,1
2022,12,021,0.65601999,1
2022,12,023,0.58517998,1
2022,12,027,0.42908001,1
2022,12,029,0.51828998,1
2022,12,031,0.67084002,1
2022,12,033,0.68265998,1
2022,12,035,0.82933998,1
2022,12,037,0.57659,1
2022,12,039,0.41552001,1
2022,12,041,0.62075001,1
2022,12,043,0.50062001,1
2022,12,045,0.66769999,1
2022,12,047,0.48493999,1
2022,12,049,0.45475999,1
2022,12,051,0.43957999,1
2022,12,053,0.73304999,1
2022,12,055,0.60219997,1
2022,12,057,0.67980999,1
2022,12,059,0.59316999,1
2022,12,061,0.70945001,1
2022,12,063,0.55905998,1
2022,12,065,0.61988997,1
2022,12,067,0.56705999,1
2022,12,069,0.73413002,1
2022,12,071,0.67043,1
2022,12,073,0.75659001,1
2022,12,075,0.60833001,1
2022,12,077,0.62063003,1
2022,12,079,0.49355999,1
2022,12,081,0.66821998,1
2022,12,083,0.62976998,1
2022,12,085,0.78965002,1
2022,12,086,0.58605999,1
2022,12,087,0.78771001,1
2022,12,089,0.85834002,1
2022,12,091,0.83223999,1
2022,12,093,0.50796998,1
2022,12,095,0.74878001,1
2022,12,097,0.73128003,1
2022,12,099,0.68330997,1
2022,12,101,0.76490003,1
2022,12,103,0.78494,1
2022,12,105,0.61522001,1
2022,12,107,0.49083999,1
2022,12,109,0.97408003,1
2022,12,111,0.66801,1
2022,12,113,0.86142999,1
2022,12,115,0.81924999,1
2022,12,117,0.84119999,1
2022,12,119,0.66283,1
2022,12,121,0.56638998,1
2022,12,123,0.53534001,1
2022,12,125,0.64183003,1
2022,12,127,0.72371,1
2022,12,129,0.75171,1
2022,12,131,0.75123,1
2022,12,133,0.60503,1
2022,13,001,0.50406998,1
2022,13,003,0.44181001,1
2022,13,005,0.46742001,1
NA,13,007,NA,NA
2022,13,009,0.51651001,1
2022,13,011,0.73139,1
2022,13,013,0.77371001,1
2022,13,015,0.73395997,1
2022,13,017,0.42513999,1
2022,13,019,0.57459998,1
2022,13,021,0.48056999,1
2022,13,023,0.56774998,1
2022,13,025,0.55225003,1
2022,13,027,0.46237001,1
2022,13,029,0.84745002,1
2022,13,031,0.67528999,1
2022,13,033,0.49522001,1
2022,13,035,0.68724,1
NA,13,037,NA,NA
2022,13,039,0.81356001,1
2022,13,043,0.54737997,1
2022,13,045,0.70406002,1
2022,13,047,0.77608001,1
2022,13,049,0.59315997,1
2022,13,051,0.66373003,1
2022,13,053,0.95985001,1
2022,13,055,0.51730001,1
2022,13,057,0.96524,1
2022,13,059,0.74735999,1
NA,13,061,NA,NA
2022,13,063,0.54623002,1
2022,13,065,0.44760001,1
2022,13,067,0.79141998,1
2022,13,069,0.43913001,1
2022,13,071,0.43972,1
2022,13,073,0.84439999,1
2022,13,075,0.51209003,1
2022,13,077,0.79878002,1
2022,13,079,0.55186999,1
2022,13,081,0.38777,1
2022,13,083,0.70831001,1
2022,13,085,0.93358999,1
2022,13,087,0.43533999,1
2022,13,089,0.67078,1
2022,13,091,0.50563997,1
2022,13,093,0.40094,1
2022,13,095,0.41666999,1
2022,13,097,0.70517999,1
2022,13,099,0.37959999,1
NA,13,101,NA,NA
2022,13,103,0.78047001,1
2022,13,105,0.47905001,1
2022,13,107,0.48594999,1
2022,13,109,0.48333001,1
2022,13,111,0.71499997,1
2022,13,113,0.92997998,1
2022,13,115,0.59062999,1
2022,13,117,1.04118,1
2022,13,119,0.63177001,1
2022,13,121,0.77526999,1
2022,13,123,0.64308,1
2022,13,125,0.68391001,1
2022,13,127,0.58587998,1
2022,13,129,0.62281001,1
2022,13,131,0.47452,1
2022,13,133,0.51841003,1
2022,13,135,0.76938999,1
2022,13,137,0.68133998,1
2022,13,139,0.65626001,1
NA,13,141,NA,NA
2022,13,143,0.69749999,1
2022,13,145,0.78325999,1
2022,13,147,0.57889003000000006,1
2022,13,149,0.66123003,1
2022,13,151,0.68510002,1
2022,13,153,0.65016001,1
2022,13,155,0.51484001,1
2022,13,157,0.80273998,1
2022,13,159,0.66744,1
2022,13,161,0.47599,1
2022,13,163,0.43592,1
2022,13,165,0.49079999,1
2022,13,167,0.48172,1
2022,13,169,0.71539003,1
2022,13,171,0.61382002,1
2022,13,173,0.58043998,1
2022,13,175,0.49801001,1
2022,13,177,0.66077,1
2022,13,179,0.70756,1
2022,13,181,0.67811,1
2022,13,183,0.73553002,1
2022,13,185,0.61049002,1
2022,13,187,0.88255,1
2022,13,189,0.48166999,1
2022,13,191,0.56230003,1
2022,13,193,0.41894001,1
2022,13,195,0.65618998,1
2022,13,197,0.53254998,1
2022,13,199,0.5438,1
2022,13,201,0.4876,1
2022,13,205,0.41181999,1
2022,13,207,0.64038998,1
2022,13,209,0.55312002,1
2022,13,211,0.65363002,1
2022,13,213,0.55356002,1
2022,13,215,0.57656997,1
2022,13,217,0.63354999,1
2022,13,219,0.98903,1
2022,13,221,0.64497,1
2022,13,223,0.90148997,1
2022,13,225,0.56546998,1
2022,13,227,0.80698001,1
2022,13,229,0.61289001,1
2022,13,231,0.73501003,1
2022,13,233,0.59742999,1
2022,13,235,0.60264999,1
2022,13,237,0.56972998,1
NA,13,239,NA,NA
2022,13,241,0.70200998,1
2022,13,243,0.41136,1
2022,13,245,0.53325999,1
2022,13,247,0.66245002,1
2022,13,249,0.64025003,1
2022,13,251,0.57675999,1
2022,13,253,0.49382001,1
2022,13,255,0.54765999,1
2022,13,257,0.60609001,1
NA,13,259,NA,NA
2022,13,261,0.41328999,1
NA,13,263,NA,NA
NA,13,265,NA,NA
2022,13,267,0.51916999,1
2022,13,269,0.50997001,1
2022,13,271,0.45355001,1
2022,13,273,0.34740999,1
2022,13,275,0.54233003,1
2022,13,277,0.49325001,1
2022,13,279,0.50645,1
2022,13,281,0.75435001,1
2022,13,283,0.53789997,1
2022,13,285,0.52875,1
2022,13,287,0.42993999,1
2022,13,289,0.51507002,1
2022,13,291,0.73474997,1
2022,13,293,0.52252001,1
2022,13,295,0.66544998,1
2022,13,297,0.77209002,1
2022,13,299,0.47767001,1
NA,13,301,NA,NA
2022,13,303,0.47859001,1
2022,13,305,0.57977998,1
NA,13,307,NA,NA
2022,13,309,0.48390001,1
2022,13,311,0.80394,1
2022,13,313,0.55201,1
2022,13,315,0.47446001,1
2022,13,317,0.52776003,1
2022,13,319,0.55173999,1
2022,13,321,0.49377999,1
2022,15,001,0.89262998,1
2022,15,003,1.12176,1
NA,15,005,NA,NA
2022,15,007,1.0647399,1
2022,15,009,1.0858901,1
2022,16,001,0.98964,1
2022,16,003,0.86124003,1
2022,16,005,0.8642,1
2022,16,007,0.98764998,1
2022,16,009,0.69935,1
2022,16,011,0.82173997,1
2022,16,013,0.91799998,1
2022,16,015,0.88226002,1
2022,16,017,0.88963002,1
2022,16,019,0.90030003,1
2022,16,021,0.83205003,1
2022,16,023,0.89429998,1
NA,16,025,NA,NA
2022,16,027,0.77136999,1
2022,16,029,0.98451,1
2022,16,031,0.70995998,1
NA,16,033,NA,NA
2022,16,035,0.72012001,1
2022,16,037,0.88988,1
2022,16,039,0.87404001,1
2022,16,041,1.01656,1
2022,16,043,0.96243,1
2022,16,045,0.82819003,1
2022,16,047,0.68133003,1
2022,16,049,0.79925001,1
2022,16,051,1.0208,1
2022,16,053,0.55858999,1
2022,16,055,0.9138,1
2022,16,057,1.07522,1
2022,16,059,0.89494997,1
2022,16,061,0.79544002,1
2022,16,063,0.67234999,1
2022,16,065,1.28088,1
2022,16,067,0.66323,1
2022,16,069,0.76748002,1
2022,16,071,1.03951,1
2022,16,073,0.70852,1
2022,16,075,0.71708,1
2022,16,077,0.64029002,1
2022,16,079,0.72836,1
2022,16,081,1.02827,1
2022,16,083,0.80756998,1
2022,16,085,0.94411999,1
2022,16,087,0.75248998,1
2022,17,001,0.84658998,1
2022,17,003,0.60172999,1
2022,17,005,0.87770998,1
2022,17,007,0.80488002,1
2022,17,009,0.86974001,1
2022,17,011,0.87740999,1
2022,17,013,0.99957001,1
2022,17,015,0.87941998,1
2022,17,017,0.59776002,1
2022,17,019,0.91205001,1
2022,17,021,0.81603003,1
2022,17,023,0.86019999,1
2022,17,025,0.80944997,1
2022,17,027,1.05951,1
2022,17,029,0.81581002,1
2022,17,031,0.75869,1
2022,17,033,0.88082999,1
2022,17,035,0.86751997,1
2022,17,037,0.96710002,1
2022,17,039,0.89556998,1
2022,17,041,0.89494997,1
2022,17,043,1.03581,1
2022,17,045,0.74488002,1
2022,17,047,0.86596,1
2022,17,049,0.88552999,1
2022,17,051,0.73540002,1
2022,17,053,0.92458999,1
2022,17,055,0.71328998,1
2022,17,057,0.80118001,1
2022,17,059,0.74414998,1
2022,17,061,0.82710999,1
2022,17,063,1.0577199,1
2022,17,065,0.82358003,1
2022,17,067,0.91314,1
2022,17,069,0.71897,1
2022,17,071,0.85506999,1
2022,17,073,0.87853003,1
2022,17,075,0.86128998,1
2022,17,077,0.81449002,1
2022,17,079,0.86857998,1
2022,17,081,0.71473998,1
2022,17,083,0.90250999,1
2022,17,085,1.01666,1
2022,17,087,0.84772998,1
2022,17,089,0.81374002,1
2022,17,091,0.81575,1
2022,17,093,0.97558999,1
2022,17,095,0.74163997,1
2022,17,097,0.79540002,1
2022,17,099,0.88068002,1
2022,17,101,0.77241999,1
2022,17,103,0.89144999,1
2022,17,105,0.88341999,1
2022,17,107,0.84324002,1
2022,17,109,0.87976003,1
2022,17,111,1.0315599,1
2022,17,113,0.96234,1
2022,17,115,0.67282999,1
2022,17,117,0.8581,1
2022,17,119,0.80873001,1
2022,17,121,0.69865,1
2022,17,123,0.90486002,1
2022,17,125,0.82437003,1
2022,17,127,0.80937999,1
2022,17,129,0.91246998,1
2022,17,131,0.92795002,1
2022,17,133,1.13726,1
2022,17,135,0.80458999,1
2022,17,137,0.74520999,1
2022,17,139,0.88616002,1
2022,17,141,0.92101002,1
2022,17,143,0.70376998,1
2022,17,145,0.78083003,1
2022,17,147,1.01722,1
2022,17,149,0.82776999,1
2022,17,151,0.80373001,1
2022,17,153,0.64888,1
2022,17,155,0.93984997,1
2022,17,157,0.80009001,1
2022,17,159,0.81281,1
2022,17,161,0.74805999,1
2022,17,163,0.70964003,1
2022,17,165,0.69823998,1
2022,17,167,0.77772999,1
2022,17,169,0.83855999,1
2022,17,171,0.85881001,1
2022,17,173,0.88202,1
2022,17,175,0.92452002,1
2022,17,177,0.77122998,1
2022,17,179,0.89353001,1
2022,17,181,0.73984998,1
2022,17,183,0.63591999,1
2022,17,185,0.85715997,1
2022,17,187,0.74355,1
2022,17,189,0.92009997,1
2022,17,191,0.79851002,1
2022,17,193,0.76433003,1
2022,17,195,0.80208999,1
2022,17,197,0.88901001,1
2022,17,199,0.76560998,1
2022,17,201,0.69253999,1
2022,17,203,1.06163,1
2022,18,001,0.88123,1
2022,18,003,0.76571,1
2022,18,005,0.82498997,1
2022,18,007,0.85102999,1
2022,18,009,0.73729998,1
2022,18,011,0.98833001,1
2022,18,013,0.84320003,1
2022,18,015,0.89156002,1
2022,18,017,0.64837998,1
2022,18,019,0.82122999,1
2022,18,021,0.7888,1
2022,18,023,0.70153999,1
2022,18,025,0.77706999,1
2022,18,027,0.73146999,1
2022,18,029,0.94990999,1
2022,18,031,0.86707002,1
2022,18,033,0.85146999,1
2022,18,035,0.75151998,1
2022,18,037,0.88872999,1
2022,18,039,0.68068999,1
2022,18,041,0.69010001,1
2022,18,043,0.89868999,1
2022,18,045,0.84794003,1
2022,18,047,0.89889997,1
2022,18,049,0.78792,1
2022,18,051,0.86931002,1
2022,18,053,0.63485998,1
2022,18,055,0.80587,1
2022,18,057,1.1047699,1
2022,18,059,0.97965997,1
2022,18,061,0.90402001,1
2022,18,063,0.92931998,1
2022,18,065,0.76604998,1
2022,18,067,0.77929997,1
2022,18,069,0.80271,1
2022,18,071,0.67777997,1
2022,18,073,0.88543999,1
2022,18,075,0.70731997,1
2022,18,077,0.80694997,1
2022,18,079,0.74383998,1
2022,18,081,0.90367001,1
2022,18,083,0.77276999,1
2022,18,085,0.82953,1
2022,18,087,0.80260998,1
2022,18,089,0.73655999,1
2022,18,091,0.7274,1
2022,18,093,0.76993001,1
2022,18,095,0.70077997,1
2022,18,097,0.64282,1
2022,18,099,0.79961002,1
2022,18,101,0.90463001,1
2022,18,103,0.72579002,1
2022,18,105,1.02991,1
2022,18,107,0.82707,1
2022,18,109,0.88023001,1
2022,18,111,0.8114,1
2022,18,113,0.74302,1
2022,18,115,0.89984,1
2022,18,117,0.78084999,1
2022,18,119,0.78828001,1
2022,18,121,0.82599002,1
2022,18,123,0.88709998,1
2022,18,125,0.84871,1
2022,18,127,0.91794997,1
2022,18,129,0.88253999,1
2022,18,131,0.83494002,1
2022,18,133,0.91301,1
2022,18,135,0.72804999,1
2022,18,137,0.96222001,1
2022,18,139,0.85039997,1
2022,18,141,0.73885,1
2022,18,143,0.73525,1
2022,18,145,0.80817997,1
2022,18,147,0.92299002,1
2022,18,149,0.79974997,1
2022,18,151,0.80950999,1
2022,18,153,0.82416999,1
2022,18,155,0.89344001,1
2022,18,157,0.88608998,1
2022,18,159,0.93202001,1
2022,18,161,0.90530998,1
2022,18,163,0.79108,1
2022,18,165,0.81395,1
2022,18,167,0.75757998,1
2022,18,169,0.77568001,1
2022,18,171,0.84447998,1
2022,18,173,0.96556002,1
2022,18,175,0.81598002,1
2022,18,177,0.68084002,1
2022,18,179,0.83754998,1
2022,18,181,0.79141998,1
2022,18,183,0.93697,1
2022,19,001,1.04217,1
2022,19,003,0.99168003,1
2022,19,005,0.95157999,1
2022,19,007,0.83076,1
2022,19,009,1.0862499,1
2022,19,011,1.12208,1
2022,19,013,0.84346002,1
2022,19,015,1.105,1
2022,19,017,1.1985101,1
2022,19,019,1.12161,1
2022,19,021,0.61985999,1
2022,19,023,1.15878,1
2022,19,025,1.0970401,1
2022,19,027,1.1022201,1
2022,19,029,0.91459,1
2022,19,031,1.12602,1
2022,19,033,0.93401003,1
2022,19,035,1.06761,1
2022,19,037,1.0524,1
2022,19,039,0.78982002,1
2022,19,041,0.96508002,1
2022,19,043,1.11678,1
2022,19,045,0.85602999,1
2022,19,047,0.70107001,1
2022,19,049,1.05221,1
2022,19,051,0.95643997,1
2022,19,053,0.97814,1
2022,19,055,1.10604,1
2022,19,057,0.82726002,1
2022,19,059,1.1104701,1
2022,19,061,1.01527,1
2022,19,063,0.91679001,1
2022,19,065,0.99362999,1
2022,19,067,0.96565998,1
2022,19,069,0.81181997,1
2022,19,071,0.98953998,1
2022,19,073,1.02468,1
2022,19,075,1.1821001,1
2022,19,077,1.09542,1
2022,19,079,0.87664002,1
2022,19,081,1.02168,1
2022,19,083,1.0229501,1
2022,19,085,1.09229,1
2022,19,087,0.93019003,1
2022,19,089,1.07022,1
2022,19,091,1.03614,1
2022,19,093,1.06471,1
2022,19,095,1.10716,1
2022,19,097,1.00366,1
2022,19,099,0.97178,1
2022,19,101,0.99169999,1
2022,19,103,1.09649,1
2022,19,105,1.0578001,1
2022,19,107,0.96718001,1
2022,19,109,1.01635,1
2022,19,111,0.79536003,1
2022,19,113,1.00389,1
2022,19,115,0.82337999,1
2022,19,117,0.91488999,1
2022,19,119,1.16634,1
2022,19,121,1.16129,1
2022,19,123,0.96131998,1
2022,19,125,1.0699,1
2022,19,127,0.70670003,1
2022,19,129,1.09574,1
2022,19,131,1.13223,1
2022,19,133,1.00617,1
2022,19,135,0.97517002,1
2022,19,137,0.90561002,1
2022,19,139,0.81383002,1
2022,19,141,1.0548,1
2022,19,143,0.94143999,1
2022,19,145,0.96125001,1
2022,19,147,1.0679801,1
2022,19,149,1.04109,1
2022,19,151,0.91883999,1
2022,19,153,0.86509001,1
2022,19,155,0.82823998,1
2022,19,157,1.02074,1
2022,19,159,0.99833,1
2022,19,161,0.92429,1
2022,19,163,0.84495997,1
2022,19,165,1.04129,1
2022,19,167,0.98806,1
2022,19,169,1.1839,1
2022,19,171,0.88661999,1
2022,19,173,0.92896003,1
2022,19,175,0.89901,1
2022,19,177,0.91786999,1
2022,19,179,0.71122998,1
2022,19,181,1.11465,1
2022,19,183,1.02451,1
2022,19,185,0.94835001,1
2022,19,187,0.87379003,1
2022,19,189,1.0075999,1
2022,19,191,1.2157,1
2022,19,193,0.77585,1
2022,19,195,1.03399,1
2022,19,197,0.76385999,1
2022,20,001,0.77282,1
2022,20,003,0.96709001000000006,1
2022,20,005,0.91580999,1
2022,20,007,1.00301,1
2022,20,009,0.83504999,1
2022,20,011,0.81825,1
2022,20,013,0.88506001,1
2022,20,015,0.9878,1
2022,20,017,0.98408002000000006,1
2022,20,019,0.82738,1
2022,20,021,0.80658001,1
2022,20,023,0.99049002,1
2022,20,025,1.10186,1
2022,20,027,0.97689998,1
2022,20,029,0.94858998,1
2022,20,031,1.0122,1
2022,20,033,1.11961,1
2022,20,035,0.79356998,1
2022,20,037,0.84542,1
2022,20,039,0.94524002,1
2022,20,041,0.96974999,1
2022,20,043,0.97083998,1
2022,20,045,1.08681,1
2022,20,047,0.85889,1
2022,20,049,0.91036999,1
2022,20,051,1.10554,1
2022,20,053,0.95778,1
2022,20,055,0.69670999,1
2022,20,057,0.60279,1
2022,20,059,0.96956998,1
2022,20,061,0.87906998,1
2022,20,063,1.12533,1
2022,20,065,1.01243,1
2022,20,067,0.71670002,1
2022,20,069,1.03863,1
NA,20,071,NA,NA
2022,20,073,0.93081999,1
2022,20,075,0.63841999,1
2022,20,077,0.92580998,1
2022,20,079,0.90732002,1
2022,20,081,0.89012998,1
2022,20,083,1.13598,1
2022,20,085,0.99778998,1
2022,20,087,1.10123,1
2022,20,089,0.95844001,1
2022,20,091,1.0613101,1
2022,20,093,0.82278001,1
2022,20,095,0.98304999,1
2022,20,097,1.12808,1
2022,20,099,0.78236997,1
2022,20,101,0.94128001,1
2022,20,103,0.97672999,1
2022,20,105,0.97731,1
2022,20,107,0.94910002,1
2022,20,109,0.99975002,1
2022,20,111,0.85102999,1
2022,20,113,1.04287,1
2022,20,115,1.00951,1
2022,20,117,1.00089,1
2022,20,119,0.94835001,1
2022,20,121,1.05277,1
2022,20,123,1.06715,1
2022,20,125,0.74839002,1
2022,20,127,1.02764,1
2022,20,129,0.88933998,1
2022,20,131,1.07207,1
2022,20,133,0.81098002,1
2022,20,135,0.99545002,1
2022,20,137,0.94418001,1
2022,20,139,1.00543,1
2022,20,141,0.97916001,1
2022,20,143,1.00792,1
2022,20,145,0.95029998,1
2022,20,147,1.03273,1
2022,20,149,1.10542,1
2022,20,151,0.94848001,1
2022,20,153,0.98821002,1
2022,20,155,0.86844999,1
2022,20,157,1.0118001,1
2022,20,159,0.90935999,1
2022,20,161,1.11905,1
2022,20,163,1.04843,1
2022,20,165,1.04391,1
2022,20,167,0.93883997,1
2022,20,169,0.83788002,1
2022,20,171,0.85899001,1
2022,20,173,0.79304999,1
2022,20,175,0.59332001,1
2022,20,177,0.84419,1
2022,20,179,1.06972,1
2022,20,181,0.95433003,1
2022,20,183,1.0340101,1
2022,20,185,0.91416001,1
2022,20,187,0.74300998,1
2022,20,189,0.78669,1
2022,20,191,0.94945002,1
2022,20,193,1.00006,1
2022,20,195,1.04883,1
2022,20,197,1.10539,1
2022,20,199,1.1349699,1
2022,20,201,1.07432,1
2022,20,203,0.80993003,1
2022,20,205,0.77942002,1
2022,20,207,0.89772999,1
2022,20,209,0.59995002,1
2022,21,001,0.82176,1
2022,21,003,0.79587001,1
2022,21,005,0.97829998,1
2022,21,007,0.91286999,1
2022,21,009,0.79999,1
2022,21,011,0.82356,1
2022,21,013,0.54250002,1
2022,21,015,0.94,1
2022,21,017,0.85073,1
2022,21,019,0.84201002,1
2022,21,021,0.87402999,1
2022,21,023,0.97544998,1
2022,21,025,0.65075999,1
2022,21,027,0.92708999,1
2022,21,029,0.93434,1
2022,21,031,0.81712002,1
2022,21,033,0.91578001,1
2022,21,035,0.96552002,1
2022,21,037,0.97575003,1
2022,21,039,0.95319998,1
2022,21,041,0.74715,1
2022,21,043,0.77390999,1
2022,21,045,0.74149001,1
2022,21,047,0.74645001,1
2022,21,049,0.82292998,1
2022,21,051,0.56465,1
2022,21,053,0.64265001,1
2022,21,055,0.88957,1
2022,21,057,0.74738002,1
2022,21,059,0.88028002,1
2022,21,061,0.91134,1
2022,21,063,0.77030998,1
2022,21,065,0.76797998,1
2022,21,067,0.85557002,1
2022,21,069,0.89704001,1
2022,21,071,0.70181,1
2022,21,073,0.87993002,1
2022,21,075,0.65978003,1
2022,21,077,0.81849003,1
2022,21,079,0.86457998,1
2022,21,081,0.87752002,1
2022,21,083,0.87553,1
2022,21,085,0.89462,1
2022,21,087,0.85987997,1
2022,21,089,0.88020998,1
2022,21,091,0.96610999,1
2022,21,093,0.89464998,1
2022,21,095,0.53648001,1
2022,21,097,0.91892999,1
2022,21,099,0.79969001,1
2022,21,101,0.75729001,1
2022,21,103,0.92777997,1
2022,21,105,0.83769,1
2022,21,107,0.83636999,1
2022,21,109,0.74194998,1
2022,21,111,0.72134,1
2022,21,113,0.89270002,1
2022,21,115,0.80589998,1
2022,21,117,0.83428001,1
2022,21,119,0.64696002,1
2022,21,121,0.72356999,1
2022,21,123,0.93555999,1
2022,21,125,0.75147003,1
2022,21,127,0.75506997,1
2022,21,129,0.69847,1
2022,21,131,0.65744001,1
2022,21,133,0.67493999,1
2022,21,135,0.80271,1
2022,21,137,0.7888,1
2022,21,139,0.90083998,1
2022,21,141,0.86803001,1
2022,21,143,0.96608001,1
2022,21,145,0.88722003,1
2022,21,147,0.57334,1
2022,21,149,0.89047998,1
2022,21,151,0.88881999,1
2022,21,153,0.82762998,1
2022,21,155,0.87061,1
2022,21,157,0.98979998,1
2022,21,159,0.68879002,1
2022,21,161,0.88572001,1
2022,21,163,0.92645001,1
2022,21,165,0.76712,1
2022,21,167,0.91907001,1
2022,21,169,0.78821999,1
2022,21,171,0.74926001,1
2022,21,173,0.84895003,1
2022,21,175,0.83109999,1
2022,21,177,0.86758,1
2022,21,179,1.00158,1
2022,21,181,0.87217999,1
2022,21,183,0.83546001,1
2022,21,185,1.06872,1
2022,21,187,0.86804003,1
2022,21,189,0.70379001,1
2022,21,191,0.92027003,1
2022,21,193,0.68518001,1
2022,21,195,0.73913002,1
2022,21,197,0.78012002,1
2022,21,199,0.77807999,1
2022,21,201,0.92444003,1
2022,21,203,0.77204001,1
2022,21,205,0.86527002,1
2022,21,207,0.75591999,1
2022,21,209,0.83482999,1
2022,21,211,0.88164997,1
2022,21,213,0.84390002,1
2022,21,215,1.01521,1
2022,21,217,0.85095,1
2022,21,219,0.78096002,1
2022,21,221,0.86887997,1
2022,21,223,0.83837998,1
2022,21,225,0.82699001,1
2022,21,227,0.84693998,1
2022,21,229,0.86001003,1
2022,21,231,0.64111,1
2022,21,233,0.79433,1
2022,21,235,0.74387002,1
2022,21,237,0.66793001,1
2022,21,239,0.94396001,1
2022,22,001,0.72135001,1
2022,22,003,0.74840999,1
2022,22,005,0.87848997,1
2022,22,007,0.73692,1
2022,22,009,0.62866002,1
2022,22,011,0.82858002,1
2022,22,013,0.56870002,1
2022,22,015,0.68825001,1
2022,22,017,0.56309003,1
2022,22,019,0.76890999,1
2022,22,021,0.71866,1
2022,22,023,0.78324997,1
2022,22,025,0.69221002,1
2022,22,027,0.53834999,1
2022,22,029,0.57236999,1
2022,22,031,0.64191997,1
2022,22,033,0.72828001,1
2022,22,035,0.42721999,1
2022,22,037,0.81941998,1
2022,22,039,0.64047003,1
2022,22,041,0.60131001,1
2022,22,043,0.75945997,1
2022,22,045,0.65674001,1
2022,22,047,0.75871003,1
2022,22,049,0.65794998,1
2022,22,051,0.67338997,1
2022,22,053,0.75457001,1
2022,22,055,0.77750999,1
2022,22,057,0.77956003,1
2022,22,059,0.81308001,1
2022,22,061,0.66459,1
2022,22,063,0.94003999,1
2022,22,065,0.45612001,1
2022,22,067,0.55290002,1
2022,22,069,0.62965,1
2022,22,071,0.76718003,1
2022,22,073,0.65191001,1
2022,22,075,0.81713003,1
2022,22,077,0.75199997,1
2022,22,079,0.69208997,1
2022,22,081,0.54865998,1
2022,22,083,0.61541998,1
2022,22,085,0.68944001,1
2022,22,087,0.68550998,1
2022,22,089,0.82530999,1
2022,22,091,0.61996001,1
2022,22,093,0.80517,1
2022,22,095,0.67254001,1
2022,22,097,0.63002002,1
2022,22,099,0.71564001,1
2022,22,101,0.61085999,1
2022,22,103,0.88546997,1
2022,22,105,0.71471,1
NA,22,107,NA,NA
2022,22,109,0.74675,1
2022,22,111,0.65164,1
2022,22,113,0.81865001,1
2022,22,115,0.84250998,1
2022,22,117,0.62948,1
2022,22,119,0.60824001,1
2022,22,121,0.77104998,1
2022,22,123,0.68151999,1
2022,22,125,0.84362,1
2022,22,127,0.61144,1
2022,23,001,0.79014999,1
2022,23,003,0.75547999,1
2022,23,005,1.05884,1
2022,23,007,0.82718998,1
2022,23,009,0.86374003,1
2022,23,011,0.82814002,1
2022,23,013,0.85984999,1
2022,23,015,0.85930002,1
2022,23,017,0.80254,1
2022,23,019,0.85664999,1
2022,23,021,0.77823001,1
2022,23,023,0.93840998,1
2022,23,025,0.72096997,1
2022,23,027,0.81066,1
2022,23,029,0.70222998,1
2022,23,031,1.01457,1
2022,24,001,0.85816002,1
2022,24,003,1.06954,1
2022,24,005,0.88024998,1
2022,24,009,1.20354,1
2022,24,011,0.81958997,1
2022,24,013,1.20996,1
2022,24,015,0.98762,1
2022,24,017,1.02714,1
2022,24,019,0.67486,1
2022,24,021,1.06832,1
2022,24,023,0.94959998,1
2022,24,025,1.1076,1
2022,24,027,1.1458499,1
2022,24,029,0.91715997,1
2022,24,031,0.99388999,1
2022,24,033,0.83344001,1
2022,24,035,1.07447,1
2022,24,037,1.06085,1
2022,24,039,0.70286,1
2022,24,041,0.85333002,1
2022,24,043,0.91908997,1
2022,24,045,0.72296,1
2022,24,047,0.96828002,1
2022,24,510,0.72158003,1
2022,25,001,1.06256,1
2022,25,003,0.89658999,1
2022,25,005,0.80197001,1
2022,25,007,0.91086,1
2022,25,009,0.80094999,1
2022,25,011,1.0703,1
2022,25,013,0.62908,1
2022,25,015,1.1361901,1
2022,25,017,1.01036,1
2022,25,019,0.69371998,1
2022,25,021,1.19322,1
2022,25,023,1.0186,1
2022,25,025,0.84057999,1
2022,25,027,0.93479002,1
2022,26,001,0.72495002,1
2022,26,003,0.89855999,1
2022,26,005,0.90799999,1
2022,26,007,0.74457002,1
2022,26,009,0.79009998,1
2022,26,011,0.68506002,1
2022,26,013,0.74835998,1
2022,26,015,0.91921997,1
2022,26,017,0.76617002,1
2022,26,019,0.8233,1
2022,26,021,0.71069998,1
2022,26,023,0.70953,1
2022,26,025,0.68671,1
2022,26,027,0.74438,1
2022,26,029,0.85376,1
2022,26,031,0.75452,1
2022,26,033,0.81931001,1
2022,26,035,0.68102002,1
2022,26,037,0.95652002,1
2022,26,039,0.72381002,1
2022,26,041,0.79878998,1
2022,26,043,0.85292,1
2022,26,045,0.88549,1
2022,26,047,0.89324999,1
2022,26,049,0.63094997,1
2022,26,051,0.74675,1
2022,26,053,0.79926997,1
2022,26,055,0.96485001,1
2022,26,057,0.78051001,1
2022,26,059,0.75218999,1
2022,26,061,0.98352998,1
2022,26,063,0.79988998,1
2022,26,065,0.84715003,1
2022,26,067,0.84526002,1
2022,26,069,0.71617001,1
2022,26,071,0.79663002,1
2022,26,073,0.83946002,1
2022,26,075,0.76345003,1
2022,26,077,0.85193002,1
2022,26,079,0.74430001,1
2022,26,081,0.86475998,1
NA,26,083,NA,NA
2022,26,085,0.57981002,1
2022,26,087,0.87651998,1
2022,26,089,1.03026,1
2022,26,091,0.84977001,1
2022,26,093,1.1063499,1
2022,26,095,0.75418001,1
2022,26,097,0.8344,1
2022,26,099,0.82560998,1
2022,26,101,0.78073001,1
2022,26,103,1.00454,1
2022,26,105,0.77788001,1
2022,26,107,0.80195999,1
2022,26,109,0.78579998,1
2022,26,111,0.89341003,1
2022,26,113,0.71429002,1
2022,26,115,0.89091003,1
2022,26,117,0.80910999,1
2022,26,119,0.75325,1
2022,26,121,0.73636001,1
2022,26,123,0.78179002,1
2022,26,125,0.9016,1
2022,26,127,0.69225001,1
2022,26,129,0.71077001,1
2022,26,131,0.89139998,1
2022,26,133,0.71890002,1
2022,26,135,0.71429998,1
2022,26,137,0.80593002,1
2022,26,139,0.98351997,1
2022,26,141,0.78723001,1
2022,26,143,0.7439,1
2022,26,145,0.66187,1
2022,26,147,0.81867999,1
2022,26,149,0.74633998,1
2022,26,151,0.76402003,1
2022,26,153,0.74065,1
2022,26,155,0.84719998,1
2022,26,157,0.76156002,1
2022,26,159,0.77098,1
2022,26,161,1.06823,1
2022,26,163,0.61658001,1
2022,26,165,0.70775002,1
2022,27,001,1.0183001,1
2022,27,003,1.03045,1
2022,27,005,0.98914999,1
2022,27,007,0.75983,1
2022,27,009,1.17286,1
2022,27,011,1.17421,1
2022,27,013,1.13203,1
2022,27,015,1.14209,1
2022,27,017,1.02415,1
2022,27,019,1.2180099,1
2022,27,021,0.77647001,1
2022,27,023,0.86171001,1
2022,27,025,1.20342,1
2022,27,027,1.04096,1
2022,27,029,0.93194002,1
2022,27,031,1.13227,1
2022,27,033,0.86575001,1
2022,27,035,1.04995,1
2022,27,037,1.07026,1
2022,27,039,1.1513799,1
2022,27,041,1.17767,1
2022,27,043,0.92145002,1
2022,27,045,1.19946,1
2022,27,047,0.89091998,1
2022,27,049,1.15031,1
2022,27,051,1.15798,1
2022,27,053,0.97632003,1
2022,27,055,1.1802,1
2022,27,057,0.99961001,1
2022,27,059,1.1776201,1
2022,27,061,0.97575998,1
2022,27,063,1.06769,1
2022,27,065,0.99628001,1
2022,27,067,0.89806002,1
2022,27,069,1.21296,1
2022,27,071,0.96885002,1
2022,27,073,1.20034,1
2022,27,075,1.1386,1
2022,27,077,1.12264,1
2022,27,079,1.09262,1
2022,27,081,1.20188,1
2022,27,083,1.01829,1
2022,27,085,1.1631,1
2022,27,087,0.58665001,1
2022,27,089,1.1634099,1
2022,27,091,0.9472,1
2022,27,093,1.13625,1
2022,27,095,1.08468,1
2022,27,097,1.02246,1
2022,27,099,0.80070001,1
2022,27,101,1.09631,1
2022,27,103,1.16146,1
2022,27,105,0.65442997,1
2022,27,107,1.04493,1
2022,27,109,1.11134,1
2022,27,111,1.0625401,1
2022,27,113,1.06635,1
2022,27,115,0.99388999,1
2022,27,117,0.99159998,1
2022,27,119,1.0387599,1
2022,27,121,1.1796499,1
2022,27,123,0.85487002,1
2022,27,125,1.13307,1
2022,27,127,1.07268,1
2022,27,129,1.03032,1
2022,27,131,1.0545,1
2022,27,133,1.13959,1
2022,27,135,1.03732,1
2022,27,137,1.02886,1
2022,27,139,1.08085,1
2022,27,141,1.13634,1
2022,27,143,1.05668,1
2022,27,145,1.0326101,1
2022,27,147,1.02923,1
2022,27,149,0.95367002,1
2022,27,151,1.00713,1
2022,27,153,0.91159999,1
2022,27,155,1.02214,1
2022,27,157,1.1791199,1
2022,27,159,1.04469,1
2022,27,161,1.06423,1
2022,27,163,1.1604199,1
2022,27,165,0.81116003,1
2022,27,167,1.10428,1
2022,27,169,1.1096801,1
2022,27,171,1.25228,1
2022,27,173,1.08412,1
2022,28,001,0.52726001,1
2022,28,003,0.68052,1
2022,28,005,0.60856998,1
2022,28,007,0.58020997,1
2022,28,009,0.70244002,1
2022,28,011,0.55483001,1
2022,28,013,0.60247999,1
2022,28,015,0.65749002,1
2022,28,017,0.57459998,1
2022,28,019,0.69454998,1
2022,28,021,0.43199,1
2022,28,023,0.70547998,1
2022,28,025,0.54637003,1
2022,28,027,0.43441999,1
2022,28,029,0.56206,1
2022,28,031,0.62176001,1
2022,28,033,0.69832999,1
2022,28,035,0.69357002,1
2022,28,037,0.64894003,1
2022,28,039,0.78865999,1
2022,28,041,0.72386003,1
2022,28,043,0.60509998,1
2022,28,045,0.73575002,1
2022,28,047,0.69721001,1
2022,28,049,0.60742003,1
2022,28,051,0.45950001,1
2022,28,053,0.4305,1
NA,28,055,NA,NA
2022,28,057,0.81233001,1
2022,28,059,0.68848997,1
2022,28,061,0.61036003,1
NA,28,063,NA,NA
2022,28,065,0.54497999,1
2022,28,067,0.62312001,1
2022,28,069,0.56220001,1
2022,28,071,0.86812001,1
2022,28,073,0.78457999,1
2022,28,075,0.62093002,1
2022,28,077,0.68703002,1
2022,28,079,0.58191001,1
2022,28,081,0.67948997,1
2022,28,083,0.48482001,1
2022,28,085,0.66824001,1
2022,28,087,0.65670002,1
2022,28,089,0.69121999,1
2022,28,091,0.64744002,1
2022,28,093,0.71250999,1
2022,28,095,0.68526,1
2022,28,097,0.61407,1
2022,28,099,0.57703,1
2022,28,101,0.64459002,1
2022,28,103,0.50427002,1
2022,28,105,0.75051999,1
2022,28,107,0.59382999,1
2022,28,109,0.76780999,1
2022,28,111,0.76682001,1
2022,28,113,0.52130002,1
2022,28,115,0.70828998,1
2022,28,117,0.71544999,1
2022,28,119,0.48859999,1
2022,28,121,0.86145997,1
2022,28,123,0.55216998,1
NA,28,125,NA,NA
2022,28,127,0.70289999,1
2022,28,129,0.71680999,1
2022,28,131,0.73018998,1
2022,28,133,0.45051,1
2022,28,135,0.48157001,1
2022,28,137,0.73935997,1
2022,28,139,0.71019,1
2022,28,141,0.75365001,1
2022,28,143,0.43650001,1
2022,28,145,0.75875002,1
2022,28,147,0.57837999,1
2022,28,149,0.64959002,1
2022,28,151,0.46313,1
2022,28,153,0.67897999,1
2022,28,155,0.77095997,1
2022,28,157,0.51727998,1
2022,28,159,0.57770002,1
2022,28,161,0.63774002,1
2022,28,163,0.51337999,1
2022,29,001,0.88072002,1
2022,29,003,1.05957,1
2022,29,005,0.97996002,1
2022,29,007,0.79408002,1
2022,29,009,0.73288,1
2022,29,011,0.82981002,1
2022,29,013,0.91988999,1
2022,29,015,0.80689001,1
2022,29,017,0.80588001,1
2022,29,019,0.9393,1
2022,29,021,0.78388,1
2022,29,023,0.69722998,1
2022,29,025,0.97439998,1
2022,29,027,0.87033999,1
2022,29,029,0.87019002,1
2022,29,031,0.88044,1
2022,29,033,0.88050002,1
2022,29,035,0.74786001,1
2022,29,037,0.97582,1
2022,29,039,0.84109002,1
2022,29,041,0.97096997,1
2022,29,043,0.99311,1
2022,29,045,0.79117,1
2022,29,047,0.96674001,1
2022,29,049,0.98892999,1
2022,29,051,0.90219998,1
2022,29,053,0.86589003,1
2022,29,055,0.74965,1
2022,29,057,0.84232002,1
2022,29,059,0.80125999,1
2022,29,061,0.93577999,1
2022,29,063,1.02937,1
2022,29,065,0.72649997,1
NA,29,067,NA,NA
2022,29,069,0.62049001,1
2022,29,071,0.91658002,1
2022,29,073,0.92989999,1
2022,29,075,0.97992003,1
2022,29,077,0.87432998,1
2022,29,079,0.87336999,1
2022,29,081,0.91350001,1
2022,29,083,0.85105002,1
2022,29,085,0.81704003,1
2022,29,087,1.0117,1
2022,29,089,0.91316003,1
2022,29,091,0.72566998,1
2022,29,093,0.71837997,1
2022,29,095,0.79030001,1
2022,29,097,0.77467,1
2022,29,099,0.97249001,1
2022,29,101,1.00211,1
2022,29,103,0.90811998,1
2022,29,105,0.73505002,1
2022,29,107,0.94313997,1
2022,29,109,0.78855997,1
2022,29,111,0.89155,1
2022,29,113,0.97053999,1
2022,29,115,0.92702001,1
2022,29,117,0.89129001,1
2022,29,119,0.66126001,1
2022,29,121,0.88959002,1
2022,29,123,0.78100002,1
2022,29,125,0.90549999,1
2022,29,127,0.78915,1
2022,29,129,0.92129999,1
2022,29,131,0.79863,1
2022,29,133,0.59868002,1
2022,29,135,0.84129,1
2022,29,137,0.90342999,1
2022,29,139,0.87689,1
2022,29,141,0.76003999,1
2022,29,143,0.66044003,1
2022,29,145,0.75031,1
2022,29,147,1.0439399,1
2022,29,149,0.75041997,1
2022,29,151,1.02957,1
2022,29,153,0.75700003,1
2022,29,155,0.58319998,1
2022,29,157,0.88116997,1
2022,29,159,0.73417002,1
2022,29,161,0.84004998,1
2022,29,163,0.84051001,1
2022,29,165,1.04626,1
2022,29,167,0.83244002,1
2022,29,169,0.90042001,1
2022,29,171,0.86056,1
2022,29,173,0.89137,1
2022,29,175,0.79058999,1
2022,29,177,0.90482998,1
2022,29,179,0.75088,1
2022,29,181,0.70137,1
2022,29,183,1.0878201,1
2022,29,185,0.82225001,1
2022,29,186,0.91892999,1
2022,29,187,0.79751003,1
2022,29,189,0.78839999,1
2022,29,195,0.73493999,1
2022,29,197,0.86242998,1
2022,29,199,0.91273999,1
2022,29,201,0.73604,1
2022,29,203,0.68295002,1
2022,29,205,0.91101003,1
2022,29,207,0.80798,1
2022,29,209,0.81120002,1
2022,29,211,0.72105998,1
2022,29,213,0.78805,1
2022,29,215,0.72820997,1
2022,29,217,0.79631001,1
2022,29,219,0.94367999,1
2022,29,221,0.70084,1
2022,29,223,0.71184999,1
2022,29,225,0.87809998,1
2022,29,227,0.97425997,1
2022,29,229,0.72918999,1
2022,29,510,0.70038998,1
2022,30,001,0.96219999,1
2022,30,003,0.48414001,1
2022,30,005,0.55576998,1
2022,30,007,0.91826999,1
2022,30,009,1.074,1
NA,30,011,NA,NA
2022,30,013,0.8251,1
2022,30,015,0.98580998,1
2022,30,017,0.94387001,1
2022,30,019,1.1474,1
2022,30,021,1.01449,1
2022,30,023,0.81221002,1
2022,30,025,1.07262,1
2022,30,027,0.91623002,1
2022,30,029,0.91574001,1
2022,30,031,1.13998,1
NA,30,033,NA,NA
2022,30,035,0.45486999,1
NA,30,037,NA,NA
2022,30,039,1.04951,1
2022,30,041,0.64911997,1
2022,30,043,0.93286002,1
NA,30,045,NA,NA
2022,30,047,0.66709,1
2022,30,049,0.91167003,1
NA,30,051,NA,NA
2022,30,053,0.79514003,1
2022,30,055,1.13685,1
2022,30,057,1.1015199,1
2022,30,059,0.97684997,1
2022,30,061,0.80008,1
2022,30,063,0.99296999,1
2022,30,065,0.93646002,1
2022,30,067,1.0350699,1
NA,30,069,NA,NA
2022,30,071,0.95931,1
2022,30,073,0.83607,1
NA,30,075,NA,NA
2022,30,077,0.78983003,1
NA,30,079,NA,NA
2022,30,081,0.93080997,1
2022,30,083,0.97873998,1
2022,30,085,0.54457998,1
2022,30,087,0.66921997,1
2022,30,089,0.83388001,1
2022,30,091,1.04522,1
2022,30,093,0.75958002,1
2022,30,095,1.00655,1
2022,30,097,1.0379699,1
2022,30,099,1.00205,1
2022,30,101,0.84884,1
NA,30,103,NA,NA
2022,30,105,0.97478002,1
NA,30,107,NA,NA
NA,30,109,NA,NA
2022,30,111,0.8768,1
2022,31,001,0.88799,1
2022,31,003,1.11277,1
NA,31,005,NA,NA
NA,31,007,NA,NA
NA,31,009,NA,NA
2022,31,011,1.11061,1
2022,31,013,0.91351002,1
2022,31,015,1.09176,1
2022,31,017,0.97577,1
2022,31,019,1.02719,1
2022,31,021,1.08513,1
2022,31,023,1.06416,1
2022,31,025,1.11209,1
2022,31,027,1.22321,1
2022,31,029,0.98749,1
2022,31,031,0.986,1
2022,31,033,0.98580998,1
2022,31,035,1.03207,1
2022,31,037,0.57292002,1
2022,31,039,0.97847998,1
2022,31,041,1.03036,1
2022,31,043,0.62869,1
2022,31,045,1.02863,1
2022,31,047,0.67014998,1
2022,31,049,1.0208,1
2022,31,051,0.98905998,1
2022,31,053,0.83293998,1
2022,31,055,0.80927998,1
2022,31,057,1.04444,1
2022,31,059,1.07819,1
2022,31,061,1.1055,1
2022,31,063,1.0855401,1
2022,31,065,1.06473,1
2022,31,067,0.92404997,1
NA,31,069,NA,NA
2022,31,071,1.17126,1
2022,31,073,1.06101,1
NA,31,075,NA,NA
2022,31,077,1.15053,1
2022,31,079,0.66930002,1
2022,31,081,1.08571,1
2022,31,083,1.1057301,1
NA,31,085,NA,NA
2022,31,087,1.03206,1
2022,31,089,1.03485,1
NA,31,091,NA,NA
2022,31,093,1.07802,1
2022,31,095,0.85825002,1
2022,31,097,0.79079002,1
2022,31,099,1.09842,1
2022,31,101,0.97583997,1
NA,31,103,NA,NA
2022,31,105,0.96209002,1
2022,31,107,0.96733999,1
2022,31,109,0.96534002,1
2022,31,111,0.89218998,1
NA,31,113,NA,NA
NA,31,115,NA,NA
NA,31,117,NA,NA
2022,31,119,0.92909002,1
2022,31,121,1.11498,1
2022,31,123,0.90884,1
2022,31,125,1.11717,1
2022,31,127,1.02378,1
2022,31,129,0.99331999,1
2022,31,131,0.92979997,1
2022,31,133,1.03197,1
2022,31,135,1.14323,1
2022,31,137,1.01046,1
2022,31,139,1.16286,1
2022,31,141,0.79223001,1
2022,31,143,1.08955,1
2022,31,145,0.97069001,1
2022,31,147,0.95959997,1
NA,31,149,NA,NA
2022,31,151,0.72569001,1
2022,31,153,1.02101,1
2022,31,155,1.14193,1
2022,31,157,0.82388997,1
2022,31,159,1.1193399,1
2022,31,161,0.89170003,1
2022,31,163,0.96961999,1
NA,31,165,NA,NA
2022,31,167,1.06601,1
2022,31,169,0.99821001,1
NA,31,171,NA,NA
2022,31,173,0.53644001,1
2022,31,175,1.07447,1
2022,31,177,1.14897,1
2022,31,179,1.0376101,1
2022,31,181,1.00416,1
NA,31,183,NA,NA
2022,31,185,1.00359,1
2022,32,001,0.82966,1
2022,32,003,0.73276001,1
2022,32,005,0.96063,1
2022,32,007,0.89293998,1
NA,32,009,NA,NA
2022,32,011,0.85731,1
2022,32,013,0.87821001,1
2022,32,015,0.94035,1
2022,32,017,0.93839002,1
2022,32,019,0.79903001,1
NA,32,021,NA,NA
2022,32,023,0.74346,1
2022,32,027,0.77140999,1
2022,32,029,0.81353003,1
2022,32,031,0.80659002,1
2022,32,033,0.84535998,1
2022,32,510,0.76688999,1
2022,33,001,1.08412,1
2022,33,003,1.0821199,1
2022,33,005,1.07577,1
2022,33,007,0.90846002,1
2022,33,009,1.0929,1
2022,33,011,1.05302,1
2022,33,013,1.1284,1
2022,33,015,1.3597,1
2022,33,017,1.13405,1
2022,33,019,0.95567,1
2022,34,001,0.75431001,1
2022,34,003,1.0269099,1
2022,34,005,0.97755998,1
2022,34,007,0.76767999,1
2022,34,009,0.94268,1
2022,34,011,0.66140997,1
2022,34,013,0.63766998,1
2022,34,015,1.01538,1
2022,34,017,0.81652999,1
2022,34,019,1.1822799,1
2022,34,021,0.56733,1
2022,34,023,0.85285997,1
2022,34,025,0.94753999,1
2022,34,027,1.08737,1
2022,34,029,0.99555999,1
2022,34,031,0.59579003,1
2022,34,033,0.86607999,1
2022,34,035,1.00537,1
2022,34,037,1.25775,1
2022,34,039,0.69148999,1
2022,34,041,1.13434,1
2022,35,001,0.66459,1
NA,35,003,NA,NA
2022,35,005,0.57494998,1
2022,35,006,0.46673,1
2022,35,007,0.64099997,1
2022,35,009,0.66850001,1
NA,35,011,NA,NA
2022,35,013,0.59858,1
2022,35,015,0.74067003,1
2022,35,017,0.56770003,1
2022,35,019,0.59342998,1
NA,35,021,NA,NA
2022,35,023,0.63405001,1
2022,35,025,0.6886,1
2022,35,027,0.68344003,1
2022,35,028,1.1156501,1
2022,35,029,0.46496999,1
2022,35,031,0.41604,1
NA,35,033,NA,NA
2022,35,035,0.73474002,1
2022,35,037,0.57808,1
2022,35,039,0.44734001,1
2022,35,041,0.68822998,1
2022,35,043,0.74976999,1
2022,35,045,0.59600002,1
2022,35,047,0.4998,1
2022,35,049,0.62910998,1
2022,35,051,0.57985997,1
2022,35,053,0.53258002,1
2022,35,055,0.70545,1
2022,35,057,0.65758002,1
2022,35,059,0.72306001,1
2022,35,061,0.55430001,1
2022,36,001,0.87391001,1
2022,36,003,0.77829999,1
2022,36,005,0.68067002,1
2022,36,007,0.81244999,1
2022,36,009,0.75652999,1
2022,36,011,0.81484997,1
2022,36,013,0.69059998,1
2022,36,015,0.73575002,1
2022,36,017,0.79185998,1
2022,36,019,0.84636998,1
2022,36,021,0.88366997,1
2022,36,023,0.80005997,1
2022,36,025,0.85110998,1
2022,36,027,0.95771003,1
2022,36,029,0.75937998,1
2022,36,031,0.86543,1
2022,36,033,0.76937002,1
2022,36,035,0.7155,1
2022,36,037,0.90377998,1
2022,36,039,0.87491,1
2022,36,041,1.0166,1
2022,36,043,0.78821999,1
2022,36,045,0.87980002,1
2022,36,047,0.77451998,1
2022,36,049,0.86748999,1
2022,36,051,0.90139002,1
2022,36,053,0.89937001,1
2022,36,055,0.71841002,1
2022,36,057,0.73624003,1
2022,36,059,0.95231003,1
2022,36,061,0.82734001,1
2022,36,063,0.85018998,1
2022,36,065,0.75343001,1
2022,36,067,0.77278,1
2022,36,069,0.91204,1
2022,36,071,0.84834999,1
2022,36,073,0.80096,1
2022,36,075,0.78162998,1
2022,36,077,0.88191998,1
2022,36,079,1.03351,1
2022,36,081,0.77995998,1
2022,36,083,0.87690002,1
2022,36,085,0.93111998,1
2022,36,087,0.71461999,1
2022,36,089,0.79506999,1
2022,36,091,1.03073,1
2022,36,093,0.83007997,1
2022,36,095,0.88620001,1
2022,36,097,0.79557002,1
2022,36,099,0.82130003,1
2022,36,101,0.77209002,1
2022,36,103,0.94288999,1
2022,36,105,0.77954,1
2022,36,107,0.83236003,1
2022,36,109,1.05003,1
2022,36,111,0.90713,1
2022,36,113,0.91123003,1
2022,36,115,0.83695,1
2022,36,117,0.84524,1
2022,36,119,0.81660002,1
2022,36,121,0.91834998,1
2022,36,123,0.83705002,1
2022,37,001,0.61148,1
2022,37,003,0.63590997,1
2022,37,005,0.56276,1
2022,37,007,0.46175,1
2022,37,009,0.63370001,1
2022,37,011,0.73922002,1
2022,37,013,0.56181002,1
2022,37,015,0.53906,1
2022,37,017,0.45526001,1
2022,37,019,0.72191,1
2022,37,021,0.80628997,1
2022,37,023,0.54716003,1
2022,37,025,0.73873001,1
2022,37,027,0.55425,1
2022,37,029,0.92234999,1
2022,37,031,0.80018997,1
2022,37,033,0.56954002,1
2022,37,035,0.64618999,1
2022,37,037,0.63848001,1
2022,37,039,0.61150998,1
2022,37,041,0.56221998,1
2022,37,043,0.68169999,1
2022,37,045,0.55795997,1
2022,37,047,0.44911999,1
2022,37,049,0.73456001,1
2022,37,051,0.68410999,1
2022,37,053,0.90688998,1
2022,37,055,0.87639999,1
2022,37,057,0.57999998,1
2022,37,059,0.70682001,1
2022,37,061,0.4862,1
2022,37,063,0.73408002000000006,1
2022,37,065,0.45456001,1
2022,37,067,0.64214998,1
2022,37,069,0.76798999,1
2022,37,071,0.62857002,1
2022,37,073,0.76517999,1
2022,37,075,0.58879,1
2022,37,077,0.61255997,1
2022,37,079,0.50579,1
2022,37,081,0.66260999,1
2022,37,083,0.45603999,1
2022,37,085,0.68665999,1
2022,37,087,0.65478998,1
2022,37,089,0.70547003,1
2022,37,091,0.54784,1
2022,37,093,0.67730999,1
2022,37,095,0.60378999,1
2022,37,097,0.74871999,1
2022,37,099,0.68485999,1
2022,37,101,0.70789999,1
2022,37,103,0.67894,1
2022,37,105,0.63221997,1
2022,37,107,0.51138997,1
2022,37,109,0.73951,1
2022,37,111,0.50920999,1
2022,37,113,0.61914998,1
2022,37,115,0.62162,1
2022,37,117,0.53527999,1
2022,37,119,0.69432002,1
2022,37,121,0.57977003,1
2022,37,123,0.49377999,1
2022,37,125,0.78341001,1
2022,37,127,0.53665,1
2022,37,129,0.84261,1
2022,37,131,0.49340001,1
2022,37,133,0.87911999,1
2022,37,135,1.00869,1
2022,37,137,0.65873998,1
2022,37,139,0.66816998,1
2022,37,141,0.73663998,1
2022,37,143,0.67325002,1
2022,37,145,0.62191999,1
2022,37,147,0.63674998,1
2022,37,149,0.74510998,1
2022,37,151,0.59280002,1
2022,37,153,0.43776,1
2022,37,155,0.36258,1
2022,37,157,0.5424,1
2022,37,159,0.65586001,1
2022,37,161,0.56173003,1
2022,37,163,0.45984,1
2022,37,165,0.39579999,1
2022,37,167,0.71094,1
2022,37,169,0.64993,1
2022,37,171,0.56948,1
2022,37,173,0.52556998,1
2022,37,175,0.71653003,1
NA,37,177,NA,NA
2022,37,179,0.76831001,1
2022,37,181,0.44448,1
2022,37,183,0.87829,1
2022,37,185,0.49867001,1
2022,37,187,0.47264999,1
2022,37,189,0.93870002,1
2022,37,191,0.56178999,1
2022,37,193,0.56142002,1
2022,37,195,0.55903,1
2022,37,197,0.60162002,1
2022,37,199,0.57858002,1
2022,38,001,1.1501499,1
2022,38,003,1.13077,1
2022,38,005,0.52886999,1
NA,38,007,NA,NA
2022,38,009,1.09551,1
2022,38,011,1.12242,1
2022,38,013,1.20022,1
2022,38,015,1.02599,1
2022,38,017,1.0505199,1
2022,38,019,1.18753,1
2022,38,021,1.18812,1
2022,38,023,1.1331199,1
2022,38,025,0.96776998,1
2022,38,027,0.90284997,1
2022,38,029,1.10806,1
2022,38,031,1.18168,1
2022,38,033,1.19318,1
2022,38,035,1.07225,1
2022,38,037,1.10545,1
2022,38,039,1.17641,1
2022,38,041,1.16316,1
2022,38,043,1.17696,1
2022,38,045,1.2376699,1
NA,38,047,NA,NA
2022,38,049,1.17722,1
2022,38,051,1.17327,1
2022,38,053,0.84794998,1
2022,38,055,1.13799,1
2022,38,057,1.15844,1
2022,38,059,0.96066999,1
2022,38,061,0.79137999,1
2022,38,063,1.12535,1
2022,38,065,1.05109,1
2022,38,067,1.1064,1
2022,38,069,1.17816,1
2022,38,071,0.89409,1
2022,38,073,1.19326,1
2022,38,075,1.1142499,1
2022,38,077,1.06183,1
2022,38,079,0.54341,1
2022,38,081,1.12652,1
NA,38,083,NA,NA
2022,38,085,0.44782999,1
NA,38,087,NA,NA
2022,38,089,1.04264,1
NA,38,091,NA,NA
2022,38,093,1.04766,1
2022,38,095,1.0874799,1
2022,38,097,1.15844,1
2022,38,099,0.98212999,1
2022,38,101,1.03633,1
2022,38,103,1.16505,1
2022,38,105,0.93216997,1
2022,39,001,0.70907998,1
2022,39,003,0.74994999,1
2022,39,005,0.84399998,1
2022,39,007,0.66042,1
2022,39,009,0.82167,1
2022,39,011,0.99730998,1
2022,39,013,0.81888002,1
2022,39,015,0.81642002,1
2022,39,017,0.74945003,1
2022,39,019,0.81195003,1
2022,39,021,0.83530998,1
2022,39,023,0.65981001,1
2022,39,025,0.92811,1
2022,39,027,0.80985999,1
2022,39,029,0.72987998,1
2022,39,031,0.67357999,1
2022,39,033,0.72738999,1
2022,39,035,0.70183003,1
2022,39,037,0.86445999,1
2022,39,039,0.85663998,1
2022,39,041,1.0463099,1
2022,39,043,0.75787002,1
2022,39,045,0.86900002,1
2022,39,047,0.71192998,1
2022,39,049,0.79273999,1
2022,39,051,0.92549998,1
2022,39,053,0.70699,1
2022,39,055,1.07594,1
2022,39,057,0.86914998,1
2022,39,059,0.75321001,1
2022,39,061,0.70008999,1
2022,39,063,0.89083999,1
2022,39,065,0.81193,1
2022,39,067,0.73277003,1
2022,39,069,0.92720002,1
2022,39,071,0.73097003,1
2022,39,073,0.74777001,1
2022,39,075,0.84948999,1
2022,39,077,0.75757003,1
2022,39,079,0.65818,1
2022,39,081,0.73128003,1
2022,39,083,0.86973,1
2022,39,085,0.90890998,1
2022,39,087,0.72838998,1
2022,39,089,0.83693999,1
2022,39,091,0.8348,1
2022,39,093,0.73821998,1
2022,39,095,0.62805003,1
2022,39,097,0.81291997,1
2022,39,099,0.67082,1
2022,39,101,0.67791998,1
2022,39,103,1.0374399,1
2022,39,105,0.72807002,1
2022,39,107,1.00626,1
2022,39,109,0.84397,1
2022,39,111,0.85277998,1
2022,39,113,0.69151998,1
2022,39,115,0.68515003,1
2022,39,117,0.86496001,1
2022,39,119,0.7755,1
2022,39,121,0.81796998,1
2022,39,123,0.90588999,1
2022,39,125,0.84733999,1
2022,39,127,0.80677003,1
2022,39,129,0.82278001,1
2022,39,131,0.66828001,1
2022,39,133,0.90020001,1
2022,39,135,0.86185998,1
2022,39,137,1.0652601,1
2022,39,139,0.70231003,1
2022,39,141,0.70226997,1
2022,39,143,0.77818,1
2022,39,145,0.67526001,1
2022,39,147,0.78896999,1
2022,39,149,0.83661997,1
2022,39,151,0.73763001,1
2022,39,153,0.73465002,1
2022,39,155,0.68054003,1
2022,39,157,0.79400998,1
2022,39,159,1.0073299,1
2022,39,161,0.85885,1
2022,39,163,0.64091998,1
2022,39,165,1.00939,1
2022,39,167,0.82717001,1
2022,39,169,0.85602999,1
2022,39,171,0.83604002,1
2022,39,173,0.95169997,1
2022,39,175,0.85679001,1
2022,40,001,0.56884998,1
2022,40,003,0.97180998,1
2022,40,005,0.74085999,1
2022,40,007,0.85790002,1
2022,40,009,0.79718,1
2022,40,011,0.78219002,1
2022,40,013,0.76130998,1
2022,40,015,0.71758002,1
2022,40,017,0.8969,1
2022,40,019,0.73022002,1
2022,40,021,0.72100002,1
2022,40,023,0.65806001,1
2022,40,025,0.88417,1
2022,40,027,0.87399,1
2022,40,029,0.78437001,1
2022,40,031,0.76792997,1
2022,40,033,0.81432003,1
2022,40,035,0.76392001,1
2022,40,037,0.78388,1
2022,40,039,0.81513,1
2022,40,041,0.69872999,1
2022,40,043,1.0147001,1
2022,40,045,0.91093999,1
2022,40,047,0.74176002,1
2022,40,049,0.80202001,1
2022,40,051,0.84030002,1
2022,40,053,1.00205,1
2022,40,055,0.78727001,1
2022,40,057,0.70244998,1
2022,40,059,0.87738001,1
2022,40,061,0.73275,1
2022,40,063,0.67249,1
2022,40,065,0.76111001,1
2022,40,067,0.79698002,1
2022,40,069,0.77030998,1
2022,40,071,0.71648997,1
2022,40,073,0.87247002,1
2022,40,075,0.74449998,1
2022,40,077,0.83036,1
2022,40,079,0.73620999,1
2022,40,081,0.85468,1
2022,40,083,0.88113999,1
2022,40,085,0.76358002,1
2022,40,087,0.93167001,1
2022,40,089,0.63761002,1
2022,40,091,0.72637999,1
2022,40,093,0.92264998,1
2022,40,095,0.71557999,1
2022,40,097,0.76169002,1
2022,40,099,0.82839,1
2022,40,101,0.66659999,1
2022,40,103,0.84243,1
2022,40,105,0.80958003,1
2022,40,107,0.68790001,1
2022,40,109,0.70977998,1
2022,40,111,0.71116,1
2022,40,113,0.82165998,1
2022,40,115,0.67198002,1
2022,40,117,0.80603999,1
2022,40,119,0.95532,1
2022,40,121,0.76336002,1
2022,40,123,0.79229999,1
2022,40,125,0.76410002,1
2022,40,127,0.71293998,1
2022,40,129,0.91150999,1
2022,40,131,0.86802,1
2022,40,133,0.64942998,1
2022,40,135,0.71340001,1
2022,40,137,0.81597,1
2022,40,139,0.63112003,1
2022,40,141,0.68554997,1
2022,40,143,0.73294997,1
2022,40,145,0.87896001,1
2022,40,147,0.82841998,1
2022,40,149,0.80930001,1
2022,40,151,1.0228,1
2022,40,153,0.80843002,1
2022,41,001,0.74776,1
2022,41,003,1.02566,1
2022,41,005,0.97426999,1
2022,41,007,0.85488999,1
2022,41,009,0.89573002,1
2022,41,011,0.70731997,1
2022,41,013,0.79209,1
2022,41,015,0.76620001,1
2022,41,017,0.96754998,1
2022,41,019,0.68304002,1
2022,41,021,0.87222999,1
2022,41,023,0.82319999,1
2022,41,025,0.78446001,1
2022,41,027,0.78618997,1
2022,41,029,0.75441003,1
2022,41,031,0.60784,1
2022,41,033,0.72365999,1
2022,41,035,0.68084002,1
2022,41,037,0.71856999,1
2022,41,039,0.83085001,1
2022,41,041,0.7281,1
2022,41,043,0.81481999,1
2022,41,045,0.59495997,1
2022,41,047,0.72185999,1
2022,41,049,0.60996997,1
2022,41,051,0.91854,1
2022,41,053,0.84210998,1
2022,41,055,0.88849998,1
2022,41,057,0.75831997,1
2022,41,059,0.66812998,1
2022,41,061,0.78798002,1
2022,41,063,0.91021001,1
2022,41,065,0.75089002,1
2022,41,067,0.97408998,1
NA,41,069,NA,NA
2022,41,071,0.85421002,1
2022,42,001,0.97083998,1
2022,42,003,0.88018,1
2022,42,005,0.87656999,1
2022,42,007,0.86811,1
2022,42,009,0.84540998999999994,1
2022,42,011,0.78762001,1
2022,42,013,0.78536999,1
2022,42,015,0.81533998,1
2022,42,017,1.0862,1
2022,42,019,1.00737,1
2022,42,021,0.80493999,1
2022,42,023,0.78442001,1
2022,42,025,0.94252002,1
2022,42,027,1.077,1
2022,42,029,1.0078,1
2022,42,031,0.815,1
2022,42,033,0.7572,1
2022,42,035,0.81599998,1
2022,42,037,0.90041,1
2022,42,039,0.78702998,1
2022,42,041,0.98786002,1
2022,42,043,0.75862002,1
2022,42,045,0.87858999,1
2022,42,047,0.84274,1
2022,42,049,0.74436998,1
2022,42,051,0.72009999,1
2022,42,053,0.83029997,1
2022,42,055,0.85508001,1
2022,42,057,0.87519997,1
2022,42,059,0.82053,1
2022,42,061,0.81386,1
2022,42,063,0.85698003,1
2022,42,065,0.79215997,1
2022,42,067,0.85202998,1
2022,42,069,0.83389997,1
2022,42,071,0.88984001,1
2022,42,073,0.8143,1
2022,42,075,0.80646998,1
2022,42,077,0.77371001,1
2022,42,079,0.77534997,1
2022,42,081,0.85042,1
2022,42,083,0.71309,1
2022,42,085,0.78386003,1
2022,42,087,0.76933002,1
2022,42,089,0.98337001,1
2022,42,091,1.05414,1
2022,42,093,1.0483201,1
2022,42,095,0.96735001,1
2022,42,097,0.80321002,1
2022,42,099,0.94691998,1
2022,42,101,0.72140998,1
2022,42,103,1.0429,1
2022,42,105,0.81028003,1
2022,42,107,0.84337002,1
2022,42,109,0.89385003,1
2022,42,111,0.84035999,1
2022,42,113,0.90698999,1
2022,42,115,0.86316001,1
2022,42,117,0.83758998,1
2022,42,119,0.92391998,1
2022,42,121,0.72775,1
2022,42,123,0.76808,1
2022,42,125,0.91777998,1
2022,42,127,0.97128999,1
2022,42,129,0.91854,1
2022,42,131,0.89131999,1
2022,42,133,0.88367999,1
2022,44,001,1.1302299,1
2022,44,003,1.02583,1
2022,44,005,1.029,1
2022,44,007,0.77961999,1
2022,44,009,1.15201,1
2022,45,001,0.58048999,1
2022,45,003,0.63625997,1
2022,45,005,0.36094999,1
2022,45,007,0.63639998,1
2022,45,009,0.46811,1
2022,45,011,0.48780999,1
2022,45,013,0.72795999,1
2022,45,015,0.73764002,1
2022,45,017,0.54623997,1
2022,45,019,0.79374999,1
2022,45,021,0.47005999,1
2022,45,023,0.51235998,1
2022,45,025,0.50814003,1
2022,45,027,0.51820999,1
2022,45,029,0.49731001,1
2022,45,031,0.49919,1
2022,45,033,0.40854001,1
2022,45,035,0.72189999,1
2022,45,037,0.64774001,1
2022,45,039,0.50717998,1
2022,45,041,0.53241998,1
2022,45,043,0.53513998,1
2022,45,045,0.71420002,1
2022,45,047,0.51762003,1
2022,45,049,0.49610999,1
2022,45,051,0.73052001,1
2022,45,053,0.51749998,1
2022,45,055,0.66712999,1
2022,45,057,0.61717999,1
2022,45,059,0.51590002,1
2022,45,061,0.43004999,1
2022,45,063,0.72398001,1
2022,45,065,0.55756003,1
2022,45,067,0.42501,1
2022,45,069,0.38475001,1
2022,45,071,0.54468,1
2022,45,073,0.65385002,1
2022,45,075,0.47217,1
2022,45,077,0.74076003,1
2022,45,079,0.62936002,1
2022,45,081,0.41246,1
2022,45,083,0.63480002,1
2022,45,085,0.54737997,1
2022,45,087,0.46540999,1
2022,45,089,0.44545999,1
2022,45,091,0.75866997,1
2022,46,003,1.01745,1
2022,46,005,0.70385998,1
2022,46,007,0.46919999,1
2022,46,009,1.10237,1
2022,46,011,1.12134,1
2022,46,013,0.97460002,1
2022,46,015,0.93831998,1
NA,46,017,NA,NA
2022,46,019,0.93114001,1
NA,46,021,NA,NA
2022,46,023,0.68909001,1
2022,46,025,1.0449899,1
2022,46,027,1.12011,1
2022,46,029,1.03684,1
2022,46,031,0.42884001,1
2022,46,033,1.03025,1
2022,46,035,0.95797002,1
2022,46,037,1.04679,1
2022,46,039,1.1843801,1
2022,46,041,0.43900999,1
2022,46,043,1.1218899,1
2022,46,045,1.0732,1
2022,46,047,0.90066999,1
2022,46,049,1.2204,1
2022,46,051,0.97103,1
2022,46,053,0.95346999,1
2022,46,055,1.03464,1
2022,46,057,0.94291002,1
2022,46,059,1.20684,1
2022,46,061,1.21354,1
NA,46,063,NA,NA
2022,46,065,0.94766003,1
2022,46,067,1.12265,1
2022,46,069,1.04081,1
2022,46,071,0.51108998,1
2022,46,073,0.99953002,1
NA,46,075,NA,NA
2022,46,077,1.1634099,1
2022,46,079,1.06596,1
2022,46,081,1.0430599,1
2022,46,083,1.15819,1
2022,46,085,0.56233001,1
2022,46,087,1.13397,1
2022,46,089,1.16277,1
2022,46,091,0.89946002,1
2022,46,093,1.00753,1
NA,46,095,NA,NA
2022,46,097,1.19283,1
2022,46,099,0.90403998,1
2022,46,101,0.90495002,1
2022,46,102,0.33048001,1
2022,46,103,0.83902001,1
2022,46,105,1.15097,1
2022,46,107,1.23702,1
2022,46,109,0.65166998,1
2022,46,111,1.01472,1
2022,46,115,1.08323,1
2022,46,117,0.97946,1
NA,46,119,NA,NA
2022,46,121,0.29469001,1
2022,46,123,0.86050999,1
2022,46,125,1.14179,1
2022,46,127,1.1800801,1
2022,46,129,0.84601998,1
2022,46,135,0.93689001,1
NA,46,137,NA,NA
2022,47,001,0.75264001,1
2022,47,003,0.62904,1
2022,47,005,0.63856,1
2022,47,007,0.59378999,1
2022,47,009,0.77205002,1
2022,47,011,0.68295002,1
2022,47,013,0.58462,1
2022,47,015,0.76207,1
2022,47,017,0.69080001,1
2022,47,019,0.60005999,1
2022,47,021,0.84446001,1
2022,47,023,0.75444001,1
2022,47,025,0.60639,1
2022,47,027,0.66702998,1
2022,47,029,0.53513002,1
2022,47,031,0.69243002,1
2022,47,033,0.67750001,1
2022,47,035,0.62562001,1
2022,47,037,0.71960002,1
2022,47,039,0.75637001,1
2022,47,041,0.63034999,1
2022,47,043,0.74438,1
2022,47,045,0.62905002,1
2022,47,047,0.83490002,1
2022,47,049,0.57985002,1
2022,47,051,0.69016999,1
2022,47,053,0.70519,1
2022,47,055,0.66206998,1
2022,47,057,0.59908998,1
2022,47,059,0.59437001,1
2022,47,061,0.60712999,1
2022,47,063,0.56844002,1
2022,47,065,0.75304002,1
2022,47,067,0.51174003,1
2022,47,069,0.59661001,1
2022,47,071,0.69696999,1
2022,47,073,0.59419,1
2022,47,075,0.50795001,1
2022,47,077,0.69380999,1
2022,47,079,0.6868,1
2022,47,081,0.68589997,1
2022,47,083,0.71349001,1
2022,47,085,0.67760998,1
2022,47,087,0.65932,1
2022,47,089,0.69108999,1
2022,47,091,0.5571,1
2022,47,093,0.78470999,1
2022,47,095,0.52592999,1
2022,47,097,0.56652999,1
2022,47,099,0.67153001,1
2022,47,101,0.68299001,1
2022,47,103,0.66999,1
2022,47,105,0.71500999,1
2022,47,107,0.65197998,1
2022,47,109,0.74825001,1
2022,47,111,0.62804002,1
2022,47,113,0.61183,1
2022,47,115,0.63818997,1
2022,47,117,0.72364998,1
2022,47,119,0.80249,1
2022,47,121,0.58504999,1
2022,47,123,0.60153002,1
2022,47,125,0.83792001,1
2022,47,127,0.84228998,1
2022,47,129,0.64822,1
2022,47,131,0.6631,1
2022,47,133,0.70015001,1
2022,47,135,0.68383998,1
2022,47,137,0.66235,1
2022,47,139,0.64074999,1
2022,47,141,0.74646997,1
2022,47,143,0.59630001,1
2022,47,145,0.67638999,1
2022,47,147,0.76104999,1
2022,47,149,0.82494003,1
2022,47,151,0.57778001,1
2022,47,153,0.63419002,1
2022,47,155,0.67552,1
2022,47,157,0.52814001,1
2022,47,159,0.71149999,1
2022,47,161,0.81932002,1
2022,47,163,0.67641002,1
2022,47,165,0.82476002,1
2022,47,167,0.80690002,1
2022,47,169,0.67444003,1
2022,47,171,0.62787998,1
2022,47,173,0.60087001,1
2022,47,175,0.59694999,1
2022,47,177,0.60272002,1
2022,47,179,0.74717999,1
2022,47,181,0.68234003,1
2022,47,183,0.76284999,1
2022,47,185,0.62506998,1
2022,47,187,1.1341701,1
2022,47,189,0.85267001,1
2022,48,001,0.68866998,1
2022,48,003,0.84294999,1
2022,48,005,0.69543999,1
2022,48,007,0.80969,1
2022,48,009,0.87865001,1
2022,48,011,1.07024,1
2022,48,013,0.68539,1
2022,48,015,0.82190001,1
2022,48,017,0.56537998,1
2022,48,019,0.92465001,1
2022,48,021,0.66676003,1
2022,48,023,0.84042001,1
2022,48,025,0.67040998,1
2022,48,027,0.77035999,1
2022,48,029,0.71173,1
2022,48,031,0.97692001,1
NA,48,033,NA,NA
2022,48,035,0.81014001,1
2022,48,037,0.67631,1
2022,48,039,0.83867002,1
2022,48,041,0.82018,1
2022,48,043,0.98229998,1
NA,48,045,NA,NA
2022,48,047,0.47837001,1
2022,48,049,0.76362997,1
2022,48,051,0.79666001,1
2022,48,053,0.83811003,1
2022,48,055,0.68268001,1
2022,48,057,0.74904001,1
2022,48,059,0.85600001,1
2022,48,061,0.48561999,1
2022,48,063,0.69485003,1
2022,48,065,1.04585,1
2022,48,067,0.73061001,1
2022,48,069,0.62001997,1
2022,48,071,0.85763001,1
2022,48,073,0.64780998,1
2022,48,075,0.78938001,1
2022,48,077,0.90792,1
2022,48,079,0.65393001,1
2022,48,081,0.9702,1
2022,48,083,0.72548997,1
2022,48,085,1.0616699,1
2022,48,087,0.75351,1
2022,48,089,0.73430002,1
2022,48,091,0.99019003,1
2022,48,093,0.74312001,1
NA,48,095,NA,NA
2022,48,097,0.80071998,1
2022,48,099,0.83302999,1
NA,48,101,NA,NA
2022,48,103,0.77411997,1
2022,48,105,0.75739002,1
2022,48,107,0.72017002,1
2022,48,109,0.77182001,1
2022,48,111,0.64752001,1
2022,48,113,0.63424999,1
2022,48,115,0.63875997,1
2022,48,117,0.57874,1
2022,48,119,0.83983999,1
2022,48,121,0.98328,1
2022,48,123,0.77981001,1
NA,48,125,NA,NA
2022,48,127,0.57446003,1
2022,48,129,0.91601002,1
2022,48,131,0.59026998,1
2022,48,133,0.78671002,1
2022,48,135,0.78214997,1
2022,48,137,0.69123,1
2022,48,139,0.82852,1
2022,48,141,0.64658999,1
2022,48,143,0.86059999,1
2022,48,145,0.56549001,1
2022,48,147,0.83718997,1
2022,48,149,0.8592,1
2022,48,151,0.86805999,1
2022,48,153,0.69265002,1
NA,48,155,NA,NA
2022,48,157,0.85812998,1
2022,48,159,0.80655003,1
2022,48,161,0.76169997,1
2022,48,163,0.56471002,1
2022,48,165,0.82081997,1
2022,48,167,0.83270001,1
2022,48,169,0.75414002,1
2022,48,171,0.84829998,1
NA,48,173,NA,NA
2022,48,175,0.88993001,1
2022,48,177,0.63777,1
2022,48,179,0.74809998,1
2022,48,181,0.82727998,1
2022,48,183,0.71904999,1
2022,48,185,0.82354999,1
2022,48,187,0.85474002,1
2022,48,189,0.61313999,1
NA,48,191,NA,NA
2022,48,193,0.85563999,1
2022,48,195,0.76011997,1
2022,48,197,0.80598998,1
2022,48,199,0.91417003,1
2022,48,201,0.67668003,1
2022,48,203,0.67927003,1
NA,48,205,NA,NA
2022,48,207,0.78201997,1
2022,48,209,0.85219002,1
2022,48,211,0.8549,1
2022,48,213,0.75220001,1
2022,48,215,0.52191001,1
2022,48,217,0.74773002,1
2022,48,219,0.73356003,1
2022,48,221,0.90656,1
2022,48,223,0.79097003,1
2022,48,225,0.65561998,1
2022,48,227,0.76109999,1
NA,48,229,NA,NA
2022,48,231,0.82055002,1
2022,48,233,0.80466998,1
NA,48,235,NA,NA
2022,48,237,0.82705998,1
2022,48,239,0.83033001,1
2022,48,241,0.81098002,1
NA,48,243,NA,NA
2022,48,245,0.67346001,1
2022,48,247,0.57916999,1
2022,48,249,0.64227998,1
2022,48,251,0.86857998,1
2022,48,253,0.79263997,1
2022,48,255,0.72005999,1
2022,48,257,0.78201997,1
2022,48,259,1.02351,1
NA,48,261,NA,NA
NA,48,263,NA,NA
2022,48,265,0.79914999,1
2022,48,267,0.80001998,1
NA,48,269,NA,NA
NA,48,271,NA,NA
2022,48,273,0.73377001,1
2022,48,275,0.77196997,1
2022,48,277,0.71825999,1
2022,48,279,0.65913999,1
2022,48,281,0.85227001,1
2022,48,283,0.58717,1
2022,48,285,0.81727999,1
2022,48,287,0.82529998,1
2022,48,289,0.79465997,1
2022,48,291,0.70385998,1
2022,48,293,0.65666002,1
2022,48,295,0.80715001,1
2022,48,297,0.80335999,1
2022,48,299,0.80267,1
NA,48,301,NA,NA
2022,48,303,0.76855999,1
2022,48,305,0.85031998,1
2022,48,307,0.69806999,1
2022,48,309,0.68001002,1
NA,48,311,NA,NA
2022,48,313,0.69716001,1
2022,48,315,0.76415002,1
2022,48,317,0.87796998,1
2022,48,319,0.88789999,1
2022,48,321,0.71632999,1
2022,48,323,0.68305999,1
2022,48,325,0.78584999,1
2022,48,327,0.64155,1
2022,48,329,0.84231001,1
2022,48,331,0.72762001,1
2022,48,333,0.85066998,1
2022,48,335,0.79342997,1
2022,48,337,0.84710002,1
2022,48,339,0.84201998,1
2022,48,341,0.62011999,1
2022,48,343,0.66114998,1
NA,48,345,NA,NA
2022,48,347,0.70853001,1
2022,48,349,0.67293,1
2022,48,351,0.79048997,1
2022,48,353,0.71263999,1
2022,48,355,0.72533,1
2022,48,357,0.66895002,1
2022,48,359,1.1142499,1
2022,48,361,0.83389997,1
2022,48,363,0.75871998,1
2022,48,365,0.78579998,1
2022,48,367,0.97498,1
2022,48,369,0.61421001,1
2022,48,371,0.81389999,1
2022,48,373,0.72953999,1
2022,48,375,0.69432998,1
2022,48,377,0.8477,1
2022,48,379,0.79636002,1
2022,48,381,0.85433,1
2022,48,383,0.74109,1
2022,48,385,0.87980002,1
2022,48,387,0.70543998,1
2022,48,389,0.72328001,1
2022,48,391,0.73110998,1
NA,48,393,NA,NA
2022,48,395,0.71644998,1
2022,48,397,0.94744998,1
2022,48,399,0.76265001,1
2022,48,401,0.72330999,1
2022,48,403,0.78754997,1
2022,48,405,0.64100999,1
2022,48,407,0.75695002,1
2022,48,409,0.74300998,1
2022,48,411,0.73303002,1
2022,48,413,0.78022999,1
2022,48,415,0.78162003,1
2022,48,417,0.88690001,1
2022,48,419,0.63335001,1
2022,48,421,0.71311998,1
2022,48,423,0.75515002,1
2022,48,425,0.95037001,1
2022,48,427,0.50836003,1
2022,48,429,0.76441002,1
2022,48,431,0.95087999,1
NA,48,433,NA,NA
2022,48,435,0.77819997,1
2022,48,437,0.66207999,1
2022,48,439,0.75234997,1
2022,48,441,0.80875999,1
NA,48,443,NA,NA
2022,48,445,0.63616002,1
NA,48,447,NA,NA
2022,48,449,0.61958998,1
2022,48,451,0.78692001,1
2022,48,453,0.81379002,1
2022,48,455,0.75336999,1
2022,48,457,0.84077001,1
2022,48,459,0.81557,1
2022,48,461,0.88827997,1
2022,48,463,0.61726999,1
2022,48,465,0.77535999,1
2022,48,467,0.86023998,1
2022,48,469,0.76161999,1
2022,48,471,0.82393003,1
2022,48,473,0.72937,1
2022,48,475,0.80839998,1
2022,48,477,0.82129002,1
2022,48,479,0.58604997,1
2022,48,481,0.71438003,1
2022,48,483,0.83652002,1
2022,48,485,0.78311002,1
2022,48,487,0.68305999,1
2022,48,489,0.44778001,1
2022,48,491,0.99892998,1
2022,48,493,0.84755999,1
2022,48,495,0.69106001,1
2022,48,497,0.91407001,1
2022,48,499,0.83902001,1
2022,48,501,0.71538001,1
2022,48,503,0.78574997,1
2022,48,505,0.49759999,1
2022,48,507,0.48462999,1
2022,49,001,0.91952002,1
2022,49,003,1.0478801,1
2022,49,005,1.12169,1
2022,49,007,0.87629998,1
NA,49,009,NA,NA
2022,49,011,1.13732,1
2022,49,013,0.93799001,1
2022,49,015,0.94695997,1
2022,49,017,1.00475,1
2022,49,019,0.92185003,1
2022,49,021,1.0498199,1
2022,49,023,1.103,1
2022,49,025,1.06046,1
2022,49,027,0.92627001,1
2022,49,029,1.29125,1
NA,49,031,NA,NA
2022,49,033,1.15372,1
2022,49,035,0.96394998,1
2022,49,037,0.74239999,1
2022,49,039,1.02299,1
2022,49,041,0.98273998,1
2022,49,043,1.0624,1
2022,49,045,1.0494,1
2022,49,047,0.96320999,1
2022,49,049,1.21981,1
2022,49,051,1.05335,1
2022,49,053,1.04377,1
2022,49,055,1.00697,1
2022,49,057,0.96168,1
2022,50,001,1.03784,1
2022,50,003,0.80440003,1
2022,50,005,0.87686998,1
2022,50,007,1.10281,1
2022,50,009,0.90438002,1
2022,50,011,0.94081998,1
2022,50,013,1.00116,1
2022,50,015,0.97904003,1
2022,50,017,0.91381001,1
2022,50,019,0.81247997,1
2022,50,021,0.90890002,1
2022,50,023,0.99014002,1
2022,50,025,0.97283,1
2022,50,027,0.98987001,1
2022,51,001,0.60536999,1
2022,51,003,0.95630997,1
2022,51,005,0.71134001,1
2022,51,007,0.86866999,1
2022,51,009,0.74804997,1
2022,51,011,0.7683,1
2022,51,013,1.27232,1
2022,51,015,0.84091997,1
2022,51,017,0.81326002,1
2022,51,019,0.83568001,1
2022,51,021,0.81533998,1
2022,51,023,0.89207,1
2022,51,025,0.62915999,1
2022,51,027,0.59603,1
2022,51,029,0.70270997,1
2022,51,031,0.73935997,1
2022,51,033,0.89245999,1
2022,51,035,0.63270998,1
2022,51,036,0.79977,1
2022,51,037,0.70819002,1
2022,51,041,0.83429998,1
2022,51,043,1.09168,1
2022,51,045,0.84161001,1
2022,51,047,0.89826,1
2022,51,049,0.81217998,1
2022,51,051,0.59495002,1
2022,51,053,0.91285998,1
2022,51,057,0.70363998,1
2022,51,059,1.18538,1
2022,51,061,1.0944901,1
2022,51,063,0.88106,1
2022,51,065,0.93138999,1
2022,51,067,0.72048002,1
2022,51,069,0.93985999,1
2022,51,071,0.79152,1
2022,51,073,0.89819002,1
2022,51,075,0.95920998,1
2022,51,077,0.64275998,1
2022,51,079,0.89335001,1
2022,51,081,0.58453,1
2022,51,083,0.65188003,1
2022,51,085,1.01144,1
2022,51,087,0.90784001,1
2022,51,089,0.53038001,1
NA,51,091,NA,NA
2022,51,093,0.92602003,1
2022,51,095,0.91961998,1
2022,51,097,0.80549002,1
2022,51,099,0.99470001,1
2022,51,101,0.94582999,1
2022,51,103,0.72868001,1
2022,51,105,0.56015003,1
2022,51,107,1.21831,1
2022,51,109,0.88902998,1
2022,51,111,0.62655002,1
2022,51,113,0.97447997,1
2022,51,115,0.92199999,1
2022,51,117,0.66047001,1
2022,51,119,0.85513002,1
2022,51,121,0.97715002,1
2022,51,125,0.82766002,1
2022,51,127,1.01447,1
2022,51,131,0.59029001,1
2022,51,133,0.73800999,1
2022,51,135,0.65688998,1
2022,51,137,0.97021002,1
2022,51,139,0.75493997,1
2022,51,141,0.62647003,1
2022,51,143,0.61970001,1
2022,51,145,1.08288,1
2022,51,147,0.72586,1
2022,51,149,0.71406001,1
2022,51,153,1.0034699,1
2022,51,155,0.71180999,1
2022,51,157,1.1182899,1
2022,51,159,0.73539001,1
2022,51,161,0.84574997,1
2022,51,163,0.78819001,1
2022,51,165,0.82757998,1
2022,51,167,0.63954997,1
2022,51,169,0.65649003,1
2022,51,171,0.89308,1
2022,51,173,0.60777998,1
2022,51,175,0.72742999,1
2022,51,177,0.99290001,1
2022,51,179,1.09514,1
2022,51,181,0.87603998,1
2022,51,183,0.71425998,1
2022,51,185,0.69266999,1
2022,51,187,0.95218003,1
2022,51,191,0.71915001,1
2022,51,193,0.84639001,1
2022,51,195,0.61698002,1
2022,51,197,0.70653999,1
2022,51,199,1.0395401,1
2022,51,510,1.1665699,1
2022,51,520,0.65881002,1
NA,51,530,NA,NA
NA,51,540,NA,NA
2022,51,550,0.86219001,1
NA,51,570,NA,NA
NA,51,580,NA,NA
NA,51,590,NA,NA
NA,51,595,NA,NA
NA,51,600,NA,NA
NA,51,610,NA,NA
NA,51,620,NA,NA
2022,51,630,0.95475,1
NA,51,640,NA,NA
2022,51,650,0.77201003,1
2022,51,660,0.75871998,1
NA,51,670,NA,NA
NA,51,678,NA,NA
2022,51,680,0.81634003,1
2022,51,683,0.87203997,1
NA,51,685,NA,NA
NA,51,690,NA,NA
2022,51,700,0.72425002,1
2022,51,710,0.74779999,1
NA,51,720,NA,NA
NA,51,730,NA,NA
2022,51,735,1.08648,1
2022,51,740,0.68109,1
2022,51,750,0.94036001,1
2022,51,760,0.71754998,1
2022,51,770,0.66887999,1
NA,51,775,NA,NA
NA,51,790,NA,NA
2022,51,800,0.76181,1
2022,51,810,0.97580999,1
NA,51,820,NA,NA
NA,51,830,NA,NA
2022,51,840,0.87470001,1
2022,53,001,0.57655001,1
2022,53,003,0.77544999,1
2022,53,005,0.84521002,1
2022,53,007,0.78862,1
2022,53,009,0.81461,1
2022,53,011,0.95416999,1
2022,53,013,0.89323002,1
2022,53,015,0.80116999,1
2022,53,017,0.72619998,1
2022,53,019,0.75190002,1
2022,53,021,0.63029999,1
2022,53,023,0.89845997,1
2022,53,025,0.66772997,1
2022,53,027,0.71723998,1
2022,53,029,1.10506,1
2022,53,031,0.98638999,1
2022,53,033,1.05981,1
2022,53,035,1.0187,1
2022,53,037,1.06787,1
2022,53,039,0.84938002,1
2022,53,041,0.79364997,1
2022,53,043,0.96564001,1
2022,53,045,0.79365999,1
2022,53,047,0.67690003,1
2022,53,049,0.79742002,1
2022,53,051,0.77293003,1
2022,53,053,0.96635002,1
2022,53,055,1.10831,1
2022,53,057,0.89818001,1
2022,53,059,0.87009001,1
2022,53,061,1.1969,1
2022,53,063,0.87164003,1
2022,53,065,0.79434001,1
2022,53,067,0.95962,1
2022,53,069,0.92339998,1
2022,53,071,0.79860997,1
2022,53,073,1.02012,1
2022,53,075,1.14211,1
2022,53,077,0.60228002,1
2022,54,001,0.75783998,1
2022,54,003,0.91837001,1
2022,54,005,0.73480999,1
2022,54,007,0.73951,1
2022,54,009,0.85009998,1
2022,54,011,0.78292,1
2022,54,013,0.72855002,1
2022,54,015,0.69367999,1
2022,54,017,0.80581999,1
2022,54,019,0.71179998,1
2022,54,021,0.78750002,1
2022,54,023,0.82637,1
2022,54,025,0.72649997,1
2022,54,027,0.80567002,1
2022,54,029,0.81032997,1
2022,54,031,0.78469002,1
2022,54,033,0.83278,1
2022,54,035,0.81516999,1
2022,54,037,1.02248,1
2022,54,039,0.78057998,1
2022,54,041,0.76216,1
2022,54,043,0.68465,1
2022,54,045,0.76949,1
2022,54,047,0.61795002,1
2022,54,049,0.85907,1
2022,54,051,0.81603998,1
2022,54,053,0.75542998,1
2022,54,055,0.69611001,1
2022,54,057,0.78760999,1
2022,54,059,0.72046,1
2022,54,061,1.04337,1
2022,54,063,0.73977,1
2022,54,065,0.94422001,1
2022,54,067,0.72352999,1
2022,54,069,0.84407997,1
2022,54,071,0.81923002,1
2022,54,073,0.81949002,1
2022,54,075,0.72144997,1
2022,54,077,0.80150998,1
2022,54,079,0.90502,1
2022,54,081,0.77016997,1
2022,54,083,0.72000998,1
2022,54,085,0.78837001,1
2022,54,087,0.73936999,1
2022,54,089,0.74229002,1
2022,54,091,0.82805997,1
2022,54,093,0.85754001,1
2022,54,095,0.77591002,1
2022,54,097,0.73927999,1
2022,54,099,0.73597997,1
2022,54,101,0.64393002,1
2022,54,103,0.75822997,1
2022,54,105,0.76740998,1
2022,54,107,0.76836997,1
2022,54,109,0.72426999,1
2022,55,001,0.86633003,1
2022,55,003,0.85315001,1
2022,55,005,0.94326001,1
2022,55,007,0.94802999,1
2022,55,009,0.89327002,1
2022,55,011,1.10782,1
2022,55,013,0.95499003,1
2022,55,015,1.02194,1
2022,55,017,1.0607001,1
2022,55,019,0.85109001,1
2022,55,021,1.04537,1
2022,55,023,1.0035599,1
2022,55,025,1.06365,1
2022,55,027,1.00436,1
2022,55,029,1.03837,1
2022,55,031,0.95842999,1
2022,55,033,1.06998,1
2022,55,035,1.08832,1
2022,55,037,0.87450999,1
2022,55,039,0.95112997,1
2022,55,041,0.77784997,1
2022,55,043,1.0685199,1
2022,55,045,0.97666001,1
2022,55,047,0.95270002,1
2022,55,049,1.10043,1
2022,55,051,0.87535,1
2022,55,053,0.86918002,1
2022,55,055,0.99965,1
2022,55,057,0.92733997,1
2022,55,059,0.86063999,1
2022,55,061,1.0058,1
2022,55,063,1.0507801,1
2022,55,065,0.96307999,1
2022,55,067,0.87269002,1
2022,55,069,0.97943002,1
2022,55,071,0.92535001,1
2022,55,073,1.00313,1
2022,55,075,0.84467,1
2022,55,077,0.94354999,1
2022,55,078,0.42918,1
2022,55,079,0.65169001,1
2022,55,081,0.82455999,1
2022,55,083,0.95240998,1
2022,55,085,0.95907003,1
2022,55,087,1.05121,1
2022,55,089,1.23888,1
2022,55,091,1.16372,1
2022,55,093,1.20155,1
2022,55,095,1.08313,1
2022,55,097,1.06637,1
2022,55,099,0.96502,1
2022,55,101,0.80355,1
2022,55,103,0.94902998,1
2022,55,105,0.84823,1
2022,55,107,0.9048,1
2022,55,109,1.21556,1
2022,55,111,0.95249999,1
2022,55,113,0.75729001,1
2022,55,115,0.88507003,1
2022,55,117,0.96547002,1
2022,55,119,0.99690998,1
2022,55,121,0.83706999,1
2022,55,123,1.08065,1
2022,55,125,0.8926,1
2022,55,127,0.98013002,1
2022,55,129,0.94177002,1
2022,55,131,1.16124,1
2022,55,133,1.16272,1
2022,55,135,0.96855998,1
2022,55,137,0.86504,1
2022,55,139,1.01756,1
2022,55,141,0.97869998,1
2022,56,001,1.17079,1
2022,56,003,0.96328002,1
2022,56,005,0.9569,1
2022,56,007,0.91947001,1
2022,56,009,0.97887999,1
2022,56,011,1.10146,1
2022,56,013,0.74199998,1
2022,56,015,0.97428,1
2022,56,017,1.01328,1
2022,56,019,1.07875,1
2022,56,021,0.92404997,1
2022,56,023,1.0795799,1
2022,56,025,0.91293001,1
2022,56,027,0.9745,1
2022,56,029,1.0431401,1
2022,56,031,0.93796998,1
2022,56,033,0.99321002,1
2022,56,035,1.0839601,1
2022,56,037,0.96235001,1
2022,56,039,1.07623,1
2022,56,041,0.95451999,1
2022,56,043,0.90666997,1
2022,56,045,0.97839999,1
